"ano","trimestre","periodo","nivel_instrucao_codigo","nivel_instrucao","referencia_registros_com_ocupacao_e_peso_valido","referencia_registros_com_rendimento_habitual","referencia_rendimento_habitual_medio_ponderado","referencia_registros_com_rendimento_efetivo","referencia_rendimento_efetivo_medio_ponderado","sobreeducados_registros_com_ocupacao_e_peso_valido","sobreeducados_registros_com_rendimento_habitual","sobreeducados_rendimento_habitual_medio_ponderado","sobreeducados_registros_com_rendimento_efetivo","sobreeducados_rendimento_efetivo_medio_ponderado","diferenca_absoluta_rendimento_habitual","diferenca_absoluta_rendimento_efetivo","razao_rendimento_habitual_sobreeducados_sobre_referencia","razao_rendimento_efetivo_sobreeducados_sobre_referencia","diferenca_percentual_rendimento_habitual","diferenca_percentual_rendimento_efetivo"
2012,1,"2012-T1","1","Sem instrucao e menos de 1 ano de estudo",12773,11419,546.483758097075,10715,578.911442183074,7991,7859,2471.83891353318,7778,2661.08459584618,1925.35515543611,2082.1731536631,4.52316995136403,4.59670409313596,352.316995136403,359.670409313596
2012,1,"2012-T1","2","Fundamental incompleto ou equivalente",79327,73189,792.910752973352,70317,837.371930865089,7991,7859,2471.83891353318,7778,2661.08459584618,1678.92816055983,1823.71266498109,3.11742387685371,3.17790040215106,211.742387685371,217.790040215106
2012,1,"2012-T1","3","Fundamental completo ou equivalente",24870,23491,939.08191814103,22919,994.361599711106,7991,7859,2471.83891353318,7778,2661.08459584618,1532.75699539215,1666.72299613507,2.63218667699016,2.67617393573858,163.218667699016,167.617393573858
2012,1,"2012-T1","4","Medio incompleto ou equivalente",14453,13480,848.317299797128,13125,899.869174459099,7991,7859,2471.83891353318,7778,2661.08459584618,1623.52161373605,1761.21542138708,2.91381410484534,2.95719052432897,191.381410484534,195.719052432897
2012,1,"2012-T1","5","Medio completo ou equivalente",57565,56023,1150.70232438326,55229,1239.06185084291,7991,7859,2471.83891353318,7778,2661.08459584618,1321.13658914992,1422.02274500327,2.14811325323255,2.14766082422431,114.811325323255,114.766082422431
2012,1,"2012-T1","6","Superior incompleto ou equivalente",7937,7736,1468.44863286443,7644,1602.42463283717,7991,7859,2471.83891353318,7778,2661.08459584618,1003.39028066875,1058.65996300901,1.68329954362209,1.66066131368351,68.329954362209,66.0661313683505
2012,1,"2012-T1","7","Superior completo",16201,16058,3608.4262733418,15910,3883.93127293774,7991,7859,2471.83891353318,7778,2661.08459584618,-1136.58735980862,-1222.84667709157,0.685018544453726,0.685152338917,-31.4981455546274,-31.4847661083
2012,2,"2012-T2","1","Sem instrucao e menos de 1 ano de estudo",11837,10402,536.536014972,9708,552.539037767056,8098,7948,2509.9769601851,7880,2516.58145570341,1973.44094521311,1964.04241793635,4.67811459090234,4.55457675148805,367.811459090234,355.457675148805
2012,2,"2012-T2","2","Fundamental incompleto ou equivalente",80847,73251,805.240333642373,70696,813.467897923301,8098,7948,2509.9769601851,7880,2516.58145570341,1704.73662654273,1703.11355778011,3.11705320178341,3.09364568918821,211.705320178341,209.364568918821
2012,2,"2012-T2","3","Fundamental completo ou equivalente",25500,23827,950.184455735321,23363,952.348967136637,8098,7948,2509.9769601851,7880,2516.58145570341,1559.79250444978,1564.23248856677,2.64156811346983,2.64249927552276,164.156811346983,164.249927552276
2012,2,"2012-T2","4","Medio incompleto ou equivalente",14811,13640,881.151214299514,13343,879.615492301185,8098,7948,2509.9769601851,7880,2516.58145570341,1628.82574588559,1636.96596340223,2.84852011715203,2.86100174193126,184.852011715203,186.100174193126
2012,2,"2012-T2","5","Medio completo ou equivalente",58539,56741,1160.65394033167,56077,1163.94024188254,8098,7948,2509.9769601851,7880,2516.58145570341,1349.32301985344,1352.64121382087,2.16255411967831,2.16212256020389,116.255411967831,116.212256020389
2012,2,"2012-T2","6","Superior incompleto ou equivalente",7963,7735,1487.46746607623,7655,1494.52419934172,8098,7948,2509.9769601851,7880,2516.58145570341,1022.50949410888,1022.05725636169,1.68741637543585,1.68386798742494,68.7416375435854,68.3867987424942
2012,2,"2012-T2","7","Superior completo",16669,16513,3681.97892205002,16386,3704.85067449863,8098,7948,2509.9769601851,7880,2516.58145570341,-1172.00196186491,-1188.26921879522,0.681692376117032,0.67926663631159,-31.8307623882968,-32.073336368841
2012,3,"2012-T3","1","Sem instrucao e menos de 1 ano de estudo",11243,9853,560.129799114642,9376,564.984137675849,8038,7884,2625.34515098094,7842,2629.47108463938,2065.2153518663,2064.48694696353,4.68702996185998,4.65406178562131,368.702996185998,365.406178562131
2012,3,"2012-T3","2","Fundamental incompleto ou equivalente",80089,72374,818.984702319124,70175,820.927157804106,8038,7884,2625.34515098094,7842,2629.47108463938,1806.36044866181,1808.54392683527,3.20560951083303,3.2030504285824,220.560951083303,220.30504285824
2012,3,"2012-T3","3","Fundamental completo ou equivalente",25907,24280,978.679944080337,23926,982.487905382631,8038,7884,2625.34515098094,7842,2629.47108463938,1646.6652069006,1646.98317925675,2.6825369896059,2.67633939332345,168.25369896059,167.633939332345
2012,3,"2012-T3","4","Medio incompleto ou equivalente",14643,13490,864.13085323952,13255,864.386367477704,8038,7884,2625.34515098094,7842,2629.47108463938,1761.21429774142,1765.08471716167,3.03813379783726,3.04200897141891,203.813379783726,204.200897141891
2012,3,"2012-T3","5","Medio completo ou equivalente",58245,56408,1170.19521100715,55868,1171.05513695821,8038,7884,2625.34515098094,7842,2629.47108463938,1455.14993997379,1458.41594768117,2.24351042141198,2.24538623473304,124.351042141198,124.538623473304
2012,3,"2012-T3","6","Superior incompleto ou equivalente",7973,7750,1493.99530107327,7696,1495.98070395099,8038,7884,2625.34515098094,7842,2629.47108463938,1131.34984990767,1133.49038068838,1.75726466414916,1.7576905087711,75.7264664149162,75.7690508771105
2012,3,"2012-T3","7","Superior completo",16616,16451,3704.864068351,16370,3734.30932158192,8038,7884,2625.34515098094,7842,2629.47108463938,-1079.51891737006,-1104.83823694254,0.708621180843878,0.704138532242822,-29.1378819156122,-29.5861467757178
2012,4,"2012-T4","1","Sem instrucao e menos de 1 ano de estudo",10826,9554,582.347822433679,8977,591.294794501532,8113,7962,2553.27721661266,7911,2582.89842761742,1970.92939417898,1991.60363311589,4.38445396076576,4.36820762103079,338.445396076576,336.820762103079
2012,4,"2012-T4","2","Fundamental incompleto ou equivalente",79782,72457,840.839082976432,70113,852.304224208766,8113,7962,2553.27721661266,7911,2582.89842761742,1712.43813363623,1730.59420340866,3.03658246661713,3.03048882576553,203.658246661713,203.048882576553
2012,4,"2012-T4","3","Fundamental completo ou equivalente",25504,23882,998.393134137843,23493,1009.80423214068,8113,7962,2553.27721661266,7911,2582.89842761742,1554.88408247482,1573.09419547674,2.55738659382662,2.55782095717894,155.738659382662,155.782095717894
2012,4,"2012-T4","4","Medio incompleto ou equivalente",14405,13274,907.708514427366,13005,916.316969034682,8113,7962,2553.27721661266,7911,2582.89842761742,1645.56870218529,1666.58145858274,2.81288230310742,2.81878270827882,181.288230310742,181.878270827882
2012,4,"2012-T4","5","Medio completo ou equivalente",57718,55988,1191.26569528408,55422,1207.83911694916,8113,7962,2553.27721661266,7911,2582.89842761742,1362.01152132858,1375.05931066826,2.14333143875496,2.13844575107111,114.333143875496,113.844575107111
2012,4,"2012-T4","6","Superior incompleto ou equivalente",7621,7437,1515.70465590836,7376,1545.19744716613,8113,7962,2553.27721661266,7911,2582.89842761742,1037.5725607043,1037.70098045129,1.68454798014887,1.67156529565488,68.4547980148871,67.1565295654882
2012,4,"2012-T4","7","Superior completo",16387,16229,3689.53573108727,16148,3731.03657178937,8113,7962,2553.27721661266,7911,2582.89842761742,-1136.25851447461,-1148.13814417195,0.692032115341578,0.692273682640074,-30.7967884658422,-30.7726317359926
2013,1,"2013-T1","1","Sem instrucao e menos de 1 ano de estudo",10740,9502,594.815560422483,8876,627.498018617269,8548,8383,2604.422297793,8319,2763.41535581108,2009.60673737052,2135.91733719382,4.37853760238407,4.40386307816627,337.853760238407,340.386307816627
2013,1,"2013-T1","2","Fundamental incompleto ou equivalente",78258,71241,866.197756857895,68430,904.52341083146,8548,8383,2604.422297793,8319,2763.41535581108,1738.2245409351,1858.89194497962,3.00672944160056,3.05510650439759,200.672944160056,205.510650439759
2013,1,"2013-T1","3","Fundamental completo ou equivalente",25367,23756,1032.61714107708,23242,1075.09657589497,8548,8383,2604.422297793,8319,2763.41535581108,1571.80515671592,1688.31877991611,2.52215675509361,2.57038801701202,152.215675509361,157.038801701202
2013,1,"2013-T1","4","Medio incompleto ou equivalente",14125,12980,938.326501246945,12625,980.669759843908,8548,8383,2604.422297793,8319,2763.41535581108,1666.09579654605,1782.74559596718,2.77560347526365,2.81788576436877,177.560347526365,181.788576436877
2013,1,"2013-T1","5","Medio completo ou equivalente",59401,57442,1223.98558450781,56683,1295.32833887836,8548,8383,2604.422297793,8319,2763.41535581108,1380.43671328519,1468.08701693272,2.12782105504968,2.13337056935229,112.782105504968,113.337056935229
2013,1,"2013-T1","6","Superior incompleto ou equivalente",8136,7918,1490.64407140596,7809,1591.44596198779,8548,8383,2604.422297793,8319,2763.41535581108,1113.77822638703,1171.96939382329,1.74717918767592,1.73641796317071,74.717918767592,73.6417963170707
2013,1,"2013-T1","7","Superior completo",17160,16981,3807.13206118636,16866,3986.20436744353,8548,8383,2604.422297793,8319,2763.41535581108,-1202.70976339336,-1222.78901163245,0.684090348308386,0.693244776504859,-31.5909651691614,-30.6755223495141
2013,2,"2013-T2","1","Sem instrucao e menos de 1 ano de estudo",11088,9742,600.206657853412,9160,606.555651593156,8480,8317,2714.92299923615,8275,2720.84362252848,2114.71634138274,2114.28797093532,4.52331370156046,4.48572792188486,352.331370156046,348.572792188486
2013,2,"2013-T2","2","Fundamental incompleto ou equivalente",80022,72675,882.031902027145,70353,891.271385673151,8480,8317,2714.92299923615,8275,2720.84362252848,1832.89109720901,1829.57223685533,3.07803265731833,3.05276671759579,207.803265731833,205.276671759579
2013,2,"2013-T2","3","Fundamental completo ou equivalente",25486,23868,1039.38010549563,23446,1045.44817566372,8480,8317,2714.92299923615,8275,2720.84362252848,1675.54289374053,1675.39544686476,2.6120598084197,2.60256193072518,161.20598084197,160.256193072518
2013,2,"2013-T2","4","Medio incompleto ou equivalente",14589,13458,958.388143562704,13207,958.428231360553,8480,8317,2714.92299923615,8275,2720.84362252848,1756.53485567345,1762.41539116793,2.83280111244252,2.83886005597525,183.280111244252,183.886005597525
2013,2,"2013-T2","5","Medio completo ou equivalente",60473,58545,1268.87323672529,57909,1274.33412793469,8480,8317,2714.92299923615,8275,2720.84362252848,1446.04976251086,1446.50949459379,2.13963295990294,2.13511006484472,113.963295990294,113.511006484472
2013,2,"2013-T2","6","Superior incompleto ou equivalente",8192,7982,1571.69744329439,7924,1570.66020398266,8480,8317,2714.92299923615,8275,2720.84362252848,1143.22555594177,1150.18341854582,1.72738271657774,1.73229296548633,72.7382716577744,73.2292965486326
2013,2,"2013-T2","7","Superior completo",17410,17234,3883.06731466337,17164,3879.9193442869,8480,8317,2714.92299923615,8275,2720.84362252848,-1168.14431542722,-1159.07572175842,0.699169697363722,0.701262933863527,-30.0830302636278,-29.8737066136473
2013,3,"2013-T3","1","Sem instrucao e menos de 1 ano de estudo",11332,9939,622.447714360834,9392,635.200300252445,8421,8262,2761.6015257848,8222,2762.90789475022,2139.15381142397,2127.70759449777,4.43668032200999,4.34966402511486,343.668032200999,334.966402511486
2013,3,"2013-T3","2","Fundamental incompleto ou equivalente",79665,72396,909.25289580346,70339,914.832437781647,8421,8262,2761.6015257848,8222,2762.90789475022,1852.34862998134,1848.07545696857,3.03722049006456,3.02012453936365,203.722049006456,202.012453936365
2013,3,"2013-T3","3","Fundamental completo ou equivalente",26124,24588,1070.69662098768,24221,1073.04825196087,8421,8262,2761.6015257848,8222,2762.90789475022,1690.90490479712,1689.85964278935,2.57925678633161,2.57482167246564,157.925678633161,157.482167246564
2013,3,"2013-T3","4","Medio incompleto ou equivalente",14890,13742,961.772315461775,13523,962.235744600087,8421,8262,2761.6015257848,8222,2762.90789475022,1799.82921032303,1800.67215015013,2.87136724710035,2.87134198688338,187.136724710035,187.134198688338
2013,3,"2013-T3","5","Medio completo ou equivalente",60795,59007,1279.05829516755,58433,1279.75055808929,8421,8262,2761.6015257848,8222,2762.90789475022,1482.54323061726,1483.15733666093,2.15908964917276,2.15894251991993,115.908964917276,115.894251991993
2013,3,"2013-T3","6","Superior incompleto ou equivalente",8004,7801,1611.29937356202,7754,1612.8046197093,8421,8262,2761.6015257848,8222,2762.90789475022,1150.30215222279,1150.10327504092,1.71389722549192,1.71310762691653,71.3897225491916,71.3107626916533
2013,3,"2013-T3","7","Superior completo",17509,17342,3950.98728371372,17266,3964.95014351603,8421,8262,2761.6015257848,8222,2762.90789475022,-1189.38575792892,-1202.04224876581,0.698964923822544,0.696832947387363,-30.1035076177456,-30.3167052612637
2013,4,"2013-T4","1","Sem instrucao e menos de 1 ano de estudo",11399,10032,651.102521020369,9477,666.216612343199,8517,8356,2687.33669122696,8321,2704.79449384569,2036.23417020659,2038.57788150249,4.12736336363055,4.05993252604803,312.736336363055,305.993252604803
2013,4,"2013-T4","2","Fundamental incompleto ou equivalente",79744,72443,921.121576963877,70466,930.709678116409,8517,8356,2687.33669122696,8321,2704.79449384569,1766.21511426309,1774.08481572928,2.91746144964353,2.90616349807355,191.746144964353,190.616349807355
2013,4,"2013-T4","3","Fundamental completo ou equivalente",26675,25123,1092.15592924289,24754,1100.38261601735,8517,8356,2687.33669122696,8321,2704.79449384569,1595.18076198408,1604.41187782834,2.46057968397416,2.45804909535488,146.057968397416,145.804909535488
2013,4,"2013-T4","4","Medio incompleto ou equivalente",14756,13638,993.721293354077,13380,1001.96679307967,8517,8356,2687.33669122696,8321,2704.79449384569,1693.61539787289,1702.82770076602,2.70431629995215,2.6994851651043,170.431629995215,169.94851651043
2013,4,"2013-T4","5","Medio completo ou equivalente",61483,59648,1307.00258814803,59144,1320.77211155392,8517,8356,2687.33669122696,8321,2704.79449384569,1380.33410307893,1384.02238229177,2.05610663329658,2.04788885999678,105.610663329658,104.788885999678
2013,4,"2013-T4","6","Superior incompleto ou equivalente",8091,7894,1596.73470071413,7834,1616.91991002457,8517,8356,2687.33669122696,8321,2704.79449384569,1090.60199051284,1087.87458382112,1.68302015984564,1.67280672164188,68.3020159845637,67.2806721641883
2013,4,"2013-T4","7","Superior completo",17695,17525,3952.22762266318,17462,3987.87966889733,8517,8356,2687.33669122696,8321,2704.79449384569,-1264.89093143622,-1283.08517505164,0.679954938783642,0.678253788583741,-32.0045061216358,-32.1746211416259
2014,1,"2014-T1","1","Sem instrucao e menos de 1 ano de estudo",11209,9906,674.778798946701,9360,698.923191703239,8955,8792,2857.02881199032,8741,2988.22168217703,2182.25001304362,2289.29849047379,4.23402278857903,4.27546505488664,323.402278857903,327.546505488664
2014,1,"2014-T1","2","Fundamental incompleto ou equivalente",78441,71465,954.459427871531,69182,986.386323390878,8955,8792,2857.02881199032,8741,2988.22168217703,1902.56938411879,2001.83535878615,2.99334757304621,3.02946382296187,199.334757304621,202.946382296187
2014,1,"2014-T1","3","Fundamental completo ou equivalente",26427,24732,1141.32776006048,24303,1178.70595622124,8955,8792,2857.02881199032,8741,2988.22168217703,1715.70105192983,1809.5157259558,2.50325008465483,2.53517144492664,150.325008465483,153.517144492664
2014,1,"2014-T1","4","Medio incompleto ou equivalente",14610,13394,1023.67592370376,13076,1061.72333705178,8955,8792,2857.02881199032,8741,2988.22168217703,1833.35288828656,1926.49834512525,2.79095048133329,2.81450127155988,179.095048133329,181.450127155988
2014,1,"2014-T1","5","Medio completo ou equivalente",62595,60609,1332.51920113656,59958,1387.80718886089,8955,8792,2857.02881199032,8741,2988.22168217703,1524.50961085375,1600.41449331614,2.14408078289111,2.15319657237815,114.408078289111,115.319657237815
2014,1,"2014-T1","6","Superior incompleto ou equivalente",8482,8275,1576.74084203668,8201,1657.25683957133,8955,8792,2857.02881199032,8741,2988.22168217703,1280.28796995364,1330.9648426057,1.81198376792212,1.80311319936986,81.1983767922119,80.3113199369855
2014,1,"2014-T1","7","Superior completo",18561,18390,4086.52100465722,18293,4256.68230875691,8955,8792,2857.02881199032,8741,2988.22168217703,-1229.49219266691,-1268.46062657988,0.699134742910728,0.702007212525496,-30.0865257089272,-29.7992787474504
2014,2,"2014-T2","1","Sem instrucao e menos de 1 ano de estudo",11152,9883,657.336412477116,9355,669.011038216127,8966,8810,2868.56953261036,8759,2884.64258474415,2211.23312013324,2215.63154652802,4.36392915128557,4.3118011810924,336.392915128557,331.18011810924
2014,2,"2014-T2","2","Fundamental incompleto ou equivalente",77749,70785,969.535571201201,68610,985.260787921569,8966,8810,2868.56953261036,8759,2884.64258474415,1899.03396140916,1899.38179682258,2.95870478383414,2.92779599077455,195.870478383414,192.779599077455
2014,2,"2014-T2","3","Fundamental completo ou equivalente",26194,24586,1140.80746622219,24174,1148.45222646033,8966,8810,2868.56953261036,8759,2884.64258474415,1727.76206638817,1736.19035828381,2.5145080283439,2.51176541634209,151.45080283439,151.176541634209
2014,2,"2014-T2","4","Medio incompleto ou equivalente",14840,13680,1022.1939000126,13423,1026.67751287404,8966,8810,2868.56953261036,8759,2884.64258474415,1846.37563259776,1857.96507187011,2.80628707779903,2.8096871204172,180.628707779903,180.96871204172
2014,2,"2014-T2","5","Medio completo ou equivalente",63476,61552,1339.48041881128,60929,1344.08516330721,8966,8810,2868.56953261036,8759,2884.64258474415,1529.08911379908,1540.55742143694,2.14155391323755,2.14617545338147,114.155391323755,114.617545338147
2014,2,"2014-T2","6","Superior incompleto ou equivalente",8373,8163,1666.92825757845,8095,1673.41990813396,8966,8810,2868.56953261036,8759,2884.64258474415,1201.64127503191,1211.22267661019,1.72087162094039,1.72380080499988,72.0871620940388,72.3800804999884
2014,2,"2014-T2","7","Superior completo",18809,18644,4239.85238036259,18553,4266.69039970905,8966,8810,2868.56953261036,8759,2884.64258474415,-1371.28284775223,-1382.04781496491,0.676572973600803,0.676084345126343,-32.3427026399197,-32.3915654873657
2014,3,"2014-T3","1","Sem instrucao e menos de 1 ano de estudo",11044,9787,678.868105048042,9173,693.515143612451,9204,9064,2980.74120305037,8989,2991.42256494139,2301.87309800233,2297.90742132894,4.39075157734717,4.31342068373499,339.075157734717,331.342068373499
2014,3,"2014-T3","2","Fundamental incompleto ou equivalente",78340,71440,978.743325869109,68984,986.742690213579,9204,9064,2980.74120305037,8989,2991.42256494139,2001.99787718126,2004.67987472781,3.04547793508939,3.03161360566441,204.547793508939,203.161360566441
2014,3,"2014-T3","3","Fundamental completo ou equivalente",26817,25238,1162.24458602029,24754,1168.33196167566,9204,9064,2980.74120305037,8989,2991.42256494139,1818.49661703008,1823.09060326573,2.56464193415339,2.56042174918419,156.464193415339,156.042174918419
2014,3,"2014-T3","4","Medio incompleto ou equivalente",15174,14025,1032.92860284989,13716,1038.04124009456,9204,9064,2980.74120305037,8989,2991.42256494139,1947.81260020048,1953.38132484683,2.88571852384219,2.88179549077346,188.571852384219,188.179549077346
2014,3,"2014-T3","5","Medio completo ou equivalente",63786,61863,1355.38014088841,61083,1360.60289130812,9204,9064,2980.74120305037,8989,2991.42256494139,1625.36106216196,1630.81967363327,2.19919202969626,2.19860077032862,119.919202969626,119.860077032862
2014,3,"2014-T3","6","Superior incompleto ou equivalente",8810,8572,1623.41482729626,8495,1624.53933952776,9204,9064,2980.74120305037,8989,2991.42256494139,1357.32637575411,1366.88322541362,1.83609337116546,1.84139743012377,83.6093371165457,84.1397430123767
2014,3,"2014-T3","7","Superior completo",19219,19071,4350.76310602703,18956,4365.29856717742,9204,9064,2980.74120305037,8989,2991.42256494139,-1370.02190297666,-1373.87600223603,0.685107676609927,0.685273302365577,-31.4892323390073,-31.4726697634423
2014,4,"2014-T4","1","Sem instrucao e menos de 1 ano de estudo",10776,9528,708.871997284918,9013,724.281789061222,9287,9095,2913.1276758871,9033,2934.76914405108,2204.25567860218,2210.48735498986,4.10952567888814,4.05197146797655,310.952567888814,305.197146797655
2014,4,"2014-T4","2","Fundamental incompleto ou equivalente",78775,72136,1000.12176075183,69569,1012.09505444569,9287,9095,2913.1276758871,9033,2934.76914405108,1913.00591513526,1922.67408960539,2.91277301445494,2.89969714915603,191.277301445494,189.969714915603
2014,4,"2014-T4","3","Fundamental completo ou equivalente",26590,25042,1175.88495207866,24532,1187.45918898975,9287,9095,2913.1276758871,9033,2934.76914405108,1737.24272380844,1747.30995506133,2.47739174715813,2.47146947976198,147.739174715813,147.146947976198
2014,4,"2014-T4","4","Medio incompleto ou equivalente",15116,13960,1066.87596041842,13637,1081.47169047754,9287,9095,2913.1276758871,9033,2934.76914405108,1846.25171546868,1853.29745357354,2.73052143263646,2.71368096815849,173.052143263646,171.368096815849
2014,4,"2014-T4","5","Medio completo ou equivalente",63950,61999,1382.46484729765,61229,1396.08640842269,9287,9095,2913.1276758871,9033,2934.76914405108,1530.66282858945,1538.68273562839,2.10719837222732,2.10214004401548,110.719837222732,110.214004401548
2014,4,"2014-T4","6","Superior incompleto ou equivalente",8868,8649,1620.71936986027,8561,1635.68760413447,9287,9095,2913.1276758871,9033,2934.76914405108,1292.40830602682,1299.08153991661,1.79742880233377,1.79421127642771,79.7428802333772,79.4211276427707
2014,4,"2014-T4","7","Superior completo",18957,18755,4254.90881549645,18658,4279.36191310365,9287,9095,2913.1276758871,9033,2934.76914405108,-1341.78113960936,-1344.59276905256,0.684651023607705,0.685795967633552,-31.5348976392295,-31.4204032366448
2015,1,"2015-T1","1","Sem instrucao e menos de 1 ano de estudo",10340,9227,727.55660010117,8637,748.772044418617,9740,9541,2855.03072958114,9435,3009.35053783589,2127.47412947997,2260.57849341728,3.924135564414,4.01904766646637,292.4135564414,301.904766646637
2015,1,"2015-T1","2","Fundamental incompleto ou equivalente",76501,69964,1017.61896240758,66921,1051.1781309376,9740,9541,2855.03072958114,9435,3009.35053783589,1837.41176717355,1958.17240689829,2.80559898650711,2.86283594499031,180.559898650711,186.283594499031
2015,1,"2015-T1","3","Fundamental completo ou equivalente",26183,24634,1192.01312615152,24011,1233.10733633913,9740,9541,2855.03072958114,9435,3009.35053783589,1663.01760342962,1776.24320149676,2.39513363313269,2.44046114166355,139.513363313269,144.046114166355
2015,1,"2015-T1","4","Medio incompleto ou equivalente",14651,13463,1080.238796773,13039,1119.57854621761,9740,9541,2855.03072958114,9435,3009.35053783589,1774.79193280814,1889.77199161828,2.64296259133627,2.68793158640159,164.296259133627,168.793158640159
2015,1,"2015-T1","5","Medio completo ou equivalente",63392,61175,1422.2474142218,60208,1482.86020634697,9740,9541,2855.03072958114,9435,3009.35053783589,1432.78331535933,1526.49033148892,2.00740792426984,2.02942295231554,100.740792426984,102.942295231554
2015,1,"2015-T1","6","Superior incompleto ou equivalente",9346,9055,1610.26174829177,8941,1686.88145659429,9740,9541,2855.03072958114,9435,3009.35053783589,1244.76898128937,1322.4690812416,1.77302276018782,1.78397274216979,77.3022760187823,78.3972742169794
2015,1,"2015-T1","7","Superior completo",19579,19370,4309.74293382035,19171,4479.68071972702,9740,9541,2855.03072958114,9435,3009.35053783589,-1454.71220423921,-1470.33018189113,0.662459634698052,0.67177790697978,-33.7540365301948,-32.822209302022
2015,2,"2015-T2","1","Sem instrucao e menos de 1 ano de estudo",10301,9121,713.359733544499,8575,720.457822792751,9909,9712,2796.22804117015,9630,2801.92937903785,2082.86830762565,2081.4715562451,3.91980078168475,3.88909564223562,291.980078168475,288.909564223562
2015,2,"2015-T2","2","Fundamental incompleto ou equivalente",76015,69520,1025.42978407534,66913,1032.42104854482,9909,9712,2796.22804117015,9630,2801.92937903785,1770.79825709481,1769.50833049303,2.7268839705993,2.71394057975389,172.68839705993,171.394057975389
2015,2,"2015-T2","3","Fundamental completo ou equivalente",25676,24222,1209.69003436137,23690,1214.02550048856,9909,9712,2796.22804117015,9630,2801.92937903785,1586.53800680878,1587.90387854929,2.31152440852037,2.30796583589905,131.152440852037,130.796583589905
2015,2,"2015-T2","4","Medio incompleto ou equivalente",14993,13868,1094.83233073803,13505,1099.03315831286,9909,9712,2796.22804117015,9630,2801.92937903785,1701.39571043212,1702.896220725,2.55402399313985,2.54944935723244,155.402399313985,154.944935723244
2015,2,"2015-T2","5","Medio completo ou equivalente",63884,61695,1428.21524382089,60880,1431.34994976227,9909,9712,2796.22804117015,9630,2801.92937903785,1368.01279734926,1370.57942927558,1.9578477776847,1.95754321261772,95.7847777684702,95.754321261772
2015,2,"2015-T2","6","Superior incompleto ou equivalente",9400,9140,1682.46136853858,9053,1677.8326244797,9909,9712,2796.22804117015,9630,2801.92937903785,1113.76667263157,1124.09675455815,1.66198647615845,1.66996954175136,66.1986476158447,66.9969541751361
2015,2,"2015-T2","7","Superior completo",19800,19593,4359.91163120046,19458,4364.97709908753,9909,9712,2796.22804117015,9630,2801.92937903785,-1563.6835900303,-1563.04772004968,0.64134970561324,0.641911587491163,-35.865029438676,-35.8088412508837
2015,3,"2015-T3","1","Sem instrucao e menos de 1 ano de estudo",10158,9138,696.144390602696,8609,699.793863444883,10324,10105,2865.59953567946,10030,2874.0836460788,2169.45514507677,2174.28978263391,4.11638673580137,4.10704322545859,311.638673580137,310.704322545859
2015,3,"2015-T3","2","Fundamental incompleto ou equivalente",75353,69060,1023.11973613445,66154,1028.01025901839,10324,10105,2865.59953567946,10030,2874.0836460788,1842.47979954501,1846.07338706041,2.8008447442391,2.79577331146788,180.08447442391,179.577331146788
2015,3,"2015-T3","3","Fundamental completo ou equivalente",25665,24203,1209.69686754602,23641,1210.13612962448,10324,10105,2865.59953567946,10030,2874.0836460788,1655.90266813344,1663.94751645431,2.36885753163319,2.37500854302288,136.885753163319,137.500854302288
2015,3,"2015-T3","4","Medio incompleto ou equivalente",14889,13746,1086.89128980701,13340,1098.27943444988,10324,10105,2865.59953567946,10030,2874.0836460788,1778.70824587245,1775.80421162891,2.63650979868307,2.61689653464047,163.650979868307,161.689653464047
2015,3,"2015-T3","5","Medio completo ou equivalente",64182,62080,1440.29040236299,61154,1445.01051094055,10324,10105,2865.59953567946,10030,2874.0836460788,1425.30913331648,1429.07313513825,1.9895984386052,1.98897075441207,98.9598438605205,98.8970754412069
2015,3,"2015-T3","6","Superior incompleto ou equivalente",9492,9237,1662.85852244206,9116,1666.76440766337,10324,10105,2865.59953567946,10030,2874.0836460788,1202.74101323741,1207.31923841543,1.72329726011271,1.72434906388958,72.3297260112708,72.434906388958
2015,3,"2015-T3","7","Superior completo",20590,20366,4391.7617515695,20233,4406.5845767762,10324,10105,2865.59953567946,10030,2874.0836460788,-1526.16221589003,-1532.50093069741,0.652494305879725,0.652224777716949,-34.7505694120275,-34.7775222283051
2015,4,"2015-T4","1","Sem instrucao e menos de 1 ano de estudo",10844,9966,758.809058450991,9452,786.979661976483,10496,10341,3003.99350658895,10259,3129.74683646041,2245.18444813796,2342.76717448392,3.95882662856083,3.97690942685877,295.882662856083,297.690942685877
2015,4,"2015-T4","2","Fundamental incompleto ou equivalente",73852,68181,1043.12755676849,65688,1075.41975080732,10496,10341,3003.99350658895,10259,3129.74683646041,1960.86594982046,2054.32708565309,2.87979498489622,2.91025605035699,187.979498489622,191.025605035699
2015,4,"2015-T4","3","Fundamental completo ou equivalente",23099,21900,1223.14383426999,21429,1274.27737128188,10496,10341,3003.99350658895,10259,3129.74683646041,1780.84967231897,1855.46946517852,2.45596096094605,2.45609543651551,145.596096094605,145.609543651551
2015,4,"2015-T4","4","Medio incompleto ou equivalente",14820,13773,1073.6300735745,13412,1122.12433141924,10496,10341,3003.99350658895,10259,3129.74683646041,1930.36343301446,2007.62250504117,2.79797816820424,2.78912661353843,179.797816820424,178.912661353843
2015,4,"2015-T4","5","Medio completo ou equivalente",63538,61715,1459.92141947953,60941,1529.14405405237,10496,10341,3003.99350658895,10259,3129.74683646041,1544.07208710942,1600.60278240803,2.05764054592739,2.04673119459628,105.764054592739,104.673119459628
2015,4,"2015-T4","6","Superior incompleto ou equivalente",8464,8246,1653.77166727803,8172,1739.7987261642,10496,10341,3003.99350658895,10259,3129.74683646041,1350.22183931092,1389.94811029621,1.81644997675724,1.79891316701943,81.6449976757237,79.891316701943
2015,4,"2015-T4","7","Superior completo",20278,20111,4358.55952132886,19978,4530.96781576494,10496,10341,3003.99350658895,10259,3129.74683646041,-1354.56601473991,-1401.22097930453,0.689217043357728,0.690745766405765,-31.0782956642272,-30.9254233594235
2016,1,"2016-T1","1","Sem instrucao e menos de 1 ano de estudo",10380,9540,761.862430847643,8955,818.299717992563,10755,10582,2968.10163015367,10477,3329.83415345705,2206.23919930603,2511.53443546449,3.89584984109452,4.0692109263165,289.584984109452,306.92109263165
2016,1,"2016-T1","2","Fundamental incompleto ou equivalente",71917,66698,1053.83818728256,63879,1142.67636458198,10755,10582,2968.10163015367,10477,3329.83415345705,1914.26344287111,2187.15778887507,2.81646809346248,2.91406583409571,181.646809346248,191.406583409571
2016,1,"2016-T1","3","Fundamental completo ou equivalente",23008,21808,1274.36836637072,21247,1402.86874531549,10755,10582,2968.10163015367,10477,3329.83415345705,1693.73326378296,1926.96540814156,2.32907666925737,2.37358923603948,132.907666925737,137.358923603948
2016,1,"2016-T1","4","Medio incompleto ou equivalente",14303,13326,1098.55347215527,12915,1214.79330709418,10755,10582,2968.10163015367,10477,3329.83415345705,1869.54815799841,2115.04084636287,2.70182718036521,2.74107054592037,170.182718036521,174.107054592037
2016,1,"2016-T1","5","Medio completo ou equivalente",63760,61925,1478.87678510736,60924,1657.89470878892,10755,10582,2968.10163015367,10477,3329.83415345705,1489.22484504631,1671.93944466814,2.00699724280153,2.00847142813399,100.699724280153,100.847142813399
2016,1,"2016-T1","6","Superior incompleto ou equivalente",8793,8583,1673.20805821784,8462,1904.94811107659,10755,10582,2968.10163015367,10477,3329.83415345705,1294.89357193584,1424.88604238046,1.77389871843855,1.74799204980716,77.3898718438548,74.7992049807165
2016,1,"2016-T1","7","Superior completo",20942,20766,4481.51313681599,20571,4997.08389466692,10755,10582,2968.10163015367,10477,3329.83415345705,-1513.41150666231,-1667.24974120987,0.662298991331852,0.666355463235423,-33.7701008668148,-33.3644536764577
2016,2,"2016-T2","1","Sem instrucao e menos de 1 ano de estudo",10802,10221,819.452293693292,9633,836.025075278245,11035,10861,3035.68944906339,10780,3091.16405556656,2216.2371553701,2255.13898028831,3.70453469033745,3.69745375703924,270.453469033745,269.745375703924
2016,2,"2016-T2","2","Fundamental incompleto ou equivalente",71030,66486,1069.00691449626,63838,1081.50691159249,11035,10861,3035.68944906339,10780,3091.16405556656,1966.68253456713,2009.65714397407,2.83972854421982,2.85820092542442,183.972854421982,185.820092542442
2016,2,"2016-T2","3","Fundamental completo ou equivalente",22516,21413,1276.17451096028,20950,1289.04138766011,11035,10861,3035.68944906339,10780,3091.16405556656,1759.51493810311,1802.12266790645,2.37874163994949,2.39803320914133,137.874163994949,139.803320914133
2016,2,"2016-T2","4","Medio incompleto ou equivalente",14652,13717,1131.25742396684,13363,1146.25746361722,11035,10861,3035.68944906339,10780,3091.16405556656,1904.43202509655,1944.90659194934,2.68346477534574,2.6967449754367,168.346477534574,169.67449754367
2016,2,"2016-T2","5","Medio completo ou equivalente",63715,61952,1499.57682883576,61059,1520.34976230192,11035,10861,3035.68944906339,10780,3091.16405556656,1536.11262022763,1570.81429326464,2.02436406770851,2.03319271144971,102.436406770851,103.319271144971
2016,2,"2016-T2","6","Superior incompleto ou equivalente",9011,8773,1700.76522128891,8699,1729.98485215108,11035,10861,3035.68944906339,10780,3091.16405556656,1334.92422777448,1361.17920341548,1.78489624027167,1.78681567744537,78.4896240271671,78.681567744537
2016,2,"2016-T2","7","Superior completo",21298,21115,4496.15951480128,20967,4553.53435305458,11035,10861,3035.68944906339,10780,3091.16405556656,-1460.47006573789,-1462.37029748802,0.675173876520606,0.678849398268612,-32.4826123479394,-32.1150601731388
2016,3,"2016-T3","1","Sem instrucao e menos de 1 ano de estudo",10060,9566,776.286039531308,9022,788.112503791861,11345,11160,3060.42104059612,11038,3127.14388560706,2284.13500106482,2339.0313818152,3.94238835267975,3.96789020674253,294.238835267975,296.789020674253
2016,3,"2016-T3","2","Fundamental incompleto ou equivalente",68970,64612,1094.11595578753,61949,1105.29845314347,11345,11160,3060.42104059612,11038,3127.14388560706,1966.30508480859,2021.8454324636,2.79716333941339,2.8292303103415,179.716333941339,182.92303103415
2016,3,"2016-T3","3","Fundamental completo ou equivalente",21716,20677,1303.28324827495,20201,1316.31957014661,11345,11160,3060.42104059612,11038,3127.14388560706,1757.13779232117,1810.82431546045,2.34823937516803,2.37567225811188,134.823937516803,137.567225811189
2016,3,"2016-T3","4","Medio incompleto ou equivalente",14696,13756,1141.06691842255,13380,1163.14620311211,11345,11160,3060.42104059612,11038,3127.14388560706,1919.35412217357,1963.99768249496,2.68206972894013,2.68852176728952,168.206972894013,168.852176728952
2016,3,"2016-T3","5","Medio completo ou equivalente",64230,62593,1527.67023052418,61678,1553.61635500564,11345,11160,3060.42104059612,11038,3127.14388560706,1532.75081007195,1573.52753060142,2.00332570436097,2.01281601827351,100.332570436097,101.281601827351
2016,3,"2016-T3","6","Superior incompleto ou equivalente",8964,8755,1727.93101561694,8658,1782.18094014294,11345,11160,3060.42104059612,11038,3127.14388560706,1332.49002497919,1344.96294546412,1.77114769799038,1.7546724999518,77.1147697990385,75.4672499951803
2016,3,"2016-T3","7","Superior completo",21646,21451,4558.9440350447,21279,4662.15771625283,11345,11160,3060.42104059612,11038,3127.14388560706,-1498.52299444858,-1535.01383064577,0.671300418928287,0.670750342637588,-32.8699581071713,-32.9249657362412
2016,4,"2016-T4","1","Sem instrucao e menos de 1 ano de estudo",9572,9089,766.172880172965,8537,795.565903670906,11642,11457,3090.92786965318,11350,3246.37109527836,2324.75498948022,2450.80519160745,4.0342433798432,4.08058098053087,303.42433798432,308.058098053087
2016,4,"2016-T4","2","Fundamental incompleto ou equivalente",68632,64299,1104.77745616413,61510,1139.59280573567,11642,11457,3090.92786965318,11350,3246.37109527836,1986.15041348905,2106.77828954269,2.79778325707796,2.84871146863958,179.778325707796,184.871146863958
2016,4,"2016-T4","3","Fundamental completo ou equivalente",21380,20301,1312.18221841864,19799,1359.87438388139,11642,11457,3090.92786965318,11350,3246.37109527836,1778.74565123454,1886.49671139696,2.35556298985531,2.38725806865519,135.556298985531,138.725806865519
2016,4,"2016-T4","4","Medio incompleto ou equivalente",14919,14001,1135.28671346949,13671,1179.91310889804,11642,11457,3090.92786965318,11350,3246.37109527836,1955.64115618369,2066.45798638031,2.72259670881478,2.75136454608106,172.259670881478,175.136454608106
2016,4,"2016-T4","5","Medio completo ou equivalente",64364,62615,1535.23280139491,61707,1614.10459183068,11642,11457,3090.92786965318,11350,3246.37109527836,1555.69506825827,1632.26650344768,2.01332844559129,2.01125200418171,101.332844559129,101.125200418171
2016,4,"2016-T4","6","Superior incompleto ou equivalente",8993,8742,1749.27670480056,8638,1830.52089428173,11642,11457,3090.92786965318,11350,3246.37109527836,1341.65116485262,1415.85020099663,1.7669748080282,1.77346847305569,76.6974808028203,77.346847305569
2016,4,"2016-T4","7","Superior completo",21932,21730,4553.60995804278,21567,4782.12977849679,11642,11457,3090.92786965318,11350,3246.37109527836,-1462.6820883896,-1535.75868321844,0.678786259282891,0.678854662179163,-32.1213740717109,-32.1145337820837
2017,1,"2017-T1","1","Sem instrucao e menos de 1 ano de estudo",9099,8589,805.192358401896,7946,861.651111879495,12018,11821,3045.75192418556,11658,3445.29761972937,2240.55956578366,2583.64650784988,3.78263888424204,3.99848334462686,278.263888424204,299.848334462686
2017,1,"2017-T1","2","Fundamental incompleto ou equivalente",66710,62306,1123.83747008073,58968,1225.2668621214,12018,11821,3045.75192418556,11658,3445.29761972937,1921.91445410483,2220.03075760797,2.71013558923852,2.81187529528405,171.013558923852,181.187529528405
2017,1,"2017-T1","3","Fundamental completo ou equivalente",21249,20069,1321.11002793926,19315,1447.12569528086,12018,11821,3045.75192418556,11658,3445.29761972937,1724.6418962463,1998.17192444851,2.30544909944896,2.3807867077232,130.544909944896,138.07867077232
2017,1,"2017-T1","4","Medio incompleto ou equivalente",14200,13270,1191.21488214101,12763,1314.65698710818,12018,11821,3045.75192418556,11658,3445.29761972937,1854.53704204455,2130.64063262119,2.55684509138379,2.62068178506996,155.684509138379,162.068178506996
2017,1,"2017-T1","5","Medio completo ou equivalente",64121,62201,1549.37069440542,60867,1737.10906413832,12018,11821,3045.75192418556,11658,3445.29761972937,1496.38122978014,1708.18855559105,1.9657993630468,1.98335135706542,96.5799363046801,98.3351357065415
2017,1,"2017-T1","6","Superior incompleto ou equivalente",9201,8911,1784.54988983081,8711,2006.47710200378,12018,11821,3045.75192418556,11658,3445.29761972937,1261.20203435475,1438.82051772559,1.70673397339109,1.71708793301887,70.6733973391088,71.7087933018875
2017,1,"2017-T1","7","Superior completo",22525,22316,4575.99324839982,22027,5122.36284340299,12018,11821,3045.75192418556,11658,3445.29761972937,-1530.24132421427,-1677.06522367362,0.665593622816342,0.672599291587967,-33.4406377183658,-32.7400708412033
2017,2,"2017-T2","1","Sem instrucao e menos de 1 ano de estudo",8715,8194,880.389564890332,7525,897.740341887637,12076,11856,3084.21723535486,11724,3133.80815147129,2203.82767046453,2236.06780958365,3.50324147213064,3.49077345113173,250.324147213064,249.077345113173
2017,2,"2017-T2","2","Fundamental incompleto ou equivalente",67391,62986,1132.23342257317,59774,1145.40393557251,12076,11856,3084.21723535486,11724,3133.80815147129,1951.9838127817,1988.40421589878,2.72401182818427,2.7359851438828,172.401182818427,173.59851438828
2017,2,"2017-T2","3","Fundamental completo ou equivalente",20215,19141,1334.48695314976,18524,1349.33152211321,12076,11856,3084.21723535486,11724,3133.80815147129,1749.7302822051,1784.47662935807,2.31116327370249,2.322489395759,131.116327370249,132.2489395759
2017,2,"2017-T2","4","Medio incompleto ou equivalente",15107,14165,1213.72966198811,13720,1228.07588027755,12076,11856,3084.21723535486,11724,3133.80815147129,1870.48757336676,1905.73227119374,2.54110724319192,2.55180335498735,154.110724319192,155.180335498735
2017,2,"2017-T2","5","Medio completo ou equivalente",63881,61986,1550.78848899204,60766,1573.28567706522,12076,11856,3084.21723535486,11724,3133.80815147129,1533.42874636283,1560.52247440607,1.98880586053325,1.99188754919389,98.8805860533248,99.1887549193888
2017,2,"2017-T2","6","Superior incompleto ou equivalente",9724,9447,1801.50763791464,9278,1837.73492336972,12076,11856,3084.21723535486,11724,3133.80815147129,1282.70959744022,1296.07322810156,1.71202007165789,1.70525580790784,71.2020071657889,70.5255807907838
2017,2,"2017-T2","7","Superior completo",22694,22458,4604.24384587388,22247,4672.95935170841,12076,11856,3084.21723535486,11724,3133.80815147129,-1520.02661051902,-1539.15120023712,0.669864007771613,0.670626024239989,-33.0135992228387,-32.9373975760011
2017,3,"2017-T3","1","Sem instrucao e menos de 1 ano de estudo",8379,7852,810.508731013168,7207,830.855974025548,12480,12238,3155.93152315682,12089,3263.83858745387,2345.42279214365,2432.98261342832,3.89376622656709,3.92828443134418,289.376622656709,292.828443134418
2017,3,"2017-T3","2","Fundamental incompleto ou equivalente",67379,62961,1131.72962822948,59617,1156.88257886677,12480,12238,3155.93152315682,12089,3263.83858745387,2024.20189492734,2106.95600858709,2.78859141303393,2.82123583419413,178.859141303393,182.123583419413
2017,3,"2017-T3","3","Fundamental completo ou equivalente",20295,19147,1339.84768410933,18499,1357.4589779933,12480,12238,3155.93152315682,12089,3263.83858745387,1816.08383904749,1906.37960946057,2.35544051804272,2.40437364249395,135.544051804272,140.437364249395
2017,3,"2017-T3","4","Medio incompleto ou equivalente",15321,14318,1208.24408946673,13804,1235.6267091482,12480,12238,3155.93152315682,12089,3263.83858745387,1947.68743369009,2028.21187830566,2.61199831281585,2.64144386268879,161.199831281585,164.144386268879
2017,3,"2017-T3","5","Medio completo ou equivalente",64471,62616,1531.92244573812,61393,1564.0212351347,12480,12238,3155.93152315682,12089,3263.83858745387,1624.0090774187,1699.81735231917,2.06011181044887,2.08682498302063,106.011181044887,108.682498302063
2017,3,"2017-T3","6","Superior incompleto ou equivalente",9759,9490,1859.20565026219,9337,1892.24005478537,12480,12238,3155.93152315682,12089,3263.83858745387,1296.72587289463,1371.5985326685,1.69746231284945,1.72485440163884,69.7462312849445,72.4854401638842
2017,3,"2017-T3","7","Superior completo",23429,23170,4641.36848579838,22926,4780.80224398455,12480,12238,3155.93152315682,12089,3263.83858745387,-1485.43696264156,-1516.96365653069,0.679957114547856,0.682696840590006,-32.0042885452144,-31.7303159409994
2017,4,"2017-T4","1","Sem instrucao e menos de 1 ano de estudo",8285,7817,832.705589357231,7241,873.215326365046,13078,12851,3058.12001875002,12687,3206.24933848244,2225.41442939279,2333.03401211739,3.67251049811086,3.67177400771144,267.251049811086,267.177400771144
2017,4,"2017-T4","2","Fundamental incompleto ou equivalente",67275,63121,1140.94433312336,59700,1189.77441676565,13078,12851,3058.12001875002,12687,3206.24933848244,1917.17568562666,2016.47492171678,2.68034112617778,2.69483802416804,168.034112617778,169.483802416804
2017,4,"2017-T4","3","Fundamental completo ou equivalente",20031,18974,1338.89223012031,18331,1389.27508432507,13078,12851,3058.12001875002,12687,3206.24933848244,1719.2277886297,1816.97425415736,2.2840673431014,2.3078577991198,128.40673431014,130.78577991198
2017,4,"2017-T4","4","Medio incompleto ou equivalente",15312,14333,1207.04037584802,13825,1260.05254751887,13078,12851,3058.12001875002,12687,3206.24933848244,1851.07964290199,1946.19679096356,2.53356895091557,2.54453621382358,153.356895091557,154.453621382358
2017,4,"2017-T4","5","Medio completo ou equivalente",65260,63505,1568.02450469687,62251,1653.3889713342,13078,12851,3058.12001875002,12687,3206.24933848244,1490.09551405315,1552.86036714823,1.95030116531324,1.93919845485309,95.0301165313235,93.9198454853095
2017,4,"2017-T4","6","Superior incompleto ou equivalente",10102,9807,1891.82185002776,9658,2012.0858196138,13078,12851,3058.12001875002,12687,3206.24933848244,1166.29816872226,1194.16351886864,1.61649471312806,1.59349532074027,61.6494713128061,59.349532074027
2017,4,"2017-T4","7","Superior completo",23952,23706,4634.06958801949,23456,4825.38853163662,13078,12851,3058.12001875002,12687,3206.24933848244,-1575.94956926947,-1619.13919315419,0.659921039307698,0.66445412995479,-34.0078960692302,-33.554587004521
2018,1,"2018-T1","1","Sem instrucao e menos de 1 ano de estudo",7818,7381,817.178299499831,6737,899.015901888933,13597,13306,2998.33416342998,13109,3407.65229794193,2181.15586393015,2508.636396053,3.6691309170412,3.79042494218631,266.91309170412,279.042494218631
2018,1,"2018-T1","2","Fundamental incompleto ou equivalente",65005,61045,1161.05792473718,57312,1269.25087182588,13597,13306,2998.33416342998,13109,3407.65229794193,1837.2762386928,2138.40142611605,2.58241565691797,2.68477443946117,158.241565691797,168.477443946117
2018,1,"2018-T1","3","Fundamental completo ou equivalente",19192,18161,1361.3002613062,17402,1497.80163362494,13597,13306,2998.33416342998,13109,3407.65229794193,1637.03390212378,1909.85066431699,2.20255166964635,2.27510253790738,120.255166964635,127.510253790738
2018,1,"2018-T1","4","Medio incompleto ou equivalente",14652,13708,1263.63142485209,13079,1400.32107504674,13597,13306,2998.33416342998,13109,3407.65229794193,1734.70273857789,2007.33122289519,2.37279170528774,2.43347926319554,137.279170528774,143.347926319554
2018,1,"2018-T1","5","Medio completo ou equivalente",64786,62854,1582.15722161755,61160,1787.86738686663,13597,13306,2998.33416342998,13109,3407.65229794193,1416.17694181243,1619.7849110753,1.89509242347266,1.9059871682732,89.5092423472665,90.5987168273201
2018,1,"2018-T1","6","Superior incompleto ou equivalente",10165,9856,1832.51452998923,9643,2061.23937926093,13597,13306,2998.33416342998,13109,3407.65229794193,1165.81963344075,1346.412918681,1.63618575152449,1.65320550937842,63.6185751524491,65.3205509378424
2018,1,"2018-T1","7","Superior completo",24413,24103,4623.30626354372,23751,5173.69191837356,13597,13306,2998.33416342998,13109,3407.65229794193,-1624.97210011374,-1766.03962043163,0.648525966595124,0.6586500224028,-35.1474033404876,-34.13499775972
2018,2,"2018-T2","1","Sem instrucao e menos de 1 ano de estudo",7842,7430,899.285535615955,6829,931.195288049101,13594,13331,3063.11091504192,13145,3116.65509642076,2163.82537942596,2185.45980837166,3.40616055049064,3.34694036408873,240.616055049064,234.694036408873
2018,2,"2018-T2","2","Fundamental incompleto ou equivalente",63986,60218,1159.52449662983,56803,1188.39893810604,13594,13331,3063.11091504192,13145,3116.65509642076,1903.58641841209,1928.25615831473,2.64169573298786,2.6225663760587,164.169573298786,162.25663760587
2018,2,"2018-T2","3","Fundamental completo ou equivalente",19101,18152,1357.21262535616,17466,1378.02356404505,13594,13331,3063.11091504192,13145,3116.65509642076,1705.89828968575,1738.63153237572,2.25691307155213,2.26168490709415,125.691307155213,126.168490709415
2018,2,"2018-T2","4","Medio incompleto ou equivalente",14718,13812,1264.5384568528,13278,1285.20400866436,13594,13331,3063.11091504192,13145,3116.65509642076,1798.57245818911,1831.4510877564,2.4223153502705,2.42502752513177,142.23153502705,142.502752513177
2018,2,"2018-T2","5","Medio completo ou equivalente",64190,62327,1602.33533781203,60949,1636.53423542516,13594,13331,3063.11091504192,13145,3116.65509642076,1460.77557722989,1480.1208609956,1.91165409808945,1.9044240132325,91.1654098089453,90.4424013232501
2018,2,"2018-T2","6","Superior incompleto ou equivalente",10309,10021,1836.72819029903,9844,1865.90773216817,13594,13331,3063.11091504192,13145,3116.65509642076,1226.38272474289,1250.7473642526,1.66769962546458,1.67031576250517,66.7699625464575,67.031576250517
2018,2,"2018-T2","7","Superior completo",24677,24406,4787.74489328675,24115,4849.21840779239,13594,13331,3063.11091504192,13145,3116.65509642076,-1724.63397824483,-1732.56331137163,0.639781563829128,0.642712873359652,-36.0218436170872,-35.7287126640348
2018,3,"2018-T3","1","Sem instrucao e menos de 1 ano de estudo",7283,6888,835.651693684542,6303,875.520377364212,13992,13732,3054.76898741186,13560,3162.63603588334,2219.11729372732,2287.11565851913,3.65555291815759,3.61229289191941,265.555291815759,261.22928919194
2018,3,"2018-T3","2","Fundamental incompleto ou equivalente",65192,61223,1155.84901568518,57839,1176.43470939211,13992,13732,3054.76898741186,13560,3162.63603588334,1898.91997172669,1986.20132649123,2.64287891061708,2.68832261632059,164.287891061708,168.832261632059
2018,3,"2018-T3","3","Fundamental completo ou equivalente",19334,18311,1368.336081894,17603,1399.72688115196,13992,13732,3054.76898741186,13560,3162.63603588334,1686.43290551786,1762.90915473138,2.23246980609001,2.25946652769898,123.246980609001,125.946652769898
2018,3,"2018-T3","4","Medio incompleto ou equivalente",15253,14322,1250.34045691144,13786,1268.06511466582,13992,13732,3054.76898741186,13560,3162.63603588334,1804.42853050042,1894.57092121752,2.44314976015227,2.49406438147839,144.314976015227,149.406438147839
2018,3,"2018-T3","5","Medio completo ou equivalente",65973,64005,1605.24088758825,62476,1638.39655578301,13992,13732,3054.76898741186,13560,3162.63603588334,1449.52809982361,1524.23948010033,1.90299724547972,1.93032390401472,90.2997245479721,93.0323904014723
2018,3,"2018-T3","6","Superior incompleto ou equivalente",10547,10254,1868.19295307626,10081,1921.3920111618,13992,13732,3054.76898741186,13560,3162.63603588334,1186.5760343356,1241.24402472154,1.63514640304243,1.64601289976792,63.5146403042431,64.6012899767915
2018,3,"2018-T3","7","Superior completo",25454,25184,4793.29362468862,24904,4923.23830882121,13992,13732,3054.76898741186,13560,3162.63603588334,-1738.52463727676,-1760.60227293787,0.637300617612447,0.642389386314429,-36.2699382387553,-35.7610613685571
2018,4,"2018-T4","1","Sem instrucao e menos de 1 ano de estudo",6783,6408,829.97872126223,5870,878.817680902251,14177,13919,3092.00118890648,13716,3268.81727723476,2262.02246764425,2389.99959633251,3.72539814539362,3.71956248522308,272.539814539362,271.956248522308
2018,4,"2018-T4","2","Fundamental incompleto ou equivalente",63905,60102,1168.14928023633,56703,1217.30797841491,14177,13919,3092.00118890648,13716,3268.81727723476,1923.85190867015,2051.50929881985,2.6469229928224,2.68528370403944,164.69229928224,168.528370403944
2018,4,"2018-T4","3","Fundamental completo ou equivalente",19174,18180,1396.52070364805,17556,1455.7162061867,14177,13919,3092.00118890648,13716,3268.81727723476,1695.48048525843,1813.10107104806,2.21407472215014,2.24550449005274,121.407472215014,124.550449005274
2018,4,"2018-T4","4","Medio incompleto ou equivalente",15359,14404,1248.33809655105,13919,1303.89800935355,14177,13919,3092.00118890648,13716,3268.81727723476,1843.66309235543,1964.91926788121,2.47689403812089,2.50695779408036,147.689403812089,150.695779408036
2018,4,"2018-T4","5","Medio completo ou equivalente",66363,64390,1621.74173187405,63006,1713.41964633079,14177,13919,3092.00118890648,13716,3268.81727723476,1470.25945703243,1555.39763090397,1.90659284899417,1.90777389779251,90.659284899417,90.7773897792514
2018,4,"2018-T4","6","Superior incompleto ou equivalente",10476,10173,1912.34820440536,10007,2005.15130976223,14177,13919,3092.00118890648,13716,3268.81727723476,1179.65298450111,1263.66596747253,1.61686097844713,1.63020978083812,61.6860978447135,63.0209780838123
2018,4,"2018-T4","7","Superior completo",25727,25462,4789.3708541298,25163,5009.19073252772,14177,13919,3092.00118890648,13716,3268.81727723476,-1697.36966522332,-1740.37345529296,0.64559652678395,0.652563947307565,-35.440347321605,-34.7436052692435
2019,1,"2019-T1","1","Sem instrucao e menos de 1 ano de estudo",6927,6550,869.139872031038,5948,954.938572306829,14392,14098,3119.64575675238,13852,3527.98107489059,2250.50588472134,2573.04250258376,3.58934833982737,3.69445865650615,258.934833982737,269.445865650615
2019,1,"2019-T1","2","Fundamental incompleto ou equivalente",61768,58196,1181.12571766406,54369,1284.36505383269,14392,14098,3119.64575675238,13852,3527.98107489059,1938.52003908832,2243.6160210579,2.6412478452524,2.74686785066497,164.12478452524,174.686785066497
2019,1,"2019-T1","3","Fundamental completo ou equivalente",18938,17921,1418.38775669819,17144,1563.25052524411,14392,14098,3119.64575675238,13852,3527.98107489059,1701.25800005419,1964.73054964649,2.19943082702185,2.25682385383474,119.943082702186,125.682385383474
2019,1,"2019-T1","4","Medio incompleto ou equivalente",14603,13692,1300.99090400617,13069,1419.53044502242,14392,14098,3119.64575675238,13852,3527.98107489059,1818.65485274621,2108.45062986817,2.39789974483756,2.48531554026295,139.789974483756,148.531554026295
2019,1,"2019-T1","5","Medio completo ou equivalente",66019,64004,1631.36766041218,62251,1841.17316158792,14392,14098,3119.64575675238,13852,3527.98107489059,1488.2780963402,1686.80791330267,1.91228858610828,1.91615929913288,91.2288586108283,91.6159299132883
2019,1,"2019-T1","6","Superior incompleto ou equivalente",10581,10228,1842.6583360796,9972,2093.28660645469,14392,14098,3119.64575675238,13852,3527.98107489059,1276.98742067278,1434.6944684359,1.69301367251277,1.68537889843273,69.3013672512766,68.5378898432729
2019,1,"2019-T1","7","Superior completo",25896,25586,4838.15159767718,25167,5390.40157504772,14392,14098,3119.64575675238,13852,3527.98107489059,-1718.5058409248,-1862.42050015713,0.644801158824815,0.654493181217089,-35.5198841175185,-34.5506818782911
2019,2,"2019-T2","1","Sem instrucao e menos de 1 ano de estudo",7165,6755,900.466761029337,6097,926.901939543261,14538,14264,3138.1524299989,14062,3198.0470158309,2237.68566896956,2271.14507628764,3.48502861606088,3.45025388274273,248.502861606088,245.025388274273
2019,2,"2019-T2","2","Fundamental incompleto ou equivalente",62135,58324,1189.67573332592,55044,1214.15616189925,14538,14264,3138.1524299989,14062,3198.0470158309,1948.47669667298,1983.89085393165,2.63782167030147,2.633966796189,163.782167030147,163.3966796189
2019,2,"2019-T2","3","Fundamental completo ou equivalente",18774,17817,1396.71195593596,17194,1416.6863611007,14538,14264,3138.1524299989,14062,3198.0470158309,1741.44047406294,1781.3606547302,2.24681432464432,2.25741356989289,124.681432464432,125.741356989289
2019,2,"2019-T2","4","Medio incompleto ou equivalente",15171,14236,1288.04447393757,13736,1298.80997996279,14538,14264,3138.1524299989,14062,3198.0470158309,1850.10795606133,1899.23703586811,2.43636962348476,2.46229014649434,143.636962348476,146.229014649435
2019,2,"2019-T2","5","Medio completo ou equivalente",66952,64955,1633.76890031954,63514,1664.05274158721,14538,14264,3138.1524299989,14062,3198.0470158309,1504.38352967936,1533.9942742437,1.92080558601962,1.92184234063431,92.0805586019618,92.1842340634312
2019,2,"2019-T2","6","Superior incompleto ou equivalente",10831,10493,1915.67250907329,10297,1916.64025357091,14538,14264,3138.1524299989,14062,3198.0470158309,1222.4799209256,1281.40676225999,1.63814661176976,1.66856926325772,63.8146611769762,66.8569263257716
2019,2,"2019-T2","7","Superior completo",25925,25639,4765.9462866832,25312,4860.55422867049,14538,14264,3138.1524299989,14062,3198.0470158309,-1627.7938566843,-1662.50721283959,0.658453167793222,0.657959332490703,-34.1546832206778,-34.2040667509296
2019,3,"2019-T3","1","Sem instrucao e menos de 1 ano de estudo",6821,6479,896.523170087028,5908,929.529683075713,14640,14376,3095.75457636468,14189,3187.64744719114,2199.23140627765,2258.11776411542,3.45306700334824,3.42931216208562,245.306700334824,242.931216208562
2019,3,"2019-T3","2","Fundamental incompleto ou equivalente",61804,58106,1178.6255762457,54753,1203.54759104542,14640,14376,3095.75457636468,14189,3187.64744719114,1917.12900011898,1984.09985614572,2.62658017843601,2.64854291671367,162.658017843601,164.854291671367
2019,3,"2019-T3","3","Fundamental completo ou equivalente",18662,17762,1405.11502423016,17127,1430.30015285412,14640,14376,3095.75457636468,14189,3187.64744719114,1690.63955213451,1757.34729433702,2.20320366872512,2.22865630044875,120.320366872512,122.865630044875
2019,3,"2019-T3","4","Medio incompleto ou equivalente",15364,14411,1270.4612655123,13889,1288.6680941107,14640,14376,3095.75457636468,14189,3187.64744719114,1825.29331085238,1898.97935308044,2.43671701011393,2.47359848649851,143.671701011393,147.359848649851
2019,3,"2019-T3","5","Medio completo ou equivalente",66989,65141,1645.04421519717,63726,1681.14137806484,14640,14376,3095.75457636468,14189,3187.64744719114,1450.71036116751,1506.5060691263,1.88186709376297,1.89612098588664,88.1867093762972,89.6120985886643
2019,3,"2019-T3","6","Superior incompleto ou equivalente",10673,10382,1966.31700405851,10215,2011.23676429893,14640,14376,3095.75457636468,14189,3187.64744719114,1129.43757230617,1176.41068289221,1.57439241484206,1.5849190427375,57.4392414842058,58.4919042737504
2019,3,"2019-T3","7","Superior completo",26137,25857,4780.86347115722,25566,4916.33784521497,14640,14376,3095.75457636468,14189,3187.64744719114,-1685.10889479254,-1728.69039802383,0.647530429396542,0.648378436867118,-35.2469570603458,-35.1621563132882
2019,4,"2019-T4","1","Sem instrucao e menos de 1 ano de estudo",6445,6092,841.808998120741,5608,885.259662864249,14686,14428,3195.88970726069,14248,3367.22248366665,2354.08070913995,2481.96282080241,3.79645467605504,3.80365515895307,279.645467605504,280.365515895307
2019,4,"2019-T4","2","Fundamental incompleto ou equivalente",60519,56999,1200.04979134615,53923,1257.08689927376,14686,14428,3195.88970726069,14248,3367.22248366665,1995.83991591454,2110.1355843929,2.66313092198925,2.67859165950418,166.313092198925,167.859165950418
2019,4,"2019-T4","3","Fundamental completo ou equivalente",18439,17554,1414.67982166578,16948,1479.72993008076,14686,14428,3195.88970726069,14248,3367.22248366665,1781.20988559491,1887.49255358589,2.25909047285169,2.27556557126804,125.909047285169,127.556557126804
2019,4,"2019-T4","4","Medio incompleto ou equivalente",15064,14178,1291.07414667422,13678,1355.3866845268,14686,14428,3195.88970726069,14248,3367.22248366665,1904.81556058647,2011.83579913986,2.47537270844841,2.48432607617231,147.537270844841,148.432607617231
2019,4,"2019-T4","5","Medio completo ou equivalente",67281,65509,1661.31882373104,64215,1756.99932336164,14686,14428,3195.88970726069,14248,3367.22248366665,1534.57088352965,1610.22316030502,1.92370643226883,1.91646202641911,92.3706432268832,91.6462026419114
2019,4,"2019-T4","6","Superior incompleto ou equivalente",10595,10307,1920.27531758125,10128,2035.84448943076,14686,14428,3195.88970726069,14248,3367.22248366665,1275.61438967944,1331.37799423589,1.66428723943928,1.65396841514558,66.4287239439284,65.3968415145576
2019,4,"2019-T4","7","Superior completo",26051,25783,4843.18619822899,25508,5069.49809795379,14686,14428,3195.88970726069,14248,3367.22248366665,-1647.2964909683,-1702.27561428714,0.659873392526048,0.664212199828178,-34.0126607473952,-33.5787800171822
2020,1,"2020-T1","1","Sem instrucao e menos de 1 ano de estudo",5626,5342,886.666727934794,4881,971.569137687132,13719,13500,3186.71549097464,13255,3604.578656941,2300.04876303985,2633.00951925387,3.59403977906905,3.71005882867161,259.403977906905,271.005882867161
2020,1,"2020-T1","2","Fundamental incompleto ou equivalente",51898,48966,1239.44221359115,46129,1353.76893635709,13719,13500,3186.71549097464,13255,3604.578656941,1947.27327738349,2250.80972058392,2.57108839446535,2.66262473612426,157.108839446535,166.262473612426
2020,1,"2020-T1","3","Fundamental completo ou equivalente",16004,15206,1453.41776893106,14603,1595.13065417808,13719,13500,3186.71549097464,13255,3604.578656941,1733.29772204358,2009.44800276292,2.19256676166713,2.25973881669168,119.256676166713,125.973881669168
2020,1,"2020-T1","4","Medio incompleto ou equivalente",12878,12128,1339.48091234547,11636,1472.21302466837,13719,13500,3186.71549097464,13255,3604.578656941,1847.23457862917,2132.36563227264,2.37906748920715,2.4484083461719,137.906748920715,144.84083461719
2020,1,"2020-T1","5","Medio completo ou equivalente",60274,58575,1682.21344854315,57098,1886.72251428129,13719,13500,3186.71549097464,13255,3604.578656941,1504.5020424315,1717.85614265971,1.89435858673847,1.91049750541303,89.4358586738471,91.0497505413028
2020,1,"2020-T1","6","Superior incompleto ou equivalente",9510,9259,1969.24729478948,9064,2231.40003590767,13719,13500,3186.71549097464,13255,3604.578656941,1217.46819618516,1373.17862103333,1.61824038017293,1.6153888137206,61.8240380172932,61.5388813720603
2020,1,"2020-T1","7","Superior completo",24063,23833,4845.77986359437,23431,5438.67466160228,13719,13500,3186.71549097464,13255,3604.578656941,-1659.06437261973,-1834.09600466128,0.657626962156487,0.662767839817627,-34.2373037843513,-33.7232160182373
2020,2,"2020-T2","1","Sem instrucao e menos de 1 ano de estudo",3104,2953,964.509763332698,2568,984.633797087562,10706,10513,3182.648465796,10072,3173.71132787649,2218.1387024633,2189.07753078893,3.29975764558246,3.22324029224264,229.975764558246,222.324029224264
2020,2,"2020-T2","2","Fundamental incompleto ou equivalente",33366,31437,1259.1920661703,28482,1224.77410395975,10706,10513,3182.648465796,10072,3173.71132787649,1923.4563996257,1948.93722391674,2.52753217821304,2.5912625990505,152.753217821304,159.12625990505
2020,2,"2020-T2","3","Fundamental completo ou equivalente",10631,10094,1487.28535511913,9347,1430.95356434364,10706,10513,3182.648465796,10072,3173.71132787649,1695.36311067687,1742.75776353286,2.13990439349218,2.21789959294189,113.990439349218,121.789959294189
2020,2,"2020-T2","4","Medio incompleto ou equivalente",8284,7784,1381.95162996739,7222,1325.78299874882,10706,10513,3182.648465796,10072,3173.71132787649,1800.69683582861,1847.92832912767,2.30301003072814,2.39383921114663,130.301003072814,139.383921114663
2020,2,"2020-T2","5","Medio completo ou equivalente",42074,40840,1699.3986135842,38523,1655.42905839693,10706,10513,3182.648465796,10072,3173.71132787649,1483.2498522118,1518.28226947957,1.87280867499561,1.91715332757891,87.2808674995612,91.7153327578912
2020,2,"2020-T2","6","Superior incompleto ou equivalente",7034,6856,1994.00951857827,6522,1941.49509941524,10706,10513,3182.648465796,10072,3173.71132787649,1188.63894721773,1232.21622846126,1.59610495142733,1.63467388036796,59.610495142733,63.4673880367964
2020,2,"2020-T2","7","Superior completo",19231,19032,4745.54475996868,18299,4637.69846593929,10706,10513,3182.648465796,10072,3173.71132787649,-1562.89629417268,-1463.98713806279,0.670660298611746,0.684328951350594,-32.9339701388254,-31.5671048649406
2020,3,"2020-T3","1","Sem instrucao e menos de 1 ano de estudo",3272,3087,917.900859507897,2837,916.437327493067,10487,10283,3153.39369728911,10051,3135.65540936824,2235.49283778121,2219.21808187517,3.43544040146089,3.42157102869859,243.544040146089,242.157102869859
2020,3,"2020-T3","2","Fundamental incompleto ou equivalente",33076,31038,1264.72566389933,28977,1225.29129614756,10487,10283,3153.39369728911,10051,3135.65540936824,1888.66803338978,1910.36411322067,2.49334206405423,2.55911016362154,149.334206405423,155.911016362154
2020,3,"2020-T3","3","Fundamental completo ou equivalente",10466,9865,1508.8825847933,9368,1467.55578493203,10487,10283,3153.39369728911,10051,3135.65540936824,1644.51111249581,1668.09962443621,2.08988673410999,2.13665159550543,108.988673410999,113.665159550543
2020,3,"2020-T3","4","Medio incompleto ou equivalente",8364,7792,1379.33499169648,7389,1334.25575314683,10487,10283,3153.39369728911,10051,3135.65540936824,1774.05870559263,1801.39965622141,2.28616957901624,2.35011571205357,128.616957901624,135.011571205357
2020,3,"2020-T3","5","Medio completo ou equivalente",41188,39798,1687.50804319433,38442,1656.26049010699,10487,10283,3153.39369728911,10051,3135.65540936824,1465.88565409478,1479.39491926125,1.86866883983555,1.89321391658971,86.8668839835547,89.3213916589706
2020,3,"2020-T3","6","Superior incompleto ou equivalente",6685,6497,2019.25386412662,6298,1969.36252406987,10487,10283,3153.39369728911,10051,3135.65540936824,1134.13983316249,1166.29288529837,1.56166282670606,1.59221848239912,56.1662826706057,59.2218482399124
2020,3,"2020-T3","7","Superior completo",18537,18323,4846.62285772597,17930,4769.2099132179,10487,10283,3153.39369728911,10051,3135.65540936824,-1693.22916043686,-1633.55450384966,0.65063731795477,0.657479009401064,-34.936268204523,-34.2520990598936
2020,4,"2020-T4","1","Sem instrucao e menos de 1 ano de estudo",3269,3095,936.536529681419,2885,957.529996160867,9955,9780,3157.70256030574,9636,3208.9029334059,2221.16603062433,2251.37293724503,3.37168114668191,3.35122967037244,237.168114668191,235.122967037244
2020,4,"2020-T4","2","Fundamental incompleto ou equivalente",31125,29180,1274.96033699361,27657,1280.41853862668,9955,9780,3157.70256030574,9636,3208.9029334059,1882.74222331214,1928.48439477923,2.47670650504446,2.50613595211425,147.670650504446,150.613595211425
2020,4,"2020-T4","3","Fundamental completo ou equivalente",10066,9493,1476.3961373735,9131,1475.59083134875,9955,9780,3157.70256030574,9636,3208.9029334059,1681.30642293224,1733.31210205715,2.13879085725818,2.17465632425544,113.879085725818,117.465632425544
2020,4,"2020-T4","4","Medio incompleto ou equivalente",8059,7524,1354.05123542024,7252,1361.71106600876,9955,9780,3157.70256030574,9636,3208.9029334059,1803.6513248855,1847.19186739714,2.33204067741626,2.35652262326937,133.204067741626,135.652262326937
2020,4,"2020-T4","5","Medio completo ou equivalente",39096,37842,1681.36518581787,36952,1718.25109300855,9955,9780,3157.70256030574,9636,3208.9029334059,1476.33737448788,1490.65184039735,1.87805872688493,1.86754016712849,87.805872688493,86.7540167128487
2020,4,"2020-T4","6","Superior incompleto ou equivalente",6425,6228,1968.26965648447,6099,2016.49808212005,9955,9780,3157.70256030574,9636,3208.9029334059,1189.43290382127,1192.40485128585,1.60430383606366,1.59132456502623,60.4303836063661,59.1324565026226
2020,4,"2020-T4","7","Superior completo",17556,17373,4778.89378783421,17142,4846.8007194536,9955,9780,3157.70256030574,9636,3208.9029334059,-1621.19122752847,-1637.89778604769,0.660760146698471,0.662066199777171,-33.9239853301529,-33.7933800222829
2021,1,"2021-T1","1","Sem instrucao e menos de 1 ano de estudo",3240,3060,964.142385723256,2842,1006.13183038312,9541,9370,3220.38150080207,9195,3532.00449539138,2256.23911507882,2525.87266500826,3.34015135989098,3.51047883461401,234.015135989098,251.047883461401
2021,1,"2021-T1","2","Fundamental incompleto ou equivalente",29300,27523,1287.10191816709,26057,1339.14728264046,9541,9370,3220.38150080207,9195,3532.00449539138,1933.27958263498,2192.85721275092,2.50204079051337,2.63750264155198,150.204079051337,163.750264155198
2021,1,"2021-T1","3","Fundamental completo ou equivalente",9607,9087,1504.53108360966,8781,1558.56382615582,9541,9370,3220.38150080207,9195,3532.00449539138,1715.85041719242,1973.44066923556,2.14045527931252,2.26619175687083,114.045527931252,126.619175687083
2021,1,"2021-T1","4","Medio incompleto ou equivalente",7746,7228,1409.74414652546,6944,1477.34151688801,9541,9370,3220.38150080207,9195,3532.00449539138,1810.63735427662,2054.66297850337,2.28437302523244,2.3907840232037,128.437302523244,139.07840232037
2021,1,"2021-T1","5","Medio completo ou equivalente",37297,36033,1695.11351566036,35117,1826.01317282302,9541,9370,3220.38150080207,9195,3532.00449539138,1525.26798514172,1705.99132256836,1.89980285747856,1.93427109286999,89.980285747856,93.4271092869989
2021,1,"2021-T1","6","Superior incompleto ou equivalente",6018,5812,2035.6923474624,5661,2273.69670963653,9541,9370,3220.38150080207,9195,3532.00449539138,1184.68915333967,1258.30778575485,1.58195883813998,1.55341936346295,58.1958838139982,55.3419363462948
2021,1,"2021-T1","7","Superior completo",16739,16561,5009.72707608136,16273,5408.90872904923,9541,9370,3220.38150080207,9195,3532.00449539138,-1789.34557527929,-1876.90423365785,0.642825737189874,0.652997614180898,-35.7174262810126,-34.7002385819102
2021,2,"2021-T2","1","Sem instrucao e menos de 1 ano de estudo",3872,3668,974.846245653751,3447,1009.77673531895,10528,10324,3184.06089488946,10149,3231.17521509514,2209.21464923571,2221.39847977619,3.26621855403892,3.1998907303747,226.621855403892,219.98907303747
2021,2,"2021-T2","2","Fundamental incompleto ou equivalente",33865,31861,1308.10674688568,30255,1362.03349345398,10528,10324,3184.06089488946,10149,3231.17521509514,1875.95414800378,1869.14172164116,2.43409867158779,2.37231700294037,143.409867158779,137.231700294037
2021,2,"2021-T2","3","Fundamental completo ou equivalente",11027,10455,1470.52258252447,10082,1467.94503834103,10528,10324,3184.06089488946,10149,3231.17521509514,1713.53831236499,1763.23017675411,2.16525807405374,2.20115544567445,116.525807405374,120.115544567445
2021,2,"2021-T2","4","Medio incompleto ou equivalente",9226,8628,1393.37707172184,8346,1404.47540657055,10528,10324,3184.06089488946,10149,3231.17521509514,1790.68382316762,1826.69980852459,2.2851394353395,2.3006278358302,128.51394353395,130.06278358302
2021,2,"2021-T2","5","Medio completo ou equivalente",42588,41181,1705.07147510291,40265,1713.56812352061,10528,10324,3184.06089488946,10149,3231.17521509514,1478.98941978655,1517.60709157452,1.86740611251929,1.8856415281912,86.7406112519291,88.5641528191201
2021,2,"2021-T2","6","Superior incompleto ou equivalente",6588,6355,2061.30640450934,6222,2085.87553176536,10528,10324,3184.06089488946,10149,3231.17521509514,1122.75449038012,1145.29968332977,1.54468102749012,1.54907383776656,54.4681027490123,54.9073837766561
2021,2,"2021-T2","7","Superior completo",18354,18140,4899.22654320259,17879,4943.53805945295,10528,10324,3184.06089488946,10149,3231.17521509514,-1715.16564831313,-1712.36284435781,0.649910933248671,0.65361592774967,-35.0089066751329,-34.638407225033
2021,3,"2021-T3","1","Sem instrucao e menos de 1 ano de estudo",5571,5322,1034.0940689009,4980,1042.08082176859,12540,12310,3265.12709483659,12097,3319.81999986595,2231.03302593569,2277.73917809736,3.15747589414855,3.18576057683477,215.747589414855,218.576057683477
2021,3,"2021-T3","2","Fundamental incompleto ou equivalente",43914,41300,1331.06063088604,39325,1338.49390542799,12540,12310,3265.12709483659,12097,3319.81999986595,1934.06646395055,1981.32609443797,2.4530265707454,2.48026530894396,145.30265707454,148.026530894396
2021,3,"2021-T3","3","Fundamental completo ou equivalente",13975,13230,1521.35880942117,12807,1518.83474813113,12540,12310,3265.12709483659,12097,3319.81999986595,1743.76828541541,1800.98525173482,2.14619133541473,2.18576774329852,114.619133541473,118.576774329852
2021,3,"2021-T3","4","Medio incompleto ou equivalente",12248,11514,1397.26669220603,11106,1401.29777002993,12540,12310,3265.12709483659,12097,3319.81999986595,1867.86040263056,1918.52222983602,2.33679591236913,2.36910389131287,133.679591236913,136.910389131287
2021,3,"2021-T3","5","Medio completo ou equivalente",53683,52069,1734.9730326438,50917,1739.38168302708,12540,12310,3265.12709483659,12097,3319.81999986595,1530.15406219279,1580.43831683887,1.88194688528449,1.90862076579328,88.194688528449,90.8620765793281
2021,3,"2021-T3","6","Superior incompleto ou equivalente",8023,7765,2065.50325681453,7631,2086.57318113531,12540,12310,3265.12709483659,12097,3319.81999986595,1199.62383802206,1233.24681873064,1.58079009755335,1.5910393318003,58.0790097553345,59.1039331800302
2021,3,"2021-T3","7","Superior completo",21645,21407,4889.59070484395,21118,4992.43729267604,12540,12310,3265.12709483659,12097,3319.81999986595,-1624.46361000737,-1672.61729281009,0.667771045049217,0.664969794359994,-33.2228954950783,-33.5030205640006
2021,4,"2021-T4","1","Sem instrucao e menos de 1 ano de estudo",6104,5842,1069.28229319538,5463,1081.5701097858,13553,13288,3295.69095330099,13123,3428.67208908521,2226.40866010561,2347.10197929941,3.08215236918619,3.17008768831846,208.215236918619,217.008768831846
2021,4,"2021-T4","2","Fundamental incompleto ou equivalente",47431,44916,1337.75865043785,42759,1363.07167620255,13553,13288,3295.69095330099,13123,3428.67208908521,1957.93230286314,2065.60041288266,2.4635915844927,2.51540116997907,146.35915844927,151.540116997907
2021,4,"2021-T4","3","Fundamental completo ou equivalente",15139,14385,1571.41490004227,13937,1612.87128206695,13553,13288,3295.69095330099,13123,3428.67208908521,1724.27605325872,1815.80080701826,2.09727612561924,2.125818797326,109.727612561924,112.5818797326
2021,4,"2021-T4","4","Medio incompleto ou equivalente",13466,12718,1441.40368704319,12327,1470.94881032107,13553,13288,3295.69095330099,13123,3428.67208908521,1854.2872662578,1957.72327876414,2.28644548569289,2.3309254985813,128.644548569289,133.09254985813
2021,4,"2021-T4","5","Medio completo ou equivalente",58219,56553,1759.24736755244,55417,1820.4688785117,13553,13288,3295.69095330099,13123,3428.67208908521,1536.44358574855,1608.20321057351,1.87335278374532,1.88340055111971,87.3352783745315,88.340055111971
2021,4,"2021-T4","6","Superior incompleto ou equivalente",8663,8411,2127.17370353965,8263,2221.3635287778,13553,13288,3295.69095330099,13123,3428.67208908521,1168.51724976134,1207.30856030741,1.54932855169134,1.54349886664957,54.9328551691339,54.3498866649565
2021,4,"2021-T4","7","Superior completo",23405,23129,4809.77528048082,22892,4989.31515521344,13553,13288,3295.69095330099,13123,3428.67208908521,-1514.08432717982,-1560.64306612823,0.685206846705639,0.687202949186828,-31.4793153294361,-31.2797050813172
2022,1,"2022-T1","1","Sem instrucao e menos de 1 ano de estudo",6264,5982,1131.93351788064,5495,1206.68403300209,14337,14078,3309.70829198827,13834,3714.78471782846,2177.77477410763,2508.10068482637,2.92394229847099,3.07850656529075,192.394229847099,207.850656529075
2022,1,"2022-T1","2","Fundamental incompleto ou equivalente",46783,44407,1411.57217766858,41728,1508.39499771406,14337,14078,3309.70829198827,13834,3714.78471782846,1898.1361143197,2206.3897201144,2.34469646281549,2.46274001402691,134.469646281549,146.274001402691
2022,1,"2022-T1","3","Fundamental completo ou equivalente",15302,14537,1644.59915225962,13905,1769.28905740819,14337,14078,3309.70829198827,13834,3714.78471782846,1665.10913972865,1945.49566042027,2.012471116406,2.09959175538575,101.2471116406,109.959175538575
2022,1,"2022-T1","4","Medio incompleto ou equivalente",13492,12713,1488.74030907179,12226,1602.20932738705,14337,14078,3309.70829198827,13834,3714.78471782846,1820.96798291648,2112.57539044141,2.22316025959681,2.31853894140455,122.316025959681,131.853894140455
2022,1,"2022-T1","5","Medio completo ou equivalente",60039,58349,1845.96683604285,56898,2030.0336524414,14337,14078,3309.70829198827,13834,3714.78471782846,1463.74145594543,1684.75106538706,1.79294027788885,1.82991287526732,79.2940277888855,82.991287526732
2022,1,"2022-T1","6","Superior incompleto ou equivalente",9022,8777,2177.60273043026,8568,2399.19985057365,14337,14078,3309.70829198827,13834,3714.78471782846,1132.10556155801,1315.58486725481,1.51988617838219,1.5483431765554,51.9886178382189,54.8343176555405
2022,1,"2022-T1","7","Superior completo",24703,24434,4792.61542016498,24044,5343.6204043873,14337,14078,3309.70829198827,13834,3714.78471782846,-1482.9071281767,-1628.83568655884,0.690584994168871,0.695181251044421,-30.9415005831129,-30.4818748955579
2022,2,"2022-T2","1","Sem instrucao e menos de 1 ano de estudo",6498,6224,1120.07218626472,5797,1145.40359875895,14887,14632,3517.78292382942,14445,3605.24992875406,2397.7107375647,2459.84632999511,3.14067518769547,3.14758040978776,214.067518769547,214.758040978776
2022,2,"2022-T2","2","Fundamental incompleto ou equivalente",48484,46131,1468.79569891481,43805,1496.99025841351,14887,14632,3517.78292382942,14445,3605.24992875406,2048.98722491461,2108.25967034055,2.39501172724598,2.40833225766937,139.501172724598,140.833225766937
2022,2,"2022-T2","3","Fundamental completo ou equivalente",15638,14925,1674.14516635985,14417,1696.9308227573,14887,14632,3517.78292382942,14445,3605.24992875406,1843.63775746958,1908.31910599676,2.10124127495961,2.12457094915394,110.124127495961,112.457094915394
2022,2,"2022-T2","4","Medio incompleto ou equivalente",14024,13344,1502.37994624995,12909,1506.84774354745,14887,14632,3517.78292382942,14445,3605.24992875406,2015.40297757947,2098.40218520661,2.34147356173787,2.39257744798192,134.147356173787,139.257744798192
2022,2,"2022-T2","5","Medio completo ou equivalente",63210,61612,1903.25600912352,60266,1932.12589101546,14887,14632,3517.78292382942,14445,3605.24992875406,1614.52691470591,1673.1240377386,1.84829728999486,1.86594980457472,84.8297289994857,86.5949804574723
2022,2,"2022-T2","6","Superior incompleto ou equivalente",9461,9233,2467.83585587993,9082,2532.65698261545,14887,14632,3517.78292382942,14445,3605.24992875406,1049.94706794949,1072.59294613861,1.42545255408615,1.42350502002484,42.5452554086146,42.350502002484
2022,2,"2022-T2","7","Superior completo",25651,25381,5087.75347587536,25096,5199.90547391576,14887,14632,3517.78292382942,14445,3605.24992875406,-1569.97055204594,-1594.6555451617,0.691421654077722,0.693329897406606,-30.8578345922277,-30.6670102593394
2022,3,"2022-T3","1","Sem instrucao e menos de 1 ano de estudo",6715,6434,1161.70501438947,5981,1189.00996379244,15415,15177,3609.77164429643,14957,3756.62201967077,2448.06662990696,2567.61205587833,3.10730486619577,3.15945377588656,210.730486619577,215.945377588656
2022,3,"2022-T3","2","Fundamental incompleto ou equivalente",49189,46847,1517.48843988587,44461,1549.26695584069,15415,15177,3609.77164429643,14957,3756.62201967077,2092.28320441056,2207.35506383008,2.37878032505336,2.42477386192769,137.878032505336,142.477386192769
2022,3,"2022-T3","3","Fundamental completo ou equivalente",15838,15112,1733.09953037139,14619,1756.52810727966,15415,15177,3609.77164429643,14957,3756.62201967077,1876.67211392504,2000.09391239111,2.08284151085246,2.13866319821586,108.284151085246,113.866319821586
2022,3,"2022-T3","4","Medio incompleto ou equivalente",14375,13668,1592.0040904874,13216,1614.85811942317,15415,15177,3609.77164429643,14957,3756.62201967077,2017.76755380903,2141.7639002476,2.26743867422557,2.32628611423314,126.743867422557,132.628611423314
2022,3,"2022-T3","5","Medio completo ou equivalente",64556,63083,1950.11732075285,61815,1984.22700399188,15415,15177,3609.77164429643,14957,3756.62201967077,1659.65432354358,1772.39501567889,1.85105357810107,1.8932420595593,85.105357810107,89.3242059559304
2022,3,"2022-T3","6","Superior incompleto ou equivalente",9876,9642,2357.21560087587,9476,2415.29242487875,15415,15177,3609.77164429643,14957,3756.62201967077,1252.55604342056,1341.32959479201,1.53137101373126,1.55534873581999,53.1371013731264,55.534873581999
2022,3,"2022-T3","7","Superior completo",26725,26482,5203.96916067872,26174,5402.52539186167,15415,15177,3609.77164429643,14957,3756.62201967077,-1594.19751638229,-1645.9033721909,0.693657385899195,0.695345555493311,-30.6342614100805,-30.4654444506689
2022,4,"2022-T4","1","Sem instrucao e menos de 1 ano de estudo",6532,6258,1209.24148485081,5893,1250.80172110433,15274,15048,3686.32637209717,14891,3915.18655680588,2477.08488724636,2664.38483570155,3.0484617161079,3.13014164495166,204.84617161079,213.014164495166
2022,4,"2022-T4","2","Fundamental incompleto ou equivalente",47379,45200,1539.00888464056,43114,1592.54681692405,15274,15048,3686.32637209717,14891,3915.18655680588,2147.31748745661,2322.63973988183,2.39525996820877,2.4584436169782,139.525996820877,145.84436169782
2022,4,"2022-T4","3","Fundamental completo ou equivalente",15319,14675,1763.44866767838,14252,1839.10517057712,15274,15048,3686.32637209717,14891,3915.18655680588,1922.87770441879,2076.08138622876,2.09040752910052,2.12885408591248,109.040752910052,112.885408591248
2022,4,"2022-T4","4","Medio incompleto ou equivalente",14121,13475,1634.83242363167,13117,1708.93677302971,15274,15048,3686.32637209717,14891,3915.18655680588,2051.4939484655,2206.24978377617,2.2548649750341,2.29100726170506,125.48649750341,129.100726170506
2022,4,"2022-T4","5","Medio completo ou equivalente",63392,62050,1983.82684257643,60904,2081.32206856882,15274,15048,3686.32637209717,14891,3915.18655680588,1702.49952952074,1833.86448823706,1.85818958236782,1.88110557992502,85.818958236782,88.1105579925015
2022,4,"2022-T4","6","Superior incompleto ou equivalente",9291,9071,2468.40442062224,8954,2601.24163434963,15274,15048,3686.32637209717,14891,3915.18655680588,1217.92195147493,1313.94492245625,1.49340454153291,1.50512220975763,49.3404541532911,50.5122209757635
2022,4,"2022-T4","7","Superior completo",26711,26471,5347.73509066249,26239,5616.26458024182,15274,15048,3686.32637209717,14891,3915.18655680588,-1661.40871856531,-1701.07802343594,0.689324790701348,0.697115760995239,-31.0675209298652,-30.2884239004761
2023,1,"2023-T1","1","Sem instrucao e menos de 1 ano de estudo",6264,6040,1317.3529495561,5610,1406.75104675337,15135,14914,3732.19351238321,14696,4158.01732932901,2414.8405628271,2751.26628257564,2.83310066117118,2.95575918633596,183.310066117118,195.575918633596
2023,1,"2023-T1","2","Fundamental incompleto ou equivalente",45112,43141,1570.62344283012,40831,1681.06737718665,15135,14914,3732.19351238321,14696,4158.01732932901,2161.57006955309,2476.94995214236,2.37624971753773,2.47343883163545,137.624971753773,147.343883163545
2023,1,"2023-T1","3","Fundamental completo ou equivalente",14631,14025,1787.55685243811,13530,1917.50136570505,15135,14914,3732.19351238321,14696,4158.01732932901,1944.6366599451,2240.51596362397,2.08787402050612,2.16845599366765,108.787402050612,116.845599366765
2023,1,"2023-T1","4","Medio incompleto ou equivalente",13275,12694,1631.690375351,12199,1768.03036577977,15135,14914,3732.19351238321,14696,4158.01732932901,2100.50313703221,2389.98696354924,2.28731723172686,2.35177936409206,128.731723172686,135.177936409206
2023,1,"2023-T1","5","Medio completo ou equivalente",62214,60894,2034.24704824023,59450,2240.09108814717,15135,14914,3732.19351238321,14696,4158.01732932901,1697.94646414298,1917.92624118185,1.83468055938035,1.85618225586005,83.468055938035,85.6182255860054
2023,1,"2023-T1","6","Superior incompleto ou equivalente",9331,9126,2489.38078492578,8932,2758.5536555024,15135,14914,3732.19351238321,14696,4158.01732932901,1242.81272745743,1399.46367382661,1.49924573009608,1.50731790952666,49.9245730096083,50.7317909526664
2023,1,"2023-T1","7","Superior completo",26393,26163,5400.90538431024,25820,5994.61976688923,15135,14914,3732.19351238321,14696,4158.01732932901,-1668.71187192703,-1836.60243756022,0.691031085866699,0.693624865466108,-30.8968914133301,-30.6375134533892
2023,2,"2023-T2","1","Sem instrucao e menos de 1 ano de estudo",6238,6001,1350.13970240223,5623,1375.54384190565,15261,15019,3811.89193845909,14834,3894.78331137285,2461.75223605687,2519.2394694672,2.82333149056858,2.83144978205646,182.333149056858,183.144978205646
2023,2,"2023-T2","2","Fundamental incompleto ou equivalente",45174,43141,1604.60588161301,41008,1640.19501609852,15261,15019,3811.89193845909,14834,3894.78331137285,2207.28605684608,2254.58829527434,2.37559389638235,2.37458550547072,137.559389638235,137.458550547072
2023,2,"2023-T2","3","Fundamental completo ou equivalente",14764,14165,1827.99171521863,13664,1855.51239591348,15261,15019,3811.89193845909,14834,3894.78331137285,1983.90022324046,2039.27091545938,2.08528950471922,2.099033840976,108.528950471922,109.9033840976
2023,2,"2023-T2","4","Medio incompleto ou equivalente",13306,12725,1657.39246248891,12289,1670.89449768695,15261,15019,3811.89193845909,14834,3894.78331137285,2154.49947597018,2223.88881368591,2.29993319309222,2.33095705130664,129.993319309222,133.095705130664
2023,2,"2023-T2","5","Medio completo ou equivalente",63317,61951,2056.77961622643,60666,2091.87740528994,15261,15019,3811.89193845909,14834,3894.78331137285,1755.11232223266,1802.90590608292,1.85333027825935,1.86186021299514,85.3330278259349,86.1860212995144
2023,2,"2023-T2","6","Superior incompleto ou equivalente",9386,9173,2520.58873697451,9018,2567.66946646024,15261,15019,3811.89193845909,14834,3894.78331137285,1291.30320148459,1327.11384491261,1.51230221834386,1.51685540613689,51.2302218343859,51.6855406136894
2023,2,"2023-T2","7","Superior completo",26851,26599,5480.11831015107,26322,5591.82724780786,15261,15019,3811.89193845909,14834,3894.78331137285,-1668.22637169198,-1697.04393643501,0.695585701388628,0.696513525681557,-30.4414298611372,-30.3486474318443
2023,3,"2023-T3","1","Sem instrucao e menos de 1 ano de estudo",6545,6294,1342.01828568239,5903,1395.05034993263,15706,15449,3975.4271511041,15271,4094.43255558181,2633.40886542171,2699.38220564918,2.96227495073413,2.9349711684453,196.227495073413,193.49711684453
2023,3,"2023-T3","2","Fundamental incompleto ou equivalente",45661,43638,1598.28534319095,41420,1627.54421509033,15706,15449,3975.4271511041,15271,4094.43255558181,2377.14180791315,2466.88834049148,2.48730751867325,2.51571202651141,148.730751867325,151.571202651141
2023,3,"2023-T3","3","Fundamental completo ou equivalente",14866,14222,1805.29916919221,13718,1823.34835966486,15706,15449,3975.4271511041,15271,4094.43255558181,2170.12798191189,2271.08419591695,2.20208773091217,2.24555693588601,120.208773091217,124.555693588601
2023,3,"2023-T3","4","Medio incompleto ou equivalente",13669,13043,1679.212994685,12648,1699.58056485295,15706,15449,3975.4271511041,15271,4094.43255558181,2296.2141564191,2394.85199072886,2.36743472310363,2.40908412360909,136.743472310363,140.908412360909
2023,3,"2023-T3","5","Medio completo ou equivalente",64866,63537,2089.2264407122,62253,2132.83496516811,15706,15449,3975.4271511041,15271,4094.43255558181,1886.20071039189,1961.5975904137,1.90282253452091,1.91971372490092,90.2822534520911,91.9713724900925
2023,3,"2023-T3","6","Superior incompleto ou equivalente",9556,9360,2539.83588715389,9212,2592.8967953644,15706,15449,3975.4271511041,15271,4094.43255558181,1435.5912639502,1501.53576021741,1.56522993127674,1.57909584481028,56.5229931276743,57.9095844810278
2023,3,"2023-T3","7","Superior completo",27679,27412,5672.39752089383,27151,5836.40857584317,15706,15449,3975.4271511041,15271,4094.43255558181,-1696.97036978973,-1741.97602026136,0.700837192115137,0.701532886598896,-29.9162807884863,-29.8467113401104
2023,4,"2023-T4","1","Sem instrucao e menos de 1 ano de estudo",6089,5852,1321.72251400572,5537,1370.87814656454,15438,15185,3950.11872281161,14991,4159.3856536686,2628.39620880589,2788.50750710406,2.98861423706862,3.03410311419154,198.861423706862,203.410311419154
2023,4,"2023-T4","2","Fundamental incompleto ou equivalente",44761,42882,1596.20871474094,40958,1647.80768805447,15438,15185,3950.11872281161,14991,4159.3856536686,2353.91000807067,2511.57796561413,2.47468810709551,2.52419362030014,147.468810709551,152.419362030014
2023,4,"2023-T4","3","Fundamental completo ou equivalente",15046,14452,1834.21463108875,13978,1907.64456412464,15438,15185,3950.11872281161,14991,4159.3856536686,2115.90409172286,2251.74108954396,2.15357497201236,2.18037769293632,115.357497201236,118.037769293632
2023,4,"2023-T4","4","Medio incompleto ou equivalente",13604,13012,1704.31687243899,12677,1781.89953427965,15438,15185,3950.11872281161,14991,4159.3856536686,2245.80185037262,2377.48611938895,2.31771379295138,2.33424251684878,131.771379295138,133.424251684878
2023,4,"2023-T4","5","Medio completo ou equivalente",65017,63758,2139.59492075479,62546,2243.2696306517,15438,15185,3950.11872281161,14991,4159.3856536686,1810.52380205681,1916.1160230169,1.8461993363763,1.85416215546958,84.6199336376302,85.4162155469575
2023,4,"2023-T4","6","Superior incompleto ou equivalente",9207,9012,2528.71500979235,8856,2674.9194240354,15438,15185,3950.11872281161,14991,4159.3856536686,1421.40371301925,1484.4662296332,1.56210514332968,1.55495736293758,56.2105143329684,55.495736293758
2023,4,"2023-T4","7","Superior completo",27195,26935,5724.07381415879,26657,5968.74846165706,15438,15185,3950.11872281161,14991,4159.3856536686,-1773.95509134719,-1809.36280798846,0.690088711476918,0.696860603255152,-30.9911288523082,-30.3139396744848
2024,1,"2024-T1","1","Sem instrucao e menos de 1 ano de estudo",5933,5713,1383.71379655899,5360,1478.52005458664,16218,15986,4081.61016912215,15754,4557.71822725464,2697.89637256315,3079.198172668,2.94975028743102,3.08262185089459,194.975028743102,208.262185089459
2024,1,"2024-T1","2","Fundamental incompleto ou equivalente",44944,43044,1627.38221649251,40661,1750.86059999884,16218,15986,4081.61016912215,15754,4557.71822725464,2454.22795262964,2806.85762725581,2.50808330566572,2.60313027048394,150.808330566572,160.313027048394
2024,1,"2024-T1","3","Fundamental completo ou equivalente",14786,14191,1903.84013576315,13633,2049.05431496484,16218,15986,4081.61016912215,15754,4557.71822725464,2177.770033359,2508.66391228981,2.14388282526991,2.22430327686694,114.388282526991,122.430327686694
2024,1,"2024-T1","4","Medio incompleto ou equivalente",13634,13027,1756.19209553274,12522,1896.01161080987,16218,15986,4081.61016912215,15754,4557.71822725464,2325.41807358941,2661.70661644478,2.32412512247642,2.4038451037269,132.412512247642,140.38451037269
2024,1,"2024-T1","5","Medio completo ou equivalente",65669,64354,2194.97286112759,62789,2434.77837750958,16218,15986,4081.61016912215,15754,4557.71822725464,1886.63730799455,2122.93984974507,1.85952648499962,1.87192323923811,85.9526484999618,87.1923239238112
2024,1,"2024-T1","6","Superior incompleto ou equivalente",9699,9512,2607.56651969439,9319,2901.85768153208,16218,15986,4081.61016912215,15754,4557.71822725464,1474.04364942775,1655.86054572257,1.56529474446562,1.57062086685393,56.5294744465621,57.0620866853929
2024,1,"2024-T1","7","Superior completo",28450,28208,5786.59542169408,27836,6388.74922319475,16218,15986,4081.61016912215,15754,4557.71822725464,-1704.98525257194,-1831.0309959401,0.705356063743474,0.713397578779203,-29.4643936256526,-28.6602421220797
2024,2,"2024-T2","1","Sem instrucao e menos de 1 ano de estudo",5933,5713,1430.40399681518,5409,1470.28497907505,16356,16136,4141.33986311121,15961,4213.31344368478,2710.93586629603,2743.02846460973,2.89522391739115,2.86564407828974,189.522391739115,186.564407828974
2024,2,"2024-T2","2","Fundamental incompleto ou equivalente",44909,43015,1690.60500791587,40926,1717.02323080606,16356,16136,4141.33986311121,15961,4213.31344368478,2450.73485519534,2496.29021287872,2.44962001397153,2.45384766384718,144.962001397153,145.384766384718
2024,2,"2024-T2","3","Fundamental completo ou equivalente",15050,14462,1957.70892481177,14002,2002.86658613389,16356,16136,4141.33986311121,15961,4213.31344368478,2183.63093829944,2210.44685755089,2.11540122774349,2.10364158694049,111.540122774349,110.364158694049
2024,2,"2024-T2","4","Medio incompleto ou equivalente",13668,13161,1799.05197651472,12719,1815.87364032375,16356,16136,4141.33986311121,15961,4213.31344368478,2342.28788659648,2397.43980336103,2.30195676232443,2.32026796915979,130.195676232443,132.026796915979
2024,2,"2024-T2","5","Medio completo ou equivalente",67023,65751,2222.33381173671,64479,2263.99532187395,16356,16136,4141.33986311121,15961,4213.31344368478,1919.0060513745,1949.31812181083,1.86350936175283,1.86100801665851,86.3509361752829,86.1008016658508
2024,2,"2024-T2","6","Superior incompleto ou equivalente",9933,9723,2679.80874611877,9568,2751.29691110865,16356,16136,4141.33986311121,15961,4213.31344368478,1461.53111699244,1462.01653257613,1.54538635233175,1.53139176897742,54.538635233175,53.1391768977419
2024,2,"2024-T2","7","Superior completo",28710,28484,6019.56439546388,28222,6127.85187187113,16356,16136,4141.33986311121,15961,4213.31344368478,-1878.22453235267,-1914.53842818635,0.687979991746906,0.687567769551559,-31.2020008253094,-31.2432230448441
2024,3,"2024-T3","1","Sem instrucao e menos de 1 ano de estudo",6084,5832,1546.6717464453,5484,1561.03303057587,16514,16311,4104.16781832491,16118,4229.41076893509,2557.49607187961,2668.37773835922,2.65354806393631,2.70936660922213,165.354806393631,170.936660922213
2024,3,"2024-T3","2","Fundamental incompleto ou equivalente",45820,43803,1707.98411894347,41760,1743.97521410649,16514,16311,4104.16781832491,16118,4229.41076893509,2396.18369938144,2485.43555482861,2.4029309012918,2.42515532028475,140.29309012918,142.515532028475
2024,3,"2024-T3","3","Fundamental completo ou equivalente",14988,14375,1995.31211746478,13918,2026.4438063491,16514,16311,4104.16781832491,16118,4229.41076893509,2108.85570086013,2202.966962586,2.05690517408355,2.08710982050617,105.690517408355,108.710982050617
2024,3,"2024-T3","4","Medio incompleto ou equivalente",14040,13462,1806.08244053613,13010,1834.55726713593,16514,16311,4104.16781832491,16118,4229.41076893509,2298.08537778878,2394.85350179916,2.27241444034337,2.30541223471205,127.241444034337,130.541223471205
2024,3,"2024-T3","5","Medio completo ou equivalente",67809,66570,2272.88901969443,65280,2322.22275577206,16514,16311,4104.16781832491,16118,4229.41076893509,1831.27879863048,1907.18801316303,1.80570533042422,1.82127694615969,80.5705330424219,82.1276946159694
2024,3,"2024-T3","6","Superior incompleto ou equivalente",9740,9544,2678.77172784954,9372,2757.54414919063,16514,16311,4104.16781832491,16118,4229.41076893509,1425.39609047537,1471.86661974446,1.53210808358786,1.5337599472982,53.2108083587862,53.3759947298204
2024,3,"2024-T3","7","Superior completo",28956,28741,5952.26077659861,28458,6121.26247319929,16514,16311,4104.16781832491,16118,4229.41076893509,-1848.09295827371,-1891.8517042642,0.689514114445472,0.690937659911287,-31.0485885554528,-30.9062340088713
2024,4,"2024-T4","1","Sem instrucao e menos de 1 ano de estudo",5589,5373,1551.71325599943,5089,1618.39177372398,16304,16085,4318.11556191235,15905,4559.09760985304,2766.40230591291,2940.70583612906,2.78280509960013,2.81705436463162,178.280509960013,181.705436463162
2024,4,"2024-T4","2","Fundamental incompleto ou equivalente",44158,42219,1728.71970744294,40205,1795.97042203138,16304,16085,4318.11556191235,15905,4559.09760985304,2589.39585446941,2763.12718782166,2.49786911280114,2.53851486301002,149.786911280114,153.851486301002
2024,4,"2024-T4","3","Fundamental completo ou equivalente",14512,13975,2024.8512922697,13531,2105.65511336739,16304,16085,4318.11556191235,15905,4559.09760985304,2293.26426964264,2453.44249648566,2.13255935307332,2.16516825614527,113.255935307332,116.516825614527
2024,4,"2024-T4","4","Medio incompleto ou equivalente",13603,13080,1822.06163854438,12708,1905.41635631991,16304,16085,4318.11556191235,15905,4559.09760985304,2496.05392336797,2653.68125353313,2.36990641291479,2.39270414297188,136.990641291479,139.270414297188
2024,4,"2024-T4","5","Medio completo ou equivalente",68176,66905,2318.09247508806,65707,2441.50621415922,16304,16085,4318.11556191235,15905,4559.09760985304,2000.02308682428,2117.59139569382,1.86278830905929,1.8673299225753,86.2788309059286,86.7329922575296
2024,4,"2024-T4","6","Superior incompleto ou equivalente",9222,9028,2708.90358430177,8874,2857.57011151162,16304,16085,4318.11556191235,15905,4559.09760985304,1609.21197761057,1701.52749834143,1.5940454975718,1.5954455820653,59.4045497571797,59.5445582065297
2024,4,"2024-T4","7","Superior completo",28611,28382,6107.2125690146,28128,6394.86045916162,16304,16085,4318.11556191235,15905,4559.09760985304,-1789.09700710225,-1835.76284930857,0.707051787229517,0.712931523520805,-29.2948212770483,-28.7068476479195
2025,1,"2025-T1","1","Sem instrucao e menos de 1 ano de estudo",5092,4892,1474.72244352072,4577,1581.03479829199,16582,16356,4330.45396126979,16087,4822.95529766013,2855.73151774907,3241.92049936814,2.93645355456269,3.05050546823537,193.645355456269,205.050546823537
2025,1,"2025-T1","2","Fundamental incompleto ou equivalente",43100,41319,1786.20716731567,38978,1902.80406816426,16582,16356,4330.45396126979,16087,4822.95529766013,2544.24679395413,2920.15122949587,2.4243850548297,2.53465681430516,142.43850548297,153.465681430516
2025,1,"2025-T1","3","Fundamental completo ou equivalente",14233,13703,2068.65834761921,13208,2220.25676475822,16582,16356,4330.45396126979,16087,4822.95529766013,2261.79561365059,2602.69853290191,2.09336353982941,2.17225114419833,109.336353982941,117.225114419833
2025,1,"2025-T1","4","Medio incompleto ou equivalente",12684,12223,1947.64071370672,11724,2082.86980963735,16582,16356,4330.45396126979,16087,4822.95529766013,2382.81324756308,2740.08548802279,2.22343573472961,2.31553372915798,122.343573472961,131.553372915798
2025,1,"2025-T1","5","Medio completo ou equivalente",68160,66825,2366.6759702567,65181,2600.87102015998,16582,16356,4330.45396126979,16087,4822.95529766013,1963.7779910131,2222.08427750015,1.82976208644232,1.85436158128421,82.9762086442321,85.4361581284207
2025,1,"2025-T1","6","Superior incompleto ou equivalente",9551,9362,2816.40187617704,9152,3115.22511167496,16582,16356,4330.45396126979,16087,4822.95529766013,1514.05208509275,1707.73018598517,1.5375838220744,1.54818837315643,53.7583822074396,54.8188373156435
2025,1,"2025-T1","7","Superior completo",29295,29064,6176.32642299255,28643,6822.63765384868,16582,16356,4330.45396126979,16087,4822.95529766013,-1845.87246172276,-1999.68235618854,0.701137482816461,0.706904798753234,-29.8862517183539,-29.3095201246766
2025,2,"2025-T2","1","Sem instrucao e menos de 1 ano de estudo",5228,5058,1569.6870091576,4734,1602.71961926175,16677,16449,4526.09463760296,16264,4632.22889572748,2956.40762844536,3029.50927646573,2.88343766062762,2.89023035598777,188.343766062762,189.023035598777
2025,2,"2025-T2","2","Fundamental incompleto ou equivalente",43952,42190,1846.65770222021,40046,1877.18315961868,16677,16449,4526.09463760296,16264,4632.22889572748,2679.43693538275,2755.0457361088,2.4509656728268,2.46764886633036,145.09656728268,146.764886633036
2025,2,"2025-T2","3","Fundamental completo ou equivalente",14588,14081,2113.3671793156,13627,2151.15758043426,16677,16449,4526.09463760296,16264,4632.22889572748,2412.72745828736,2481.07131529322,2.14165086024886,2.15336567523443,114.165086024886,115.336567523443
2025,2,"2025-T2","4","Medio incompleto ou equivalente",13495,13000,2027.81735061702,12599,2019.69165329863,16677,16449,4526.09463760296,16264,4632.22889572748,2498.27728698595,2612.53724242885,2.23200311222595,2.29353272226578,123.200311222595,129.353272226578
2025,2,"2025-T2","5","Medio completo ou equivalente",68771,67545,2418.97626900774,66151,2457.41913228268,16677,16449,4526.09463760296,16264,4632.22889572748,2107.11836859522,2174.8097634448,1.87107856145259,1.88499748979517,87.107856145259,88.4997489795172
2025,2,"2025-T2","6","Superior incompleto ou equivalente",10258,10051,2790.92440830629,9869,2843.69020989156,16677,16449,4526.09463760296,16264,4632.22889572748,1735.17022929667,1788.53868583592,1.62171881980483,1.62894990446379,62.1718819804826,62.8949904463794
2025,2,"2025-T2","7","Superior completo",29593,29353,6433.91755119759,29079,6534.02359275336,16677,16449,4526.09463760296,16264,4632.22889572748,-1907.82291359462,-1901.79469702588,0.703474143332858,0.708939726031126,-29.6525856667142,-29.1060273968874
2025,3,"2025-T3","1","Sem instrucao e menos de 1 ano de estudo",5083,4904,1562.74291378886,4575,1592.68993394358,17548,17316,4442.43218984372,17143,4542.82318568928,2879.68927605486,2950.1332517457,2.8427146593633,2.85229603632956,184.27146593633,185.229603632956
2025,3,"2025-T3","2","Fundamental incompleto ou equivalente",45445,43663,1856.42989201807,41485,1889.96460463101,17548,17316,4442.43218984372,17143,4542.82318568928,2586.00229782565,2652.85858105827,2.39299755350011,2.40365516611154,139.299755350011,140.365516611154
2025,3,"2025-T3","3","Fundamental completo ou equivalente",14911,14406,2135.9550942127,13877,2154.55798580248,17548,17316,4442.43218984372,17143,4542.82318568928,2306.47709563102,2388.2651998868,2.07983407604418,2.10847107185062,107.983407604418,110.847107185062
2025,3,"2025-T3","4","Medio incompleto ou equivalente",14154,13645,2007.63574851939,13173,2040.25043495593,17548,17316,4442.43218984372,17143,4542.82318568928,2434.79644132433,2502.57275073335,2.21276802483716,2.22660076814903,121.276802483716,122.660076814903
2025,3,"2025-T3","5","Medio completo ou equivalente",71223,70030,2448.91642733158,68677,2493.81300364366,17548,17316,4442.43218984372,17143,4542.82318568928,1993.51576251214,2049.01018204562,1.81403993221783,1.82163746000677,81.4039932217832,82.1637460006768
2025,3,"2025-T3","6","Superior incompleto ou equivalente",10301,10095,2861.15455398462,9930,2924.69046342316,17548,17316,4442.43218984372,17143,4542.82318568928,1581.2776358591,1618.13272226612,1.55267117033469,1.55326631741131,55.2671170334687,55.3266317411313
2025,3,"2025-T3","7","Superior completo",31311,31065,6417.91695495358,30816,6583.03746851756,17548,17316,4442.43218984372,17143,4542.82318568928,-1975.48476510986,-2040.21428282828,0.692192220781992,0.690080104725924,-30.7807779218008,-30.9919895274076
2025,4,"2025-T4","1","Sem instrucao e menos de 1 ano de estudo",5066,4888,1647.96688949645,4598,1757.79434259698,18182,17949,4581.95835717865,17745,4811.92064913937,2933.9914676822,3054.12630654239,2.78037039844818,2.7374764683963,178.037039844818,173.74764683963
2025,4,"2025-T4","2","Fundamental incompleto ou equivalente",45635,44003,1887.91194947499,42021,1956.35150260281,18182,17949,4581.95835717865,17745,4811.92064913937,2694.04640770365,2855.56914653656,2.42699791081509,2.45964012230797,142.699791081509,145.964012230797
2025,4,"2025-T4","3","Fundamental completo ou equivalente",15211,14742,2286.82102681255,14333,2298.25486602651,18182,17949,4581.95835717865,17745,4811.92064913937,2295.1373303661,2513.66578311286,2.00363662195513,2.09372803698607,100.363662195513,109.372803698607
2025,4,"2025-T4","4","Medio incompleto ou equivalente",14143,13624,2078.93651546833,13245,2157.4544255284,18182,17949,4581.95835717865,17745,4811.92064913937,2503.02184171032,2654.46622361097,2.20399147500974,2.2303695467221,120.399147500974,123.03695467221
2025,4,"2025-T4","5","Medio completo ou equivalente",72919,71694,2483.99197355334,70547,2599.94720449187,18182,17949,4581.95835717865,17745,4811.92064913937,2097.96638362531,2211.9734446475,1.84459467098204,1.85077629300546,84.4594670982038,85.0776293005459
2025,4,"2025-T4","6","Superior incompleto ou equivalente",10533,10321,2906.99641762584,10182,3057.00831960132,18182,17949,4581.95835717865,17745,4811.92064913937,1674.96193955281,1754.91232953804,1.57618300779358,1.57406200640203,57.6183007793577,57.4062006402033
2025,4,"2025-T4","7","Superior completo",32714,32465,6622.60071233816,32197,6896.45753252986,18182,17949,4581.95835717865,17745,4811.92064913937,-2040.64235515951,-2084.53688339049,0.691866919991459,0.697738023679845,-30.8133080008541,-30.2261976320154
2026,1,"2026-T1","1","Sem instrucao e menos de 1 ano de estudo",4886,4706,1575.6427702784,4389,1711.74562694414,18758,18553,4722.20653256112,18291,5221.08898757566,3146.56376228272,3509.34336063152,2.99700326853069,3.05015471071862,199.700326853069,205.015471071861
2026,1,"2026-T1","2","Fundamental incompleto ou equivalente",44670,43163,1930.48741748884,40976,2052.65506495308,18758,18553,4722.20653256112,18291,5221.08898757566,2791.71911507229,3168.43392262258,2.44612137317307,2.54357835211587,144.612137317307,154.357835211587
2026,1,"2026-T1","3","Fundamental completo ou equivalente",15004,14495,2310.87819666127,13953,2469.97868532039,18758,18553,4722.20653256112,18291,5221.08898757566,2411.32833589985,2751.11030225527,2.04346838331146,2.11381945059109,104.346838331146,111.381945059109
2026,1,"2026-T1","4","Medio incompleto ou equivalente",13988,13477,2176.39243527213,12976,2366.97325979165,18758,18553,4722.20653256112,18291,5221.08898757566,2545.814097289,2854.11572778401,2.16974037220023,2.20580818392314,116.974037220023,120.580818392314
2026,1,"2026-T1","5","Medio completo ou equivalente",74795,73466,2549.88466066138,71792,2793.83296045462,18758,18553,4722.20653256112,18291,5221.08898757566,2172.32187189975,2427.25602712105,1.85192946387477,1.86879067627797,85.1929463874768,86.8790676277969
2026,1,"2026-T1","6","Superior incompleto ou equivalente",11359,11131,2978.39965534074,10921,3303.97725245776,18758,18553,4722.20653256112,18291,5221.08898757566,1743.80687722038,1917.1117351179,1.58548451484456,1.58024362416291,58.5484514844561,58.0243624162909
2026,1,"2026-T1","7","Superior completo",34195,33968,6858.799404572,33540,7457.5878786689,18758,18553,4722.20653256112,18291,5221.08898757566,-2136.59287201087,-2236.49889109324,0.688488794323589,0.700104252543863,-31.1511205676411,-29.9895747456137
