"Ano","Trimestre","unidade_da_federacao","nivel_instrucao_mais_elevado_alcancado_5_anos_ou_mais_de_idade","peso","total_ponderado","percentual"
2012,4,"Acre","Fundamental incompleto ou equivalente",302900.77376863,702331.33240915,43.1279
2012,4,"Acre","Médio completo ou equivalente",117377.39539954,702331.33240915,16.7125
2012,4,"Acre","Sem instrução e menos de 1 ano de estudo",104199.03170095,702331.33240915,14.8362
2012,4,"Acre","Fundamental completo ou equivalente",66296.99719629,702331.33240915,9.4396
2012,4,"Acre","Superior completo",45849.80499653,702331.33240915,6.5282
2012,4,"Acre","Médio incompleto ou equivalente",41379.98072841,702331.33240915,5.8918
2012,4,"Acre","Superior incompleto ou equivalente",24327.3486188,702331.33240915,3.4638
2012,4,"Alagoas","Fundamental incompleto ou equivalente",1385081.13196936,2887609.33386852,47.9664
2012,4,"Alagoas","Sem instrução e menos de 1 ano de estudo",451658.27312622,2887609.33386852,15.6413
2012,4,"Alagoas","Médio completo ou equivalente",430191.75408421,2887609.33386852,14.8979
2012,4,"Alagoas","Fundamental completo ou equivalente",264145.67410316,2887609.33386852,9.1476
2012,4,"Alagoas","Médio incompleto ou equivalente",173190.96421795,2887609.33386852,5.9977
2012,4,"Alagoas","Superior completo",115029.55897754,2887609.33386852,3.9836
2012,4,"Alagoas","Superior incompleto ou equivalente",68311.97739008,2887609.33386852,2.3657
2012,4,"Amapá","Fundamental incompleto ou equivalente",259395.47881424,641264.7357648,40.4506
2012,4,"Amapá","Médio completo ou equivalente",136554.37355685,641264.7357648,21.2945
2012,4,"Amapá","Sem instrução e menos de 1 ano de estudo",69039.47056938,641264.7357648,10.7661
2012,4,"Amapá","Médio incompleto ou equivalente",54981.37456362,641264.7357648,8.5739
2012,4,"Amapá","Fundamental completo ou equivalente",52029.93909376,641264.7357648,8.1136
2012,4,"Amapá","Superior completo",44971.90848316,641264.7357648,7.013
2012,4,"Amapá","Superior incompleto ou equivalente",24292.19068379,641264.7357648,3.7882
2012,4,"Amazonas","Fundamental incompleto ou equivalente",1403896.016779,3212193.74412319,43.7052
2012,4,"Amazonas","Médio completo ou equivalente",707115.01599644,3212193.74412319,22.0135
2012,4,"Amazonas","Sem instrução e menos de 1 ano de estudo",351228.34262044,3212193.74412319,10.9342
2012,4,"Amazonas","Fundamental completo ou equivalente",251114.22806349,3212193.74412319,7.8175
2012,4,"Amazonas","Médio incompleto ou equivalente",210194.69950091,3212193.74412319,6.5436
2012,4,"Amazonas","Superior completo",179841.73546732,3212193.74412319,5.5987
2012,4,"Amazonas","Superior incompleto ou equivalente",108803.70569559,3212193.74412319,3.3872
2012,4,"Bahia","Fundamental incompleto ou equivalente",6036287.6429311,13169144.6404102,45.8366
2012,4,"Bahia","Médio completo ou equivalente",2616534.4342333,13169144.6404102,19.8687
2012,4,"Bahia","Sem instrução e menos de 1 ano de estudo",1847087.42918275,13169144.6404102,14.0259
2012,4,"Bahia","Fundamental completo ou equivalente",872076.86389171,13169144.6404102,6.6221
2012,4,"Bahia","Médio incompleto ou equivalente",842115.02182744,13169144.6404102,6.3946
2012,4,"Bahia","Superior completo",644618.6415761,13169144.6404102,4.8949
2012,4,"Bahia","Superior incompleto ou equivalente",310424.60676781,13169144.6404102,2.3572
2012,4,"Ceará","Fundamental incompleto ou equivalente",3328287.07207329,7980169.81988752,41.707
2012,4,"Ceará","Médio completo ou equivalente",1543782.28725966,7980169.81988752,19.3452
2012,4,"Ceará","Sem instrução e menos de 1 ano de estudo",1179817.89913212,7980169.81988752,14.7844
2012,4,"Ceará","Fundamental completo ou equivalente",781513.33469404,7980169.81988752,9.7932
2012,4,"Ceará","Médio incompleto ou equivalente",510715.09759978,7980169.81988752,6.3998
2012,4,"Ceará","Superior completo",419109.64922743,7980169.81988752,5.2519
2012,4,"Ceará","Superior incompleto ou equivalente",216944.4799012,7980169.81988752,2.7185
2012,4,"Distrito Federal","Fundamental incompleto ou equivalente",761994.72388345,2520998.42789543,30.2259
2012,4,"Distrito Federal","Médio completo ou equivalente",616730.26714741,2520998.42789543,24.4637
2012,4,"Distrito Federal","Superior completo",488877.13104485,2520998.42789543,19.3922
2012,4,"Distrito Federal","Fundamental completo ou equivalente",194449.9819994,2520998.42789543,7.7132
2012,4,"Distrito Federal","Superior incompleto ou equivalente",160235.75354314,2520998.42789543,6.356
2012,4,"Distrito Federal","Médio incompleto ou equivalente",151486.31153062,2520998.42789543,6.009
2012,4,"Distrito Federal","Sem instrução e menos de 1 ano de estudo",147224.25874656,2520998.42789543,5.8399
2012,4,"Espírito Santo","Fundamental incompleto ou equivalente",1370120.51123369,3463155.96438042,39.5628
2012,4,"Espírito Santo","Médio completo ou equivalente",806325.82172012,3463155.96438042,23.283
2012,4,"Espírito Santo","Fundamental completo ou equivalente",359812.68055646,3463155.96438042,10.3897
2012,4,"Espírito Santo","Sem instrução e menos de 1 ano de estudo",321512.05603703,3463155.96438042,9.2838
2012,4,"Espírito Santo","Superior completo",280617.51127925,3463155.96438042,8.1029
2012,4,"Espírito Santo","Médio incompleto ou equivalente",199245.42718329,3463155.96438042,5.7533
2012,4,"Espírito Santo","Superior incompleto ou equivalente",125521.95637058,3463155.96438042,3.6245
2012,4,"Goiás","Fundamental incompleto ou equivalente",2317986.52466059,5926329.98056354,39.1134
2012,4,"Goiás","Médio completo ou equivalente",1280572.95583788,5926329.98056354,21.6082
2012,4,"Goiás","Fundamental completo ou equivalente",574686.20650852,5926329.98056354,9.6972
2012,4,"Goiás","Sem instrução e menos de 1 ano de estudo",556977.72031238,5926329.98056354,9.3984
2012,4,"Goiás","Superior completo",483759.77733272,5926329.98056354,8.1629
2012,4,"Goiás","Médio incompleto ou equivalente",463404.16965995,5926329.98056354,7.8194
2012,4,"Goiás","Superior incompleto ou equivalente",248942.6262515,5926329.98056354,4.2006
2012,4,"Maranhão","Fundamental incompleto ou equivalente",2862106.92097966,6078160.08264503,47.0884
2012,4,"Maranhão","Médio completo ou equivalente",1063543.36275599,6078160.08264503,17.4978
2012,4,"Maranhão","Sem instrução e menos de 1 ano de estudo",900890.7387582,6078160.08264503,14.8218
2012,4,"Maranhão","Fundamental completo ou equivalente",554459.17929422,6078160.08264503,9.1222
2012,4,"Maranhão","Médio incompleto ou equivalente",390187.94638261,6078160.08264503,6.4195
2012,4,"Maranhão","Superior completo",187783.94774894,6078160.08264503,3.0895
2012,4,"Maranhão","Superior incompleto ou equivalente",119187.98672541,6078160.08264503,1.9609
2012,4,"Mato Grosso","Fundamental incompleto ou equivalente",1121325.65602001,2898641.35277193,38.6845
2012,4,"Mato Grosso","Médio completo ou equivalente",594599.92481091,2898641.35277193,20.5131
2012,4,"Mato Grosso","Fundamental completo ou equivalente",339290.21150073,2898641.35277193,11.7051
2012,4,"Mato Grosso","Sem instrução e menos de 1 ano de estudo",292428.21382337,2898641.35277193,10.0885
2012,4,"Mato Grosso","Superior completo",242915.21131777,2898641.35277193,8.3803
2012,4,"Mato Grosso","Médio incompleto ou equivalente",197879.3710705,2898641.35277193,6.8266
2012,4,"Mato Grosso","Superior incompleto ou equivalente",110202.76422864,2898641.35277193,3.8019
2012,4,"Mato Grosso do Sul","Fundamental incompleto ou equivalente",1037568.45460003,2279501.59251078,45.5173
2012,4,"Mato Grosso do Sul","Médio completo ou equivalente",392696.1431975,2279501.59251078,17.2273
2012,4,"Mato Grosso do Sul","Fundamental completo ou equivalente",224588.27641976,2279501.59251078,9.8525
2012,4,"Mato Grosso do Sul","Sem instrução e menos de 1 ano de estudo",192433.99821277,2279501.59251078,8.4419
2012,4,"Mato Grosso do Sul","Superior completo",176256.35600126,2279501.59251078,7.7322
2012,4,"Mato Grosso do Sul","Médio incompleto ou equivalente",145974.78627085,2279501.59251078,6.4038
2012,4,"Mato Grosso do Sul","Superior incompleto ou equivalente",109983.57780861,2279501.59251078,4.8249
2012,4,"Minas Gerais","Fundamental incompleto ou equivalente",8421605.36178927,18724916.3442,44.9754
2012,4,"Minas Gerais","Médio completo ou equivalente",3672931.66444011,18724916.3442,19.6152
2012,4,"Minas Gerais","Fundamental completo ou equivalente",1795749.91035721,18724916.3442,9.5902
2012,4,"Minas Gerais","Sem instrução e menos de 1 ano de estudo",1508089.56971035,18724916.3442,8.0539
2012,4,"Minas Gerais","Superior completo",1481242.20905599,18724916.3442,7.9105
2012,4,"Minas Gerais","Médio incompleto ou equivalente",1208791.2701583,18724916.3442,6.4555
2012,4,"Minas Gerais","Superior incompleto ou equivalente",636506.35868882,18724916.3442,3.3992
2012,4,"Pará","Fundamental incompleto ou equivalente",3519889.06778248,7119362.11286963,49.4411
2012,4,"Pará","Médio completo ou equivalente",1253349.45092795,7119362.11286963,17.6048
2012,4,"Pará","Sem instrução e menos de 1 ano de estudo",786695.75952882,7119362.11286963,11.0501
2012,4,"Pará","Fundamental completo ou equivalente",567389.98095643,7119362.11286963,7.9697
2012,4,"Pará","Médio incompleto ou equivalente",542239.39100892,7119362.11286963,7.6164
2012,4,"Pará","Superior completo",288354.19536611,7119362.11286963,4.0503
2012,4,"Pará","Superior incompleto ou equivalente",161444.26729892,7119362.11286963,2.2677
2012,4,"Paraíba","Fundamental incompleto ou equivalente",1682003.48827906,3527473.43142285,47.683
2012,4,"Paraíba","Médio completo ou equivalente",559849.85916374,3527473.43142285,15.8711
2012,4,"Paraíba","Sem instrução e menos de 1 ano de estudo",545846.49006411,3527473.43142285,15.4741
2012,4,"Paraíba","Fundamental completo ou equivalente",237836.21196004,3527473.43142285,6.7424
2012,4,"Paraíba","Médio incompleto ou equivalente",205270.84961348,3527473.43142285,5.8192
2012,4,"Paraíba","Superior completo",187047.94914338,3527473.43142285,5.3026
2012,4,"Paraíba","Superior incompleto ou equivalente",109618.58319904,3527473.43142285,3.1076
2012,4,"Paraná","Fundamental incompleto ou equivalente",4008712.06556872,10068510.4738054,39.8144
2012,4,"Paraná","Médio completo ou equivalente",2087400.41830059,10068510.4738054,20.732
2012,4,"Paraná","Fundamental completo ou equivalente",1089570.06415401,10068510.4738054,10.8216
2012,4,"Paraná","Superior completo",1015359.08213053,10068510.4738054,10.0845
2012,4,"Paraná","Sem instrução e menos de 1 ano de estudo",779763.25819065,10068510.4738054,7.7446
2012,4,"Paraná","Médio incompleto ou equivalente",695903.68772258,10068510.4738054,6.9117
2012,4,"Paraná","Superior incompleto ou equivalente",391801.89773831,10068510.4738054,3.8914
2012,4,"Pernambuco","Fundamental incompleto ou equivalente",3700785.91904494,8326447.00998727,44.4462
2012,4,"Pernambuco","Médio completo ou equivalente",1588493.60722588,8326447.00998727,19.0777
2012,4,"Pernambuco","Sem instrução e menos de 1 ano de estudo",1092223.87114927,8326447.00998727,13.1175
2012,4,"Pernambuco","Fundamental completo ou equivalente",705483.33746561,8326447.00998727,8.4728
2012,4,"Pernambuco","Superior completo",568168.78054049,8326447.00998727,6.8237
2012,4,"Pernambuco","Médio incompleto ou equivalente",443633.09757656,8326447.00998727,5.328
2012,4,"Pernambuco","Superior incompleto ou equivalente",227658.39698452,8326447.00998727,2.7342
2012,4,"Piauí","Fundamental incompleto ou equivalente",1410779.74123167,2975674.37864066,47.4104
2012,4,"Piauí","Sem instrução e menos de 1 ano de estudo",462397.05170561,2975674.37864066,15.5392
2012,4,"Piauí","Médio completo ou equivalente",440382.2480704,2975674.37864066,14.7994
2012,4,"Piauí","Fundamental completo ou equivalente",227555.81599991,2975674.37864066,7.6472
2012,4,"Piauí","Médio incompleto ou equivalente",202289.58878283,2975674.37864066,6.7981
2012,4,"Piauí","Superior completo",159307.41163005,2975674.37864066,5.3537
2012,4,"Piauí","Superior incompleto ou equivalente",72962.52122019,2975674.37864066,2.452
2012,4,"Rio de Janeiro","Fundamental incompleto ou equivalente",5549401.47720827,15734408.719479,35.2692
2012,4,"Rio de Janeiro","Médio completo ou equivalente",3942454.72440235,15734408.719479,25.0563
2012,4,"Rio de Janeiro","Fundamental completo ou equivalente",1916670.47884428,15734408.719479,12.1814
2012,4,"Rio de Janeiro","Superior completo",1640157.20304833,15734408.719479,10.424
2012,4,"Rio de Janeiro","Sem instrução e menos de 1 ano de estudo",1099315.04941853,15734408.719479,6.9867
2012,4,"Rio de Janeiro","Médio incompleto ou equivalente",913532.68517259,15734408.719479,5.806
2012,4,"Rio de Janeiro","Superior incompleto ou equivalente",672877.10138468,15734408.719479,4.2765
2012,4,"Rio Grande do Norte","Fundamental incompleto ou equivalente",1434887.97250621,2996651.34025893,47.883
2012,4,"Rio Grande do Norte","Médio completo ou equivalente",571266.18239723,2996651.34025893,19.0635
2012,4,"Rio Grande do Norte","Sem instrução e menos de 1 ano de estudo",346870.17715828,2996651.34025893,11.5753
2012,4,"Rio Grande do Norte","Fundamental completo ou equivalente",212280.03060734,2996651.34025893,7.0839
2012,4,"Rio Grande do Norte","Médio incompleto ou equivalente",192223.55838137,2996651.34025893,6.4146
2012,4,"Rio Grande do Norte","Superior completo",152517.79020855,2996651.34025893,5.0896
2012,4,"Rio Grande do Norte","Superior incompleto ou equivalente",86605.62899995,2996651.34025893,2.8901
2012,4,"Rio Grande do Sul","Fundamental incompleto ou equivalente",4516643.10039061,10295481.9878854,43.8701
2012,4,"Rio Grande do Sul","Médio completo ou equivalente",1984247.84332266,10295481.9878854,19.273
2012,4,"Rio Grande do Sul","Fundamental completo ou equivalente",1069375.10957506,10295481.9878854,10.3868
2012,4,"Rio Grande do Sul","Superior completo",907239.0904803,10295481.9878854,8.812
2012,4,"Rio Grande do Sul","Médio incompleto ou equivalente",668010.92797975,10295481.9878854,6.4884
2012,4,"Rio Grande do Sul","Sem instrução e menos de 1 ano de estudo",579734.20031212,10295481.9878854,5.631
2012,4,"Rio Grande do Sul","Superior incompleto ou equivalente",570231.71582493,10295481.9878854,5.5387
2012,4,"Rondônia","Fundamental incompleto ou equivalente",679647.45192958,1475338.50483569,46.0672
2012,4,"Rondônia","Médio completo ou equivalente",258879.72993303,1475338.50483569,17.5471
2012,4,"Rondônia","Sem instrução e menos de 1 ano de estudo",160213.38393347,1475338.50483569,10.8594
2012,4,"Rondônia","Fundamental completo ou equivalente",145184.83932966,1475338.50483569,9.8408
2012,4,"Rondônia","Médio incompleto ou equivalente",94510.32731329,1475338.50483569,6.406
2012,4,"Rondônia","Superior completo",79949.06592088,1475338.50483569,5.419
2012,4,"Rondônia","Superior incompleto ou equivalente",56953.70647578,1475338.50483569,3.8604
2012,4,"Roraima","Fundamental incompleto ou equivalente",146685.31238505,391952.6318747,37.4242
2012,4,"Roraima","Médio completo ou equivalente",93796.6261022,391952.6318747,23.9306
2012,4,"Roraima","Fundamental completo ou equivalente",36601.03583858,391952.6318747,9.3381
2012,4,"Roraima","Superior completo",34863.15481305,391952.6318747,8.8947
2012,4,"Roraima","Sem instrução e menos de 1 ano de estudo",32302.99052891,391952.6318747,8.2416
2012,4,"Roraima","Médio incompleto ou equivalente",27325.64970944,391952.6318747,6.9717
2012,4,"Roraima","Superior incompleto ou equivalente",20377.86249747,391952.6318747,5.1991
2012,4,"Santa Catarina","Fundamental incompleto ou equivalente",2422559.64170792,6161151.63543497,39.3199
2012,4,"Santa Catarina","Médio completo ou equivalente",1323546.26850432,6161151.63543497,21.4821
2012,4,"Santa Catarina","Fundamental completo ou equivalente",813904.63495199,6161151.63543497,13.2103
2012,4,"Santa Catarina","Superior completo",612566.14919704,6161151.63543497,9.9424
2012,4,"Santa Catarina","Sem instrução e menos de 1 ano de estudo",364334.15965142,6161151.63543497,5.9134
2012,4,"Santa Catarina","Médio incompleto ou equivalente",350787.45077669,6161151.63543497,5.6935
2012,4,"Santa Catarina","Superior incompleto ou equivalente",273453.33064559,6161151.63543497,4.4383
2012,4,"São Paulo","Fundamental incompleto ou equivalente",14034584.0959869,40474516.969399,34.6751
2012,4,"São Paulo","Médio completo ou equivalente",10436021.1608278,40474516.969399,25.7842
2012,4,"São Paulo","Superior completo",5430494.64135457,40474516.969399,13.4171
2012,4,"São Paulo","Fundamental completo ou equivalente",3980709.00471242,40474516.969399,9.8351
2012,4,"São Paulo","Médio incompleto ou equivalente",2494120.3444839,40474516.969399,6.1622
2012,4,"São Paulo","Sem instrução e menos de 1 ano de estudo",2481025.67300415,40474516.969399,6.1298
2012,4,"São Paulo","Superior incompleto ou equivalente",1617562.04902932,40474516.969399,3.9965
2012,4,"Sergipe","Fundamental incompleto ou equivalente",945977.35153681,1955820.26079038,48.3673
2012,4,"Sergipe","Médio completo ou equivalente",329041.53093155,1955820.26079038,16.8237
2012,4,"Sergipe","Sem instrução e menos de 1 ano de estudo",212966.67539696,1955820.26079038,10.8889
2012,4,"Sergipe","Fundamental completo ou equivalente",158522.21211995,1955820.26079038,8.1052
2012,4,"Sergipe","Superior completo",120439.73395921,1955820.26079038,6.158
2012,4,"Sergipe","Médio incompleto ou equivalente",112199.91254588,1955820.26079038,5.7367
2012,4,"Sergipe","Superior incompleto ou equivalente",76672.84430002,1955820.26079038,3.9202
2012,4,"Tocantins","Fundamental incompleto ou equivalente",531507.79883595,1293235.19188841,41.0991
2012,4,"Tocantins","Médio completo ou equivalente",266566.89198642,1293235.19188841,20.6124
2012,4,"Tocantins","Sem instrução e menos de 1 ano de estudo",160723.30333253,1293235.19188841,12.428
2012,4,"Tocantins","Fundamental completo ou equivalente",110519.92254637,1293235.19188841,8.546
2012,4,"Tocantins","Médio incompleto ou equivalente",92543.20736619,1293235.19188841,7.1559
2012,4,"Tocantins","Superior completo",84957.93814617,1293235.19188841,6.5694
2012,4,"Tocantins","Superior incompleto ou equivalente",46416.12967478,1293235.19188841,3.5891
2013,4,"Acre","Fundamental incompleto ou equivalente",287290.75614755,712339.40520092,40.3306
2013,4,"Acre","Médio completo ou equivalente",122272.88236484,712339.40520092,17.165
2013,4,"Acre","Sem instrução e menos de 1 ano de estudo",116674.97509647,712339.40520092,16.3791
2013,4,"Acre","Fundamental completo ou equivalente",73248.76879373,712339.40520092,10.2828
2013,4,"Acre","Superior completo",45088.81732147,712339.40520092,6.3297
2013,4,"Acre","Médio incompleto ou equivalente",41604.58060107,712339.40520092,5.8406
2013,4,"Acre","Superior incompleto ou equivalente",26158.62487579,712339.40520092,3.6722
2013,4,"Alagoas","Fundamental incompleto ou equivalente",1367300.76801881,2898071.95051859,47.1797
2013,4,"Alagoas","Sem instrução e menos de 1 ano de estudo",468375.46706124,2898071.95051859,16.1616
2013,4,"Alagoas","Médio completo ou equivalente",437066.24535524,2898071.95051859,15.0813
2013,4,"Alagoas","Fundamental completo ou equivalente",241826.08680295,2898071.95051859,8.3444
2013,4,"Alagoas","Médio incompleto ou equivalente",176374.4967437,2898071.95051859,6.0859
2013,4,"Alagoas","Superior completo",126965.02968679,2898071.95051859,4.381
2013,4,"Alagoas","Superior incompleto ou equivalente",80163.85684986,2898071.95051859,2.7661
2013,4,"Amapá","Fundamental incompleto ou equivalente",237543.81683624,656510.142191,36.1828
2013,4,"Amapá","Médio completo ou equivalente",154431.76955711,656510.142191,23.5231
2013,4,"Amapá","Sem instrução e menos de 1 ano de estudo",72596.4668133,656510.142191,11.0579
2013,4,"Amapá","Fundamental completo ou equivalente",56105.77095595,656510.142191,8.5461
2013,4,"Amapá","Médio incompleto ou equivalente",54590.57061888,656510.142191,8.3153
2013,4,"Amapá","Superior completo",51980.70631172,656510.142191,7.9177
2013,4,"Amapá","Superior incompleto ou equivalente",29261.0410978,656510.142191,4.4571
2013,4,"Amazonas","Fundamental incompleto ou equivalente",1358092.52084351,3253424.74849835,41.7435
2013,4,"Amazonas","Médio completo ou equivalente",748195.48348567,3253424.74849835,22.9972
2013,4,"Amazonas","Sem instrução e menos de 1 ano de estudo",356416.46780315,3253424.74849835,10.9551
2013,4,"Amazonas","Fundamental completo ou equivalente",239399.68159709,3253424.74849835,7.3584
2013,4,"Amazonas","Médio incompleto ou equivalente",230210.28215986,3253424.74849835,7.0759
2013,4,"Amazonas","Superior completo",196013.11656989,3253424.74849835,6.0248
2013,4,"Amazonas","Superior incompleto ou equivalente",125097.19603918,3253424.74849835,3.8451
2013,4,"Bahia","Fundamental incompleto ou equivalente",6026843.93948066,13299076.5401575,45.3178
2013,4,"Bahia","Médio completo ou equivalente",2718278.1650051,13299076.5401575,20.4396
2013,4,"Bahia","Sem instrução e menos de 1 ano de estudo",1849660.78905662,13299076.5401575,13.9082
2013,4,"Bahia","Fundamental completo ou equivalente",891440.40088289,13299076.5401575,6.703
2013,4,"Bahia","Médio incompleto ou equivalente",871228.40609166,13299076.5401575,6.551
2013,4,"Bahia","Superior completo",623095.48196571,13299076.5401575,4.6853
2013,4,"Bahia","Superior incompleto ou equivalente",318529.35767486,13299076.5401575,2.3951
2013,4,"Ceará","Fundamental incompleto ou equivalente",3283726.0449973,8062385.39385269,40.729
2013,4,"Ceará","Médio completo ou equivalente",1570594.22801009,8062385.39385269,19.4805
2013,4,"Ceará","Sem instrução e menos de 1 ano de estudo",1190460.38799353,8062385.39385269,14.7656
2013,4,"Ceará","Fundamental completo ou equivalente",867181.27498363,8062385.39385269,10.7559
2013,4,"Ceará","Médio incompleto ou equivalente",489048.27483916,8062385.39385269,6.0658
2013,4,"Ceará","Superior completo",421556.84316202,8062385.39385269,5.2287
2013,4,"Ceará","Superior incompleto ou equivalente",239818.33986696,8062385.39385269,2.9745
2013,4,"Distrito Federal","Fundamental incompleto ou equivalente",735747.41851467,2569931.63388128,28.6291
2013,4,"Distrito Federal","Médio completo ou equivalente",640317.38847784,2569931.63388128,24.9157
2013,4,"Distrito Federal","Superior completo",500810.67676668,2569931.63388128,19.4873
2013,4,"Distrito Federal","Fundamental completo ou equivalente",229079.43102984,2569931.63388128,8.9138
2013,4,"Distrito Federal","Superior incompleto ou equivalente",176193.77491445,2569931.63388128,6.856
2013,4,"Distrito Federal","Sem instrução e menos de 1 ano de estudo",150156.85057237,2569931.63388128,5.8428
2013,4,"Distrito Federal","Médio incompleto ou equivalente",137626.09360543,2569931.63388128,5.3552
2013,4,"Espírito Santo","Fundamental incompleto ou equivalente",1397984.95437945,3505825.14800385,39.8761
2013,4,"Espírito Santo","Médio completo ou equivalente",828300.64462291,3505825.14800385,23.6264
2013,4,"Espírito Santo","Fundamental completo ou equivalente",355906.14416189,3505825.14800385,10.1519
2013,4,"Espírito Santo","Superior completo",292178.37469719,3505825.14800385,8.3341
2013,4,"Espírito Santo","Sem instrução e menos de 1 ano de estudo",289735.28923024,3505825.14800385,8.2644
2013,4,"Espírito Santo","Médio incompleto ou equivalente",217914.07985631,3505825.14800385,6.2158
2013,4,"Espírito Santo","Superior incompleto ou equivalente",123805.66105586,3505825.14800385,3.5314
2013,4,"Goiás","Fundamental incompleto ou equivalente",2373940.33362256,5966697.1495777,39.7865
2013,4,"Goiás","Médio completo ou equivalente",1290304.66201478,5966697.1495777,21.6251
2013,4,"Goiás","Sem instrução e menos de 1 ano de estudo",539174.10890166,5966697.1495777,9.0364
2013,4,"Goiás","Fundamental completo ou equivalente",535187.54009146,5966697.1495777,8.9696
2013,4,"Goiás","Médio incompleto ou equivalente",494845.74707873,5966697.1495777,8.2935
2013,4,"Goiás","Superior completo",484167.51501829,5966697.1495777,8.1145
2013,4,"Goiás","Superior incompleto ou equivalente",249077.24285022,5966697.1495777,4.1745
2013,4,"Maranhão","Fundamental incompleto ou equivalente",2763282.69334411,6119158.83532394,45.1579
2013,4,"Maranhão","Médio completo ou equivalente",1124900.56419181,6119158.83532394,18.3833
2013,4,"Maranhão","Sem instrução e menos de 1 ano de estudo",939890.34500489,6119158.83532394,15.3598
2013,4,"Maranhão","Fundamental completo ou equivalente",574345.72874484,6119158.83532394,9.386
2013,4,"Maranhão","Médio incompleto ou equivalente",386182.86025712,6119158.83532394,6.311
2013,4,"Maranhão","Superior completo",211009.86555179,6119158.83532394,3.4483
2013,4,"Maranhão","Superior incompleto ou equivalente",119546.77822938,6119158.83532394,1.9536
2013,4,"Mato Grosso","Fundamental incompleto ou equivalente",1076037.12594484,2936344.59590994,36.6455
2013,4,"Mato Grosso","Médio completo ou equivalente",589055.15923008,2936344.59590994,20.0608
2013,4,"Mato Grosso","Fundamental completo ou equivalente",353768.12822368,2936344.59590994,12.0479
2013,4,"Mato Grosso","Sem instrução e menos de 1 ano de estudo",304809.50823519,2936344.59590994,10.3806
2013,4,"Mato Grosso","Superior completo",270663.12674052,2936344.59590994,9.2177
2013,4,"Mato Grosso","Médio incompleto ou equivalente",207657.78616739,2936344.59590994,7.072
2013,4,"Mato Grosso","Superior incompleto ou equivalente",134353.76136824,2936344.59590994,4.5755
2013,4,"Mato Grosso do Sul","Fundamental incompleto ou equivalente",1009963.91591188,2323388.49272615,43.4694
2013,4,"Mato Grosso do Sul","Médio completo ou equivalente",428101.1876918,2323388.49272615,18.4257
2013,4,"Mato Grosso do Sul","Fundamental completo ou equivalente",238385.36142572,2323388.49272615,10.2602
2013,4,"Mato Grosso do Sul","Superior completo",195211.68849955,2323388.49272615,8.402
2013,4,"Mato Grosso do Sul","Sem instrução e menos de 1 ano de estudo",190869.84535144,2323388.49272615,8.2151
2013,4,"Mato Grosso do Sul","Médio incompleto ou equivalente",155382.57455841,2323388.49272615,6.6878
2013,4,"Mato Grosso do Sul","Superior incompleto ou equivalente",105473.91928735,2323388.49272615,4.5397
2013,4,"Minas Gerais","Fundamental incompleto ou equivalente",8369735.98693547,18878637.6464109,44.3344
2013,4,"Minas Gerais","Médio completo ou equivalente",3825154.98520527,18878637.6464109,20.2618
2013,4,"Minas Gerais","Fundamental completo ou equivalente",1760152.45509023,18878637.6464109,9.3235
2013,4,"Minas Gerais","Superior completo",1547209.56694983,18878637.6464109,8.1956
2013,4,"Minas Gerais","Sem instrução e menos de 1 ano de estudo",1476213.97139086,18878637.6464109,7.8195
2013,4,"Minas Gerais","Médio incompleto ou equivalente",1235170.65693396,18878637.6464109,6.5427
2013,4,"Minas Gerais","Superior incompleto ou equivalente",665000.02390531,18878637.6464109,3.5225
2013,4,"Pará","Fundamental incompleto ou equivalente",3499843.54821877,7233729.90876853,48.3823
2013,4,"Pará","Médio completo ou equivalente",1282247.92769448,7233729.90876853,17.726
2013,4,"Pará","Sem instrução e menos de 1 ano de estudo",797590.60305419,7233729.90876853,11.026
2013,4,"Pará","Fundamental completo ou equivalente",603640.40257442,7233729.90876853,8.3448
2013,4,"Pará","Médio incompleto ou equivalente",554948.37251543,7233729.90876853,7.6717
2013,4,"Pará","Superior completo",322461.0992653,7233729.90876853,4.4577
2013,4,"Pará","Superior incompleto ou equivalente",172997.95544594,7233729.90876853,2.3915
2013,4,"Paraíba","Fundamental incompleto ou equivalente",1649258.58496963,3563654.08863211,46.28
2013,4,"Paraíba","Sem instrução e menos de 1 ano de estudo",577921.87538202,3563654.08863211,16.2171
2013,4,"Paraíba","Médio completo ou equivalente",557486.30856616,3563654.08863211,15.6437
2013,4,"Paraíba","Fundamental completo ou equivalente",245700.09352145,3563654.08863211,6.8946
2013,4,"Paraíba","Médio incompleto ou equivalente",208865.54269432,3563654.08863211,5.861
2013,4,"Paraíba","Superior completo",206114.96878337,3563654.08863211,5.7838
2013,4,"Paraíba","Superior incompleto ou equivalente",118306.71471516,3563654.08863211,3.3198
2013,4,"Paraná","Fundamental incompleto ou equivalente",4019720.84383363,10178452.5431319,39.4925
2013,4,"Paraná","Médio completo ou equivalente",2156928.8244096,10178452.5431319,21.1911
2013,4,"Paraná","Fundamental completo ou equivalente",1091563.61916255,10178452.5431319,10.7243
2013,4,"Paraná","Superior completo",1077632.76984862,10178452.5431319,10.5874
2013,4,"Paraná","Sem instrução e menos de 1 ano de estudo",759825.52514689,10178452.5431319,7.465
2013,4,"Paraná","Médio incompleto ou equivalente",681477.18406037,10178452.5431319,6.6953
2013,4,"Paraná","Superior incompleto ou equivalente",391303.77667022,10178452.5431319,3.8444
2013,4,"Pernambuco","Fundamental incompleto ou equivalente",3499706.00485402,8402348.21582356,41.6515
2013,4,"Pernambuco","Médio completo ou equivalente",1747508.35638161,8402348.21582356,20.7979
2013,4,"Pernambuco","Sem instrução e menos de 1 ano de estudo",1068209.11885209,8402348.21582356,12.7132
2013,4,"Pernambuco","Fundamental completo ou equivalente",817171.90642524,8402348.21582356,9.7255
2013,4,"Pernambuco","Superior completo",582547.60007791,8402348.21582356,6.9332
2013,4,"Pernambuco","Médio incompleto ou equivalente",457902.57656504,8402348.21582356,5.4497
2013,4,"Pernambuco","Superior incompleto ou equivalente",229302.65266765,8402348.21582356,2.729
2013,4,"Piauí","Fundamental incompleto ou equivalente",1426049.68522324,2985556.12327347,47.765
2013,4,"Piauí","Médio completo ou equivalente",464663.75741078,2985556.12327347,15.5637
2013,4,"Piauí","Sem instrução e menos de 1 ano de estudo",405930.95569892,2985556.12327347,13.5965
2013,4,"Piauí","Médio incompleto ou equivalente",210987.73688233,2985556.12327347,7.0669
2013,4,"Piauí","Fundamental completo ou equivalente",204314.59725353,2985556.12327347,6.8434
2013,4,"Piauí","Superior completo",183481.14634001,2985556.12327347,6.1456
2013,4,"Piauí","Superior incompleto ou equivalente",90128.24446466,2985556.12327347,3.0188
2013,4,"Rio de Janeiro","Fundamental incompleto ou equivalente",5416923.31348205,15803219.0610269,34.2773
2013,4,"Rio de Janeiro","Médio completo ou equivalente",4113228.20986383,15803219.0610269,26.0278
2013,4,"Rio de Janeiro","Fundamental completo ou equivalente",1849249.04104295,15803219.0610269,11.7017
2013,4,"Rio de Janeiro","Superior completo",1747177.05738889,15803219.0610269,11.0558
2013,4,"Rio de Janeiro","Sem instrução e menos de 1 ano de estudo",1070989.68163059,15803219.0610269,6.777
2013,4,"Rio de Janeiro","Médio incompleto ou equivalente",953868.09901852,15803219.0610269,6.0359
2013,4,"Rio de Janeiro","Superior incompleto ou equivalente",651783.65860007,15803219.0610269,4.1244
2013,4,"Rio Grande do Norte","Fundamental incompleto ou equivalente",1436487.20175564,3028948.10145767,47.4253
2013,4,"Rio Grande do Norte","Médio completo ou equivalente",565307.55071507,3028948.10145767,18.6635
2013,4,"Rio Grande do Norte","Sem instrução e menos de 1 ano de estudo",353430.84047583,3028948.10145767,11.6684
2013,4,"Rio Grande do Norte","Fundamental completo ou equivalente",207891.71252638,3028948.10145767,6.8635
2013,4,"Rio Grande do Norte","Médio incompleto ou equivalente",194102.84560289,3028948.10145767,6.4083
2013,4,"Rio Grande do Norte","Superior completo",171968.48015457,3028948.10145767,5.6775
2013,4,"Rio Grande do Norte","Superior incompleto ou equivalente",99759.47022729,3028948.10145767,3.2935
2013,4,"Rio Grande do Sul","Fundamental incompleto ou equivalente",4279396.59882215,10292434.380825,41.5781
2013,4,"Rio Grande do Sul","Médio completo ou equivalente",2117601.65062656,10292434.380825,20.5744
2013,4,"Rio Grande do Sul","Fundamental completo ou equivalente",1111001.3043664,10292434.380825,10.7943
2013,4,"Rio Grande do Sul","Superior completo",997646.48240548,10292434.380825,9.693
2013,4,"Rio Grande do Sul","Médio incompleto ou equivalente",661644.6865498,10292434.380825,6.4285
2013,4,"Rio Grande do Sul","Superior incompleto ou equivalente",571113.2396912,10292434.380825,5.5489
2013,4,"Rio Grande do Sul","Sem instrução e menos de 1 ano de estudo",554030.41836339,10292434.380825,5.3829
2013,4,"Rondônia","Fundamental incompleto ou equivalente",637190.81581308,1500709.41484105,42.4593
2013,4,"Rondônia","Médio completo ou equivalente",282461.37150866,1500709.41484105,18.8219
2013,4,"Rondônia","Sem instrução e menos de 1 ano de estudo",192135.45711306,1500709.41484105,12.803
2013,4,"Rondônia","Fundamental completo ou equivalente",168381.51476974,1500709.41484105,11.2201
2013,4,"Rondônia","Médio incompleto ou equivalente",88641.41767738,1500709.41484105,5.9066
2013,4,"Rondônia","Superior completo",80191.76279636,1500709.41484105,5.3436
2013,4,"Rondônia","Superior incompleto ou equivalente",51707.07516277,1500709.41484105,3.4455
2013,4,"Roraima","Fundamental incompleto ou equivalente",147285.67296653,406269.28602397,36.2532
2013,4,"Roraima","Médio completo ou equivalente",93797.60102058,406269.28602397,23.0875
2013,4,"Roraima","Sem instrução e menos de 1 ano de estudo",40557.3799066,406269.28602397,9.9829
2013,4,"Roraima","Superior completo",38600.2786345,406269.28602397,9.5012
2013,4,"Roraima","Fundamental completo ou equivalente",36250.462883,406269.28602397,8.9228
2013,4,"Roraima","Médio incompleto ou equivalente",28573.96708147,406269.28602397,7.0333
2013,4,"Roraima","Superior incompleto ou equivalente",21203.92353129,406269.28602397,5.2192
2013,4,"Santa Catarina","Fundamental incompleto ou equivalente",2355527.7689678,6251860.72026399,37.6772
2013,4,"Santa Catarina","Médio completo ou equivalente",1371703.74257011,6251860.72026399,21.9407
2013,4,"Santa Catarina","Fundamental completo ou equivalente",883884.02727772,6251860.72026399,14.1379
2013,4,"Santa Catarina","Superior completo",629107.04245325,6251860.72026399,10.0627
2013,4,"Santa Catarina","Sem instrução e menos de 1 ano de estudo",372611.57544191,6251860.72026399,5.96
2013,4,"Santa Catarina","Médio incompleto ou equivalente",344499.10084744,6251860.72026399,5.5103
2013,4,"Santa Catarina","Superior incompleto ou equivalente",294527.46270576,6251860.72026399,4.711
2013,4,"São Paulo","Fundamental incompleto ou equivalente",13460921.4314428,40767966.5081638,33.0184
2013,4,"São Paulo","Médio completo ou equivalente",10827510.2364221,40767966.5081638,26.5589
2013,4,"São Paulo","Superior completo",5450660.43037755,40767966.5081638,13.37
2013,4,"São Paulo","Fundamental completo ou equivalente",4141380.44557596,40767966.5081638,10.1584
2013,4,"São Paulo","Médio incompleto ou equivalente",2668903.53564136,40767966.5081638,6.5466
2013,4,"São Paulo","Sem instrução e menos de 1 ano de estudo",2494072.28816797,40767966.5081638,6.1177
2013,4,"São Paulo","Superior incompleto ou equivalente",1724518.14053614,40767966.5081638,4.2301
2013,4,"Sergipe","Fundamental incompleto ou equivalente",926087.3085317,1979281.89757648,46.7891
2013,4,"Sergipe","Médio completo ou equivalente",334939.19779861,1979281.89757648,16.9223
2013,4,"Sergipe","Sem instrução e menos de 1 ano de estudo",241109.0206585,1979281.89757648,12.1816
2013,4,"Sergipe","Fundamental completo ou equivalente",167291.10229421,1979281.89757648,8.4521
2013,4,"Sergipe","Superior completo",128962.15311206,1979281.89757648,6.5156
2013,4,"Sergipe","Médio incompleto ou equivalente",108778.07006354,1979281.89757648,5.4958
2013,4,"Sergipe","Superior incompleto ou equivalente",72115.04511786,1979281.89757648,3.6435
2013,4,"Tocantins","Fundamental incompleto ou equivalente",530893.14002996,1306163.06794952,40.6452
2013,4,"Tocantins","Médio completo ou equivalente",273215.30363941,1306163.06794952,20.9174
2013,4,"Tocantins","Sem instrução e menos de 1 ano de estudo",155832.50651085,1306163.06794952,11.9306
2013,4,"Tocantins","Fundamental completo ou equivalente",127533.55592375,1306163.06794952,9.764
2013,4,"Tocantins","Médio incompleto ou equivalente",86155.35775689,1306163.06794952,6.5961
2013,4,"Tocantins","Superior completo",84337.34045395,1306163.06794952,6.4569
2013,4,"Tocantins","Superior incompleto ou equivalente",48195.86363471,1306163.06794952,3.6899
2014,4,"Acre","Fundamental incompleto ou equivalente",302253.17311991,723624.71904175,41.7693
2014,4,"Acre","Médio completo ou equivalente",126857.35822181,723624.71904175,17.5308
2014,4,"Acre","Sem instrução e menos de 1 ano de estudo",103448.97538235,723624.71904175,14.2959
2014,4,"Acre","Fundamental completo ou equivalente",68324.46335199,723624.71904175,9.442
2014,4,"Acre","Superior completo",50333.07164342,723624.71904175,6.9557
2014,4,"Acre","Médio incompleto ou equivalente",43950.70568772,723624.71904175,6.0737
2014,4,"Acre","Superior incompleto ou equivalente",28456.97163455,723624.71904175,3.9326
2014,4,"Alagoas","Fundamental incompleto ou equivalente",1353512.51104292,2915391.1650868,46.4264
2014,4,"Alagoas","Médio completo ou equivalente",449362.8203701,2915391.1650868,15.4135
2014,4,"Alagoas","Sem instrução e menos de 1 ano de estudo",446816.2875879,2915391.1650868,15.3261
2014,4,"Alagoas","Fundamental completo ou equivalente",228247.18768017,2915391.1650868,7.829
2014,4,"Alagoas","Médio incompleto ou equivalente",180916.46301051,2915391.1650868,6.2056
2014,4,"Alagoas","Superior completo",167846.64716139,2915391.1650868,5.7573
2014,4,"Alagoas","Superior incompleto ou equivalente",88689.24823381,2915391.1650868,3.0421
2014,4,"Amapá","Fundamental incompleto ou equivalente",246619.27131423,664782.37143795,37.0977
2014,4,"Amapá","Médio completo ou equivalente",156661.91467711,664782.37143795,23.5659
2014,4,"Amapá","Sem instrução e menos de 1 ano de estudo",66949.71626595,664782.37143795,10.0709
2014,4,"Amapá","Fundamental completo ou equivalente",60857.48129279,664782.37143795,9.1545
2014,4,"Amapá","Superior completo",58800.82804382,664782.37143795,8.8451
2014,4,"Amapá","Médio incompleto ou equivalente",46487.01860774,664782.37143795,6.9928
2014,4,"Amapá","Superior incompleto ou equivalente",28406.14123631,664782.37143795,4.273
2014,4,"Amazonas","Fundamental incompleto ou equivalente",1327125.46029937,3318014.75109829,39.9976
2014,4,"Amazonas","Médio completo ou equivalente",735383.51198063,3318014.75109829,22.1634
2014,4,"Amazonas","Sem instrução e menos de 1 ano de estudo",389162.41050495,3318014.75109829,11.7288
2014,4,"Amazonas","Fundamental completo ou equivalente",298011.03503663,3318014.75109829,8.9816
2014,4,"Amazonas","Médio incompleto ou equivalente",227408.13970615,3318014.75109829,6.8537
2014,4,"Amazonas","Superior completo",214455.9379245,3318014.75109829,6.4634
2014,4,"Amazonas","Superior incompleto ou equivalente",126468.25564606,3318014.75109829,3.8116
2014,4,"Bahia","Fundamental incompleto ou equivalente",6015472.36465075,13323703.5512106,45.1487
2014,4,"Bahia","Médio completo ou equivalente",2728056.64642257,13323703.5512106,20.4752
2014,4,"Bahia","Sem instrução e menos de 1 ano de estudo",1655327.61786716,13323703.5512106,12.4239
2014,4,"Bahia","Fundamental completo ou equivalente",940445.49234102,13323703.5512106,7.0584
2014,4,"Bahia","Médio incompleto ou equivalente",873626.70112914,13323703.5512106,6.5569
2014,4,"Bahia","Superior completo",698019.24927598,13323703.5512106,5.2389
2014,4,"Bahia","Superior incompleto ou equivalente",412755.47952397,13323703.5512106,3.0979
2014,4,"Ceará","Fundamental incompleto ou equivalente",3257899.2908271,8105087.55113747,40.1957
2014,4,"Ceará","Médio completo ou equivalente",1605525.9912082,8105087.55113747,19.8089
2014,4,"Ceará","Sem instrução e menos de 1 ano de estudo",1189563.04032866,8105087.55113747,14.6767
2014,4,"Ceará","Fundamental completo ou equivalente",853847.08500712,8105087.55113747,10.5347
2014,4,"Ceará","Médio incompleto ou equivalente",519493.07999295,8105087.55113747,6.4095
2014,4,"Ceará","Superior completo",431615.65386874,8105087.55113747,5.3252
2014,4,"Ceará","Superior incompleto ou equivalente",247143.4099047,8105087.55113747,3.0492
2014,4,"Distrito Federal","Fundamental incompleto ou equivalente",678799.29156492,2571831.33032938,26.3936
2014,4,"Distrito Federal","Médio completo ou equivalente",607079.59306699,2571831.33032938,23.605
2014,4,"Distrito Federal","Superior completo",509643.51817132,2571831.33032938,19.8164
2014,4,"Distrito Federal","Fundamental completo ou equivalente",264698.1789694,2571831.33032938,10.2922
2014,4,"Distrito Federal","Sem instrução e menos de 1 ano de estudo",186558.14643151,2571831.33032938,7.2539
2014,4,"Distrito Federal","Superior incompleto ou equivalente",177174.76976157,2571831.33032938,6.8891
2014,4,"Distrito Federal","Médio incompleto ou equivalente",147877.83236367,2571831.33032938,5.7499
2014,4,"Espírito Santo","Fundamental incompleto ou equivalente",1375800.24675559,3524988.03255096,39.0299
2014,4,"Espírito Santo","Médio completo ou equivalente",831607.24957495,3524988.03255096,23.5918
2014,4,"Espírito Santo","Fundamental completo ou equivalente",361966.77564671,3524988.03255096,10.2686
2014,4,"Espírito Santo","Superior completo",327981.82433799,3524988.03255096,9.3045
2014,4,"Espírito Santo","Sem instrução e menos de 1 ano de estudo",280542.79812833,3524988.03255096,7.9587
2014,4,"Espírito Santo","Médio incompleto ou equivalente",213141.49202872,3524988.03255096,6.0466
2014,4,"Espírito Santo","Superior incompleto ou equivalente",133947.64607867,3524988.03255096,3.7999
2014,4,"Goiás","Fundamental incompleto ou equivalente",2443027.838881,6051524.53878769,40.3705
2014,4,"Goiás","Médio completo ou equivalente",1313240.44710632,6051524.53878769,21.701
2014,4,"Goiás","Fundamental completo ou equivalente",549634.6471569,6051524.53878769,9.0826
2014,4,"Goiás","Superior completo",541198.05324935,6051524.53878769,8.9432
2014,4,"Goiás","Sem instrução e menos de 1 ano de estudo",481609.75727816,6051524.53878769,7.9585
2014,4,"Goiás","Médio incompleto ou equivalente",469635.6468818,6051524.53878769,7.7606
2014,4,"Goiás","Superior incompleto ou equivalente",253178.14823416,6051524.53878769,4.1837
2014,4,"Maranhão","Fundamental incompleto ou equivalente",2799243.89924824,6163474.39711205,45.4167
2014,4,"Maranhão","Médio completo ou equivalente",1125972.19217942,6163474.39711205,18.2685
2014,4,"Maranhão","Sem instrução e menos de 1 ano de estudo",886191.01525444,6163474.39711205,14.3781
2014,4,"Maranhão","Fundamental completo ou equivalente",569271.72672815,6163474.39711205,9.2362
2014,4,"Maranhão","Médio incompleto ou equivalente",405825.5534618,6163474.39711205,6.5844
2014,4,"Maranhão","Superior completo",250714.0329329,6163474.39711205,4.0677
2014,4,"Maranhão","Superior incompleto ou equivalente",126255.9773071,6163474.39711205,2.0485
2014,4,"Mato Grosso","Fundamental incompleto ou equivalente",1104229.79824486,2981750.72112569,37.0329
2014,4,"Mato Grosso","Médio completo ou equivalente",594525.43071767,2981750.72112569,19.9388
2014,4,"Mato Grosso","Fundamental completo ou equivalente",367573.73796628,2981750.72112569,12.3274
2014,4,"Mato Grosso","Sem instrução e menos de 1 ano de estudo",302295.98359989,2981750.72112569,10.1382
2014,4,"Mato Grosso","Superior completo",247900.85624413,2981750.72112569,8.3139
2014,4,"Mato Grosso","Médio incompleto ou equivalente",235724.2729836,2981750.72112569,7.9056
2014,4,"Mato Grosso","Superior incompleto ou equivalente",129500.64136926,2981750.72112569,4.3431
2014,4,"Mato Grosso do Sul","Fundamental incompleto ou equivalente",1016486.95776254,2351187.10046568,43.2329
2014,4,"Mato Grosso do Sul","Médio completo ou equivalente",440017.42891351,2351187.10046568,18.7147
2014,4,"Mato Grosso do Sul","Fundamental completo ou equivalente",215692.82196519,2351187.10046568,9.1738
2014,4,"Mato Grosso do Sul","Superior completo",214964.03624398,2351187.10046568,9.1428
2014,4,"Mato Grosso do Sul","Sem instrução e menos de 1 ano de estudo",206294.03400238,2351187.10046568,8.774
2014,4,"Mato Grosso do Sul","Médio incompleto ou equivalente",150799.74729791,2351187.10046568,6.4138
2014,4,"Mato Grosso do Sul","Superior incompleto ou equivalente",106932.07428017,2351187.10046568,4.548
2014,4,"Minas Gerais","Fundamental incompleto ou equivalente",8106555.3483154,19023340.5933376,42.6137
2014,4,"Minas Gerais","Médio completo ou equivalente",4042596.38776193,19023340.5933376,21.2507
2014,4,"Minas Gerais","Fundamental completo ou equivalente",1741413.07584825,19023340.5933376,9.1541
2014,4,"Minas Gerais","Superior completo",1717119.89980907,19023340.5933376,9.0264
2014,4,"Minas Gerais","Sem instrução e menos de 1 ano de estudo",1455505.06449582,19023340.5933376,7.6512
2014,4,"Minas Gerais","Médio incompleto ou equivalente",1235009.33576975,19023340.5933376,6.4921
2014,4,"Minas Gerais","Superior incompleto ou equivalente",725141.48133735,19023340.5933376,3.8119
2014,4,"Pará","Fundamental incompleto ou equivalente",3516913.46469054,7287906.35977132,48.2568
2014,4,"Pará","Médio completo ou equivalente",1378025.41121339,7287906.35977132,18.9084
2014,4,"Pará","Sem instrução e menos de 1 ano de estudo",715452.78117405,7287906.35977132,9.817
2014,4,"Pará","Fundamental completo ou equivalente",592612.85751542,7287906.35977132,8.1315
2014,4,"Pará","Médio incompleto ou equivalente",584105.97195597,7287906.35977132,8.0147
2014,4,"Pará","Superior completo",306430.83264146,7287906.35977132,4.2046
2014,4,"Pará","Superior incompleto ou equivalente",194365.04058049,7287906.35977132,2.667
2014,4,"Paraíba","Fundamental incompleto ou equivalente",1666225.23689163,3570619.29816803,46.6649
2014,4,"Paraíba","Médio completo ou equivalente",618533.35112151,3570619.29816803,17.3229
2014,4,"Paraíba","Sem instrução e menos de 1 ano de estudo",487431.77067458,3570619.29816803,13.6512
2014,4,"Paraíba","Fundamental completo ou equivalente",245630.81175165,3570619.29816803,6.8792
2014,4,"Paraíba","Superior completo",241338.39088745,3570619.29816803,6.759
2014,4,"Paraíba","Médio incompleto ou equivalente",187382.26477066,3570619.29816803,5.2479
2014,4,"Paraíba","Superior incompleto ou equivalente",124077.47207055,3570619.29816803,3.475
2014,4,"Paraná","Fundamental incompleto ou equivalente",3870773.19951621,10253988.5210539,37.749
2014,4,"Paraná","Médio completo ou equivalente",2278425.46884011,10253988.5210539,22.2199
2014,4,"Paraná","Superior completo",1122079.68615503,10253988.5210539,10.9429
2014,4,"Paraná","Fundamental completo ou equivalente",1091735.30048272,10253988.5210539,10.6469
2014,4,"Paraná","Sem instrução e menos de 1 ano de estudo",779614.88573707,10253988.5210539,7.603
2014,4,"Paraná","Médio incompleto ou equivalente",690108.71940735,10253988.5210539,6.7301
2014,4,"Paraná","Superior incompleto ou equivalente",421251.2609154,10253988.5210539,4.1082
2014,4,"Pernambuco","Fundamental incompleto ou equivalente",3481237.0118777,8443116.56575991,41.2317
2014,4,"Pernambuco","Médio completo ou equivalente",1778756.70687553,8443116.56575991,21.0675
2014,4,"Pernambuco","Sem instrução e menos de 1 ano de estudo",1012932.20395225,8443116.56575991,11.9971
2014,4,"Pernambuco","Fundamental completo ou equivalente",810313.49841709,8443116.56575991,9.5973
2014,4,"Pernambuco","Superior completo",637086.77020512,8443116.56575991,7.5456
2014,4,"Pernambuco","Médio incompleto ou equivalente",462656.76336063,8443116.56575991,5.4797
2014,4,"Pernambuco","Superior incompleto ou equivalente",260133.61107159,8443116.56575991,3.081
2014,4,"Piauí","Fundamental incompleto ou equivalente",1399397.24527786,2986873.30672577,46.8516
2014,4,"Piauí","Médio completo ou equivalente",493499.47266362,2986873.30672577,16.5223
2014,4,"Piauí","Sem instrução e menos de 1 ano de estudo",380197.44687591,2986873.30672577,12.7289
2014,4,"Piauí","Médio incompleto ou equivalente",211351.92208966,2986873.30672577,7.076
2014,4,"Piauí","Fundamental completo ou equivalente",210914.26853353,2986873.30672577,7.0614
2014,4,"Piauí","Superior completo",202426.03065192,2986873.30672577,6.7772
2014,4,"Piauí","Superior incompleto ou equivalente",89086.92063327,2986873.30672577,2.9826
2014,4,"Rio de Janeiro","Fundamental incompleto ou equivalente",5037251.42290101,15881821.1301323,31.7171
2014,4,"Rio de Janeiro","Médio completo ou equivalente",4358572.30951944,15881821.1301323,27.4438
2014,4,"Rio de Janeiro","Fundamental completo ou equivalente",1973659.83921324,15881821.1301323,12.4272
2014,4,"Rio de Janeiro","Superior completo",1822592.58028672,15881821.1301323,11.476
2014,4,"Rio de Janeiro","Sem instrução e menos de 1 ano de estudo",1062766.41005863,15881821.1301323,6.6917
2014,4,"Rio de Janeiro","Médio incompleto ou equivalente",958381.4110836,15881821.1301323,6.0345
2014,4,"Rio de Janeiro","Superior incompleto ou equivalente",668597.15706968,15881821.1301323,4.2098
2014,4,"Rio Grande do Norte","Fundamental incompleto ou equivalente",1399272.79332254,3069588.11453656,45.585
2014,4,"Rio Grande do Norte","Médio completo ou equivalente",609561.95919142,3069588.11453656,19.8581
2014,4,"Rio Grande do Norte","Sem instrução e menos de 1 ano de estudo",337382.14321522,3069588.11453656,10.9911
2014,4,"Rio Grande do Norte","Fundamental completo ou equivalente",219190.82493509,3069588.11453656,7.1407
2014,4,"Rio Grande do Norte","Superior completo",209430.7163553,3069588.11453656,6.8228
2014,4,"Rio Grande do Norte","Médio incompleto ou equivalente",180288.61024418,3069588.11453656,5.8734
2014,4,"Rio Grande do Norte","Superior incompleto ou equivalente",114461.06727281,3069588.11453656,3.7289
2014,4,"Rio Grande do Sul","Fundamental incompleto ou equivalente",4310843.8836201,10321656.443287,41.765
2014,4,"Rio Grande do Sul","Médio completo ou equivalente",2057107.66095938,10321656.443287,19.93
2014,4,"Rio Grande do Sul","Fundamental completo ou equivalente",1168136.59840678,10321656.443287,11.3173
2014,4,"Rio Grande do Sul","Superior completo",1012947.75598989,10321656.443287,9.8138
2014,4,"Rio Grande do Sul","Médio incompleto ou equivalente",662330.86322779,10321656.443287,6.4169
2014,4,"Rio Grande do Sul","Superior incompleto ou equivalente",561651.87010137,10321656.443287,5.4415
2014,4,"Rio Grande do Sul","Sem instrução e menos de 1 ano de estudo",548637.81098166,10321656.443287,5.3154
2014,4,"Rondônia","Fundamental incompleto ou equivalente",671749.75086118,1517939.69356072,44.254
2014,4,"Rondônia","Médio completo ou equivalente",287521.29897736,1517939.69356072,18.9415
2014,4,"Rondônia","Sem instrução e menos de 1 ano de estudo",159742.67551841,1517939.69356072,10.5237
2014,4,"Rondônia","Fundamental completo ou equivalente",152389.68562966,1517939.69356072,10.0392
2014,4,"Rondônia","Médio incompleto ou equivalente",104342.143805,1517939.69356072,6.8739
2014,4,"Rondônia","Superior completo",87213.68379293,1517939.69356072,5.7455
2014,4,"Rondônia","Superior incompleto ou equivalente",54980.45497618,1517939.69356072,3.622
2014,4,"Roraima","Fundamental incompleto ou equivalente",145006.33120766,418901.55768085,34.6158
2014,4,"Roraima","Médio completo ou equivalente",98513.5881957,418901.55768085,23.5171
2014,4,"Roraima","Superior completo",42506.19854637,418901.55768085,10.1471
2014,4,"Roraima","Sem instrução e menos de 1 ano de estudo",37516.17260585,418901.55768085,8.9558
2014,4,"Roraima","Fundamental completo ou equivalente",37443.10066842,418901.55768085,8.9384
2014,4,"Roraima","Médio incompleto ou equivalente",32280.67956818,418901.55768085,7.706
2014,4,"Roraima","Superior incompleto ou equivalente",25635.48688867,418901.55768085,6.1197
2014,4,"Santa Catarina","Fundamental incompleto ou equivalente",2340908.31221515,6359951.91940083,36.807
2014,4,"Santa Catarina","Médio completo ou equivalente",1459708.76752307,6359951.91940083,22.9516
2014,4,"Santa Catarina","Fundamental completo ou equivalente",864415.35215804,6359951.91940083,13.5915
2014,4,"Santa Catarina","Superior completo",664920.24556198,6359951.91940083,10.4548
2014,4,"Santa Catarina","Médio incompleto ou equivalente",377636.26499858,6359951.91940083,5.9377
2014,4,"Santa Catarina","Sem instrução e menos de 1 ano de estudo",345261.6423978,6359951.91940083,5.4287
2014,4,"Santa Catarina","Superior incompleto ou equivalente",307101.33454621,6359951.91940083,4.8287
2014,4,"São Paulo","Fundamental incompleto ou equivalente",13261389.3914155,41203269.4175078,32.1853
2014,4,"São Paulo","Médio completo ou equivalente",11041940.0981959,41203269.4175078,26.7987
2014,4,"São Paulo","Superior completo",5856104.23632553,41203269.4175078,14.2127
2014,4,"São Paulo","Fundamental completo ou equivalente",4031746.02681133,41203269.4175078,9.785
2014,4,"São Paulo","Médio incompleto ou equivalente",2648714.73138282,41203269.4175078,6.4284
2014,4,"São Paulo","Sem instrução e menos de 1 ano de estudo",2432899.87296711,41203269.4175078,5.9046
2014,4,"São Paulo","Superior incompleto ou equivalente",1930475.06040967,41203269.4175078,4.6852
2014,4,"Sergipe","Fundamental incompleto ou equivalente",920186.65170976,1997225.53408518,46.0732
2014,4,"Sergipe","Médio completo ou equivalente",352420.99174907,1997225.53408518,17.6455
2014,4,"Sergipe","Sem instrução e menos de 1 ano de estudo",210805.59098502,1997225.53408518,10.5549
2014,4,"Sergipe","Fundamental completo ou equivalente",170063.84956347,1997225.53408518,8.515
2014,4,"Sergipe","Superior completo",147046.08400163,1997225.53408518,7.3625
2014,4,"Sergipe","Médio incompleto ou equivalente",121350.20103161,1997225.53408518,6.0759
2014,4,"Sergipe","Superior incompleto ou equivalente",75352.16504462,1997225.53408518,3.7728
2014,4,"Tocantins","Fundamental incompleto ou equivalente",522815.05173226,1315408.31573172,39.7455
2014,4,"Tocantins","Médio completo ou equivalente",291185.4681897,1315408.31573172,22.1365
2014,4,"Tocantins","Sem instrução e menos de 1 ano de estudo",149721.56443408,1315408.31573172,11.3821
2014,4,"Tocantins","Fundamental completo ou equivalente",109511.76052911,1315408.31573172,8.3253
2014,4,"Tocantins","Superior completo",99307.86747652,1315408.31573172,7.5496
2014,4,"Tocantins","Médio incompleto ou equivalente",95938.32989518,1315408.31573172,7.2934
2014,4,"Tocantins","Superior incompleto ou equivalente",46928.27347487,1315408.31573172,3.5676
2015,4,"Acre","Fundamental incompleto ou equivalente",305699.81166853,732883.0953076,41.7119
2015,4,"Acre","Médio completo ou equivalente",129955.37447041,732883.0953076,17.7321
2015,4,"Acre","Sem instrução e menos de 1 ano de estudo",101886.37305148,732883.0953076,13.9021
2015,4,"Acre","Fundamental completo ou equivalente",63703.82245904,732883.0953076,8.6922
2015,4,"Acre","Superior completo",54619.08645187,732883.0953076,7.4526
2015,4,"Acre","Médio incompleto ou equivalente",48725.03832113,732883.0953076,6.6484
2015,4,"Acre","Superior incompleto ou equivalente",28293.58888514,732883.0953076,3.8606
2015,4,"Alagoas","Fundamental incompleto ou equivalente",1287343.54589661,2911765.17262183,44.2118
2015,4,"Alagoas","Médio completo ou equivalente",490646.92034507,2911765.17262183,16.8505
2015,4,"Alagoas","Sem instrução e menos de 1 ano de estudo",489460.98517708,2911765.17262183,16.8098
2015,4,"Alagoas","Fundamental completo ou equivalente",203732.46533896,2911765.17262183,6.9969
2015,4,"Alagoas","Médio incompleto ou equivalente",181061.03306483,2911765.17262183,6.2183
2015,4,"Alagoas","Superior completo",173768.6695785,2911765.17262183,5.9678
2015,4,"Alagoas","Superior incompleto ou equivalente",85751.55322078,2911765.17262183,2.945
2015,4,"Amapá","Fundamental incompleto ou equivalente",249428.61503467,666712.47368933,37.4117
2015,4,"Amapá","Médio completo ou equivalente",157780.93205476,666712.47368933,23.6655
2015,4,"Amapá","Sem instrução e menos de 1 ano de estudo",67647.16726533,666712.47368933,10.1464
2015,4,"Amapá","Superior completo",64533.39878924,666712.47368933,9.6793
2015,4,"Amapá","Fundamental completo ou equivalente",49021.16888166,666712.47368933,7.3527
2015,4,"Amapá","Médio incompleto ou equivalente",45070.06139258,666712.47368933,6.76
2015,4,"Amapá","Superior incompleto ou equivalente",33231.13027109,666712.47368933,4.9843
2015,4,"Amazonas","Fundamental incompleto ou equivalente",1287098.31599497,3364471.53536425,38.2556
2015,4,"Amazonas","Médio completo ou equivalente",824527.91609903,3364471.53536425,24.5069
2015,4,"Amazonas","Sem instrução e menos de 1 ano de estudo",376565.89088486,3364471.53536425,11.1924
2015,4,"Amazonas","Fundamental completo ou equivalente",267819.54462844,3364471.53536425,7.9602
2015,4,"Amazonas","Superior completo",248859.789639,3364471.53536425,7.3967
2015,4,"Amazonas","Médio incompleto ou equivalente",220710.88817727,3364471.53536425,6.56
2015,4,"Amazonas","Superior incompleto ou equivalente",138889.18994068,3364471.53536425,4.1281
2015,4,"Bahia","Fundamental incompleto ou equivalente",5631850.72893893,13373128.6937148,42.1132
2015,4,"Bahia","Médio completo ou equivalente",2947560.57885898,13373128.6937148,22.0409
2015,4,"Bahia","Sem instrução e menos de 1 ano de estudo",1841753.9922553,13373128.6937148,13.7721
2015,4,"Bahia","Fundamental completo ou equivalente",866170.52310314,13373128.6937148,6.4769
2015,4,"Bahia","Médio incompleto ou equivalente",864296.42179146,13373128.6937148,6.4629
2015,4,"Bahia","Superior completo",813776.39427123,13373128.6937148,6.0852
2015,4,"Bahia","Superior incompleto ou equivalente",407720.05449574,13373128.6937148,3.0488
2015,4,"Ceará","Fundamental incompleto ou equivalente",3253143.84560268,8145734.77089449,39.9368
2015,4,"Ceará","Médio completo ou equivalente",1677251.6376744,8145734.77089449,20.5906
2015,4,"Ceará","Sem instrução e menos de 1 ano de estudo",1208144.22232293,8145734.77089449,14.8316
2015,4,"Ceará","Fundamental completo ou equivalente",736843.0895293,8145734.77089449,9.0458
2015,4,"Ceará","Médio incompleto ou equivalente",560538.10897559,8145734.77089449,6.8814
2015,4,"Ceará","Superior completo",463218.5843235,8145734.77089449,5.6866
2015,4,"Ceará","Superior incompleto ou equivalente",246595.28246609,8145734.77089449,3.0273
2015,4,"Distrito Federal","Fundamental incompleto ou equivalente",727315.37768812,2604566.47854945,27.9246
2015,4,"Distrito Federal","Médio completo ou equivalente",655748.51710176,2604566.47854945,25.1769
2015,4,"Distrito Federal","Superior completo",544258.91073589,2604566.47854945,20.8963
2015,4,"Distrito Federal","Fundamental completo ou equivalente",204217.58521934,2604566.47854945,7.8408
2015,4,"Distrito Federal","Sem instrução e menos de 1 ano de estudo",179994.48111418,2604566.47854945,6.9107
2015,4,"Distrito Federal","Superior incompleto ou equivalente",151346.55926802,2604566.47854945,5.8108
2015,4,"Distrito Federal","Médio incompleto ou equivalente",141685.04742214,2604566.47854945,5.4399
2015,4,"Espírito Santo","Fundamental incompleto ou equivalente",1340760.51525814,3574157.71877038,37.5126
2015,4,"Espírito Santo","Médio completo ou equivalente",910040.26822186,3574157.71877038,25.4617
2015,4,"Espírito Santo","Superior completo",345900.28055433,3574157.71877038,9.6778
2015,4,"Espírito Santo","Fundamental completo ou equivalente",343735.39526916,3574157.71877038,9.6172
2015,4,"Espírito Santo","Sem instrução e menos de 1 ano de estudo",295511.59656629,3574157.71877038,8.268
2015,4,"Espírito Santo","Médio incompleto ou equivalente",212536.41751764,3574157.71877038,5.9465
2015,4,"Espírito Santo","Superior incompleto ou equivalente",125673.24538296,3574157.71877038,3.5162
2015,4,"Goiás","Fundamental incompleto ou equivalente",2322479.30728022,6160579.17998248,37.699
2015,4,"Goiás","Médio completo ou equivalente",1367920.73615995,6160579.17998248,22.2044
2015,4,"Goiás","Sem instrução e menos de 1 ano de estudo",591571.81423869,6160579.17998248,9.6025
2015,4,"Goiás","Superior completo",580783.52854006,6160579.17998248,9.4274
2015,4,"Goiás","Fundamental completo ou equivalente",520920.68671447,6160579.17998248,8.4557
2015,4,"Goiás","Médio incompleto ou equivalente",490633.69591984,6160579.17998248,7.9641
2015,4,"Goiás","Superior incompleto ou equivalente",286269.41112925,6160579.17998248,4.6468
2015,4,"Maranhão","Fundamental incompleto ou equivalente",2720732.81795121,6195606.76316616,43.9139
2015,4,"Maranhão","Médio completo ou equivalente",1203521.20932904,6195606.76316616,19.4254
2015,4,"Maranhão","Sem instrução e menos de 1 ano de estudo",960036.8313753,6195606.76316616,15.4954
2015,4,"Maranhão","Fundamental completo ou equivalente",492929.7511308,6195606.76316616,7.9561
2015,4,"Maranhão","Médio incompleto ou equivalente",425966.83831382,6195606.76316616,6.8753
2015,4,"Maranhão","Superior completo",249027.94960689,6195606.76316616,4.0194
2015,4,"Maranhão","Superior incompleto ou equivalente",143391.3654591,6195606.76316616,2.3144
2015,4,"Mato Grosso","Fundamental incompleto ou equivalente",1132346.55858773,3018348.66085099,37.5154
2015,4,"Mato Grosso","Médio completo ou equivalente",658721.12249648,3018348.66085099,21.8239
2015,4,"Mato Grosso","Fundamental completo ou equivalente",321111.29430556,3018348.66085099,10.6386
2015,4,"Mato Grosso","Sem instrução e menos de 1 ano de estudo",303041.31687454,3018348.66085099,10.04
2015,4,"Mato Grosso","Superior completo",267052.8872277,3018348.66085099,8.8476
2015,4,"Mato Grosso","Médio incompleto ou equivalente",215536.29474331,3018348.66085099,7.1409
2015,4,"Mato Grosso","Superior incompleto ou equivalente",120539.18661567,3018348.66085099,3.9935
2015,4,"Mato Grosso do Sul","Fundamental incompleto ou equivalente",1045009.43020762,2373968.13869834,44.0195
2015,4,"Mato Grosso do Sul","Médio completo ou equivalente",430184.9338115,2373968.13869834,18.1209
2015,4,"Mato Grosso do Sul","Superior completo",231232.78901639,2373968.13869834,9.7403
2015,4,"Mato Grosso do Sul","Sem instrução e menos de 1 ano de estudo",196115.24921071,2373968.13869834,8.2611
2015,4,"Mato Grosso do Sul","Fundamental completo ou equivalente",194776.54421249,2373968.13869834,8.2047
2015,4,"Mato Grosso do Sul","Médio incompleto ou equivalente",170785.03779712,2373968.13869834,7.1941
2015,4,"Mato Grosso do Sul","Superior incompleto ou equivalente",105864.15444251,2373968.13869834,4.4594
2015,4,"Minas Gerais","Fundamental incompleto ou equivalente",7946851.80271666,19116646.5937937,41.5703
2015,4,"Minas Gerais","Médio completo ou equivalente",4127538.61696356,19116646.5937937,21.5913
2015,4,"Minas Gerais","Superior completo",1883154.00456968,19116646.5937937,9.8509
2015,4,"Minas Gerais","Fundamental completo ou equivalente",1775074.73890575,19116646.5937937,9.2855
2015,4,"Minas Gerais","Sem instrução e menos de 1 ano de estudo",1349744.8967,19116646.5937937,7.0606
2015,4,"Minas Gerais","Médio incompleto ou equivalente",1240989.75032519,19116646.5937937,6.4917
2015,4,"Minas Gerais","Superior incompleto ou equivalente",793292.78361283,19116646.5937937,4.1497
2015,4,"Pará","Fundamental incompleto ou equivalente",3466148.78658172,7383374.47548828,46.9453
2015,4,"Pará","Médio completo ou equivalente",1447770.53469893,7383374.47548828,19.6085
2015,4,"Pará","Sem instrução e menos de 1 ano de estudo",760566.46300427,7383374.47548828,10.3011
2015,4,"Pará","Médio incompleto ou equivalente",596469.89083617,7383374.47548828,8.0786
2015,4,"Pará","Fundamental completo ou equivalente",559457.63447655,7383374.47548828,7.5773
2015,4,"Pará","Superior completo",367488.95475527,7383374.47548828,4.9772
2015,4,"Pará","Superior incompleto ou equivalente",185472.21113537,7383374.47548828,2.512
2015,4,"Paraíba","Fundamental incompleto ou equivalente",1639433.21643924,3622159.87725806,45.2612
2015,4,"Paraíba","Médio completo ou equivalente",670142.08673954,3622159.87725806,18.5012
2015,4,"Paraíba","Sem instrução e menos de 1 ano de estudo",486876.3356497,3622159.87725806,13.4416
2015,4,"Paraíba","Superior completo",252705.80366324,3622159.87725806,6.9767
2015,4,"Paraíba","Médio incompleto ou equivalente",228260.49682809,3622159.87725806,6.3018
2015,4,"Paraíba","Fundamental completo ou equivalente",211541.7818341,3622159.87725806,5.8402
2015,4,"Paraíba","Superior incompleto ou equivalente",133200.15610415,3622159.87725806,3.6774
2015,4,"Paraná","Fundamental incompleto ou equivalente",3909581.54621565,10354958.2550793,37.7556
2015,4,"Paraná","Médio completo ou equivalente",2335098.58544175,10354958.2550793,22.5505
2015,4,"Paraná","Superior completo",1297565.04492715,10354958.2550793,12.5309
2015,4,"Paraná","Fundamental completo ou equivalente",1031359.65009788,10354958.2550793,9.9601
2015,4,"Paraná","Sem instrução e menos de 1 ano de estudo",775323.2423338,10354958.2550793,7.4875
2015,4,"Paraná","Médio incompleto ou equivalente",627107.6370702,10354958.2550793,6.0561
2015,4,"Paraná","Superior incompleto ou equivalente",378922.54899292,10354958.2550793,3.6593
2015,4,"Pernambuco","Fundamental incompleto ou equivalente",3500998.92245458,8503262.29052271,41.1724
2015,4,"Pernambuco","Médio completo ou equivalente",1894966.79252876,8503262.29052271,22.2852
2015,4,"Pernambuco","Sem instrução e menos de 1 ano de estudo",1035465.03032295,8503262.29052271,12.1773
2015,4,"Pernambuco","Superior completo",688398.91449605,8503262.29052271,8.0957
2015,4,"Pernambuco","Fundamental completo ou equivalente",619648.10344948,8503262.29052271,7.2872
2015,4,"Pernambuco","Médio incompleto ou equivalente",499304.08830747,8503262.29052271,5.8719
2015,4,"Pernambuco","Superior incompleto ou equivalente",264480.43896342,8503262.29052271,3.1103
2015,4,"Piauí","Fundamental incompleto ou equivalente",1347330.16430196,3017110.41841288,44.6563
2015,4,"Piauí","Médio completo ou equivalente",495102.46818403,3017110.41841288,16.4098
2015,4,"Piauí","Sem instrução e menos de 1 ano de estudo",416069.49616869,3017110.41841288,13.7903
2015,4,"Piauí","Médio incompleto ou equivalente",225697.02087474,3017110.41841288,7.4806
2015,4,"Piauí","Superior completo",217664.89930132,3017110.41841288,7.2143
2015,4,"Piauí","Fundamental completo ou equivalente",214659.11111588,3017110.41841288,7.1147
2015,4,"Piauí","Superior incompleto ou equivalente",100587.25846626,3017110.41841288,3.3339
2015,4,"Rio de Janeiro","Fundamental incompleto ou equivalente",5082466.79225099,15950129.2616208,31.8647
2015,4,"Rio de Janeiro","Médio completo ou equivalente",4588626.90347137,15950129.2616208,28.7686
2015,4,"Rio de Janeiro","Superior completo",1974410.98514278,15950129.2616208,12.3787
2015,4,"Rio de Janeiro","Fundamental completo ou equivalente",1672028.46140068,15950129.2616208,10.4829
2015,4,"Rio de Janeiro","Sem instrução e menos de 1 ano de estudo",984874.80295867,15950129.2616208,6.1747
2015,4,"Rio de Janeiro","Médio incompleto ou equivalente",950247.42546154,15950129.2616208,5.9576
2015,4,"Rio de Janeiro","Superior incompleto ou equivalente",697473.89093474,15950129.2616208,4.3728
2015,4,"Rio Grande do Norte","Fundamental incompleto ou equivalente",1307272.44212195,3076238.45817625,42.4958
2015,4,"Rio Grande do Norte","Médio completo ou equivalente",658309.49376366,3076238.45817625,21.3998
2015,4,"Rio Grande do Norte","Sem instrução e menos de 1 ano de estudo",331545.94207106,3076238.45817625,10.7776
2015,4,"Rio Grande do Norte","Superior completo",244596.81939781,3076238.45817625,7.9512
2015,4,"Rio Grande do Norte","Médio incompleto ou equivalente",224332.53629578,3076238.45817625,7.2924
2015,4,"Rio Grande do Norte","Fundamental completo ou equivalente",194873.0205299,3076238.45817625,6.3348
2015,4,"Rio Grande do Norte","Superior incompleto ou equivalente",115308.20399609,3076238.45817625,3.7484
2015,4,"Rio Grande do Sul","Fundamental incompleto ou equivalente",4111174.0004949,10333748.7419163,39.784
2015,4,"Rio Grande do Sul","Médio completo ou equivalente",2224855.60919405,10333748.7419163,21.53
2015,4,"Rio Grande do Sul","Superior completo",1147916.81211983,10333748.7419163,11.1084
2015,4,"Rio Grande do Sul","Fundamental completo ou equivalente",1055558.06481873,10333748.7419163,10.2147
2015,4,"Rio Grande do Sul","Médio incompleto ou equivalente",665850.64056981,10333748.7419163,6.4435
2015,4,"Rio Grande do Sul","Superior incompleto ou equivalente",567290.41863784,10333748.7419163,5.4897
2015,4,"Rio Grande do Sul","Sem instrução e menos de 1 ano de estudo",561103.19608109,10333748.7419163,5.4298
2015,4,"Rondônia","Fundamental incompleto ou equivalente",668351.2166495,1510603.23164431,44.244
2015,4,"Rondônia","Médio completo ou equivalente",297477.99668691,1510603.23164431,19.6927
2015,4,"Rondônia","Fundamental completo ou equivalente",149884.51123752,1510603.23164431,9.9222
2015,4,"Rondônia","Sem instrução e menos de 1 ano de estudo",143697.95666758,1510603.23164431,9.5126
2015,4,"Rondônia","Médio incompleto ou equivalente",105963.49102591,1510603.23164431,7.0146
2015,4,"Rondônia","Superior completo",93174.33246068,1510603.23164431,6.168
2015,4,"Rondônia","Superior incompleto ou equivalente",52053.72691621,1510603.23164431,3.4459
2015,4,"Roraima","Fundamental incompleto ou equivalente",154585.79175826,432216.28553887,35.7658
2015,4,"Roraima","Médio completo ou equivalente",101367.46262627,432216.28553887,23.4529
2015,4,"Roraima","Superior completo",44758.0690322,432216.28553887,10.3555
2015,4,"Roraima","Sem instrução e menos de 1 ano de estudo",44148.70046675,432216.28553887,10.2145
2015,4,"Roraima","Fundamental completo ou equivalente",32526.16612359,432216.28553887,7.5254
2015,4,"Roraima","Médio incompleto ou equivalente",32497.27981972,432216.28553887,7.5188
2015,4,"Roraima","Superior incompleto ou equivalente",22332.81571208,432216.28553887,5.167
2015,4,"Santa Catarina","Fundamental incompleto ou equivalente",2420462.25452036,6476733.17275626,37.3717
2015,4,"Santa Catarina","Médio completo ou equivalente",1468760.83365352,6476733.17275626,22.6775
2015,4,"Santa Catarina","Fundamental completo ou equivalente",770407.28903207,6476733.17275626,11.895
2015,4,"Santa Catarina","Superior completo",757817.3531517,6476733.17275626,11.7006
2015,4,"Santa Catarina","Médio incompleto ou equivalente",412886.84601676,6476733.17275626,6.3749
2015,4,"Santa Catarina","Sem instrução e menos de 1 ano de estudo",348638.34217229,6476733.17275626,5.3829
2015,4,"Santa Catarina","Superior incompleto ou equivalente",297760.25420956,6476733.17275626,4.5974
2015,4,"São Paulo","Fundamental incompleto ou equivalente",13013635.5329206,41451461.6089266,31.3949
2015,4,"São Paulo","Médio completo ou equivalente",11206082.2104084,41451461.6089266,27.0342
2015,4,"São Paulo","Superior completo",6325706.28125004,41451461.6089266,15.2605
2015,4,"São Paulo","Fundamental completo ou equivalente",3881817.45970574,41451461.6089266,9.3647
2015,4,"São Paulo","Médio incompleto ou equivalente",2698201.50783125,41451461.6089266,6.5093
2015,4,"São Paulo","Sem instrução e menos de 1 ano de estudo",2503768.69956724,41451461.6089266,6.0402
2015,4,"São Paulo","Superior incompleto ou equivalente",1822249.91724324,41451461.6089266,4.3961
2015,4,"Sergipe","Fundamental incompleto ou equivalente",887651.13306702,2022309.6818914,43.8929
2015,4,"Sergipe","Médio completo ou equivalente",371052.26948096,2022309.6818914,18.3479
2015,4,"Sergipe","Sem instrução e menos de 1 ano de estudo",247907.68051431,2022309.6818914,12.2586
2015,4,"Sergipe","Superior completo",151100.05581131,2022309.6818914,7.4717
2015,4,"Sergipe","Fundamental completo ou equivalente",146967.0453181,2022309.6818914,7.2673
2015,4,"Sergipe","Médio incompleto ou equivalente",132696.30168861,2022309.6818914,6.5616
2015,4,"Sergipe","Superior incompleto ou equivalente",84935.19601109,2022309.6818914,4.1999
2015,4,"Tocantins","Fundamental incompleto ou equivalente",526498.6135493,1331983.96545552,39.5274
2015,4,"Tocantins","Médio completo ou equivalente",295788.59117591,1331983.96545552,22.2066
2015,4,"Tocantins","Sem instrução e menos de 1 ano de estudo",162169.74768255,1331983.96545552,12.1751
2015,4,"Tocantins","Superior completo",102797.37054065,1331983.96545552,7.7176
2015,4,"Tocantins","Médio incompleto ou equivalente",99871.68290107,1331983.96545552,7.498
2015,4,"Tocantins","Fundamental completo ou equivalente",98697.17861261,1331983.96545552,7.4098
2015,4,"Tocantins","Superior incompleto ou equivalente",46160.78099343,1331983.96545552,3.4656
2016,4,"Acre","Fundamental incompleto ou equivalente",296285.34612375,744120.13348426,39.8169
2016,4,"Acre","Médio completo ou equivalente",142098.49811795,744120.13348426,19.0962
2016,4,"Acre","Sem instrução e menos de 1 ano de estudo",103395.7982047,744120.13348426,13.895
2016,4,"Acre","Fundamental completo ou equivalente",62089.76209324,744120.13348426,8.3441
2016,4,"Acre","Superior completo",58469.185009,744120.13348426,7.8575
2016,4,"Acre","Médio incompleto ou equivalente",49634.78085907,744120.13348426,6.6703
2016,4,"Acre","Superior incompleto ou equivalente",32146.76307655,744120.13348426,4.3201
2016,4,"Alagoas","Fundamental incompleto ou equivalente",1298478.35785661,2942581.10970097,44.1272
2016,4,"Alagoas","Médio completo ou equivalente",513451.19564948,2942581.10970097,17.449
2016,4,"Alagoas","Sem instrução e menos de 1 ano de estudo",461476.62930574,2942581.10970097,15.6827
2016,4,"Alagoas","Fundamental completo ou equivalente",218410.47064554,2942581.10970097,7.4224
2016,4,"Alagoas","Superior completo",183515.40470515,2942581.10970097,6.2365
2016,4,"Alagoas","Médio incompleto ou equivalente",182715.22333561,2942581.10970097,6.2094
2016,4,"Alagoas","Superior incompleto ou equivalente",84533.82820284,2942581.10970097,2.8728
2016,4,"Amapá","Fundamental incompleto ou equivalente",241479.48455134,678825.55408219,35.5731
2016,4,"Amapá","Médio completo ou equivalente",157475.05195717,678825.55408219,23.1982
2016,4,"Amapá","Superior completo",75356.90472629,678825.55408219,11.1011
2016,4,"Amapá","Sem instrução e menos de 1 ano de estudo",67549.40377455,678825.55408219,9.9509
2016,4,"Amapá","Médio incompleto ou equivalente",53464.62284447,678825.55408219,7.876
2016,4,"Amapá","Fundamental completo ou equivalente",46731.24299598,678825.55408219,6.8841
2016,4,"Amapá","Superior incompleto ou equivalente",36768.84323239,678825.55408219,5.4165
2016,4,"Amazonas","Fundamental incompleto ou equivalente",1319776.02932075,3389932.24078002,38.9322
2016,4,"Amazonas","Médio completo ou equivalente",834097.59180815,3389932.24078002,24.6051
2016,4,"Amazonas","Sem instrução e menos de 1 ano de estudo",347227.14173793,3389932.24078002,10.2429
2016,4,"Amazonas","Superior completo",261095.62836456,3389932.24078002,7.7021
2016,4,"Amazonas","Médio incompleto ou equivalente",256652.49914313,3389932.24078002,7.571
2016,4,"Amazonas","Fundamental completo ou equivalente",239082.6696341,3389932.24078002,7.0527
2016,4,"Amazonas","Superior incompleto ou equivalente",132000.6807714,3389932.24078002,3.8939
2016,4,"Bahia","Fundamental incompleto ou equivalente",5662092.03852942,13501360.8010902,41.9372
2016,4,"Bahia","Médio completo ou equivalente",2943549.35629344,13501360.8010902,21.8019
2016,4,"Bahia","Sem instrução e menos de 1 ano de estudo",1869103.77668433,13501360.8010902,13.8438
2016,4,"Bahia","Médio incompleto ou equivalente",988490.26319878,13501360.8010902,7.3214
2016,4,"Bahia","Fundamental completo ou equivalente",824412.35858889,13501360.8010902,6.1061
2016,4,"Bahia","Superior completo",797965.13235561,13501360.8010902,5.9103
2016,4,"Bahia","Superior incompleto ou equivalente",415747.87543976,13501360.8010902,3.0793
2016,4,"Ceará","Fundamental incompleto ou equivalente",3236336.78740742,8240477.60470921,39.2737
2016,4,"Ceará","Médio completo ou equivalente",1738565.91999636,8240477.60470921,21.0979
2016,4,"Ceará","Sem instrução e menos de 1 ano de estudo",1177370.73174043,8240477.60470921,14.2877
2016,4,"Ceará","Fundamental completo ou equivalente",727760.97801219,8240477.60470921,8.8315
2016,4,"Ceará","Médio incompleto ou equivalente",601947.47706243,8240477.60470921,7.3048
2016,4,"Ceará","Superior completo",494832.45525847,8240477.60470921,6.0049
2016,4,"Ceará","Superior incompleto ou equivalente",263663.25523191,8240477.60470921,3.1996
2016,4,"Distrito Federal","Fundamental incompleto ou equivalente",733805.36671021,2630512.92244225,27.8959
2016,4,"Distrito Federal","Médio completo ou equivalente",647376.1521183,2630512.92244225,24.6103
2016,4,"Distrito Federal","Superior completo",579796.93448892,2630512.92244225,22.0412
2016,4,"Distrito Federal","Fundamental completo ou equivalente",195681.79506859,2630512.92244225,7.4389
2016,4,"Distrito Federal","Sem instrução e menos de 1 ano de estudo",163832.38060459,2630512.92244225,6.2282
2016,4,"Distrito Federal","Médio incompleto ou equivalente",162152.17055153,2630512.92244225,6.1643
2016,4,"Distrito Federal","Superior incompleto ou equivalente",147868.12290011,2630512.92244225,5.6213
2016,4,"Espírito Santo","Fundamental incompleto ou equivalente",1356140.47761754,3602193.47384646,37.6476
2016,4,"Espírito Santo","Médio completo ou equivalente",878779.69099914,3602193.47384646,24.3957
2016,4,"Espírito Santo","Superior completo",376460.73922716,3602193.47384646,10.4509
2016,4,"Espírito Santo","Fundamental completo ou equivalente",315074.39512808,3602193.47384646,8.7467
2016,4,"Espírito Santo","Sem instrução e menos de 1 ano de estudo",294669.68867476,3602193.47384646,8.1803
2016,4,"Espírito Santo","Médio incompleto ou equivalente",229429.10144072,3602193.47384646,6.3691
2016,4,"Espírito Santo","Superior incompleto ou equivalente",151639.38075906,3602193.47384646,4.2096
2016,4,"Goiás","Fundamental incompleto ou equivalente",2388118.03024525,6233258.69726302,38.3125
2016,4,"Goiás","Médio completo ou equivalente",1374909.77030233,6233258.69726302,22.0576
2016,4,"Goiás","Superior completo",673636.89521861,6233258.69726302,10.8071
2016,4,"Goiás","Sem instrução e menos de 1 ano de estudo",547194.85366424,6233258.69726302,8.7786
2016,4,"Goiás","Fundamental completo ou equivalente",490178.45508173,6233258.69726302,7.8639
2016,4,"Goiás","Médio incompleto ou equivalente",475410.58841356,6233258.69726302,7.627
2016,4,"Goiás","Superior incompleto ou equivalente",283810.1043373,6233258.69726302,4.5532
2016,4,"Maranhão","Fundamental incompleto ou equivalente",2621640.05051848,6219002.796121,42.1553
2016,4,"Maranhão","Médio completo ou equivalente",1280701.25734915,6219002.796121,20.5934
2016,4,"Maranhão","Sem instrução e menos de 1 ano de estudo",965146.7059503,6219002.796121,15.5193
2016,4,"Maranhão","Fundamental completo ou equivalente",490056.19122035,6219002.796121,7.88
2016,4,"Maranhão","Médio incompleto ou equivalente",467819.10056986,6219002.796121,7.5224
2016,4,"Maranhão","Superior completo",255362.7934928,6219002.796121,4.1062
2016,4,"Maranhão","Superior incompleto ou equivalente",138276.69702006,6219002.796121,2.2235
2016,4,"Mato Grosso","Fundamental incompleto ou equivalente",1183351.03085333,3088727.23503869,38.3119
2016,4,"Mato Grosso","Médio completo ou equivalente",643410.33407924,3088727.23503869,20.8309
2016,4,"Mato Grosso","Sem instrução e menos de 1 ano de estudo",296342.69133625,3088727.23503869,9.5943
2016,4,"Mato Grosso","Superior completo",296114.17708541,3088727.23503869,9.5869
2016,4,"Mato Grosso","Fundamental completo ou equivalente",272671.05438281,3088727.23503869,8.8279
2016,4,"Mato Grosso","Médio incompleto ou equivalente",268864.40421432,3088727.23503869,8.7047
2016,4,"Mato Grosso","Superior incompleto ou equivalente",127973.54308733,3088727.23503869,4.1432
2016,4,"Mato Grosso do Sul","Fundamental incompleto ou equivalente",1007512.81961706,2423249.59213267,41.5769
2016,4,"Mato Grosso do Sul","Médio completo ou equivalente",466372.54843634,2423249.59213267,19.2457
2016,4,"Mato Grosso do Sul","Superior completo",261517.67072033,2423249.59213267,10.792
2016,4,"Mato Grosso do Sul","Fundamental completo ou equivalente",195632.31136315,2423249.59213267,8.0731
2016,4,"Mato Grosso do Sul","Médio incompleto ou equivalente",181678.97027324,2423249.59213267,7.4973
2016,4,"Mato Grosso do Sul","Sem instrução e menos de 1 ano de estudo",176397.74973768,2423249.59213267,7.2794
2016,4,"Mato Grosso do Sul","Superior incompleto ou equivalente",134137.52198487,2423249.59213267,5.5354
2016,4,"Minas Gerais","Fundamental incompleto ou equivalente",7723786.79393051,19131105.2500077,40.3729
2016,4,"Minas Gerais","Médio completo ou equivalente",4330638.77403847,19131105.2500077,22.6366
2016,4,"Minas Gerais","Superior completo",1927580.39394719,19131105.2500077,10.0756
2016,4,"Minas Gerais","Fundamental completo ou equivalente",1719658.68730319,19131105.2500077,8.9888
2016,4,"Minas Gerais","Médio incompleto ou equivalente",1347771.76196893,19131105.2500077,7.0449
2016,4,"Minas Gerais","Sem instrução e menos de 1 ano de estudo",1265960.08567176,19131105.2500077,6.6173
2016,4,"Minas Gerais","Superior incompleto ou equivalente",815708.75314766,19131105.2500077,4.2638
2016,4,"Pará","Fundamental incompleto ou equivalente",3382440.04675294,7454184.21621029,45.3764
2016,4,"Pará","Médio completo ou equivalente",1523300.68559603,7454184.21621029,20.4355
2016,4,"Pará","Sem instrução e menos de 1 ano de estudo",740338.91144604,7454184.21621029,9.9319
2016,4,"Pará","Médio incompleto ou equivalente",633108.64872576,7454184.21621029,8.4933
2016,4,"Pará","Fundamental completo ou equivalente",560840.0089113,7454184.21621029,7.5238
2016,4,"Pará","Superior completo",417725.30646934,7454184.21621029,5.6039
2016,4,"Pará","Superior incompleto ou equivalente",196430.60830888,7454184.21621029,2.6352
2016,4,"Paraíba","Fundamental incompleto ou equivalente",1622082.80436994,3663319.05882073,44.279
2016,4,"Paraíba","Médio completo ou equivalente",665194.24495225,3663319.05882073,18.1582
2016,4,"Paraíba","Sem instrução e menos de 1 ano de estudo",479912.44516022,3663319.05882073,13.1005
2016,4,"Paraíba","Superior completo",280673.71952271,3663319.05882073,7.6617
2016,4,"Paraíba","Médio incompleto ou equivalente",244063.87506697,3663319.05882073,6.6624
2016,4,"Paraíba","Fundamental completo ou equivalente",230197.26781032,3663319.05882073,6.2838
2016,4,"Paraíba","Superior incompleto ou equivalente",141194.70193832,3663319.05882073,3.8543
2016,4,"Paraná","Fundamental incompleto ou equivalente",3873592.96966007,10447069.7894075,37.0783
2016,4,"Paraná","Médio completo ou equivalente",2408504.38383191,10447069.7894075,23.0544
2016,4,"Paraná","Superior completo",1294214.65295027,10447069.7894075,12.3883
2016,4,"Paraná","Fundamental completo ou equivalente",1014977.65681759,10447069.7894075,9.7154
2016,4,"Paraná","Médio incompleto ou equivalente",746250.23072044,10447069.7894075,7.1432
2016,4,"Paraná","Sem instrução e menos de 1 ano de estudo",694008.54126553,10447069.7894075,6.6431
2016,4,"Paraná","Superior incompleto ou equivalente",415521.3541617,10447069.7894075,3.9774
2016,4,"Pernambuco","Fundamental incompleto ou equivalente",3470239.42277479,8559677.30305717,40.5417
2016,4,"Pernambuco","Médio completo ou equivalente",1884120.43534859,8559677.30305717,22.0116
2016,4,"Pernambuco","Sem instrução e menos de 1 ano de estudo",1031483.78618702,8559677.30305717,12.0505
2016,4,"Pernambuco","Superior completo",708458.29884924,8559677.30305717,8.2767
2016,4,"Pernambuco","Fundamental completo ou equivalente",615598.94533024,8559677.30305717,7.1918
2016,4,"Pernambuco","Médio incompleto ou equivalente",576984.1766127,8559677.30305717,6.7407
2016,4,"Pernambuco","Superior incompleto ou equivalente",272792.23795459,8559677.30305717,3.1869
2016,4,"Piauí","Fundamental incompleto ou equivalente",1352744.70702778,3032856.17003054,44.603
2016,4,"Piauí","Médio completo ou equivalente",519643.74808701,3032856.17003054,17.1338
2016,4,"Piauí","Sem instrução e menos de 1 ano de estudo",412593.70490649,3032856.17003054,13.6041
2016,4,"Piauí","Fundamental completo ou equivalente",226450.3933412,3032856.17003054,7.4666
2016,4,"Piauí","Superior completo",218634.02483645,3032856.17003054,7.2088
2016,4,"Piauí","Médio incompleto ou equivalente",210088.05822541,3032856.17003054,6.9271
2016,4,"Piauí","Superior incompleto ou equivalente",92701.5336062,3032856.17003054,3.0566
2016,4,"Rio de Janeiro","Fundamental incompleto ou equivalente",5057626.41062756,16014444.7675382,31.5817
2016,4,"Rio de Janeiro","Médio completo ou equivalente",4523139.92414551,16014444.7675382,28.2441
2016,4,"Rio de Janeiro","Superior completo",2071237.39176955,16014444.7675382,12.9336
2016,4,"Rio de Janeiro","Fundamental completo ou equivalente",1647521.67397109,16014444.7675382,10.2877
2016,4,"Rio de Janeiro","Médio incompleto ou equivalente",1041309.80713202,16014444.7675382,6.5023
2016,4,"Rio de Janeiro","Sem instrução e menos de 1 ano de estudo",979036.26036721,16014444.7675382,6.1135
2016,4,"Rio de Janeiro","Superior incompleto ou equivalente",694573.29952522,16014444.7675382,4.3372
2016,4,"Rio Grande do Norte","Fundamental incompleto ou equivalente",1344263.52872042,3123893.19282691,43.0317
2016,4,"Rio Grande do Norte","Médio completo ou equivalente",670276.75319696,3123893.19282691,21.4565
2016,4,"Rio Grande do Norte","Sem instrução e menos de 1 ano de estudo",313638.14028293,3123893.19282691,10.04
2016,4,"Rio Grande do Norte","Superior completo",249017.84529917,3123893.19282691,7.9714
2016,4,"Rio Grande do Norte","Médio incompleto ou equivalente",221545.55337318,3123893.19282691,7.092
2016,4,"Rio Grande do Norte","Fundamental completo ou equivalente",205270.20577788,3123893.19282691,6.571
2016,4,"Rio Grande do Norte","Superior incompleto ou equivalente",119881.16617637,3123893.19282691,3.8376
2016,4,"Rio Grande do Sul","Fundamental incompleto ou equivalente",4028093.75316599,10371363.3973294,38.8386
2016,4,"Rio Grande do Sul","Médio completo ou equivalente",2262396.99971668,10371363.3973294,21.8139
2016,4,"Rio Grande do Sul","Superior completo",1195073.59134724,10371363.3973294,11.5228
2016,4,"Rio Grande do Sul","Fundamental completo ou equivalente",1040665.84101685,10371363.3973294,10.034
2016,4,"Rio Grande do Sul","Médio incompleto ou equivalente",668966.74586401,10371363.3973294,6.4501
2016,4,"Rio Grande do Sul","Superior incompleto ou equivalente",610462.25615234,10371363.3973294,5.886
2016,4,"Rio Grande do Sul","Sem instrução e menos de 1 ano de estudo",565704.21006629,10371363.3973294,5.4545
2016,4,"Rondônia","Fundamental incompleto ou equivalente",682971.26162686,1536846.38177944,44.4398
2016,4,"Rondônia","Médio completo ou equivalente",304566.00530836,1536846.38177944,19.8176
2016,4,"Rondônia","Sem instrução e menos de 1 ano de estudo",160733.52531897,1536846.38177944,10.4587
2016,4,"Rondônia","Fundamental completo ou equivalente",122205.18855695,1536846.38177944,7.9517
2016,4,"Rondônia","Superior completo",115878.93246049,1536846.38177944,7.54
2016,4,"Rondônia","Médio incompleto ou equivalente",97382.30975489,1536846.38177944,6.3365
2016,4,"Rondônia","Superior incompleto ou equivalente",53109.15875292,1536846.38177944,3.4557
2016,4,"Roraima","Fundamental incompleto ou equivalente",150004.47139423,440642.47711667,34.0422
2016,4,"Roraima","Médio completo ou equivalente",113082.54554061,440642.47711667,25.6631
2016,4,"Roraima","Superior completo",44808.45611756,440642.47711667,10.1689
2016,4,"Roraima","Sem instrução e menos de 1 ano de estudo",43953.42797095,440642.47711667,9.9749
2016,4,"Roraima","Médio incompleto ou equivalente",35641.49464533,440642.47711667,8.0885
2016,4,"Roraima","Fundamental completo ou equivalente",28952.86090197,440642.47711667,6.5706
2016,4,"Roraima","Superior incompleto ou equivalente",24199.22054602,440642.47711667,5.4918
2016,4,"Santa Catarina","Fundamental incompleto ou equivalente",2409121.80828386,6570337.02948875,36.6666
2016,4,"Santa Catarina","Médio completo ou equivalente",1536450.40956289,6570337.02948875,23.3847
2016,4,"Santa Catarina","Superior completo",806018.17475465,6570337.02948875,12.2675
2016,4,"Santa Catarina","Fundamental completo ou equivalente",735697.51530594,6570337.02948875,11.1973
2016,4,"Santa Catarina","Médio incompleto ou equivalente",400586.18173122,6570337.02948875,6.0969
2016,4,"Santa Catarina","Sem instrução e menos de 1 ano de estudo",361264.82485979,6570337.02948875,5.4984
2016,4,"Santa Catarina","Superior incompleto ou equivalente",321198.1149904,6570337.02948875,4.8886
2016,4,"São Paulo","Fundamental incompleto ou equivalente",12467449.7390874,41629969.0280009,29.9483
2016,4,"São Paulo","Médio completo ou equivalente",11632896.1168292,41629969.0280009,27.9436
2016,4,"São Paulo","Superior completo",6649214.69422147,41629969.0280009,15.9722
2016,4,"São Paulo","Fundamental completo ou equivalente",3893839.2213999,41629969.0280009,9.3535
2016,4,"São Paulo","Médio incompleto ou equivalente",2745244.04489452,41629969.0280009,6.5944
2016,4,"São Paulo","Sem instrução e menos de 1 ano de estudo",2394244.52747093,41629969.0280009,5.7513
2016,4,"São Paulo","Superior incompleto ou equivalente",1847080.68409743,41629969.0280009,4.4369
2016,4,"Sergipe","Fundamental incompleto ou equivalente",915804.35385061,2043019.99492419,44.826
2016,4,"Sergipe","Médio completo ou equivalente",391108.35583333,2043019.99492419,19.1436
2016,4,"Sergipe","Sem instrução e menos de 1 ano de estudo",227748.01347453,2043019.99492419,11.1476
2016,4,"Sergipe","Superior completo",149911.96898924,2043019.99492419,7.3378
2016,4,"Sergipe","Médio incompleto ou equivalente",142536.65326796,2043019.99492419,6.9768
2016,4,"Sergipe","Fundamental completo ou equivalente",140391.16148251,2043019.99492419,6.8717
2016,4,"Sergipe","Superior incompleto ou equivalente",75519.48802601,2043019.99492419,3.6965
2016,4,"Tocantins","Fundamental incompleto ou equivalente",528557.92662454,1360955.7828751,38.8373
2016,4,"Tocantins","Médio completo ou equivalente",299633.09261736,1360955.7828751,22.0164
2016,4,"Tocantins","Sem instrução e menos de 1 ano de estudo",167298.93508191,1360955.7828751,12.2928
2016,4,"Tocantins","Superior completo",115325.40862071,1360955.7828751,8.4739
2016,4,"Tocantins","Médio incompleto ou equivalente",101443.31065353,1360955.7828751,7.4538
2016,4,"Tocantins","Fundamental completo ou equivalente",99279.22595057,1360955.7828751,7.2948
2016,4,"Tocantins","Superior incompleto ou equivalente",49417.88332648,1360955.7828751,3.6311
2017,4,"Acre","Fundamental incompleto ou equivalente",304591.85050844,748582.9485592,40.6891
2017,4,"Acre","Médio completo ou equivalente",139699.12574956,748582.9485592,18.6618
2017,4,"Acre","Sem instrução e menos de 1 ano de estudo",96624.47485762,748582.9485592,12.9077
2017,4,"Acre","Superior completo",62764.26561151,748582.9485592,8.3844
2017,4,"Acre","Fundamental completo ou equivalente",59541.46099208,748582.9485592,7.9539
2017,4,"Acre","Médio incompleto ou equivalente",52236.19122657,748582.9485592,6.978
2017,4,"Acre","Superior incompleto ou equivalente",33125.57961342,748582.9485592,4.4251
2017,4,"Alagoas","Fundamental incompleto ou equivalente",1305364.96279189,2948661.37774411,44.2697
2017,4,"Alagoas","Médio completo ou equivalente",547172.75019095,2948661.37774411,18.5566
2017,4,"Alagoas","Sem instrução e menos de 1 ano de estudo",435708.73160717,2948661.37774411,14.7765
2017,4,"Alagoas","Fundamental completo ou equivalente",203894.44497695,2948661.37774411,6.9148
2017,4,"Alagoas","Médio incompleto ou equivalente",197303.21629038,2948661.37774411,6.6913
2017,4,"Alagoas","Superior completo",180029.98337074,2948661.37774411,6.1055
2017,4,"Alagoas","Superior incompleto ou equivalente",79187.28851603,2948661.37774411,2.6855
2017,4,"Amapá","Fundamental incompleto ou equivalente",250069.8787897,685586.49911504,36.4753
2017,4,"Amapá","Médio completo ou equivalente",150303.87941805,685586.49911504,21.9234
2017,4,"Amapá","Superior completo",66928.2654022,685586.49911504,9.7622
2017,4,"Amapá","Sem instrução e menos de 1 ano de estudo",65275.07151603,685586.49911504,9.5211
2017,4,"Amapá","Médio incompleto ou equivalente",59927.85554734,685586.49911504,8.7411
2017,4,"Amapá","Fundamental completo ou equivalente",52001.2053503,685586.49911504,7.5849
2017,4,"Amapá","Superior incompleto ou equivalente",41080.34309142,685586.49911504,5.992
2017,4,"Amazonas","Fundamental incompleto ou equivalente",1309053.56139132,3461914.9885474,37.813
2017,4,"Amazonas","Médio completo ou equivalente",868071.05824792,3461914.9885474,25.0749
2017,4,"Amazonas","Sem instrução e menos de 1 ano de estudo",327784.71652051,3461914.9885474,9.4683
2017,4,"Amazonas","Superior completo",292236.08221959,3461914.9885474,8.4415
2017,4,"Amazonas","Médio incompleto ou equivalente",258838.05828023,3461914.9885474,7.4767
2017,4,"Amazonas","Fundamental completo ou equivalente",239171.66836535,3461914.9885474,6.9087
2017,4,"Amazonas","Superior incompleto ou equivalente",166759.84352248,3461914.9885474,4.817
2017,4,"Bahia","Fundamental incompleto ou equivalente",5467624.5580385,13525803.0815213,40.4237
2017,4,"Bahia","Médio completo ou equivalente",3013343.89294242,13525803.0815213,22.2785
2017,4,"Bahia","Sem instrução e menos de 1 ano de estudo",1902002.15897741,13525803.0815213,14.062
2017,4,"Bahia","Médio incompleto ou equivalente",952863.74311412,13525803.0815213,7.0448
2017,4,"Bahia","Fundamental completo ou equivalente",886155.16452923,13525803.0815213,6.5516
2017,4,"Bahia","Superior completo",879650.14754444,13525803.0815213,6.5035
2017,4,"Bahia","Superior incompleto ou equivalente",424163.41637513,13525803.0815213,3.136
2017,4,"Ceará","Fundamental incompleto ou equivalente",3279786.81309094,8287049.87356962,39.5773
2017,4,"Ceará","Médio completo ou equivalente",1841070.93167525,8287049.87356962,22.2162
2017,4,"Ceará","Sem instrução e menos de 1 ano de estudo",994509.77390577,8287049.87356962,12.0008
2017,4,"Ceará","Fundamental completo ou equivalente",700272.36860443,8287049.87356962,8.4502
2017,4,"Ceará","Superior completo",593147.58862076,8287049.87356962,7.1575
2017,4,"Ceará","Médio incompleto ou equivalente",584895.46471715,8287049.87356962,7.0579
2017,4,"Ceará","Superior incompleto ou equivalente",293366.93295532,8287049.87356962,3.5401
2017,4,"Distrito Federal","Fundamental incompleto ou equivalente",721324.88808392,2665070.86425807,27.0659
2017,4,"Distrito Federal","Superior completo",625796.07692497,2665070.86425807,23.4814
2017,4,"Distrito Federal","Médio completo ou equivalente",615421.5359643,2665070.86425807,23.0921
2017,4,"Distrito Federal","Superior incompleto ou equivalente",193075.24526808,2665070.86425807,7.2447
2017,4,"Distrito Federal","Fundamental completo ou equivalente",183428.44834851,2665070.86425807,6.8827
2017,4,"Distrito Federal","Médio incompleto ou equivalente",174831.17154898,2665070.86425807,6.5601
2017,4,"Distrito Federal","Sem instrução e menos de 1 ano de estudo",151193.49811931,2665070.86425807,5.6732
2017,4,"Espírito Santo","Fundamental incompleto ou equivalente",1370801.03201929,3615158.71438448,37.9181
2017,4,"Espírito Santo","Médio completo ou equivalente",869635.70899159,3615158.71438448,24.0553
2017,4,"Espírito Santo","Superior completo",411071.12610349,3615158.71438448,11.3708
2017,4,"Espírito Santo","Fundamental completo ou equivalente",292194.10042771,3615158.71438448,8.0825
2017,4,"Espírito Santo","Sem instrução e menos de 1 ano de estudo",275216.93054814,3615158.71438448,7.6129
2017,4,"Espírito Santo","Médio incompleto ou equivalente",246285.89101986,3615158.71438448,6.8126
2017,4,"Espírito Santo","Superior incompleto ou equivalente",149953.9252744,3615158.71438448,4.1479
2017,4,"Goiás","Fundamental incompleto ou equivalente",2392998.63632447,6319041.7220834,37.8696
2017,4,"Goiás","Médio completo ou equivalente",1419359.62440753,6319041.7220834,22.4616
2017,4,"Goiás","Superior completo",690413.90654593,6319041.7220834,10.9259
2017,4,"Goiás","Médio incompleto ou equivalente",511016.68215078,6319041.7220834,8.0869
2017,4,"Goiás","Sem instrução e menos de 1 ano de estudo",509847.63251732,6319041.7220834,8.0684
2017,4,"Goiás","Fundamental completo ou equivalente",475400.91135494,6319041.7220834,7.5233
2017,4,"Goiás","Superior incompleto ou equivalente",320004.32878243,6319041.7220834,5.0641
2017,4,"Maranhão","Fundamental incompleto ou equivalente",2596416.02710388,6286915.127262,41.2987
2017,4,"Maranhão","Médio completo ou equivalente",1347870.67395342,6286915.127262,21.4393
2017,4,"Maranhão","Sem instrução e menos de 1 ano de estudo",908423.12419013,6286915.127262,14.4494
2017,4,"Maranhão","Fundamental completo ou equivalente",505976.94966853,6286915.127262,8.0481
2017,4,"Maranhão","Médio incompleto ou equivalente",467369.3939048,6286915.127262,7.434
2017,4,"Maranhão","Superior completo",310437.92299244,6286915.127262,4.9378
2017,4,"Maranhão","Superior incompleto ou equivalente",150421.0354488,6286915.127262,2.3926
2017,4,"Mato Grosso","Fundamental incompleto ou equivalente",1163144.30780493,3128606.07982047,37.1777
2017,4,"Mato Grosso","Médio completo ou equivalente",666816.82389816,3128606.07982047,21.3135
2017,4,"Mato Grosso","Superior completo",335001.15613084,3128606.07982047,10.7077
2017,4,"Mato Grosso","Sem instrução e menos de 1 ano de estudo",292932.63967514,3128606.07982047,9.363
2017,4,"Mato Grosso","Médio incompleto ou equivalente",282897.77639241,3128606.07982047,9.0423
2017,4,"Mato Grosso","Fundamental completo ou equivalente",245910.60405402,3128606.07982047,7.8601
2017,4,"Mato Grosso","Superior incompleto ou equivalente",141902.77186497,3128606.07982047,4.5357
2017,4,"Mato Grosso do Sul","Fundamental incompleto ou equivalente",1002954.87424647,2438934.97434213,41.1227
2017,4,"Mato Grosso do Sul","Médio completo ou equivalente",471144.2949542,2438934.97434213,19.3176
2017,4,"Mato Grosso do Sul","Superior completo",280406.70009572,2438934.97434213,11.4971
2017,4,"Mato Grosso do Sul","Fundamental completo ou equivalente",212474.53149196,2438934.97434213,8.7118
2017,4,"Mato Grosso do Sul","Sem instrução e menos de 1 ano de estudo",182104.77767397,2438934.97434213,7.4666
2017,4,"Mato Grosso do Sul","Médio incompleto ou equivalente",165194.4310876,2438934.97434213,6.7732
2017,4,"Mato Grosso do Sul","Superior incompleto ou equivalente",124655.36479221,2438934.97434213,5.1111
2017,4,"Minas Gerais","Fundamental incompleto ou equivalente",7708946.15567212,19318062.0927453,39.9054
2017,4,"Minas Gerais","Médio completo ou equivalente",4470705.58282937,19318062.0927453,23.1426
2017,4,"Minas Gerais","Superior completo",2031538.77600289,19318062.0927453,10.5163
2017,4,"Minas Gerais","Fundamental completo ou equivalente",1700285.05249395,19318062.0927453,8.8015
2017,4,"Minas Gerais","Médio incompleto ou equivalente",1366505.90961286,19318062.0927453,7.0737
2017,4,"Minas Gerais","Sem instrução e menos de 1 ano de estudo",1203902.16877333,19318062.0927453,6.232
2017,4,"Minas Gerais","Superior incompleto ou equivalente",836178.44736078,19318062.0927453,4.3285
2017,4,"Pará","Fundamental incompleto ou equivalente",3374682.34162335,7563628.62394487,44.6172
2017,4,"Pará","Médio completo ou equivalente",1551531.37246667,7563628.62394487,20.5131
2017,4,"Pará","Sem instrução e menos de 1 ano de estudo",738355.24180761,7563628.62394487,9.7619
2017,4,"Pará","Médio incompleto ou equivalente",615118.68455222,7563628.62394487,8.1326
2017,4,"Pará","Fundamental completo ou equivalente",591386.32006329,7563628.62394487,7.8188
2017,4,"Pará","Superior completo",469653.59987436,7563628.62394487,6.2094
2017,4,"Pará","Superior incompleto ou equivalente",222901.06355737,7563628.62394487,2.947
2017,4,"Paraíba","Fundamental incompleto ou equivalente",1611806.85998599,3679285.45179505,43.8076
2017,4,"Paraíba","Médio completo ou equivalente",696783.1615883,3679285.45179505,18.938
2017,4,"Paraíba","Sem instrução e menos de 1 ano de estudo",437683.2177093,3679285.45179505,11.8959
2017,4,"Paraíba","Superior completo",328106.03437102,3679285.45179505,8.9177
2017,4,"Paraíba","Médio incompleto ou equivalente",233627.76225024,3679285.45179505,6.3498
2017,4,"Paraíba","Fundamental completo ou equivalente",223282.83208026,3679285.45179505,6.0686
2017,4,"Paraíba","Superior incompleto ou equivalente",147995.58380994,3679285.45179505,4.0224
2017,4,"Paraná","Fundamental incompleto ou equivalente",3965008.04428896,10537995.7682509,37.6258
2017,4,"Paraná","Médio completo ou equivalente",2365812.79509638,10537995.7682509,22.4503
2017,4,"Paraná","Superior completo",1347289.8991113,10537995.7682509,12.7851
2017,4,"Paraná","Fundamental completo ou equivalente",927732.87775567,10537995.7682509,8.8037
2017,4,"Paraná","Médio incompleto ou equivalente",758720.47506376,10537995.7682509,7.1999
2017,4,"Paraná","Sem instrução e menos de 1 ano de estudo",701897.89811781,10537995.7682509,6.6606
2017,4,"Paraná","Superior incompleto ou equivalente",471533.77881698,10537995.7682509,4.4746
2017,4,"Pernambuco","Fundamental incompleto ou equivalente",3463289.98382548,8604327.00565436,40.2506
2017,4,"Pernambuco","Médio completo ou equivalente",2065148.96128517,8604327.00565436,24.0013
2017,4,"Pernambuco","Sem instrução e menos de 1 ano de estudo",941057.56560629,8604327.00565436,10.937
2017,4,"Pernambuco","Superior completo",728759.85730088,8604327.00565436,8.4697
2017,4,"Pernambuco","Fundamental completo ou equivalente",570804.44951608,8604327.00565436,6.6339
2017,4,"Pernambuco","Médio incompleto ou equivalente",556653.25269804,8604327.00565436,6.4695
2017,4,"Pernambuco","Superior incompleto ou equivalente",278612.93542242,8604327.00565436,3.2381
2017,4,"Piauí","Fundamental incompleto ou equivalente",1330327.49764234,3035664.35011587,43.8233
2017,4,"Piauí","Médio completo ou equivalente",547147.69604752,3035664.35011587,18.024
2017,4,"Piauí","Sem instrução e menos de 1 ano de estudo",359245.53217004,3035664.35011587,11.8342
2017,4,"Piauí","Superior completo",239877.7965785,3035664.35011587,7.902
2017,4,"Piauí","Fundamental completo ou equivalente",235470.33871453,3035664.35011587,7.7568
2017,4,"Piauí","Médio incompleto ou equivalente",226010.76871213,3035664.35011587,7.4452
2017,4,"Piauí","Superior incompleto ou equivalente",97584.72025081,3035664.35011587,3.2146
2017,4,"Rio de Janeiro","Fundamental incompleto ou equivalente",4968436.45543946,16064709.4162419,30.9276
2017,4,"Rio de Janeiro","Médio completo ou equivalente",4517357.50634037,16064709.4162419,28.1198
2017,4,"Rio de Janeiro","Superior completo",2253060.04646509,16064709.4162419,14.0249
2017,4,"Rio de Janeiro","Fundamental completo ou equivalente",1527368.20427169,16064709.4162419,9.5076
2017,4,"Rio de Janeiro","Médio incompleto ou equivalente",1066226.50478291,16064709.4162419,6.6371
2017,4,"Rio de Janeiro","Sem instrução e menos de 1 ano de estudo",892832.17361181,16064709.4162419,5.5577
2017,4,"Rio de Janeiro","Superior incompleto ou equivalente",839428.52533055,16064709.4162419,5.2253
2017,4,"Rio Grande do Norte","Fundamental incompleto ou equivalente",1369834.34378803,3134294.65380044,43.7047
2017,4,"Rio Grande do Norte","Médio completo ou equivalente",659199.29666392,3134294.65380044,21.0318
2017,4,"Rio Grande do Norte","Sem instrução e menos de 1 ano de estudo",287805.70385348,3134294.65380044,9.1825
2017,4,"Rio Grande do Norte","Superior completo",270816.21349246,3134294.65380044,8.6404
2017,4,"Rio Grande do Norte","Fundamental completo ou equivalente",226309.54610606,3134294.65380044,7.2204
2017,4,"Rio Grande do Norte","Médio incompleto ou equivalente",213857.80908055,3134294.65380044,6.8232
2017,4,"Rio Grande do Norte","Superior incompleto ou equivalente",106471.74081594,3134294.65380044,3.397
2017,4,"Rio Grande do Sul","Fundamental incompleto ou equivalente",4091292.77152301,10368445.0424548,39.4591
2017,4,"Rio Grande do Sul","Médio completo ou equivalente",2166681.93557867,10368445.0424548,20.8969
2017,4,"Rio Grande do Sul","Superior completo",1247047.41589725,10368445.0424548,12.0273
2017,4,"Rio Grande do Sul","Fundamental completo ou equivalente",1041630.76074975,10368445.0424548,10.0462
2017,4,"Rio Grande do Sul","Médio incompleto ou equivalente",669186.83430226,10368445.0424548,6.4541
2017,4,"Rio Grande do Sul","Superior incompleto ou equivalente",614667.69242472,10368445.0424548,5.9283
2017,4,"Rio Grande do Sul","Sem instrução e menos de 1 ano de estudo",537937.63197918,10368445.0424548,5.1882
2017,4,"Rondônia","Fundamental incompleto ou equivalente",679757.97119623,1543072.28115617,44.0522
2017,4,"Rondônia","Médio completo ou equivalente",318355.33938088,1543072.28115617,20.6313
2017,4,"Rondônia","Superior completo",133698.56450533,1543072.28115617,8.6644
2017,4,"Rondônia","Fundamental completo ou equivalente",126719.28743227,1543072.28115617,8.2121
2017,4,"Rondônia","Médio incompleto ou equivalente",112887.64821185,1543072.28115617,7.3158
2017,4,"Rondônia","Sem instrução e menos de 1 ano de estudo",110885.29164008,1543072.28115617,7.186
2017,4,"Rondônia","Superior incompleto ou equivalente",60768.17878953,1543072.28115617,3.9381
2017,4,"Roraima","Fundamental incompleto ou equivalente",154234.81655362,455099.35088504,33.8904
2017,4,"Roraima","Médio completo ou equivalente",110726.83423208,455099.35088504,24.3303
2017,4,"Roraima","Superior completo",56903.91698072,455099.35088504,12.5036
2017,4,"Roraima","Sem instrução e menos de 1 ano de estudo",42170.11154538,455099.35088504,9.2661
2017,4,"Roraima","Médio incompleto ou equivalente",35995.35668251,455099.35088504,7.9093
2017,4,"Roraima","Fundamental completo ou equivalente",29009.22052571,455099.35088504,6.3743
2017,4,"Roraima","Superior incompleto ou equivalente",26059.09436502,455099.35088504,5.726
2017,4,"Santa Catarina","Fundamental incompleto ou equivalente",2346806.11173685,6681423.38476792,35.1243
2017,4,"Santa Catarina","Médio completo ou equivalente",1566008.89200733,6681423.38476792,23.4383
2017,4,"Santa Catarina","Superior completo",902270.5696697,6681423.38476792,13.5042
2017,4,"Santa Catarina","Fundamental completo ou equivalente",736256.56499418,6681423.38476792,11.0195
2017,4,"Santa Catarina","Médio incompleto ou equivalente",405724.81511391,6681423.38476792,6.0724
2017,4,"Santa Catarina","Superior incompleto ou equivalente",366265.42763447,6681423.38476792,5.4818
2017,4,"Santa Catarina","Sem instrução e menos de 1 ano de estudo",358091.00361148,6681423.38476792,5.3595
2017,4,"São Paulo","Fundamental incompleto ou equivalente",12700163.9760493,41877794.1450691,30.3267
2017,4,"São Paulo","Médio completo ou equivalente",11859763.9150907,41877794.1450691,28.3199
2017,4,"São Paulo","Superior completo",6505223.59723177,41877794.1450691,15.5338
2017,4,"São Paulo","Fundamental completo ou equivalente",3572784.62942609,41877794.1450691,8.5315
2017,4,"São Paulo","Médio incompleto ou equivalente",2864773.14360396,41877794.1450691,6.8408
2017,4,"São Paulo","Sem instrução e menos de 1 ano de estudo",2341468.07664276,41877794.1450691,5.5912
2017,4,"São Paulo","Superior incompleto ou equivalente",2033616.80702448,41877794.1450691,4.8561
2017,4,"Sergipe","Fundamental incompleto ou equivalente",911759.87668004,2057350.51550962,44.3172
2017,4,"Sergipe","Médio completo ou equivalente",410995.90128157,2057350.51550962,19.977
2017,4,"Sergipe","Sem instrução e menos de 1 ano de estudo",228577.1851815,2057350.51550962,11.1103
2017,4,"Sergipe","Superior completo",163440.826815,2057350.51550962,7.9442
2017,4,"Sergipe","Fundamental completo ou equivalente",136252.92747295,2057350.51550962,6.6227
2017,4,"Sergipe","Médio incompleto ou equivalente",129388.67917737,2057350.51550962,6.2891
2017,4,"Sergipe","Superior incompleto ou equivalente",76935.11890119,2057350.51550962,3.7395
2017,4,"Tocantins","Fundamental incompleto ou equivalente",526663.64484855,1373769.66659675,38.3371
2017,4,"Tocantins","Médio completo ou equivalente",314066.9256182,1373769.66659675,22.8617
2017,4,"Tocantins","Sem instrução e menos de 1 ano de estudo",151445.79422149,1373769.66659675,11.0241
2017,4,"Tocantins","Superior completo",137394.56365906,1373769.66659675,10.0013
2017,4,"Tocantins","Médio incompleto ou equivalente",106361.94658015,1373769.66659675,7.7423
2017,4,"Tocantins","Fundamental completo ou equivalente",85641.31848899,1373769.66659675,6.234
2017,4,"Tocantins","Superior incompleto ou equivalente",52195.47318031,1373769.66659675,3.7994
2018,4,"Acre","Fundamental incompleto ou equivalente",291644.77141085,757232.5225494,38.5146
2018,4,"Acre","Médio completo ou equivalente",158044.63640779,757232.5225494,20.8713
2018,4,"Acre","Sem instrução e menos de 1 ano de estudo",87221.99012723,757232.5225494,11.5185
2018,4,"Acre","Superior completo",74714.48868409,757232.5225494,9.8668
2018,4,"Acre","Fundamental completo ou equivalente",59091.43243869,757232.5225494,7.8036
2018,4,"Acre","Médio incompleto ou equivalente",52329.91401449,757232.5225494,6.9107
2018,4,"Acre","Superior incompleto ou equivalente",34185.28946626,757232.5225494,4.5145
2018,4,"Alagoas","Fundamental incompleto ou equivalente",1295580.98754042,2954518.94039415,43.8508
2018,4,"Alagoas","Médio completo ou equivalente",542613.17125949,2954518.94039415,18.3655
2018,4,"Alagoas","Sem instrução e menos de 1 ano de estudo",393535.62096602,2954518.94039415,13.3198
2018,4,"Alagoas","Superior completo",223491.695074,2954518.94039415,7.5644
2018,4,"Alagoas","Fundamental completo ou equivalente",209214.0268047,2954518.94039415,7.0812
2018,4,"Alagoas","Médio incompleto ou equivalente",201147.24074967,2954518.94039415,6.8081
2018,4,"Alagoas","Superior incompleto ou equivalente",88936.19799985,2954518.94039415,3.0102
2018,4,"Amapá","Fundamental incompleto ou equivalente",246342.41116519,700111.53496594,35.1862
2018,4,"Amapá","Médio completo ou equivalente",171465.36046333,700111.53496594,24.4911
2018,4,"Amapá","Superior completo",69460.6818409,700111.53496594,9.9214
2018,4,"Amapá","Sem instrução e menos de 1 ano de estudo",65393.70859468,700111.53496594,9.3405
2018,4,"Amapá","Médio incompleto ou equivalente",59309.73560383,700111.53496594,8.4715
2018,4,"Amapá","Fundamental completo ou equivalente",48922.68222127,700111.53496594,6.9878
2018,4,"Amapá","Superior incompleto ou equivalente",39216.95507674,700111.53496594,5.6015
2018,4,"Amazonas","Fundamental incompleto ou equivalente",1312029.98859792,3527434.91655364,37.195
2018,4,"Amazonas","Médio completo ou equivalente",924693.49651069,3527434.91655364,26.2143
2018,4,"Amazonas","Superior completo",315177.633845,3527434.91655364,8.935
2018,4,"Amazonas","Sem instrução e menos de 1 ano de estudo",303515.34887232,3527434.91655364,8.6044
2018,4,"Amazonas","Médio incompleto ou equivalente",277502.40886801,3527434.91655364,7.867
2018,4,"Amazonas","Fundamental completo ou equivalente",231556.74488626,3527434.91655364,6.5645
2018,4,"Amazonas","Superior incompleto ou equivalente",162959.29497344,3527434.91655364,4.6198
2018,4,"Bahia","Fundamental incompleto ou equivalente",5590371.82604769,13554514.6582517,41.2436
2018,4,"Bahia","Médio completo ou equivalente",3088894.23991372,13554514.6582517,22.7887
2018,4,"Bahia","Sem instrução e menos de 1 ano de estudo",1740344.63241902,13554514.6582517,12.8396
2018,4,"Bahia","Superior completo",972327.55358817,13554514.6582517,7.1735
2018,4,"Bahia","Médio incompleto ou equivalente",939626.75453993,13554514.6582517,6.9322
2018,4,"Bahia","Fundamental completo ou equivalente",787214.98971685,13554514.6582517,5.8078
2018,4,"Bahia","Superior incompleto ou equivalente",435734.66202629,13554514.6582517,3.2147
2018,4,"Ceará","Fundamental incompleto ou equivalente",3201864.85968303,8326589.7221574,38.4535
2018,4,"Ceará","Médio completo ou equivalente",1864618.91851865,8326589.7221574,22.3935
2018,4,"Ceará","Sem instrução e menos de 1 ano de estudo",904942.95423404,8326589.7221574,10.8681
2018,4,"Ceará","Superior completo",712411.16267484,8326589.7221574,8.5559
2018,4,"Ceará","Fundamental completo ou equivalente",677815.79342343,8326589.7221574,8.1404
2018,4,"Ceará","Médio incompleto ou equivalente",627757.0621451,8326589.7221574,7.5392
2018,4,"Ceará","Superior incompleto ou equivalente",337178.97147831,8326589.7221574,4.0494
2018,4,"Distrito Federal","Fundamental incompleto ou equivalente",703865.00987407,2699500.39359111,26.0739
2018,4,"Distrito Federal","Médio completo ou equivalente",665468.67360654,2699500.39359111,24.6515
2018,4,"Distrito Federal","Superior completo",652954.42299793,2699500.39359111,24.188
2018,4,"Distrito Federal","Fundamental completo ou equivalente",190169.99624081,2699500.39359111,7.0446
2018,4,"Distrito Federal","Superior incompleto ou equivalente",179168.10655482,2699500.39359111,6.6371
2018,4,"Distrito Federal","Médio incompleto ou equivalente",168671.88807727,2699500.39359111,6.2483
2018,4,"Distrito Federal","Sem instrução e menos de 1 ano de estudo",139202.29623967,2699500.39359111,5.1566
2018,4,"Espírito Santo","Fundamental incompleto ou equivalente",1347993.15402009,3643592.52136568,36.9963
2018,4,"Espírito Santo","Médio completo ou equivalente",914790.87422141,3643592.52136568,25.1068
2018,4,"Espírito Santo","Superior completo",411799.21675778,3643592.52136568,11.302
2018,4,"Espírito Santo","Fundamental completo ou equivalente",292282.09915742,3643592.52136568,8.0218
2018,4,"Espírito Santo","Médio incompleto ou equivalente",260167.97725278,3643592.52136568,7.1404
2018,4,"Espírito Santo","Sem instrução e menos de 1 ano de estudo",257589.58465552,3643592.52136568,7.0697
2018,4,"Espírito Santo","Superior incompleto ou equivalente",158969.61530068,3643592.52136568,4.363
2018,4,"Goiás","Fundamental incompleto ou equivalente",2363714.18038574,6404357.05891466,36.9079
2018,4,"Goiás","Médio completo ou equivalente",1494142.82385539,6404357.05891466,23.3301
2018,4,"Goiás","Superior completo",744934.76968536,6404357.05891466,11.6317
2018,4,"Goiás","Médio incompleto ou equivalente",521521.38662228,6404357.05891466,8.1432
2018,4,"Goiás","Fundamental completo ou equivalente",495202.47035874,6404357.05891466,7.7323
2018,4,"Goiás","Sem instrução e menos de 1 ano de estudo",457378.50190605,6404357.05891466,7.1417
2018,4,"Goiás","Superior incompleto ou equivalente",327462.9261011,6404357.05891466,5.1131
2018,4,"Maranhão","Fundamental incompleto ou equivalente",2612992.30994111,6328152.85472384,41.2915
2018,4,"Maranhão","Médio completo ou equivalente",1348737.83972122,6328152.85472384,21.3133
2018,4,"Maranhão","Sem instrução e menos de 1 ano de estudo",843202.31066762,6328152.85472384,13.3246
2018,4,"Maranhão","Médio incompleto ou equivalente",505653.44463978,6328152.85472384,7.9905
2018,4,"Maranhão","Fundamental completo ou equivalente",477221.76834502,6328152.85472384,7.5412
2018,4,"Maranhão","Superior completo",369909.91179323,6328152.85472384,5.8455
2018,4,"Maranhão","Superior incompleto ou equivalente",170435.26961586,6328152.85472384,2.6933
2018,4,"Mato Grosso","Fundamental incompleto ou equivalente",1174073.25296723,3188606.1847343,36.8209
2018,4,"Mato Grosso","Médio completo ou equivalente",636052.62041179,3188606.1847343,19.9477
2018,4,"Mato Grosso","Superior completo",393607.57855623,3188606.1847343,12.3442
2018,4,"Mato Grosso","Médio incompleto ou equivalente",290095.00800061,3188606.1847343,9.0979
2018,4,"Mato Grosso","Sem instrução e menos de 1 ano de estudo",278082.7738217,3188606.1847343,8.7211
2018,4,"Mato Grosso","Fundamental completo ou equivalente",252251.73058951,3188606.1847343,7.911
2018,4,"Mato Grosso","Superior incompleto ou equivalente",164443.22038723,3188606.1847343,5.1572
2018,4,"Mato Grosso do Sul","Fundamental incompleto ou equivalente",979888.22466712,2473255.53907818,39.6194
2018,4,"Mato Grosso do Sul","Médio completo ou equivalente",500446.53135965,2473255.53907818,20.2343
2018,4,"Mato Grosso do Sul","Superior completo",304262.88732981,2473255.53907818,12.3021
2018,4,"Mato Grosso do Sul","Fundamental completo ou equivalente",194144.52550736,2473255.53907818,7.8498
2018,4,"Mato Grosso do Sul","Médio incompleto ou equivalente",191680.85401792,2473255.53907818,7.7501
2018,4,"Mato Grosso do Sul","Sem instrução e menos de 1 ano de estudo",168948.08930693,2473255.53907818,6.831
2018,4,"Mato Grosso do Sul","Superior incompleto ou equivalente",133884.42688939,2473255.53907818,5.4133
2018,4,"Minas Gerais","Fundamental incompleto ou equivalente",7652489.43415751,19418617.1336608,39.408
2018,4,"Minas Gerais","Médio completo ou equivalente",4486950.26164717,19418617.1336608,23.1064
2018,4,"Minas Gerais","Superior completo",2163801.2995956,19418617.1336608,11.1429
2018,4,"Minas Gerais","Fundamental completo ou equivalente",1621624.31067895,19418617.1336608,8.3509
2018,4,"Minas Gerais","Médio incompleto ou equivalente",1363275.14277972,19418617.1336608,7.0205
2018,4,"Minas Gerais","Sem instrução e menos de 1 ano de estudo",1282704.82927435,19418617.1336608,6.6055
2018,4,"Minas Gerais","Superior incompleto ou equivalente",847771.85552749,19418617.1336608,4.3658
2018,4,"Pará","Fundamental incompleto ou equivalente",3363029.0080898,7639913.05386076,44.0192
2018,4,"Pará","Médio completo ou equivalente",1632476.59203663,7639913.05386076,21.3677
2018,4,"Pará","Sem instrução e menos de 1 ano de estudo",677635.17160337,7639913.05386076,8.8697
2018,4,"Pará","Médio incompleto ou equivalente",652968.54743921,7639913.05386076,8.5468
2018,4,"Pará","Fundamental completo ou equivalente",542102.15101655,7639913.05386076,7.0957
2018,4,"Pará","Superior completo",515267.90852643,7639913.05386076,6.7444
2018,4,"Pará","Superior incompleto ou equivalente",256433.67514877,7639913.05386076,3.3565
2018,4,"Paraíba","Fundamental incompleto ou equivalente",1629925.86212111,3704850.6206298,43.9944
2018,4,"Paraíba","Médio completo ou equivalente",706205.5288802,3704850.6206298,19.0616
2018,4,"Paraíba","Sem instrução e menos de 1 ano de estudo",459582.73208335,3704850.6206298,12.4049
2018,4,"Paraíba","Superior completo",320206.77795171,3704850.6206298,8.6429
2018,4,"Paraíba","Fundamental completo ou equivalente",231243.67952896,3704850.6206298,6.2416
2018,4,"Paraíba","Médio incompleto ou equivalente",217834.90674609,3704850.6206298,5.8797
2018,4,"Paraíba","Superior incompleto ou equivalente",139851.13331838,3704850.6206298,3.7748
2018,4,"Paraná","Fundamental incompleto ou equivalente",3905418.45737507,10591469.3752739,36.8732
2018,4,"Paraná","Médio completo ou equivalente",2473462.93737609,10591469.3752739,23.3534
2018,4,"Paraná","Superior completo",1439297.66155999,10591469.3752739,13.5892
2018,4,"Paraná","Fundamental completo ou equivalente",917522.06934844,10591469.3752739,8.6628
2018,4,"Paraná","Médio incompleto ou equivalente",723442.78087137,10591469.3752739,6.8304
2018,4,"Paraná","Sem instrução e menos de 1 ano de estudo",667790.56350315,10591469.3752739,6.305
2018,4,"Paraná","Superior incompleto ou equivalente",464534.90523978,10591469.3752739,4.3859
2018,4,"Pernambuco","Fundamental incompleto ou equivalente",3324085.2373432,8619376.71685321,38.5653
2018,4,"Pernambuco","Médio completo ou equivalente",2122708.31186793,8619376.71685321,24.6272
2018,4,"Pernambuco","Sem instrução e menos de 1 ano de estudo",915389.26414842,8619376.71685321,10.6201
2018,4,"Pernambuco","Superior completo",811950.62456666,8619376.71685321,9.4201
2018,4,"Pernambuco","Fundamental completo ou equivalente",567013.00278012,8619376.71685321,6.5784
2018,4,"Pernambuco","Médio incompleto ou equivalente",555022.16712171,8619376.71685321,6.4392
2018,4,"Pernambuco","Superior incompleto ou equivalente",323208.10902517,8619376.71685321,3.7498
2018,4,"Piauí","Fundamental incompleto ou equivalente",1330655.64658819,3051215.39059277,43.6107
2018,4,"Piauí","Médio completo ou equivalente",553175.84916347,3051215.39059277,18.1297
2018,4,"Piauí","Sem instrução e menos de 1 ano de estudo",359451.13343643,3051215.39059277,11.7806
2018,4,"Piauí","Superior completo",248674.56495608,3051215.39059277,8.15
2018,4,"Piauí","Fundamental completo ou equivalente",218425.38967215,3051215.39059277,7.1586
2018,4,"Piauí","Médio incompleto ou equivalente",217013.21272121,3051215.39059277,7.1124
2018,4,"Piauí","Superior incompleto ou equivalente",123819.59405524,3051215.39059277,4.058
2018,4,"Rio de Janeiro","Fundamental incompleto ou equivalente",4693877.67592441,16095695.5713764,29.1623
2018,4,"Rio de Janeiro","Médio completo ou equivalente",4630653.4254632,16095695.5713764,28.7695
2018,4,"Rio de Janeiro","Superior completo",2504950.92720983,16095695.5713764,15.5629
2018,4,"Rio de Janeiro","Fundamental completo ou equivalente",1401652.55038835,16095695.5713764,8.7082
2018,4,"Rio de Janeiro","Médio incompleto ou equivalente",1060027.71588443,16095695.5713764,6.5858
2018,4,"Rio de Janeiro","Superior incompleto ou equivalente",925891.60631014,16095695.5713764,5.7524
2018,4,"Rio de Janeiro","Sem instrução e menos de 1 ano de estudo",878641.67019607,16095695.5713764,5.4589
2018,4,"Rio Grande do Norte","Fundamental incompleto ou equivalente",1365675.9998558,3149927.86497189,43.3558
2018,4,"Rio Grande do Norte","Médio completo ou equivalente",668411.72036957,3149927.86497189,21.2199
2018,4,"Rio Grande do Norte","Superior completo",307213.16583944,3149927.86497189,9.753
2018,4,"Rio Grande do Norte","Sem instrução e menos de 1 ano de estudo",268093.69535282,3149927.86497189,8.5111
2018,4,"Rio Grande do Norte","Fundamental completo ou equivalente",205774.82426231,3149927.86497189,6.5327
2018,4,"Rio Grande do Norte","Médio incompleto ou equivalente",203249.15615128,3149927.86497189,6.4525
2018,4,"Rio Grande do Norte","Superior incompleto ou equivalente",131509.30314067,3149927.86497189,4.175
2018,4,"Rio Grande do Sul","Fundamental incompleto ou equivalente",3937745.60343921,10417461.0348255,37.7995
2018,4,"Rio Grande do Sul","Médio completo ou equivalente",2314080.60800548,10417461.0348255,22.2135
2018,4,"Rio Grande do Sul","Superior completo",1289386.52615139,10417461.0348255,12.3772
2018,4,"Rio Grande do Sul","Fundamental completo ou equivalente",1028796.70780334,10417461.0348255,9.8757
2018,4,"Rio Grande do Sul","Médio incompleto ou equivalente",680162.13970183,10417461.0348255,6.5291
2018,4,"Rio Grande do Sul","Superior incompleto ou equivalente",643693.14592491,10417461.0348255,6.179
2018,4,"Rio Grande do Sul","Sem instrução e menos de 1 ano de estudo",523596.30379936,10417461.0348255,5.0261
2018,4,"Rondônia","Fundamental incompleto ou equivalente",658179.98983297,1553205.67817995,42.3756
2018,4,"Rondônia","Médio completo ou equivalente",337234.22714548,1553205.67817995,21.7121
2018,4,"Rondônia","Sem instrução e menos de 1 ano de estudo",130040.9126598,1553205.67817995,8.3724
2018,4,"Rondônia","Superior completo",121257.83750416,1553205.67817995,7.8069
2018,4,"Rondônia","Médio incompleto ou equivalente",118251.04766502,1553205.67817995,7.6134
2018,4,"Rondônia","Fundamental completo ou equivalente",113057.63092116,1553205.67817995,7.279
2018,4,"Rondônia","Superior incompleto ou equivalente",75184.03245136,1553205.67817995,4.8406
2018,4,"Roraima","Fundamental incompleto ou equivalente",151496.07701896,480018.01046781,31.5605
2018,4,"Roraima","Médio completo ou equivalente",124827.44478084,480018.01046781,26.0047
2018,4,"Roraima","Superior completo",59735.6384834,480018.01046781,12.4445
2018,4,"Roraima","Sem instrução e menos de 1 ano de estudo",44342.74475028,480018.01046781,9.2377
2018,4,"Roraima","Médio incompleto ou equivalente",38613.74240258,480018.01046781,8.0442
2018,4,"Roraima","Superior incompleto ou equivalente",32009.84169076,480018.01046781,6.6685
2018,4,"Roraima","Fundamental completo ou equivalente",28992.52134099,480018.01046781,6.0399
2018,4,"Santa Catarina","Fundamental incompleto ou equivalente",2364121.65515315,6826162.1649135,34.6332
2018,4,"Santa Catarina","Médio completo ou equivalente",1595147.02119102,6826162.1649135,23.3681
2018,4,"Santa Catarina","Superior completo",951119.40990178,6826162.1649135,13.9334
2018,4,"Santa Catarina","Fundamental completo ou equivalente",732211.32790066,6826162.1649135,10.7265
2018,4,"Santa Catarina","Médio incompleto ou equivalente",436673.27342553,6826162.1649135,6.3971
2018,4,"Santa Catarina","Superior incompleto ou equivalente",379777.472501,6826162.1649135,5.5636
2018,4,"Santa Catarina","Sem instrução e menos de 1 ano de estudo",367112.00484036,6826162.1649135,5.378
2018,4,"São Paulo","Fundamental incompleto ou equivalente",12548771.8157009,42115757.2750244,29.7959
2018,4,"São Paulo","Médio completo ou equivalente",12074434.3548246,42115757.2750244,28.6696
2018,4,"São Paulo","Superior completo",6960644.54760386,42115757.2750244,16.5274
2018,4,"São Paulo","Fundamental completo ou equivalente",3302562.12372868,42115757.2750244,7.8416
2018,4,"São Paulo","Médio incompleto ou equivalente",2849564.33497779,42115757.2750244,6.766
2018,4,"São Paulo","Sem instrução e menos de 1 ano de estudo",2190940.43784668,42115757.2750244,5.2022
2018,4,"São Paulo","Superior incompleto ou equivalente",2188839.66034188,42115757.2750244,5.1972
2018,4,"Sergipe","Fundamental incompleto ou equivalente",884990.50849474,2068576.37829924,42.7826
2018,4,"Sergipe","Médio completo ou equivalente",416391.5167506,2068576.37829924,20.1294
2018,4,"Sergipe","Sem instrução e menos de 1 ano de estudo",223487.6762911,2068576.37829924,10.8039
2018,4,"Sergipe","Superior completo",170122.14689903,2068576.37829924,8.2241
2018,4,"Sergipe","Fundamental completo ou equivalente",146303.24052368,2068576.37829924,7.0727
2018,4,"Sergipe","Médio incompleto ou equivalente",139307.18223477,2068576.37829924,6.7344
2018,4,"Sergipe","Superior incompleto ou equivalente",87974.10710532,2068576.37829924,4.2529
2018,4,"Tocantins","Fundamental incompleto ou equivalente",519805.7585807,1380203.88402158,37.6615
2018,4,"Tocantins","Médio completo ou equivalente",312021.06319693,1380203.88402158,22.6069
2018,4,"Tocantins","Sem instrução e menos de 1 ano de estudo",146705.48675995,1380203.88402158,10.6293
2018,4,"Tocantins","Superior completo",144332.10153219,1380203.88402158,10.4573
2018,4,"Tocantins","Médio incompleto ou equivalente",109580.08113211,1380203.88402158,7.9394
2018,4,"Tocantins","Fundamental completo ou equivalente",88071.35201123,1380203.88402158,6.381
2018,4,"Tocantins","Superior incompleto ou equivalente",59688.04080847,1380203.88402158,4.3246
2019,4,"Acre","Fundamental incompleto ou equivalente",286756.19551353,764982.449504,37.4853
2019,4,"Acre","Médio completo ou equivalente",161969.02302122,764982.449504,21.1729
2019,4,"Acre","Sem instrução e menos de 1 ano de estudo",90805.87275816,764982.449504,11.8703
2019,4,"Acre","Superior completo",82500.63093212,764982.449504,10.7846
2019,4,"Acre","Médio incompleto ou equivalente",57339.6579067,764982.449504,7.4956
2019,4,"Acre","Fundamental completo ou equivalente",55044.80367007,764982.449504,7.1956
2019,4,"Acre","Superior incompleto ou equivalente",30566.2657022,764982.449504,3.9957
2019,4,"Alagoas","Fundamental incompleto ou equivalente",1280068.84218378,2964523.17703108,43.1796
2019,4,"Alagoas","Médio completo ou equivalente",562709.42711674,2964523.17703108,18.9814
2019,4,"Alagoas","Sem instrução e menos de 1 ano de estudo",409657.4075064,2964523.17703108,13.8187
2019,4,"Alagoas","Superior completo",228238.16282467,2964523.17703108,7.699
2019,4,"Alagoas","Médio incompleto ou equivalente",204131.48406898,2964523.17703108,6.8858
2019,4,"Alagoas","Fundamental completo ou equivalente",194598.59387291,2964523.17703108,6.5642
2019,4,"Alagoas","Superior incompleto ou equivalente",85119.2594576,2964523.17703108,2.8713
2019,4,"Amapá","Fundamental incompleto ou equivalente",233925.71028697,700720.47947828,33.3836
2019,4,"Amapá","Médio completo ou equivalente",176364.29594818,700720.47947828,25.169
2019,4,"Amapá","Superior completo",74738.67263483,700720.47947828,10.666
2019,4,"Amapá","Sem instrução e menos de 1 ano de estudo",69163.13073138,700720.47947828,9.8703
2019,4,"Amapá","Médio incompleto ou equivalente",54837.57197383,700720.47947828,7.8259
2019,4,"Amapá","Fundamental completo ou equivalente",51878.85079118,700720.47947828,7.4036
2019,4,"Amapá","Superior incompleto ou equivalente",39812.24711191,700720.47947828,5.6816
2019,4,"Amazonas","Fundamental incompleto ou equivalente",1300991.07316818,3576204.67889263,36.3791
2019,4,"Amazonas","Médio completo ou equivalente",924843.26738423,3576204.67889263,25.861
2019,4,"Amazonas","Superior completo",363182.01194731,3576204.67889263,10.1555
2019,4,"Amazonas","Sem instrução e menos de 1 ano de estudo",304071.17631481,3576204.67889263,8.5026
2019,4,"Amazonas","Médio incompleto ou equivalente",278401.60071542,3576204.67889263,7.7848
2019,4,"Amazonas","Fundamental completo ou equivalente",235996.87139076,3576204.67889263,6.5991
2019,4,"Amazonas","Superior incompleto ou equivalente",168718.67797192,3576204.67889263,4.7178
2019,4,"Bahia","Fundamental incompleto ou equivalente",5432239.57513148,13637215.7273298,39.8339
2019,4,"Bahia","Médio completo ou equivalente",3213011.42149893,13637215.7273298,23.5606
2019,4,"Bahia","Sem instrução e menos de 1 ano de estudo",1752632.1494616,13637215.7273298,12.8518
2019,4,"Bahia","Superior completo",993240.61303405,13637215.7273298,7.2833
2019,4,"Bahia","Médio incompleto ou equivalente",988001.03133281,13637215.7273298,7.2449
2019,4,"Bahia","Fundamental completo ou equivalente",802278.92894612,13637215.7273298,5.883
2019,4,"Bahia","Superior incompleto ou equivalente",455812.00792478,13637215.7273298,3.3424
2019,4,"Ceará","Fundamental incompleto ou equivalente",3149573.55911602,8371524.21192526,37.6225
2019,4,"Ceará","Médio completo ou equivalente",1909059.82821262,8371524.21192526,22.8042
2019,4,"Ceará","Sem instrução e menos de 1 ano de estudo",949930.96996959,8371524.21192526,11.3472
2019,4,"Ceará","Superior completo",740093.0784106,8371524.21192526,8.8406
2019,4,"Ceará","Fundamental completo ou equivalente",654437.46410068,8371524.21192526,7.8174
2019,4,"Ceará","Médio incompleto ou equivalente",634758.05287457,8371524.21192526,7.5823
2019,4,"Ceará","Superior incompleto ou equivalente",333671.25924118,8371524.21192526,3.9858
2019,4,"Distrito Federal","Fundamental incompleto ou equivalente",700867.66234453,2712865.06556069,25.835
2019,4,"Distrito Federal","Superior completo",677829.57019379,2712865.06556069,24.9857
2019,4,"Distrito Federal","Médio completo ou equivalente",677672.92424158,2712865.06556069,24.98
2019,4,"Distrito Federal","Superior incompleto ou equivalente",172899.24306107,2712865.06556069,6.3733
2019,4,"Distrito Federal","Fundamental completo ou equivalente",171190.42990282,2712865.06556069,6.3103
2019,4,"Distrito Federal","Médio incompleto ou equivalente",164371.34628421,2712865.06556069,6.059
2019,4,"Distrito Federal","Sem instrução e menos de 1 ano de estudo",148033.88953269,2712865.06556069,5.4567
2019,4,"Espírito Santo","Fundamental incompleto ou equivalente",1366868.64460237,3684323.68210134,37.0996
2019,4,"Espírito Santo","Médio completo ou equivalente",929235.95745219,3684323.68210134,25.2213
2019,4,"Espírito Santo","Superior completo",461284.90204635,3684323.68210134,12.5202
2019,4,"Espírito Santo","Fundamental completo ou equivalente",275354.68812526,3684323.68210134,7.4737
2019,4,"Espírito Santo","Sem instrução e menos de 1 ano de estudo",252356.16616843,3684323.68210134,6.8495
2019,4,"Espírito Santo","Médio incompleto ou equivalente",241131.89551926,3684323.68210134,6.5448
2019,4,"Espírito Santo","Superior incompleto ou equivalente",158091.42818748,3684323.68210134,4.2909
2019,4,"Goiás","Fundamental incompleto ou equivalente",2338184.3942756,6514936.11716668,35.8896
2019,4,"Goiás","Médio completo ou equivalente",1602964.71597268,6514936.11716668,24.6045
2019,4,"Goiás","Superior completo",787888.70747678,6514936.11716668,12.0936
2019,4,"Goiás","Médio incompleto ou equivalente",508614.95828318,6514936.11716668,7.8069
2019,4,"Goiás","Sem instrução e menos de 1 ano de estudo",470870.64040914,6514936.11716668,7.2276
2019,4,"Goiás","Fundamental completo ou equivalente",466848.30723354,6514936.11716668,7.1658
2019,4,"Goiás","Superior incompleto ou equivalente",339564.39351576,6514936.11716668,5.2121
2019,4,"Maranhão","Fundamental incompleto ou equivalente",2536507.58425115,6345205.85484309,39.9752
2019,4,"Maranhão","Médio completo ou equivalente",1433230.22913522,6345205.85484309,22.5876
2019,4,"Maranhão","Sem instrução e menos de 1 ano de estudo",832203.36781189,6345205.85484309,13.1155
2019,4,"Maranhão","Médio incompleto ou equivalente",487437.58800627,6345205.85484309,7.682
2019,4,"Maranhão","Fundamental completo ou equivalente",478196.61402978,6345205.85484309,7.5363
2019,4,"Maranhão","Superior completo",392040.62623481,6345205.85484309,6.1785
2019,4,"Maranhão","Superior incompleto ou equivalente",185589.84537397,6345205.85484309,2.9249
2019,4,"Mato Grosso","Fundamental incompleto ou equivalente",1189207.25415013,3237937.42885612,36.7273
2019,4,"Mato Grosso","Médio completo ou equivalente",712253.10227259,3237937.42885612,21.9971
2019,4,"Mato Grosso","Superior completo",383104.3219563,3237937.42885612,11.8317
2019,4,"Mato Grosso","Médio incompleto ou equivalente",295101.3084803,3237937.42885612,9.1139
2019,4,"Mato Grosso","Sem instrução e menos de 1 ano de estudo",264475.26508789,3237937.42885612,8.168
2019,4,"Mato Grosso","Fundamental completo ou equivalente",230912.39520354,3237937.42885612,7.1315
2019,4,"Mato Grosso","Superior incompleto ou equivalente",162883.78170537,3237937.42885612,5.0305
2019,4,"Mato Grosso do Sul","Fundamental incompleto ou equivalente",964871.30774504,2509885.50194553,38.4428
2019,4,"Mato Grosso do Sul","Médio completo ou equivalente",513235.41618122,2509885.50194553,20.4486
2019,4,"Mato Grosso do Sul","Superior completo",326085.91644411,2509885.50194553,12.9921
2019,4,"Mato Grosso do Sul","Fundamental completo ou equivalente",202822.93006585,2509885.50194553,8.081
2019,4,"Mato Grosso do Sul","Médio incompleto ou equivalente",183921.12635831,2509885.50194553,7.3279
2019,4,"Mato Grosso do Sul","Sem instrução e menos de 1 ano de estudo",175856.6292643,2509885.50194553,7.0066
2019,4,"Mato Grosso do Sul","Superior incompleto ou equivalente",143092.1758867,2509885.50194553,5.7011
2019,4,"Minas Gerais","Fundamental incompleto ou equivalente",7599405.40030565,19586815.4372238,38.7986
2019,4,"Minas Gerais","Médio completo ou equivalente",4705804.04601329,19586815.4372238,24.0254
2019,4,"Minas Gerais","Superior completo",2174219.22363484,19586815.4372238,11.1004
2019,4,"Minas Gerais","Fundamental completo ou equivalente",1686864.19987842,19586815.4372238,8.6122
2019,4,"Minas Gerais","Médio incompleto ou equivalente",1353714.02368693,19586815.4372238,6.9114
2019,4,"Minas Gerais","Sem instrução e menos de 1 ano de estudo",1186703.22670462,19586815.4372238,6.0587
2019,4,"Minas Gerais","Superior incompleto ou equivalente",880105.31700009,19586815.4372238,4.4934
2019,4,"Pará","Fundamental incompleto ou equivalente",3221093.57122286,7690238.73794823,41.8855
2019,4,"Pará","Médio completo ou equivalente",1717044.3333072,7690238.73794823,22.3276
2019,4,"Pará","Sem instrução e menos de 1 ano de estudo",679732.09107625,7690238.73794823,8.8389
2019,4,"Pará","Fundamental completo ou equivalente",626898.96533245,7690238.73794823,8.1519
2019,4,"Pará","Médio incompleto ou equivalente",605260.58358983,7690238.73794823,7.8705
2019,4,"Pará","Superior completo",563733.42518691,7690238.73794823,7.3305
2019,4,"Pará","Superior incompleto ou equivalente",276475.76823273,7690238.73794823,3.5952
2019,4,"Paraíba","Fundamental incompleto ou equivalente",1619443.08647876,3719881.10699809,43.5348
2019,4,"Paraíba","Médio completo ou equivalente",740575.12466231,3719881.10699809,19.9086
2019,4,"Paraíba","Sem instrução e menos de 1 ano de estudo",430192.49947448,3719881.10699809,11.5647
2019,4,"Paraíba","Superior completo",346736.9420639,3719881.10699809,9.3212
2019,4,"Paraíba","Médio incompleto ou equivalente",227832.48624772,3719881.10699809,6.1247
2019,4,"Paraíba","Fundamental completo ou equivalente",225412.77646247,3719881.10699809,6.0597
2019,4,"Paraíba","Superior incompleto ou equivalente",129688.19160845,3719881.10699809,3.4864
2019,4,"Paraná","Fundamental incompleto ou equivalente",3707705.2503206,10657554.0618443,34.7895
2019,4,"Paraná","Médio completo ou equivalente",2550883.23991347,10657554.0618443,23.935
2019,4,"Paraná","Superior completo",1512413.36983822,10657554.0618443,14.191
2019,4,"Paraná","Fundamental completo ou equivalente",918932.96319704,10657554.0618443,8.6224
2019,4,"Paraná","Médio incompleto ou equivalente",759794.29652913,10657554.0618443,7.1292
2019,4,"Paraná","Sem instrução e menos de 1 ano de estudo",710060.86776603,10657554.0618443,6.6625
2019,4,"Paraná","Superior incompleto ou equivalente",497764.07427985,10657554.0618443,4.6705
2019,4,"Pernambuco","Fundamental incompleto ou equivalente",3359389.47363619,8697300.2761954,38.6257
2019,4,"Pernambuco","Médio completo ou equivalente",2162914.23606619,8697300.2761954,24.8688
2019,4,"Pernambuco","Sem instrução e menos de 1 ano de estudo",933317.62774697,8697300.2761954,10.7311
2019,4,"Pernambuco","Superior completo",839061.87576475,8697300.2761954,9.6474
2019,4,"Pernambuco","Fundamental completo ou equivalente",575597.18563939,8697300.2761954,6.6181
2019,4,"Pernambuco","Médio incompleto ou equivalente",501867.65619843,8697300.2761954,5.7704
2019,4,"Pernambuco","Superior incompleto ou equivalente",325152.22114348,8697300.2761954,3.7385
2019,4,"Piauí","Fundamental incompleto ou equivalente",1340478.5614346,3087671.58342849,43.4139
2019,4,"Piauí","Médio completo ou equivalente",581870.93675009,3087671.58342849,18.845
2019,4,"Piauí","Sem instrução e menos de 1 ano de estudo",365473.68974794,3087671.58342849,11.8365
2019,4,"Piauí","Superior completo",261725.48050262,3087671.58342849,8.4765
2019,4,"Piauí","Médio incompleto ou equivalente",215004.06147984,3087671.58342849,6.9633
2019,4,"Piauí","Fundamental completo ou equivalente",202159.20085056,3087671.58342849,6.5473
2019,4,"Piauí","Superior incompleto ou equivalente",120959.65266284,3087671.58342849,3.9175
2019,4,"Rio de Janeiro","Médio completo ou equivalente",4715740.4447488,16185052.4336962,29.1364
2019,4,"Rio de Janeiro","Fundamental incompleto ou equivalente",4618655.67906972,16185052.4336962,28.5366
2019,4,"Rio de Janeiro","Superior completo",2649531.5068139,16185052.4336962,16.3702
2019,4,"Rio de Janeiro","Fundamental completo ou equivalente",1319591.69827109,16185052.4336962,8.1532
2019,4,"Rio de Janeiro","Médio incompleto ou equivalente",1062203.64547337,16185052.4336962,6.5629
2019,4,"Rio de Janeiro","Superior incompleto ou equivalente",964494.32784245,16185052.4336962,5.9592
2019,4,"Rio de Janeiro","Sem instrução e menos de 1 ano de estudo",854835.13147684,16185052.4336962,5.2816
2019,4,"Rio Grande do Norte","Fundamental incompleto ou equivalente",1293554.79623928,3154776.77469527,41.0031
2019,4,"Rio Grande do Norte","Médio completo ou equivalente",657212.92474907,3154776.77469527,20.8323
2019,4,"Rio Grande do Norte","Superior completo",333778.4662733,3154776.77469527,10.5801
2019,4,"Rio Grande do Norte","Sem instrução e menos de 1 ano de estudo",304877.04669575,3154776.77469527,9.664
2019,4,"Rio Grande do Norte","Médio incompleto ou equivalente",240938.80778952,3154776.77469527,7.6373
2019,4,"Rio Grande do Norte","Fundamental completo ou equivalente",191796.06183875,3154776.77469527,6.0795
2019,4,"Rio Grande do Norte","Superior incompleto ou equivalente",132618.6711096,3154776.77469527,4.2037
2019,4,"Rio Grande do Sul","Fundamental incompleto ou equivalente",3792891.78565668,10424497.7550451,36.3844
2019,4,"Rio Grande do Sul","Médio completo ou equivalente",2338369.32648795,10424497.7550451,22.4315
2019,4,"Rio Grande do Sul","Superior completo",1396618.75769166,10424497.7550451,13.3975
2019,4,"Rio Grande do Sul","Fundamental completo ou equivalente",1018986.36408706,10424497.7550451,9.7749
2019,4,"Rio Grande do Sul","Médio incompleto ou equivalente",684995.09507812,10424497.7550451,6.571
2019,4,"Rio Grande do Sul","Superior incompleto ou equivalente",648989.56152059,10424497.7550451,6.2256
2019,4,"Rio Grande do Sul","Sem instrução e menos de 1 ano de estudo",543646.86452308,10424497.7550451,5.2151
2019,4,"Rondônia","Fundamental incompleto ou equivalente",626083.47985798,1559105.56371823,40.1566
2019,4,"Rondônia","Médio completo ou equivalente",349782.61668313,1559105.56371823,22.4348
2019,4,"Rondônia","Superior completo",153748.26002691,1559105.56371823,9.8613
2019,4,"Rondônia","Médio incompleto ou equivalente",131846.15121872,1559105.56371823,8.4565
2019,4,"Rondônia","Fundamental completo ou equivalente",114854.74175715,1559105.56371823,7.3667
2019,4,"Rondônia","Sem instrução e menos de 1 ano de estudo",113934.79761502,1559105.56371823,7.3077
2019,4,"Rondônia","Superior incompleto ou equivalente",68855.51655932,1559105.56371823,4.4163
2019,4,"Roraima","Fundamental incompleto ou equivalente",151706.05891076,490119.94189545,30.9528
2019,4,"Roraima","Médio completo ou equivalente",134033.96911686,490119.94189545,27.3472
2019,4,"Roraima","Superior completo",59128.8335646,490119.94189545,12.0642
2019,4,"Roraima","Sem instrução e menos de 1 ano de estudo",46250.26047718,490119.94189545,9.4365
2019,4,"Roraima","Médio incompleto ou equivalente",40544.84989686,490119.94189545,8.2724
2019,4,"Roraima","Superior incompleto ou equivalente",30653.8658212,490119.94189545,6.2544
2019,4,"Roraima","Fundamental completo ou equivalente",27802.10410799,490119.94189545,5.6725
2019,4,"Santa Catarina","Fundamental incompleto ou equivalente",2342407.18393804,6951263.70377514,33.6976
2019,4,"Santa Catarina","Médio completo ou equivalente",1672475.77583707,6951263.70377514,24.06
2019,4,"Santa Catarina","Superior completo",994946.32802142,6951263.70377514,14.3132
2019,4,"Santa Catarina","Fundamental completo ou equivalente",754811.46537535,6951263.70377514,10.8586
2019,4,"Santa Catarina","Médio incompleto ou equivalente",478312.24046345,6951263.70377514,6.8809
2019,4,"Santa Catarina","Sem instrução e menos de 1 ano de estudo",360034.04716001,6951263.70377514,5.1794
2019,4,"Santa Catarina","Superior incompleto ou equivalente",348276.6629798,6951263.70377514,5.0103
2019,4,"São Paulo","Médio completo ou equivalente",12322328.402971,42266810.9409015,29.1537
2019,4,"São Paulo","Fundamental incompleto ou equivalente",12262935.9771864,42266810.9409015,29.0132
2019,4,"São Paulo","Superior completo",7140109.96653236,42266810.9409015,16.8929
2019,4,"São Paulo","Fundamental completo ou equivalente",3314226.49140671,42266810.9409015,7.8412
2019,4,"São Paulo","Médio incompleto ou equivalente",2838738.858098,42266810.9409015,6.7162
2019,4,"São Paulo","Sem instrução e menos de 1 ano de estudo",2243345.34966685,42266810.9409015,5.3076
2019,4,"São Paulo","Superior incompleto ou equivalente",2145125.89504023,42266810.9409015,5.0752
2019,4,"Sergipe","Fundamental incompleto ou equivalente",897422.56059157,2077001.85574729,43.2076
2019,4,"Sergipe","Médio completo ou equivalente",441279.63145414,2077001.85574729,21.246
2019,4,"Sergipe","Sem instrução e menos de 1 ano de estudo",192784.2469699,2077001.85574729,9.2819
2019,4,"Sergipe","Superior completo",183811.79709317,2077001.85574729,8.8499
2019,4,"Sergipe","Médio incompleto ou equivalente",151692.77268929,2077001.85574729,7.3034
2019,4,"Sergipe","Fundamental completo ou equivalente",125576.36322157,2077001.85574729,6.046
2019,4,"Sergipe","Superior incompleto ou equivalente",84434.48372765,2077001.85574729,4.0652
2019,4,"Tocantins","Fundamental incompleto ou equivalente",539822.52982605,1398944.45289915,38.5878
2019,4,"Tocantins","Médio completo ou equivalente",320214.43343403,1398944.45289915,22.8897
2019,4,"Tocantins","Superior completo",152091.62856604,1398944.45289915,10.8719
2019,4,"Tocantins","Sem instrução e menos de 1 ano de estudo",135888.12482948,1398944.45289915,9.7136
2019,4,"Tocantins","Médio incompleto ou equivalente",100969.70558431,1398944.45289915,7.2176
2019,4,"Tocantins","Fundamental completo ou equivalente",83910.81899533,1398944.45289915,5.9982
2019,4,"Tocantins","Superior incompleto ou equivalente",66047.21166391,1398944.45289915,4.7212
2020,4,"Acre","Fundamental incompleto ou equivalente",269860.99558484,773926.96126357,34.8691
2020,4,"Acre","Médio completo ou equivalente",168756.0312899,773926.96126357,21.8052
2020,4,"Acre","Sem instrução e menos de 1 ano de estudo",90853.54745391,773926.96126357,11.7393
2020,4,"Acre","Superior completo",90273.80294577,773926.96126357,11.6644
2020,4,"Acre","Médio incompleto ou equivalente",59902.17134078,773926.96126357,7.74
2020,4,"Acre","Fundamental completo ou equivalente",57991.39839245,773926.96126357,7.4931
2020,4,"Acre","Superior incompleto ou equivalente",36289.01425592,773926.96126357,4.6889
2020,4,"Alagoas","Fundamental incompleto ou equivalente",1163382.93279503,2952304.20935771,39.4059
2020,4,"Alagoas","Médio completo ou equivalente",649720.35481474,2952304.20935771,22.0072
2020,4,"Alagoas","Sem instrução e menos de 1 ano de estudo",359889.32120649,2952304.20935771,12.1901
2020,4,"Alagoas","Superior completo",263490.35354499,2952304.20935771,8.9249
2020,4,"Alagoas","Médio incompleto ou equivalente",205252.57097164,2952304.20935771,6.9523
2020,4,"Alagoas","Fundamental completo ou equivalente",184021.49746026,2952304.20935771,6.2331
2020,4,"Alagoas","Superior incompleto ou equivalente",126547.17856456,2952304.20935771,4.2864
2020,4,"Amapá","Fundamental incompleto ou equivalente",225317.89206676,710403.75878499,31.7169
2020,4,"Amapá","Médio completo ou equivalente",190838.83532382,710403.75878499,26.8634
2020,4,"Amapá","Superior completo",84176.78821076,710403.75878499,11.8491
2020,4,"Amapá","Sem instrução e menos de 1 ano de estudo",61742.57419765,710403.75878499,8.6912
2020,4,"Amapá","Médio incompleto ou equivalente",57761.67875069,710403.75878499,8.1308
2020,4,"Amapá","Fundamental completo ou equivalente",47431.58958197,710403.75878499,6.6767
2020,4,"Amapá","Superior incompleto ou equivalente",43134.40065334,710403.75878499,6.0718
2020,4,"Amazonas","Fundamental incompleto ou equivalente",1248376.80019386,3646443.62339305,34.2355
2020,4,"Amazonas","Médio completo ou equivalente",1032287.38205342,3646443.62339305,28.3094
2020,4,"Amazonas","Superior completo",354396.85035323,3646443.62339305,9.719
2020,4,"Amazonas","Sem instrução e menos de 1 ano de estudo",328154.82052187,3646443.62339305,8.9993
2020,4,"Amazonas","Fundamental completo ou equivalente",270585.02457594,3646443.62339305,7.4205
2020,4,"Amazonas","Médio incompleto ou equivalente",270023.79290261,3646443.62339305,7.4051
2020,4,"Amazonas","Superior incompleto ou equivalente",142618.95279212,3646443.62339305,3.9112
2020,4,"Bahia","Fundamental incompleto ou equivalente",5000804.37837374,13723574.486913,36.4395
2020,4,"Bahia","Médio completo ou equivalente",3501284.25867163,13723574.486913,25.5129
2020,4,"Bahia","Sem instrução e menos de 1 ano de estudo",1705482.32569872,13723574.486913,12.4274
2020,4,"Bahia","Superior completo",1121084.07271393,13723574.486913,8.169
2020,4,"Bahia","Médio incompleto ou equivalente",957614.07569667,13723574.486913,6.9779
2020,4,"Bahia","Fundamental completo ou equivalente",874581.22196982,13723574.486913,6.3728
2020,4,"Bahia","Superior incompleto ou equivalente",562724.15378846,13723574.486913,4.1004
2020,4,"Ceará","Fundamental incompleto ou equivalente",2925574.12356463,8457384.65541568,34.5919
2020,4,"Ceará","Médio completo ou equivalente",2126340.04067478,8457384.65541568,25.1418
2020,4,"Ceará","Sem instrução e menos de 1 ano de estudo",926867.08466944,8457384.65541568,10.9593
2020,4,"Ceará","Superior completo",774195.94809967,8457384.65541568,9.1541
2020,4,"Ceará","Fundamental completo ou equivalente",758298.83581,8457384.65541568,8.9661
2020,4,"Ceará","Médio incompleto ou equivalente",599427.25407434,8457384.65541568,7.0876
2020,4,"Ceará","Superior incompleto ou equivalente",346681.36852282,8457384.65541568,4.0992
2020,4,"Distrito Federal","Superior completo",747354.88397379,2722063.99769909,27.4554
2020,4,"Distrito Federal","Médio completo ou equivalente",683735.07492441,2722063.99769909,25.1183
2020,4,"Distrito Federal","Fundamental incompleto ou equivalente",617831.28187606,2722063.99769909,22.6972
2020,4,"Distrito Federal","Superior incompleto ou equivalente",197390.71852951,2722063.99769909,7.2515
2020,4,"Distrito Federal","Médio incompleto ou equivalente",169219.68598874,2722063.99769909,6.2166
2020,4,"Distrito Federal","Sem instrução e menos de 1 ano de estudo",167765.42141448,2722063.99769909,6.1632
2020,4,"Distrito Federal","Fundamental completo ou equivalente",138766.9309921,2722063.99769909,5.0979
2020,4,"Espírito Santo","Fundamental incompleto ou equivalente",1248563.75871814,3698303.0258821,33.7605
2020,4,"Espírito Santo","Médio completo ou equivalente",954623.93839424,3698303.0258821,25.8125
2020,4,"Espírito Santo","Superior completo",505817.51020241,3698303.0258821,13.677
2020,4,"Espírito Santo","Fundamental completo ou equivalente",276210.44574587,3698303.0258821,7.4686
2020,4,"Espírito Santo","Sem instrução e menos de 1 ano de estudo",273254.7026695,3698303.0258821,7.3887
2020,4,"Espírito Santo","Médio incompleto ou equivalente",263864.05051115,3698303.0258821,7.1347
2020,4,"Espírito Santo","Superior incompleto ou equivalente",175968.61964079,3698303.0258821,4.7581
2020,4,"Goiás","Fundamental incompleto ou equivalente",2149184.79826826,6570391.22826276,32.7101
2020,4,"Goiás","Médio completo ou equivalente",1659460.4468178,6570391.22826276,25.2566
2020,4,"Goiás","Superior completo",806906.41338076,6570391.22826276,12.2809
2020,4,"Goiás","Médio incompleto ou equivalente",559083.93964609,6570391.22826276,8.5091
2020,4,"Goiás","Sem instrução e menos de 1 ano de estudo",526989.19841544,6570391.22826276,8.0207
2020,4,"Goiás","Fundamental completo ou equivalente",518392.53442719,6570391.22826276,7.8898
2020,4,"Goiás","Superior incompleto ou equivalente",350373.89730722,6570391.22826276,5.3326
2020,4,"Maranhão","Fundamental incompleto ou equivalente",2447633.97734484,6357277.6015015,38.5013
2020,4,"Maranhão","Médio completo ou equivalente",1522735.83221811,6357277.6015015,23.9526
2020,4,"Maranhão","Sem instrução e menos de 1 ano de estudo",781575.54994203,6357277.6015015,12.2942
2020,4,"Maranhão","Fundamental completo ou equivalente",528652.29204807,6357277.6015015,8.3157
2020,4,"Maranhão","Médio incompleto ou equivalente",492498.36051842,6357277.6015015,7.747
2020,4,"Maranhão","Superior completo",398444.10155638,6357277.6015015,6.2675
2020,4,"Maranhão","Superior incompleto ou equivalente",185737.48787365,6357277.6015015,2.9217
2020,4,"Mato Grosso","Fundamental incompleto ou equivalente",1136649.74209467,3295485.14616987,34.4911
2020,4,"Mato Grosso","Médio completo ou equivalente",707663.87780797,3295485.14616987,21.4737
2020,4,"Mato Grosso","Superior completo",453518.84904733,3295485.14616987,13.7618
2020,4,"Mato Grosso","Médio incompleto ou equivalente",302449.59942282,3295485.14616987,9.1777
2020,4,"Mato Grosso","Fundamental completo ou equivalente",262760.595631,3295485.14616987,7.9734
2020,4,"Mato Grosso","Sem instrução e menos de 1 ano de estudo",256727.7526631,3295485.14616987,7.7903
2020,4,"Mato Grosso","Superior incompleto ou equivalente",175714.72950298,3295485.14616987,5.332
2020,4,"Mato Grosso do Sul","Fundamental incompleto ou equivalente",900340.39575592,2498302.3056443,36.0381
2020,4,"Mato Grosso do Sul","Médio completo ou equivalente",509134.00224786,2498302.3056443,20.3792
2020,4,"Mato Grosso do Sul","Superior completo",355751.92096175,2498302.3056443,14.2397
2020,4,"Mato Grosso do Sul","Sem instrução e menos de 1 ano de estudo",206765.2774136,2498302.3056443,8.2762
2020,4,"Mato Grosso do Sul","Fundamental completo ou equivalente",199967.79736286,2498302.3056443,8.0041
2020,4,"Mato Grosso do Sul","Médio incompleto ou equivalente",171983.05417695,2498302.3056443,6.884
2020,4,"Mato Grosso do Sul","Superior incompleto ou equivalente",154359.85772536,2498302.3056443,6.1786
2020,4,"Minas Gerais","Fundamental incompleto ou equivalente",7387516.23596903,19607530.7800352,37.6769
2020,4,"Minas Gerais","Médio completo ou equivalente",4832383.5224972,19607530.7800352,24.6455
2020,4,"Minas Gerais","Superior completo",2406964.79974519,19607530.7800352,12.2757
2020,4,"Minas Gerais","Fundamental completo ou equivalente",1628885.95643637,19607530.7800352,8.3075
2020,4,"Minas Gerais","Médio incompleto ou equivalente",1303012.39175232,19607530.7800352,6.6455
2020,4,"Minas Gerais","Sem instrução e menos de 1 ano de estudo",1173851.20094974,19607530.7800352,5.9867
2020,4,"Minas Gerais","Superior incompleto ou equivalente",874916.67268533,19607530.7800352,4.4621
2020,4,"Pará","Fundamental incompleto ou equivalente",3017346.00481133,7730057.5759247,39.0339
2020,4,"Pará","Médio completo ou equivalente",1927102.2829021,7730057.5759247,24.93
2020,4,"Pará","Médio incompleto ou equivalente",660207.14146347,7730057.5759247,8.5408
2020,4,"Pará","Superior completo",648682.55902352,7730057.5759247,8.3917
2020,4,"Pará","Sem instrução e menos de 1 ano de estudo",648091.12585836,7730057.5759247,8.384
2020,4,"Pará","Fundamental completo ou equivalente",550726.96115417,7730057.5759247,7.1245
2020,4,"Pará","Superior incompleto ou equivalente",277901.50071175,7730057.5759247,3.5951
2020,4,"Paraíba","Fundamental incompleto ou equivalente",1520814.3268325,3750580.82696291,40.5488
2020,4,"Paraíba","Médio completo ou equivalente",775720.700805,3750580.82696291,20.6827
2020,4,"Paraíba","Sem instrução e menos de 1 ano de estudo",415204.46281644,3750580.82696291,11.0704
2020,4,"Paraíba","Superior completo",362765.48913831,3750580.82696291,9.6722
2020,4,"Paraíba","Médio incompleto ou equivalente",271278.41968088,3750580.82696291,7.233
2020,4,"Paraíba","Fundamental completo ou equivalente",250868.12994242,3750580.82696291,6.6888
2020,4,"Paraíba","Superior incompleto ou equivalente",153929.29774736,3750580.82696291,4.1041
2020,4,"Paraná","Fundamental incompleto ou equivalente",3556343.00349506,10838222.1913716,32.813
2020,4,"Paraná","Médio completo ou equivalente",2637462.10139367,10838222.1913716,24.3348
2020,4,"Paraná","Superior completo",1802855.53451557,10838222.1913716,16.6342
2020,4,"Paraná","Fundamental completo ou equivalente",896907.24382786,10838222.1913716,8.2754
2020,4,"Paraná","Médio incompleto ou equivalente",761674.82690582,10838222.1913716,7.0277
2020,4,"Paraná","Sem instrução e menos de 1 ano de estudo",637961.16302663,10838222.1913716,5.8862
2020,4,"Paraná","Superior incompleto ou equivalente",545018.31820702,10838222.1913716,5.0287
2020,4,"Pernambuco","Fundamental incompleto ou equivalente",3159069.67201741,8647880.8124973,36.53
2020,4,"Pernambuco","Médio completo ou equivalente",2291998.30091354,8647880.8124973,26.5036
2020,4,"Pernambuco","Sem instrução e menos de 1 ano de estudo",881466.51551391,8647880.8124973,10.1929
2020,4,"Pernambuco","Superior completo",786856.46686872,8647880.8124973,9.0988
2020,4,"Pernambuco","Médio incompleto ou equivalente",611688.47707229,8647880.8124973,7.0733
2020,4,"Pernambuco","Fundamental completo ou equivalente",593271.2070718,8647880.8124973,6.8603
2020,4,"Pernambuco","Superior incompleto ou equivalente",323530.17303963,8647880.8124973,3.7411
2020,4,"Piauí","Fundamental incompleto ou equivalente",1295967.68203173,3089778.46912476,41.9437
2020,4,"Piauí","Médio completo ou equivalente",630374.92515936,3089778.46912476,20.4019
2020,4,"Piauí","Sem instrução e menos de 1 ano de estudo",346622.84024373,3089778.46912476,11.2184
2020,4,"Piauí","Superior completo",297546.86506799,3089778.46912476,9.63
2020,4,"Piauí","Fundamental completo ou equivalente",202222.17839586,3089778.46912476,6.5449
2020,4,"Piauí","Médio incompleto ou equivalente",188032.23846044,3089778.46912476,6.0856
2020,4,"Piauí","Superior incompleto ou equivalente",129011.73976565,3089778.46912476,4.1754
2020,4,"Rio de Janeiro","Médio completo ou equivalente",4556930.07126309,16242569.1134525,28.0555
2020,4,"Rio de Janeiro","Fundamental incompleto ou equivalente",4349498.09926179,16242569.1134525,26.7784
2020,4,"Rio de Janeiro","Superior completo",3111735.21874876,16242569.1134525,19.1579
2020,4,"Rio de Janeiro","Fundamental completo ou equivalente",1299559.64821408,16242569.1134525,8.0009
2020,4,"Rio de Janeiro","Médio incompleto ou equivalente",1076700.15660362,16242569.1134525,6.6289
2020,4,"Rio de Janeiro","Superior incompleto ou equivalente",1016099.71189626,16242569.1134525,6.2558
2020,4,"Rio de Janeiro","Sem instrução e menos de 1 ano de estudo",832046.20746488,16242569.1134525,5.1226
2020,4,"Rio Grande do Norte","Fundamental incompleto ou equivalente",1189404.06969454,3209854.41402061,37.0548
2020,4,"Rio Grande do Norte","Médio completo ou equivalente",775372.1975386,3209854.41402061,24.156
2020,4,"Rio Grande do Norte","Superior completo",359029.19546195,3209854.41402061,11.1852
2020,4,"Rio Grande do Norte","Sem instrução e menos de 1 ano de estudo",293518.69197271,3209854.41402061,9.1443
2020,4,"Rio Grande do Norte","Fundamental completo ou equivalente",241579.34086375,3209854.41402061,7.5262
2020,4,"Rio Grande do Norte","Médio incompleto ou equivalente",236800.05176164,3209854.41402061,7.3773
2020,4,"Rio Grande do Norte","Superior incompleto ou equivalente",114150.86672742,3209854.41402061,3.5563
2020,4,"Rio Grande do Sul","Fundamental incompleto ou equivalente",3537493.41685481,10499271.6002179,33.6928
2020,4,"Rio Grande do Sul","Médio completo ou equivalente",2417645.09595485,10499271.6002179,23.0268
2020,4,"Rio Grande do Sul","Superior completo",1598226.08347477,10499271.6002179,15.2223
2020,4,"Rio Grande do Sul","Fundamental completo ou equivalente",1008292.20138651,10499271.6002179,9.6034
2020,4,"Rio Grande do Sul","Superior incompleto ou equivalente",722943.4725402,10499271.6002179,6.8857
2020,4,"Rio Grande do Sul","Médio incompleto ou equivalente",646299.69521373,10499271.6002179,6.1557
2020,4,"Rio Grande do Sul","Sem instrução e menos de 1 ano de estudo",568371.63479304,10499271.6002179,5.4134
2020,4,"Rondônia","Fundamental incompleto ou equivalente",649756.5757042,1571268.73846729,41.3524
2020,4,"Rondônia","Médio completo ou equivalente",323723.72482221,1571268.73846729,20.6027
2020,4,"Rondônia","Superior completo",150732.81287718,1571268.73846729,9.5931
2020,4,"Rondônia","Fundamental completo ou equivalente",128312.2549735,1571268.73846729,8.1662
2020,4,"Rondônia","Médio incompleto ou equivalente",126514.00642064,1571268.73846729,8.0517
2020,4,"Rondônia","Sem instrução e menos de 1 ano de estudo",117158.97136033,1571268.73846729,7.4563
2020,4,"Rondônia","Superior incompleto ou equivalente",75070.39230923,1571268.73846729,4.7777
2020,4,"Roraima","Fundamental incompleto ou equivalente",158281.48729622,508901.33190269,31.1026
2020,4,"Roraima","Médio completo ou equivalente",134228.88902981,508901.33190269,26.3762
2020,4,"Roraima","Superior completo",70645.33469427,508901.33190269,13.8819
2020,4,"Roraima","Sem instrução e menos de 1 ano de estudo",48882.52981688,508901.33190269,9.6055
2020,4,"Roraima","Médio incompleto ou equivalente",34864.62277227,508901.33190269,6.851
2020,4,"Roraima","Fundamental completo ou equivalente",31106.11821224,508901.33190269,6.1124
2020,4,"Roraima","Superior incompleto ou equivalente",30892.350081,508901.33190269,6.0704
2020,4,"Santa Catarina","Fundamental incompleto ou equivalente",2230233.75647579,7098541.35912932,31.4182
2020,4,"Santa Catarina","Médio completo ou equivalente",1722651.60329493,7098541.35912932,24.2677
2020,4,"Santa Catarina","Superior completo",1238860.6149064,7098541.35912932,17.4523
2020,4,"Santa Catarina","Fundamental completo ou equivalente",758323.90797387,7098541.35912932,10.6828
2020,4,"Santa Catarina","Médio incompleto ou equivalente",428301.95315259,7098541.35912932,6.0337
2020,4,"Santa Catarina","Sem instrução e menos de 1 ano de estudo",362791.3987953,7098541.35912932,5.1108
2020,4,"Santa Catarina","Superior incompleto ou equivalente",357378.12453044,7098541.35912932,5.0345
2020,4,"São Paulo","Médio completo ou equivalente",12399061.7248091,42587172.0328978,29.1145
2020,4,"São Paulo","Fundamental incompleto ou equivalente",11566942.2757543,42587172.0328978,27.1606
2020,4,"São Paulo","Superior completo",8202804.79223268,42587172.0328978,19.2612
2020,4,"São Paulo","Fundamental completo ou equivalente",3220371.89859759,42587172.0328978,7.5618
2020,4,"São Paulo","Médio incompleto ou equivalente",2673020.99576404,42587172.0328978,6.2766
2020,4,"São Paulo","Superior incompleto ou equivalente",2486544.71115802,42587172.0328978,5.8387
2020,4,"São Paulo","Sem instrução e menos de 1 ano de estudo",2038425.63458208,42587172.0328978,4.7865
2020,4,"Sergipe","Fundamental incompleto ou equivalente",796090.36348472,2091983.43301296,38.0543
2020,4,"Sergipe","Médio completo ou equivalente",504843.79941507,2091983.43301296,24.1323
2020,4,"Sergipe","Superior completo",224024.39544835,2091983.43301296,10.7087
2020,4,"Sergipe","Sem instrução e menos de 1 ano de estudo",171855.61451752,2091983.43301296,8.215
2020,4,"Sergipe","Médio incompleto ou equivalente",160924.71877039,2091983.43301296,7.6924
2020,4,"Sergipe","Fundamental completo ou equivalente",149343.0096858,2091983.43301296,7.1388
2020,4,"Sergipe","Superior incompleto ou equivalente",84901.53169111,2091983.43301296,4.0584
2020,4,"Tocantins","Fundamental incompleto ou equivalente",520816.2524597,1423684.33418999,36.5823
2020,4,"Tocantins","Médio completo ou equivalente",322705.84561357,1423684.33418999,22.667
2020,4,"Tocantins","Superior completo",187874.98173152,1423684.33418999,13.1964
2020,4,"Tocantins","Sem instrução e menos de 1 ano de estudo",140293.67939033,1423684.33418999,9.8543
2020,4,"Tocantins","Médio incompleto ou equivalente",92505.85967736,1423684.33418999,6.4976
2020,4,"Tocantins","Fundamental completo ou equivalente",89727.86964151,1423684.33418999,6.3025
2020,4,"Tocantins","Superior incompleto ou equivalente",69759.845676,1423684.33418999,4.9
2021,4,"Acre","Fundamental incompleto ou equivalente",273347.05840819,779265.72929682,35.0775
2021,4,"Acre","Médio completo ou equivalente",169165.00506532,779265.72929682,21.7083
2021,4,"Acre","Sem instrução e menos de 1 ano de estudo",96609.80060764,779265.72929682,12.3975
2021,4,"Acre","Superior completo",93903.57220557,779265.72929682,12.0503
2021,4,"Acre","Médio incompleto ou equivalente",60197.94022542,779265.72929682,7.725
2021,4,"Acre","Fundamental completo ou equivalente",52066.97499612,779265.72929682,6.6815
2021,4,"Acre","Superior incompleto ou equivalente",33975.37778856,779265.72929682,4.3599
2021,4,"Alagoas","Fundamental incompleto ou equivalente",1202960.02222432,2956637.34766641,40.6868
2021,4,"Alagoas","Médio completo ou equivalente",606396.36392129,2956637.34766641,20.5097
2021,4,"Alagoas","Sem instrução e menos de 1 ano de estudo",380515.93792859,2956637.34766641,12.8699
2021,4,"Alagoas","Superior completo",257386.14142253,2956637.34766641,8.7054
2021,4,"Alagoas","Médio incompleto ou equivalente",210180.19158279,2956637.34766641,7.1088
2021,4,"Alagoas","Fundamental completo ou equivalente",205020.59919536,2956637.34766641,6.9342
2021,4,"Alagoas","Superior incompleto ou equivalente",94178.09139153,2956637.34766641,3.1853
2021,4,"Amapá","Fundamental incompleto ou equivalente",228694.56623731,724692.56151902,31.5575
2021,4,"Amapá","Médio completo ou equivalente",187364.27169996,724692.56151902,25.8543
2021,4,"Amapá","Superior completo",97517.04454953,724692.56151902,13.4563
2021,4,"Amapá","Sem instrução e menos de 1 ano de estudo",62539.84321343,724692.56151902,8.6298
2021,4,"Amapá","Médio incompleto ou equivalente",60318.55702382,724692.56151902,8.3233
2021,4,"Amapá","Fundamental completo ou equivalente",44770.16391854,724692.56151902,6.1778
2021,4,"Amapá","Superior incompleto ou equivalente",43488.11487643,724692.56151902,6.0009
2021,4,"Amazonas","Fundamental incompleto ou equivalente",1230667.0295415,3668698.7789751,33.5451
2021,4,"Amazonas","Médio completo ou equivalente",1052586.66140856,3668698.7789751,28.691
2021,4,"Amazonas","Superior completo",370095.79351062,3668698.7789751,10.0879
2021,4,"Amazonas","Sem instrução e menos de 1 ano de estudo",340616.29922373,3668698.7789751,9.2844
2021,4,"Amazonas","Médio incompleto ou equivalente",266354.08301067,3668698.7789751,7.2602
2021,4,"Amazonas","Fundamental completo ou equivalente",246403.49071303,3668698.7789751,6.7164
2021,4,"Amazonas","Superior incompleto ou equivalente",161975.42156699,3668698.7789751,4.4151
2021,4,"Bahia","Fundamental incompleto ou equivalente",5080147.85168209,13728092.7645587,37.0055
2021,4,"Bahia","Médio completo ou equivalente",3465382.90092614,13728092.7645587,25.243
2021,4,"Bahia","Sem instrução e menos de 1 ano de estudo",1724435.09167909,13728092.7645587,12.5614
2021,4,"Bahia","Médio incompleto ou equivalente",1104132.60346973,13728092.7645587,8.0429
2021,4,"Bahia","Superior completo",1051620.53340664,13728092.7645587,7.6604
2021,4,"Bahia","Fundamental completo ou equivalente",881689.96464612,13728092.7645587,6.4225
2021,4,"Bahia","Superior incompleto ou equivalente",420683.8187489,13728092.7645587,3.0644
2021,4,"Ceará","Fundamental incompleto ou equivalente",3013385.3099084,8507084.93884267,35.4221
2021,4,"Ceará","Médio completo ou equivalente",2100035.9932263,8507084.93884267,24.6857
2021,4,"Ceará","Sem instrução e menos de 1 ano de estudo",1033529.29901497,8507084.93884267,12.149
2021,4,"Ceará","Superior completo",756487.17959756,8507084.93884267,8.8924
2021,4,"Ceará","Fundamental completo ou equivalente",673888.6174142,8507084.93884267,7.9215
2021,4,"Ceará","Médio incompleto ou equivalente",626349.81269543,8507084.93884267,7.3627
2021,4,"Ceará","Superior incompleto ou equivalente",303408.72698581,8507084.93884267,3.5665
2021,4,"Distrito Federal","Superior completo",705533.4206273,2746079.76211505,25.6924
2021,4,"Distrito Federal","Fundamental incompleto ou equivalente",676285.51737866,2746079.76211505,24.6273
2021,4,"Distrito Federal","Médio completo ou equivalente",670602.50138943,2746079.76211505,24.4204
2021,4,"Distrito Federal","Médio incompleto ou equivalente",191177.38197721,2746079.76211505,6.9618
2021,4,"Distrito Federal","Superior incompleto ou equivalente",182732.3703935,2746079.76211505,6.6543
2021,4,"Distrito Federal","Fundamental completo ou equivalente",165049.89069334,2746079.76211505,6.0104
2021,4,"Distrito Federal","Sem instrução e menos de 1 ano de estudo",154698.67965561,2746079.76211505,5.6334
2021,4,"Espírito Santo","Fundamental incompleto ou equivalente",1297269.26881205,3763536.06867912,34.4694
2021,4,"Espírito Santo","Médio completo ou equivalente",944217.97767255,3763536.06867912,25.0886
2021,4,"Espírito Santo","Superior completo",511338.69823329,3763536.06867912,13.5867
2021,4,"Espírito Santo","Fundamental completo ou equivalente",290253.01007254,3763536.06867912,7.7122
2021,4,"Espírito Santo","Sem instrução e menos de 1 ano de estudo",288638.1326057,3763536.06867912,7.6693
2021,4,"Espírito Santo","Médio incompleto ou equivalente",262478.03283967,3763536.06867912,6.9742
2021,4,"Espírito Santo","Superior incompleto ou equivalente",169340.94844332,3763536.06867912,4.4995
2021,4,"Goiás","Fundamental incompleto ou equivalente",2117322.34337267,6619925.39833295,31.9841
2021,4,"Goiás","Médio completo ou equivalente",1711690.47792679,6619925.39833295,25.8566
2021,4,"Goiás","Superior completo",846385.80285975,6619925.39833295,12.7854
2021,4,"Goiás","Médio incompleto ou equivalente",554921.98608468,6619925.39833295,8.3826
2021,4,"Goiás","Sem instrução e menos de 1 ano de estudo",539652.28894568,6619925.39833295,8.1519
2021,4,"Goiás","Fundamental completo ou equivalente",506943.90732776,6619925.39833295,7.6578
2021,4,"Goiás","Superior incompleto ou equivalente",343008.59181562,6619925.39833295,5.1815
2021,4,"Maranhão","Fundamental incompleto ou equivalente",2413995.05293646,6389656.71813738,37.7797
2021,4,"Maranhão","Médio completo ou equivalente",1592831.59279631,6389656.71813738,24.9283
2021,4,"Maranhão","Sem instrução e menos de 1 ano de estudo",796696.00045187,6389656.71813738,12.4685
2021,4,"Maranhão","Médio incompleto ou equivalente",506045.35447854,6389656.71813738,7.9198
2021,4,"Maranhão","Fundamental completo ou equivalente",490324.39921517,6389656.71813738,7.6737
2021,4,"Maranhão","Superior completo",414670.74870746,6389656.71813738,6.4897
2021,4,"Maranhão","Superior incompleto ou equivalente",175093.56955157,6389656.71813738,2.7403
2021,4,"Mato Grosso","Fundamental incompleto ou equivalente",1096272.12326549,3340383.20867907,32.8188
2021,4,"Mato Grosso","Médio completo ou equivalente",780480.98882058,3340383.20867907,23.365
2021,4,"Mato Grosso","Superior completo",432386.23351581,3340383.20867907,12.9442
2021,4,"Mato Grosso","Médio incompleto ou equivalente",328350.15551008,3340383.20867907,9.8297
2021,4,"Mato Grosso","Sem instrução e menos de 1 ano de estudo",311985.83934655,3340383.20867907,9.3398
2021,4,"Mato Grosso","Fundamental completo ou equivalente",254463.62005794,3340383.20867907,7.6178
2021,4,"Mato Grosso","Superior incompleto ou equivalente",136444.24816262,3340383.20867907,4.0847
2021,4,"Mato Grosso do Sul","Fundamental incompleto ou equivalente",891832.17045638,2531913.42369501,35.2236
2021,4,"Mato Grosso do Sul","Médio completo ou equivalente",556129.02108916,2531913.42369501,21.9648
2021,4,"Mato Grosso do Sul","Superior completo",360817.27160113,2531913.42369501,14.2508
2021,4,"Mato Grosso do Sul","Fundamental completo ou equivalente",209267.95734646,2531913.42369501,8.2652
2021,4,"Mato Grosso do Sul","Sem instrução e menos de 1 ano de estudo",191091.93591728,2531913.42369501,7.5473
2021,4,"Mato Grosso do Sul","Médio incompleto ou equivalente",189022.15391182,2531913.42369501,7.4656
2021,4,"Mato Grosso do Sul","Superior incompleto ou equivalente",133752.91337278,2531913.42369501,5.2827
2021,4,"Minas Gerais","Fundamental incompleto ou equivalente",7420702.87432788,19732430.7469246,37.6066
2021,4,"Minas Gerais","Médio completo ou equivalente",4831130.6279229,19732430.7469246,24.4832
2021,4,"Minas Gerais","Superior completo",2465386.94330155,19732430.7469246,12.4941
2021,4,"Minas Gerais","Fundamental completo ou equivalente",1542842.69448892,19732430.7469246,7.8188
2021,4,"Minas Gerais","Médio incompleto ou equivalente",1415861.80572307,19732430.7469246,7.1753
2021,4,"Minas Gerais","Sem instrução e menos de 1 ano de estudo",1204400.23610447,19732430.7469246,6.1037
2021,4,"Minas Gerais","Superior incompleto ou equivalente",852105.56505581,19732430.7469246,4.3183
2021,4,"Pará","Fundamental incompleto ou equivalente",3133463.98827073,7790569.68961898,40.2212
2021,4,"Pará","Médio completo ou equivalente",1812392.16232499,7790569.68961898,23.2639
2021,4,"Pará","Sem instrução e menos de 1 ano de estudo",718669.19181317,7790569.68961898,9.2249
2021,4,"Pará","Superior completo",644217.6586746,7790569.68961898,8.2692
2021,4,"Pará","Médio incompleto ou equivalente",633936.32286112,7790569.68961898,8.1372
2021,4,"Pará","Fundamental completo ou equivalente",567316.18485437,7790569.68961898,7.2821
2021,4,"Pará","Superior incompleto ou equivalente",280574.18082,7790569.68961898,3.6015
2021,4,"Paraíba","Fundamental incompleto ou equivalente",1538474.09641192,3762875.71763796,40.8856
2021,4,"Paraíba","Médio completo ou equivalente",783828.99171457,3762875.71763796,20.8306
2021,4,"Paraíba","Sem instrução e menos de 1 ano de estudo",486660.46961199,3762875.71763796,12.9332
2021,4,"Paraíba","Superior completo",311506.10202563,3762875.71763796,8.2784
2021,4,"Paraíba","Médio incompleto ou equivalente",269288.11746502,3762875.71763796,7.1564
2021,4,"Paraíba","Fundamental completo ou equivalente",236162.99400011,3762875.71763796,6.2761
2021,4,"Paraíba","Superior incompleto ou equivalente",136954.94640872,3762875.71763796,3.6396
2021,4,"Paraná","Fundamental incompleto ou equivalente",3654846.04807352,10824948.2678734,33.7632
2021,4,"Paraná","Médio completo ou equivalente",2656537.477608,10824948.2678734,24.5409
2021,4,"Paraná","Superior completo",1539977.52881791,10824948.2678734,14.2262
2021,4,"Paraná","Fundamental completo ou equivalente",928966.81046352,10824948.2678734,8.5817
2021,4,"Paraná","Médio incompleto ou equivalente",798033.46397115,10824948.2678734,7.3722
2021,4,"Paraná","Sem instrução e menos de 1 ano de estudo",744516.18495972,10824948.2678734,6.8778
2021,4,"Paraná","Superior incompleto ou equivalente",502070.75397956,10824948.2678734,4.6381
2021,4,"Pernambuco","Fundamental incompleto ou equivalente",3164621.43168138,8732319.8079603,36.2403
2021,4,"Pernambuco","Médio completo ou equivalente",2262440.77733237,8732319.8079603,25.9088
2021,4,"Pernambuco","Sem instrução e menos de 1 ano de estudo",1018889.20666078,8732319.8079603,11.668
2021,4,"Pernambuco","Superior completo",763490.79939073,8732319.8079603,8.7433
2021,4,"Pernambuco","Médio incompleto ou equivalente",624882.15142993,8732319.8079603,7.156
2021,4,"Pernambuco","Fundamental completo ou equivalente",610573.84714042,8732319.8079603,6.9921
2021,4,"Pernambuco","Superior incompleto ou equivalente",287421.59432469,8732319.8079603,3.2915
2021,4,"Piauí","Fundamental incompleto ou equivalente",1224646.56184631,3109370.39792919,39.3857
2021,4,"Piauí","Médio completo ou equivalente",629335.46344497,3109370.39792919,20.24
2021,4,"Piauí","Sem instrução e menos de 1 ano de estudo",400162.73655629,3109370.39792919,12.8696
2021,4,"Piauí","Superior completo",318243.19420423,3109370.39792919,10.235
2021,4,"Piauí","Médio incompleto ou equivalente",216751.5738767,3109370.39792919,6.9709
2021,4,"Piauí","Fundamental completo ou equivalente",199604.73015896,3109370.39792919,6.4195
2021,4,"Piauí","Superior incompleto ou equivalente",120626.13784173,3109370.39792919,3.8794
2021,4,"Rio de Janeiro","Médio completo ou equivalente",4886042.0565588,16308835.4943162,29.9595
2021,4,"Rio de Janeiro","Fundamental incompleto ou equivalente",4306259.69668912,16308835.4943162,26.4045
2021,4,"Rio de Janeiro","Superior completo",2844663.10004186,16308835.4943162,17.4425
2021,4,"Rio de Janeiro","Fundamental completo ou equivalente",1310230.35066618,16308835.4943162,8.0339
2021,4,"Rio de Janeiro","Médio incompleto ou equivalente",1106058.98044834,16308835.4943162,6.782
2021,4,"Rio de Janeiro","Sem instrução e menos de 1 ano de estudo",951173.02115736,16308835.4943162,5.8323
2021,4,"Rio de Janeiro","Superior incompleto ou equivalente",904408.2887545,16308835.4943162,5.5455
2021,4,"Rio Grande do Norte","Fundamental incompleto ou equivalente",1234434.97436039,3207294.44419738,38.4884
2021,4,"Rio Grande do Norte","Médio completo ou equivalente",768023.57237178,3207294.44419738,23.9462
2021,4,"Rio Grande do Norte","Sem instrução e menos de 1 ano de estudo",330241.95946135,3207294.44419738,10.2966
2021,4,"Rio Grande do Norte","Superior completo",317901.08197844,3207294.44419738,9.9118
2021,4,"Rio Grande do Norte","Médio incompleto ou equivalente",256611.27944697,3207294.44419738,8.0009
2021,4,"Rio Grande do Norte","Fundamental completo ou equivalente",188599.68118687,3207294.44419738,5.8803
2021,4,"Rio Grande do Norte","Superior incompleto ou equivalente",111481.89539158,3207294.44419738,3.4759
2021,4,"Rio Grande do Sul","Fundamental incompleto ou equivalente",3685090.99890505,10555628.3104713,34.9111
2021,4,"Rio Grande do Sul","Médio completo ou equivalente",2350996.00146834,10555628.3104713,22.2724
2021,4,"Rio Grande do Sul","Superior completo",1597815.45660658,10555628.3104713,15.1371
2021,4,"Rio Grande do Sul","Fundamental completo ou equivalente",1042976.2819319,10555628.3104713,9.8808
2021,4,"Rio Grande do Sul","Médio incompleto ou equivalente",703107.16507424,10555628.3104713,6.661
2021,4,"Rio Grande do Sul","Superior incompleto ou equivalente",625108.57820173,10555628.3104713,5.922
2021,4,"Rio Grande do Sul","Sem instrução e menos de 1 ano de estudo",550533.82828342,10555628.3104713,5.2155
2021,4,"Rondônia","Fundamental incompleto ou equivalente",606371.67229999,1593254.33370088,38.0587
2021,4,"Rondônia","Médio completo ou equivalente",362614.83131175,1593254.33370088,22.7594
2021,4,"Rondônia","Superior completo",179226.58386977,1593254.33370088,11.2491
2021,4,"Rondônia","Sem instrução e menos de 1 ano de estudo",131251.92906041,1593254.33370088,8.238
2021,4,"Rondônia","Médio incompleto ou equivalente",123919.06278983,1593254.33370088,7.7777
2021,4,"Rondônia","Fundamental completo ou equivalente",120171.05157441,1593254.33370088,7.5425
2021,4,"Rondônia","Superior incompleto ou equivalente",69699.20279472,1593254.33370088,4.3746
2021,4,"Roraima","Fundamental incompleto ou equivalente",151506.66505751,522859.80149685,28.9765
2021,4,"Roraima","Médio completo ou equivalente",150520.5996896,522859.80149685,28.7879
2021,4,"Roraima","Superior completo",67646.26790622,522859.80149685,12.9377
2021,4,"Roraima","Sem instrução e menos de 1 ano de estudo",50880.28115427,522859.80149685,9.7312
2021,4,"Roraima","Médio incompleto ou equivalente",41002.41163049,522859.80149685,7.842
2021,4,"Roraima","Fundamental completo ou equivalente",33830.4060361,522859.80149685,6.4703
2021,4,"Roraima","Superior incompleto ou equivalente",27473.17002266,522859.80149685,5.2544
2021,4,"Santa Catarina","Fundamental incompleto ou equivalente",2296179.02843032,7190575.29825363,31.9332
2021,4,"Santa Catarina","Médio completo ou equivalente",1814722.78587289,7190575.29825363,25.2375
2021,4,"Santa Catarina","Superior completo",1106525.31662254,7190575.29825363,15.3886
2021,4,"Santa Catarina","Fundamental completo ou equivalente",740253.26610301,7190575.29825363,10.2948
2021,4,"Santa Catarina","Médio incompleto ou equivalente",465975.30004815,7190575.29825363,6.4804
2021,4,"Santa Catarina","Sem instrução e menos de 1 ano de estudo",447439.04327216,7190575.29825363,6.2226
2021,4,"Santa Catarina","Superior incompleto ou equivalente",319480.55790456,7190575.29825363,4.443
2021,4,"São Paulo","Médio completo ou equivalente",12661826.1264533,42981309.3371494,29.4589
2021,4,"São Paulo","Fundamental incompleto ou equivalente",11740726.8862153,42981309.3371494,27.3159
2021,4,"São Paulo","Superior completo",7935521.68684297,42981309.3371494,18.4627
2021,4,"São Paulo","Fundamental completo ou equivalente",3307264.67631119,42981309.3371494,7.6947
2021,4,"São Paulo","Médio incompleto ou equivalente",2849268.91830674,42981309.3371494,6.6291
2021,4,"São Paulo","Sem instrução e menos de 1 ano de estudo",2324696.95352962,42981309.3371494,5.4086
2021,4,"São Paulo","Superior incompleto ou equivalente",2162004.08949033,42981309.3371494,5.0301
2021,4,"Sergipe","Fundamental incompleto ou equivalente",860568.07161113,2104632.29509804,40.8892
2021,4,"Sergipe","Médio completo ou equivalente",432621.6678502,2104632.29509804,20.5557
2021,4,"Sergipe","Sem instrução e menos de 1 ano de estudo",218392.68187778,2104632.29509804,10.3768
2021,4,"Sergipe","Superior completo",200446.39555839,2104632.29509804,9.5241
2021,4,"Sergipe","Médio incompleto ou equivalente",166459.94027295,2104632.29509804,7.9092
2021,4,"Sergipe","Fundamental completo ou equivalente",148811.28078872,2104632.29509804,7.0707
2021,4,"Sergipe","Superior incompleto ou equivalente",77332.25713887,2104632.29509804,3.6744
2021,4,"Tocantins","Fundamental incompleto ou equivalente",487368.61389134,1417526.36671245,34.3816
2021,4,"Tocantins","Médio completo ou equivalente",356631.65562484,1417526.36671245,25.1587
2021,4,"Tocantins","Superior completo",167755.785515,1417526.36671245,11.8344
2021,4,"Tocantins","Sem instrução e menos de 1 ano de estudo",143593.45085178,1417526.36671245,10.1299
2021,4,"Tocantins","Médio incompleto ou equivalente",105526.67841957,1417526.36671245,7.4444
2021,4,"Tocantins","Fundamental completo ou equivalente",87737.68861095,1417526.36671245,6.1895
2021,4,"Tocantins","Superior incompleto ou equivalente",68912.49379897,1417526.36671245,4.8615
2022,4,"Acre","Fundamental incompleto ou equivalente",271379.17001797,781507.63697876,34.7251
2022,4,"Acre","Médio completo ou equivalente",169796.67488021,781507.63697876,21.7268
2022,4,"Acre","Sem instrução e menos de 1 ano de estudo",96857.32329338,781507.63697876,12.3937
2022,4,"Acre","Superior completo",92052.40754552,781507.63697876,11.7788
2022,4,"Acre","Médio incompleto ou equivalente",60329.13924831,781507.63697876,7.7196
2022,4,"Acre","Fundamental completo ou equivalente",55434.16291465,781507.63697876,7.0932
2022,4,"Acre","Superior incompleto ou equivalente",35658.75907872,781507.63697876,4.5628
2022,4,"Alagoas","Fundamental incompleto ou equivalente",1146472.35874509,2953459.15732857,38.818
2022,4,"Alagoas","Médio completo ou equivalente",642425.47234393,2953459.15732857,21.7516
2022,4,"Alagoas","Sem instrução e menos de 1 ano de estudo",360675.94636145,2953459.15732857,12.212
2022,4,"Alagoas","Superior completo",252210.40019235,2953459.15732857,8.5395
2022,4,"Alagoas","Médio incompleto ou equivalente",219805.52149863,2953459.15732857,7.4423
2022,4,"Alagoas","Fundamental completo ou equivalente",218171.12306201,2953459.15732857,7.387
2022,4,"Alagoas","Superior incompleto ou equivalente",113698.33512511,2953459.15732857,3.8497
2022,4,"Amapá","Fundamental incompleto ou equivalente",215962.66046748,721046.01948473,29.9513
2022,4,"Amapá","Médio completo ou equivalente",186074.88899358,721046.01948473,25.8062
2022,4,"Amapá","Superior completo",101200.64761742,721046.01948473,14.0353
2022,4,"Amapá","Sem instrução e menos de 1 ano de estudo",73629.12366225,721046.01948473,10.2114
2022,4,"Amapá","Médio incompleto ou equivalente",56764.92208388,721046.01948473,7.8726
2022,4,"Amapá","Fundamental completo ou equivalente",43996.32428046,721046.01948473,6.1017
2022,4,"Amapá","Superior incompleto ou equivalente",43417.45237966,721046.01948473,6.0215
2022,4,"Amazonas","Fundamental incompleto ou equivalente",1218480.23068097,3709725.9837188,32.8456
2022,4,"Amazonas","Médio completo ou equivalente",1077465.20718064,3709725.9837188,29.0443
2022,4,"Amazonas","Superior completo",412802.78469655,3709725.9837188,11.1276
2022,4,"Amazonas","Sem instrução e menos de 1 ano de estudo",322212.84516843,3709725.9837188,8.6856
2022,4,"Amazonas","Médio incompleto ou equivalente",269861.15979363,3709725.9837188,7.2744
2022,4,"Amazonas","Fundamental completo ou equivalente",232965.52124785,3709725.9837188,6.2799
2022,4,"Amazonas","Superior incompleto ou equivalente",175938.23495073,3709725.9837188,4.7426
2022,4,"Bahia","Fundamental incompleto ou equivalente",4993108.17259892,13777069.3341548,36.2422
2022,4,"Bahia","Médio completo ou equivalente",3494137.56924741,13777069.3341548,25.362
2022,4,"Bahia","Sem instrução e menos de 1 ano de estudo",1804667.36034583,13777069.3341548,13.0991
2022,4,"Bahia","Superior completo",1210017.60539098,13777069.3341548,8.7828
2022,4,"Bahia","Médio incompleto ou equivalente",1061735.39311373,13777069.3341548,7.7065
2022,4,"Bahia","Fundamental completo ou equivalente",787458.10418201,13777069.3341548,5.7157
2022,4,"Bahia","Superior incompleto ou equivalente",425945.12927597,13777069.3341548,3.0917
2022,4,"Ceará","Fundamental incompleto ou equivalente",2939984.93768854,8605951.8842376,34.1622
2022,4,"Ceará","Médio completo ou equivalente",2210779.75492829,8605951.8842376,25.689
2022,4,"Ceará","Sem instrução e menos de 1 ano de estudo",1034919.05113778,8605951.8842376,12.0256
2022,4,"Ceará","Superior completo",763677.89000057,8605951.8842376,8.8738
2022,4,"Ceará","Fundamental completo ou equivalente",683942.56589452,8605951.8842376,7.9473
2022,4,"Ceará","Médio incompleto ou equivalente",670806.06796926,8605951.8842376,7.7947
2022,4,"Ceará","Superior incompleto ou equivalente",301841.61661864,8605951.8842376,3.5074
2022,4,"Distrito Federal","Superior completo",766928.26189134,2775874.83276789,27.6283
2022,4,"Distrito Federal","Médio completo ou equivalente",702516.2326284,2775874.83276789,25.3079
2022,4,"Distrito Federal","Fundamental incompleto ou equivalente",657269.37454094,2775874.83276789,23.6779
2022,4,"Distrito Federal","Superior incompleto ou equivalente",180979.7133728,2775874.83276789,6.5197
2022,4,"Distrito Federal","Médio incompleto ou equivalente",173440.76642174,2775874.83276789,6.2481
2022,4,"Distrito Federal","Fundamental completo ou equivalente",151467.15266649,2775874.83276789,5.4566
2022,4,"Distrito Federal","Sem instrução e menos de 1 ano de estudo",143273.33124618,2775874.83276789,5.1614
2022,4,"Espírito Santo","Fundamental incompleto ou equivalente",1305345.33398464,3783117.15960635,34.5045
2022,4,"Espírito Santo","Médio completo ou equivalente",953118.29334064,3783117.15960635,25.194
2022,4,"Espírito Santo","Superior completo",533357.45867886,3783117.15960635,14.0984
2022,4,"Espírito Santo","Sem instrução e menos de 1 ano de estudo",288521.6007464,3783117.15960635,7.6266
2022,4,"Espírito Santo","Fundamental completo ou equivalente",273995.62526686,3783117.15960635,7.2426
2022,4,"Espírito Santo","Médio incompleto ou equivalente",258930.91758239,3783117.15960635,6.8444
2022,4,"Espírito Santo","Superior incompleto ou equivalente",169847.93000656,3783117.15960635,4.4896
2022,4,"Goiás","Fundamental incompleto ou equivalente",2217451.74849814,6781547.5969263,32.6983
2022,4,"Goiás","Médio completo ou equivalente",1772323.55175375,6781547.5969263,26.1345
2022,4,"Goiás","Superior completo",906289.31331366,6781547.5969263,13.364
2022,4,"Goiás","Sem instrução e menos de 1 ano de estudo",543190.13775696,6781547.5969263,8.0098
2022,4,"Goiás","Médio incompleto ou equivalente",541313.65867873,6781547.5969263,7.9822
2022,4,"Goiás","Fundamental completo ou equivalente",482950.92089152,6781547.5969263,7.1215
2022,4,"Goiás","Superior incompleto ou equivalente",318028.26603354,6781547.5969263,4.6896
2022,4,"Maranhão","Fundamental incompleto ou equivalente",2381430.92891937,6442317.71420692,36.9654
2022,4,"Maranhão","Médio completo ou equivalente",1562738.64815961,6442317.71420692,24.2574
2022,4,"Maranhão","Sem instrução e menos de 1 ano de estudo",813425.92587709,6442317.71420692,12.6263
2022,4,"Maranhão","Médio incompleto ou equivalente",509715.79831422,6442317.71420692,7.912
2022,4,"Maranhão","Superior completo",507503.55869714,6442317.71420692,7.8777
2022,4,"Maranhão","Fundamental completo ou equivalente",486381.01374055,6442317.71420692,7.5498
2022,4,"Maranhão","Superior incompleto ou equivalente",181121.84049894,6442317.71420692,2.8114
2022,4,"Mato Grosso","Fundamental incompleto ou equivalente",1074854.31443467,3395558.37995502,31.6547
2022,4,"Mato Grosso","Médio completo ou equivalente",801746.91225575,3395558.37995502,23.6116
2022,4,"Mato Grosso","Superior completo",434155.27269569,3395558.37995502,12.786
2022,4,"Mato Grosso","Médio incompleto ou equivalente",334766.82645714,3395558.37995502,9.859
2022,4,"Mato Grosso","Sem instrução e menos de 1 ano de estudo",325337.24016435,3395558.37995502,9.5813
2022,4,"Mato Grosso","Fundamental completo ou equivalente",265946.21726285,3395558.37995502,7.8322
2022,4,"Mato Grosso","Superior incompleto ou equivalente",158751.59668457,3395558.37995502,4.6753
2022,4,"Mato Grosso do Sul","Fundamental incompleto ou equivalente",872851.06697474,2563936.35349111,34.0434
2022,4,"Mato Grosso do Sul","Médio completo ou equivalente",580306.50063088,2563936.35349111,22.6334
2022,4,"Mato Grosso do Sul","Superior completo",412226.24214922,2563936.35349111,16.0779
2022,4,"Mato Grosso do Sul","Médio incompleto ou equivalente",187272.92943887,2563936.35349111,7.3041
2022,4,"Mato Grosso do Sul","Fundamental completo ou equivalente",185285.74837327,2563936.35349111,7.2266
2022,4,"Mato Grosso do Sul","Sem instrução e menos de 1 ano de estudo",182275.42861925,2563936.35349111,7.1092
2022,4,"Mato Grosso do Sul","Superior incompleto ou equivalente",143718.43730488,2563936.35349111,5.6054
2022,4,"Minas Gerais","Fundamental incompleto ou equivalente",7189218.9309175,19821788.9376505,36.2693
2022,4,"Minas Gerais","Médio completo ou equivalente",5059754.4216509,19821788.9376505,25.5262
2022,4,"Minas Gerais","Superior completo",2520081.83464617,19821788.9376505,12.7137
2022,4,"Minas Gerais","Fundamental completo ou equivalente",1491150.83758175,19821788.9376505,7.5228
2022,4,"Minas Gerais","Médio incompleto ou equivalente",1429473.55404738,19821788.9376505,7.2116
2022,4,"Minas Gerais","Sem instrução e menos de 1 ano de estudo",1300487.20378891,19821788.9376505,6.5609
2022,4,"Minas Gerais","Superior incompleto ou equivalente",831622.15501787,19821788.9376505,4.1955
2022,4,"Pará","Fundamental incompleto ou equivalente",3151321.84640471,7894295.16566818,39.919
2022,4,"Pará","Médio completo ou equivalente",1827389.45865877,7894295.16566818,23.1482
2022,4,"Pará","Superior completo",707525.42133259,7894295.16566818,8.9625
2022,4,"Pará","Sem instrução e menos de 1 ano de estudo",678847.70031926,7894295.16566818,8.5992
2022,4,"Pará","Médio incompleto ou equivalente",660869.80335867,7894295.16566818,8.3715
2022,4,"Pará","Fundamental completo ou equivalente",589411.17124181,7894295.16566818,7.4663
2022,4,"Pará","Superior incompleto ou equivalente",278929.76435237,7894295.16566818,3.5333
2022,4,"Paraíba","Fundamental incompleto ou equivalente",1487868.94631251,3803032.54687517,39.1232
2022,4,"Paraíba","Médio completo ou equivalente",837836.83750309,3803032.54687517,22.0308
2022,4,"Paraíba","Sem instrução e menos de 1 ano de estudo",472334.0614268,3803032.54687517,12.4199
2022,4,"Paraíba","Superior completo",360805.59173346,3803032.54687517,9.4873
2022,4,"Paraíba","Médio incompleto ou equivalente",284156.71225109,3803032.54687517,7.4718
2022,4,"Paraíba","Fundamental completo ou equivalente",228870.09230855,3803032.54687517,6.0181
2022,4,"Paraíba","Superior incompleto ou equivalente",131160.30533967,3803032.54687517,3.4488
2022,4,"Paraná","Fundamental incompleto ou equivalente",3511947.85882496,10937481.4324819,32.1093
2022,4,"Paraná","Médio completo ou equivalente",2731069.16380678,10937481.4324819,24.9698
2022,4,"Paraná","Superior completo",1632451.8861715,10937481.4324819,14.9253
2022,4,"Paraná","Fundamental completo ou equivalente",934351.61665687,10937481.4324819,8.5427
2022,4,"Paraná","Sem instrução e menos de 1 ano de estudo",833288.30925279,10937481.4324819,7.6186
2022,4,"Paraná","Médio incompleto ou equivalente",782881.39823556,10937481.4324819,7.1578
2022,4,"Paraná","Superior incompleto ou equivalente",511491.19953343,10937481.4324819,4.6765
2022,4,"Pernambuco","Fundamental incompleto ou equivalente",3178704.70022301,8812999.70112413,36.0684
2022,4,"Pernambuco","Médio completo ou equivalente",2305563.33337154,8812999.70112413,26.1609
2022,4,"Pernambuco","Sem instrução e menos de 1 ano de estudo",936123.50236292,8812999.70112413,10.6221
2022,4,"Pernambuco","Superior completo",917329.93446924,8812999.70112413,10.4088
2022,4,"Pernambuco","Médio incompleto ou equivalente",609655.34423686,8812999.70112413,6.9177
2022,4,"Pernambuco","Fundamental completo ou equivalente",557310.05635514,8812999.70112413,6.3237
2022,4,"Pernambuco","Superior incompleto ou equivalente",308312.83010542,8812999.70112413,3.4984
2022,4,"Piauí","Fundamental incompleto ou equivalente",1207926.00200648,3140849.62837115,38.4586
2022,4,"Piauí","Médio completo ou equivalente",652693.83558495,3140849.62837115,20.7808
2022,4,"Piauí","Sem instrução e menos de 1 ano de estudo",387973.70596154,3140849.62837115,12.3525
2022,4,"Piauí","Superior completo",376387.57753427,3140849.62837115,11.9836
2022,4,"Piauí","Médio incompleto ou equivalente",219552.73032805,3140849.62837115,6.9902
2022,4,"Piauí","Fundamental completo ou equivalente",182620.42097165,3140849.62837115,5.8144
2022,4,"Piauí","Superior incompleto ou equivalente",113695.35598421,3140849.62837115,3.6199
2022,4,"Rio de Janeiro","Médio completo ou equivalente",4862690.24882706,16311678.9942863,29.8111
2022,4,"Rio de Janeiro","Fundamental incompleto ou equivalente",4172285.36682702,16311678.9942863,25.5785
2022,4,"Rio de Janeiro","Superior completo",3038041.14926037,16311678.9942863,18.6249
2022,4,"Rio de Janeiro","Fundamental completo ou equivalente",1231190.24693968,16311678.9942863,7.5479
2022,4,"Rio de Janeiro","Médio incompleto ou equivalente",1095659.58592889,16311678.9942863,6.717
2022,4,"Rio de Janeiro","Superior incompleto ou equivalente",964023.72571678,16311678.9942863,5.91
2022,4,"Rio de Janeiro","Sem instrução e menos de 1 ano de estudo",947788.67078652,16311678.9942863,5.8105
2022,4,"Rio Grande do Norte","Fundamental incompleto ou equivalente",1158737.10131355,3205363.41942795,36.1499
2022,4,"Rio Grande do Norte","Médio completo ou equivalente",758454.81623256,3205363.41942795,23.6621
2022,4,"Rio Grande do Norte","Superior completo",367416.52047024,3205363.41942795,11.4626
2022,4,"Rio Grande do Norte","Sem instrução e menos de 1 ano de estudo",330654.26893441,3205363.41942795,10.3157
2022,4,"Rio Grande do Norte","Médio incompleto ou equivalente",241442.50539556,3205363.41942795,7.5325
2022,4,"Rio Grande do Norte","Fundamental completo ou equivalente",211151.98659763,3205363.41942795,6.5875
2022,4,"Rio Grande do Norte","Superior incompleto ou equivalente",137506.220484,3205363.41942795,4.2899
2022,4,"Rio Grande do Sul","Fundamental incompleto ou equivalente",3657084.41045576,10579350.4391294,34.5681
2022,4,"Rio Grande do Sul","Médio completo ou equivalente",2456650.77108724,10579350.4391294,23.2212
2022,4,"Rio Grande do Sul","Superior completo",1544061.44861738,10579350.4391294,14.595
2022,4,"Rio Grande do Sul","Fundamental completo ou equivalente",948279.59303176,10579350.4391294,8.9635
2022,4,"Rio Grande do Sul","Médio incompleto ou equivalente",760190.14590157,10579350.4391294,7.1856
2022,4,"Rio Grande do Sul","Superior incompleto ou equivalente",635660.30064523,10579350.4391294,6.0085
2022,4,"Rio Grande do Sul","Sem instrução e menos de 1 ano de estudo",577423.76939045,10579350.4391294,5.458
2022,4,"Rondônia","Fundamental incompleto ou equivalente",591005.67505657,1605996.61730726,36.7999
2022,4,"Rondônia","Médio completo ou equivalente",368177.64906069,1605996.61730726,22.9252
2022,4,"Rondônia","Superior completo",182126.2562443,1605996.61730726,11.3404
2022,4,"Rondônia","Sem instrução e menos de 1 ano de estudo",146854.90783182,1605996.61730726,9.1442
2022,4,"Rondônia","Médio incompleto ou equivalente",145883.4037631,1605996.61730726,9.0837
2022,4,"Rondônia","Fundamental completo ou equivalente",107905.86518485,1605996.61730726,6.7189
2022,4,"Rondônia","Superior incompleto ou equivalente",64042.86016593,1605996.61730726,3.9877
2022,4,"Roraima","Médio completo ou equivalente",163357.94789951,541195.0855414,30.1847
2022,4,"Roraima","Fundamental incompleto ou equivalente",142715.78347743,541195.0855414,26.3705
2022,4,"Roraima","Superior completo",69604.33915343,541195.0855414,12.8612
2022,4,"Roraima","Sem instrução e menos de 1 ano de estudo",50994.31507083,541195.0855414,9.4225
2022,4,"Roraima","Médio incompleto ou equivalente",45402.42689799,541195.0855414,8.3893
2022,4,"Roraima","Fundamental completo ou equivalente",42200.58858755,541195.0855414,7.7977
2022,4,"Roraima","Superior incompleto ou equivalente",26919.68445466,541195.0855414,4.9741
2022,4,"Santa Catarina","Fundamental incompleto ou equivalente",2323448.14435532,7305428.75294161,31.8044
2022,4,"Santa Catarina","Médio completo ou equivalente",1837650.47460204,7305428.75294161,25.1546
2022,4,"Santa Catarina","Superior completo",1107683.04910995,7305428.75294161,15.1625
2022,4,"Santa Catarina","Fundamental completo ou equivalente",710269.03561904,7305428.75294161,9.7225
2022,4,"Santa Catarina","Médio incompleto ou equivalente",504089.39245804,7305428.75294161,6.9002
2022,4,"Santa Catarina","Sem instrução e menos de 1 ano de estudo",460687.54013085,7305428.75294161,6.3061
2022,4,"Santa Catarina","Superior incompleto ou equivalente",361601.11666637,7305428.75294161,4.9498
2022,4,"São Paulo","Médio completo ou equivalente",12920584.0213103,43092952.0444359,29.9831
2022,4,"São Paulo","Fundamental incompleto ou equivalente",11555335.5446652,43092952.0444359,26.8149
2022,4,"São Paulo","Superior completo",8099564.08562789,43092952.0444359,18.7956
2022,4,"São Paulo","Fundamental completo ou equivalente",3190862.62052663,43092952.0444359,7.4046
2022,4,"São Paulo","Médio incompleto ou equivalente",2851274.33164196,43092952.0444359,6.6166
2022,4,"São Paulo","Sem instrução e menos de 1 ano de estudo",2432616.38368109,43092952.0444359,5.645
2022,4,"São Paulo","Superior incompleto ou equivalente",2042715.05698294,43092952.0444359,4.7403
2022,4,"Sergipe","Fundamental incompleto ou equivalente",843199.75110126,2112165.99248839,39.9211
2022,4,"Sergipe","Médio completo ou equivalente",464443.12690375,2112165.99248839,21.989
2022,4,"Sergipe","Sem instrução e menos de 1 ano de estudo",221787.035187,2112165.99248839,10.5005
2022,4,"Sergipe","Superior completo",201899.39984129,2112165.99248839,9.5589
2022,4,"Sergipe","Médio incompleto ou equivalente",154921.53882886,2112165.99248839,7.3347
2022,4,"Sergipe","Fundamental completo ou equivalente",135798.60622423,2112165.99248839,6.4294
2022,4,"Sergipe","Superior incompleto ou equivalente",90116.534402,2112165.99248839,4.2665
2022,4,"Tocantins","Fundamental incompleto ou equivalente",475559.97270541,1429072.19973454,33.2775
2022,4,"Tocantins","Médio completo ou equivalente",356045.53147585,1429072.19973454,24.9145
2022,4,"Tocantins","Superior completo",184848.15598504,1429072.19973454,12.9348
2022,4,"Tocantins","Sem instrução e menos de 1 ano de estudo",142510.26938682,1429072.19973454,9.9722
2022,4,"Tocantins","Médio incompleto ou equivalente",114957.68678107,1429072.19973454,8.0442
2022,4,"Tocantins","Fundamental completo ou equivalente",85089.62214615,1429072.19973454,5.9542
2022,4,"Tocantins","Superior incompleto ou equivalente",70060.9612542,1429072.19973454,4.9025
2023,4,"Acre","Fundamental incompleto ou equivalente",269735.74570789,789413.95277421,34.1691
2023,4,"Acre","Médio completo ou equivalente",178713.09912423,789413.95277421,22.6387
2023,4,"Acre","Sem instrução e menos de 1 ano de estudo",101876.32255156,789413.95277421,12.9053
2023,4,"Acre","Superior completo",86487.55011361,789413.95277421,10.9559
2023,4,"Acre","Médio incompleto ou equivalente",62664.87584011,789413.95277421,7.9382
2023,4,"Acre","Fundamental completo ou equivalente",60409.37993783,789413.95277421,7.6524
2023,4,"Acre","Superior incompleto ou equivalente",29526.97949898,789413.95277421,3.7404
2023,4,"Alagoas","Fundamental incompleto ou equivalente",1064587.5278718,2955684.87129421,36.0183
2023,4,"Alagoas","Médio completo ou equivalente",701679.60842894,2955684.87129421,23.74
2023,4,"Alagoas","Sem instrução e menos de 1 ano de estudo",375505.36692481,2955684.87129421,12.7045
2023,4,"Alagoas","Superior completo",279981.32820023,2955684.87129421,9.4726
2023,4,"Alagoas","Médio incompleto ou equivalente",225654.70161927,2955684.87129421,7.6346
2023,4,"Alagoas","Fundamental completo ou equivalente",193935.17242446,2955684.87129421,6.5614
2023,4,"Alagoas","Superior incompleto ou equivalente",114341.1658247,2955684.87129421,3.8685
2023,4,"Amapá","Fundamental incompleto ou equivalente",204357.73762679,737728.84323669,27.7009
2023,4,"Amapá","Médio completo ou equivalente",200978.01855254,737728.84323669,27.2428
2023,4,"Amapá","Superior completo",118699.33797625,737728.84323669,16.0898
2023,4,"Amapá","Sem instrução e menos de 1 ano de estudo",79779.53816812,737728.84323669,10.8142
2023,4,"Amapá","Médio incompleto ou equivalente",52843.06376254,737728.84323669,7.1629
2023,4,"Amapá","Fundamental completo ou equivalente",43911.46696477,737728.84323669,5.9523
2023,4,"Amapá","Superior incompleto ou equivalente",37159.68018568,737728.84323669,5.037
2023,4,"Amazonas","Fundamental incompleto ou equivalente",1204066.53748055,3769410.96017101,31.9431
2023,4,"Amazonas","Médio completo ou equivalente",1150614.03869583,3769410.96017101,30.525
2023,4,"Amazonas","Superior completo",445305.34359655,3769410.96017101,11.8137
2023,4,"Amazonas","Sem instrução e menos de 1 ano de estudo",312959.49256238,3769410.96017101,8.3026
2023,4,"Amazonas","Médio incompleto ou equivalente",274970.41633353,3769410.96017101,7.2948
2023,4,"Amazonas","Fundamental completo ou equivalente",225949.15461268,3769410.96017101,5.9943
2023,4,"Amazonas","Superior incompleto ou equivalente",155545.97688949,3769410.96017101,4.1265
2023,4,"Bahia","Fundamental incompleto ou equivalente",4971446.02512444,13908221.0576733,35.7447
2023,4,"Bahia","Médio completo ou equivalente",3752681.0598021,13908221.0576733,26.9817
2023,4,"Bahia","Sem instrução e menos de 1 ano de estudo",1649542.36269997,13908221.0576733,11.8602
2023,4,"Bahia","Superior completo",1223351.35264746,13908221.0576733,8.7959
2023,4,"Bahia","Médio incompleto ou equivalente",1031167.54730636,13908221.0576733,7.4141
2023,4,"Bahia","Fundamental completo ou equivalente",849062.096887,13908221.0576733,6.1047
2023,4,"Bahia","Superior incompleto ou equivalente",430970.61320596,13908221.0576733,3.0987
2023,4,"Ceará","Fundamental incompleto ou equivalente",2874431.72801013,8625283.53800992,33.3256
2023,4,"Ceará","Médio completo ou equivalente",2235812.50605876,8625283.53800992,25.9216
2023,4,"Ceará","Sem instrução e menos de 1 ano de estudo",1046338.85226629,8625283.53800992,12.1311
2023,4,"Ceará","Superior completo",850308.9671231,8625283.53800992,9.8583
2023,4,"Ceará","Médio incompleto ou equivalente",663130.33082711,8625283.53800992,7.6882
2023,4,"Ceará","Fundamental completo ou equivalente",622478.24601946,8625283.53800992,7.2169
2023,4,"Ceará","Superior incompleto ou equivalente",332782.90770507,8625283.53800992,3.8582
2023,4,"Distrito Federal","Superior completo",810432.15903096,2806661.41858208,28.8753
2023,4,"Distrito Federal","Médio completo ou equivalente",714368.88725778,2806661.41858208,25.4526
2023,4,"Distrito Federal","Fundamental incompleto ou equivalente",621096.84051305,2806661.41858208,22.1294
2023,4,"Distrito Federal","Superior incompleto ou equivalente",188409.79323817,2806661.41858208,6.713
2023,4,"Distrito Federal","Médio incompleto ou equivalente",161980.79544643,2806661.41858208,5.7713
2023,4,"Distrito Federal","Sem instrução e menos de 1 ano de estudo",156675.64928343,2806661.41858208,5.5823
2023,4,"Distrito Federal","Fundamental completo ou equivalente",153697.29381226,2806661.41858208,5.4762
2023,4,"Espírito Santo","Fundamental incompleto ou equivalente",1247786.13849302,3817241.45487826,32.6882
2023,4,"Espírito Santo","Médio completo ou equivalente",1024624.83321683,3817241.45487826,26.842
2023,4,"Espírito Santo","Superior completo",552362.58654469,3817241.45487826,14.4702
2023,4,"Espírito Santo","Fundamental completo ou equivalente",282680.25188339,3817241.45487826,7.4054
2023,4,"Espírito Santo","Sem instrução e menos de 1 ano de estudo",276073.99448888,3817241.45487826,7.2323
2023,4,"Espírito Santo","Médio incompleto ou equivalente",263848.60897209,3817241.45487826,6.912
2023,4,"Espírito Santo","Superior incompleto ou equivalente",169865.04127936,3817241.45487826,4.4499
2023,4,"Goiás","Fundamental incompleto ou equivalente",2167624.5551158,6870308.58590394,31.5506
2023,4,"Goiás","Médio completo ou equivalente",1812618.58230256,6870308.58590394,26.3834
2023,4,"Goiás","Superior completo",1010608.74590757,6870308.58590394,14.7098
2023,4,"Goiás","Médio incompleto ou equivalente",593982.44918628,6870308.58590394,8.6456
2023,4,"Goiás","Sem instrução e menos de 1 ano de estudo",466611.19104431,6870308.58590394,6.7917
2023,4,"Goiás","Fundamental completo ou equivalente",459737.19381098,6870308.58590394,6.6917
2023,4,"Goiás","Superior incompleto ou equivalente",359125.86853644,6870308.58590394,5.2272
2023,4,"Maranhão","Fundamental incompleto ou equivalente",2298147.79567379,6441745.09754302,35.6759
2023,4,"Maranhão","Médio completo ou equivalente",1620061.25503583,6441745.09754302,25.1494
2023,4,"Maranhão","Sem instrução e menos de 1 ano de estudo",776874.6896423,6441745.09754302,12.06
2023,4,"Maranhão","Superior completo",514727.27417678,6441745.09754302,7.9905
2023,4,"Maranhão","Fundamental completo ou equivalente",508864.35838986,6441745.09754302,7.8995
2023,4,"Maranhão","Médio incompleto ou equivalente",498505.3969058,6441745.09754302,7.7387
2023,4,"Maranhão","Superior incompleto ou equivalente",224564.32771866,6441745.09754302,3.4861
2023,4,"Mato Grosso","Fundamental incompleto ou equivalente",1085184.86135345,3444875.68857268,31.5014
2023,4,"Mato Grosso","Médio completo ou equivalente",859402.36494266,3444875.68857268,24.9473
2023,4,"Mato Grosso","Superior completo",480286.45138918,3444875.68857268,13.9421
2023,4,"Mato Grosso","Médio incompleto ou equivalente",315698.8712471,3444875.68857268,9.1643
2023,4,"Mato Grosso","Sem instrução e menos de 1 ano de estudo",276473.94809145,3444875.68857268,8.0257
2023,4,"Mato Grosso","Fundamental completo ou equivalente",249739.11061764,3444875.68857268,7.2496
2023,4,"Mato Grosso","Superior incompleto ou equivalente",178090.0809312,3444875.68857268,5.1697
2023,4,"Mato Grosso do Sul","Fundamental incompleto ou equivalente",865765.94064925,2614215.75262105,33.1176
2023,4,"Mato Grosso do Sul","Médio completo ou equivalente",608954.75457922,2614215.75262105,23.294
2023,4,"Mato Grosso do Sul","Superior completo",432580.51646183,2614215.75262105,16.5472
2023,4,"Mato Grosso do Sul","Sem instrução e menos de 1 ano de estudo",188225.21699724,2614215.75262105,7.2001
2023,4,"Mato Grosso do Sul","Médio incompleto ou equivalente",185886.34321469,2614215.75262105,7.1106
2023,4,"Mato Grosso do Sul","Fundamental completo ou equivalente",182997.88430294,2614215.75262105,7.0001
2023,4,"Mato Grosso do Sul","Superior incompleto ou equivalente",149805.09641588,2614215.75262105,5.7304
2023,4,"Minas Gerais","Fundamental incompleto ou equivalente",6929300.70488345,19946444.2846364,34.7395
2023,4,"Minas Gerais","Médio completo ou equivalente",5224491.62519509,19946444.2846364,26.1926
2023,4,"Minas Gerais","Superior completo",2688657.55542099,19946444.2846364,13.4794
2023,4,"Minas Gerais","Fundamental completo ou equivalente",1631869.30934939,19946444.2846364,8.1813
2023,4,"Minas Gerais","Médio incompleto ou equivalente",1375779.11084069,19946444.2846364,6.8974
2023,4,"Minas Gerais","Sem instrução e menos de 1 ano de estudo",1259471.4695874,19946444.2846364,6.3143
2023,4,"Minas Gerais","Superior incompleto ou equivalente",836874.50935936,19946444.2846364,4.1956
2023,4,"Pará","Fundamental incompleto ou equivalente",3009333.32123041,7917698.18564158,38.0077
2023,4,"Pará","Médio completo ou equivalente",1933220.36398265,7917698.18564158,24.4164
2023,4,"Pará","Superior completo",732606.14340702,7917698.18564158,9.2528
2023,4,"Pará","Sem instrução e menos de 1 ano de estudo",712458.36794333,7917698.18564158,8.9983
2023,4,"Pará","Médio incompleto ou equivalente",632281.90146452,7917698.18564158,7.9857
2023,4,"Pará","Fundamental completo ou equivalente",570053.86238111,7917698.18564158,7.1997
2023,4,"Pará","Superior incompleto ou equivalente",327744.22523254,7917698.18564158,4.1394
2023,4,"Paraíba","Fundamental incompleto ou equivalente",1459356.62617169,3836025.48124795,38.0435
2023,4,"Paraíba","Médio completo ou equivalente",837029.03614783,3836025.48124795,21.8202
2023,4,"Paraíba","Sem instrução e menos de 1 ano de estudo",469183.21070231,3836025.48124795,12.231
2023,4,"Paraíba","Superior completo",399385.61735838,3836025.48124795,10.4114
2023,4,"Paraíba","Médio incompleto ou equivalente",265370.20885306,3836025.48124795,6.9178
2023,4,"Paraíba","Fundamental completo ou equivalente",249125.68018116,3836025.48124795,6.4944
2023,4,"Paraíba","Superior incompleto ou equivalente",156575.10183352,3836025.48124795,4.0817
2023,4,"Paraná","Fundamental incompleto ou equivalente",3557197.06234252,11075374.7934179,32.1181
2023,4,"Paraná","Médio completo ou equivalente",2808908.15668837,11075374.7934179,25.3617
2023,4,"Paraná","Superior completo",1739314.35524934,11075374.7934179,15.7043
2023,4,"Paraná","Fundamental completo ou equivalente",895643.72377884,11075374.7934179,8.0868
2023,4,"Paraná","Sem instrução e menos de 1 ano de estudo",814780.2394333,11075374.7934179,7.3567
2023,4,"Paraná","Médio incompleto ou equivalente",754829.69043006,11075374.7934179,6.8154
2023,4,"Paraná","Superior incompleto ou equivalente",504701.56549551,11075374.7934179,4.557
2023,4,"Pernambuco","Fundamental incompleto ou equivalente",3107435.72527378,8858780.03818993,35.0775
2023,4,"Pernambuco","Médio completo ou equivalente",2421015.15219841,8858780.03818993,27.329
2023,4,"Pernambuco","Sem instrução e menos de 1 ano de estudo",958773.76077711,8858780.03818993,10.8229
2023,4,"Pernambuco","Superior completo",901620.80519352,8858780.03818993,10.1777
2023,4,"Pernambuco","Fundamental completo ou equivalente",577455.32113894,8858780.03818993,6.5185
2023,4,"Pernambuco","Médio incompleto ou equivalente",574314.75541596,8858780.03818993,6.483
2023,4,"Pernambuco","Superior incompleto ou equivalente",318164.51819221,8858780.03818993,3.5915
2023,4,"Piauí","Fundamental incompleto ou equivalente",1177810.39012656,3151244.8372441,37.376
2023,4,"Piauí","Médio completo ou equivalente",679909.69498591,3151244.8372441,21.5759
2023,4,"Piauí","Sem instrução e menos de 1 ano de estudo",377546.48017338,3151244.8372441,11.9809
2023,4,"Piauí","Superior completo",329556.04396159,3151244.8372441,10.458
2023,4,"Piauí","Médio incompleto ou equivalente",239248.23502424,3151244.8372441,7.5922
2023,4,"Piauí","Fundamental completo ou equivalente",218560.16605555,3151244.8372441,6.9357
2023,4,"Piauí","Superior incompleto ou equivalente",128613.82691687,3151244.8372441,4.0814
2023,4,"Rio de Janeiro","Médio completo ou equivalente",4970295.69900093,16330815.9934111,30.4351
2023,4,"Rio de Janeiro","Fundamental incompleto ou equivalente",4245739.96934307,16330815.9934111,25.9983
2023,4,"Rio de Janeiro","Superior completo",3069801.35283162,16330815.9934111,18.7976
2023,4,"Rio de Janeiro","Fundamental completo ou equivalente",1193796.82794287,16330815.9934111,7.3101
2023,4,"Rio de Janeiro","Médio incompleto ou equivalente",1035204.06224379,16330815.9934111,6.339
2023,4,"Rio de Janeiro","Sem instrução e menos de 1 ano de estudo",918895.25838108,16330815.9934111,5.6268
2023,4,"Rio de Janeiro","Superior incompleto ou equivalente",897082.8236677,16330815.9934111,5.4932
2023,4,"Rio Grande do Norte","Fundamental incompleto ou equivalente",1144676.74211634,3200674.82803816,35.7636
2023,4,"Rio Grande do Norte","Médio completo ou equivalente",807401.3629592,3200674.82803816,25.226
2023,4,"Rio Grande do Norte","Superior completo",387243.53947594,3200674.82803816,12.0988
2023,4,"Rio Grande do Norte","Sem instrução e menos de 1 ano de estudo",326341.21642576,3200674.82803816,10.196
2023,4,"Rio Grande do Norte","Médio incompleto ou equivalente",225958.59900413,3200674.82803816,7.0597
2023,4,"Rio Grande do Norte","Fundamental completo ou equivalente",194239.38220283,3200674.82803816,6.0687
2023,4,"Rio Grande do Norte","Superior incompleto ou equivalente",114813.98585396,3200674.82803816,3.5872
2023,4,"Rio Grande do Sul","Fundamental incompleto ou equivalente",3548687.31193248,10576064.8841467,33.5539
2023,4,"Rio Grande do Sul","Médio completo ou equivalente",2532675.32059232,10576064.8841467,23.9472
2023,4,"Rio Grande do Sul","Superior completo",1588804.65283382,10576064.8841467,15.0226
2023,4,"Rio Grande do Sul","Fundamental completo ou equivalente",927521.76891366,10576064.8841467,8.77
2023,4,"Rio Grande do Sul","Médio incompleto ou equivalente",708473.48943289,10576064.8841467,6.6988
2023,4,"Rio Grande do Sul","Superior incompleto ou equivalente",664978.17501365,10576064.8841467,6.2876
2023,4,"Rio Grande do Sul","Sem instrução e menos de 1 ano de estudo",604924.16542788,10576064.8841467,5.7197
2023,4,"Rondônia","Fundamental incompleto ou equivalente",568259.21073959,1625194.81745939,34.9656
2023,4,"Rondônia","Médio completo ou equivalente",408969.53156397,1625194.81745939,25.1643
2023,4,"Rondônia","Superior completo",179327.30778479,1625194.81745939,11.0342
2023,4,"Rondônia","Sem instrução e menos de 1 ano de estudo",153094.7715148,1625194.81745939,9.4201
2023,4,"Rondônia","Médio incompleto ou equivalente",135457.59827586,1625194.81745939,8.3349
2023,4,"Rondônia","Fundamental completo ou equivalente",120352.8797088,1625194.81745939,7.4054
2023,4,"Rondônia","Superior incompleto ou equivalente",59733.51787158,1625194.81745939,3.6755
2023,4,"Roraima","Fundamental incompleto ou equivalente",167215.01288544,564848.10015836,29.6035
2023,4,"Roraima","Médio completo ou equivalente",166789.57602553,564848.10015836,29.5282
2023,4,"Roraima","Superior completo",75724.70750204,564848.10015836,13.4062
2023,4,"Roraima","Sem instrução e menos de 1 ano de estudo",45866.94422114,564848.10015836,8.1202
2023,4,"Roraima","Médio incompleto ou equivalente",45455.57482681,564848.10015836,8.0474
2023,4,"Roraima","Fundamental completo ou equivalente",32813.24961194,564848.10015836,5.8092
2023,4,"Roraima","Superior incompleto ou equivalente",30983.03508546,564848.10015836,5.4852
2023,4,"Santa Catarina","Fundamental incompleto ou equivalente",2256206.11157378,7439624.05454787,30.3269
2023,4,"Santa Catarina","Médio completo ou equivalente",1949867.1840197,7439624.05454787,26.2092
2023,4,"Santa Catarina","Superior completo",1197623.53969797,7439624.05454787,16.0979
2023,4,"Santa Catarina","Fundamental completo ou equivalente",743913.71319404,7439624.05454787,9.9993
2023,4,"Santa Catarina","Médio incompleto ou equivalente",495481.75606606,7439624.05454787,6.66
2023,4,"Santa Catarina","Sem instrução e menos de 1 ano de estudo",440481.60096222,7439624.05454787,5.9208
2023,4,"Santa Catarina","Superior incompleto ou equivalente",356050.1490341,7439624.05454787,4.7859
2023,4,"São Paulo","Médio completo ou equivalente",13099555.1217938,43346782.5519913,30.2204
2023,4,"São Paulo","Fundamental incompleto ou equivalente",11406545.742795,43346782.5519913,26.3146
2023,4,"São Paulo","Superior completo",8381938.51192043,43346782.5519913,19.3369
2023,4,"São Paulo","Fundamental completo ou equivalente",3169544.42297945,43346782.5519913,7.3121
2023,4,"São Paulo","Médio incompleto ou equivalente",2820672.70864901,43346782.5519913,6.5072
2023,4,"São Paulo","Sem instrução e menos de 1 ano de estudo",2495344.69469215,43346782.5519913,5.7567
2023,4,"São Paulo","Superior incompleto ou equivalente",1973181.3491614,43346782.5519913,4.5521
2023,4,"Sergipe","Fundamental incompleto ou equivalente",814238.6864444,2118619.42715786,38.4325
2023,4,"Sergipe","Médio completo ou equivalente",492343.88912368,2118619.42715786,23.2389
2023,4,"Sergipe","Sem instrução e menos de 1 ano de estudo",224186.80028827,2118619.42715786,10.5817
2023,4,"Sergipe","Superior completo",216500.47119759,2118619.42715786,10.2189
2023,4,"Sergipe","Médio incompleto ou equivalente",148303.42389069,2118619.42715786,7
2023,4,"Sergipe","Fundamental completo ou equivalente",136492.61576442,2118619.42715786,6.4425
2023,4,"Sergipe","Superior incompleto ou equivalente",86553.54044881,2118619.42715786,4.0854
2023,4,"Tocantins","Fundamental incompleto ou equivalente",471551.8041128,1437715.51100461,32.7987
2023,4,"Tocantins","Médio completo ou equivalente",358991.68147019,1437715.51100461,24.9696
2023,4,"Tocantins","Superior completo",188558.37617873,1437715.51100461,13.1151
2023,4,"Tocantins","Sem instrução e menos de 1 ano de estudo",147419.34392101,1437715.51100461,10.2537
2023,4,"Tocantins","Médio incompleto ou equivalente",107095.94398204,1437715.51100461,7.449
2023,4,"Tocantins","Fundamental completo ou equivalente",90903.35971136,1437715.51100461,6.3228
2023,4,"Tocantins","Superior incompleto ou equivalente",73195.00162848,1437715.51100461,5.0911
2024,4,"Acre","Fundamental incompleto ou equivalente",280022.96539903,795945.89830918,35.1812
2024,4,"Acre","Médio completo ou equivalente",180798.97559607,795945.89830918,22.715
2024,4,"Acre","Superior completo",96834.49311961,795945.89830918,12.166
2024,4,"Acre","Sem instrução e menos de 1 ano de estudo",85840.4427437,795945.89830918,10.7847
2024,4,"Acre","Médio incompleto ou equivalente",67927.9384808,795945.89830918,8.5342
2024,4,"Acre","Fundamental completo ou equivalente",54446.08813825,795945.89830918,6.8404
2024,4,"Acre","Superior incompleto ou equivalente",30074.99483172,795945.89830918,3.7785
2024,4,"Alagoas","Fundamental incompleto ou equivalente",1093504.41221272,2988458.24893363,36.5909
2024,4,"Alagoas","Médio completo ou equivalente",725539.22376765,2988458.24893363,24.278
2024,4,"Alagoas","Sem instrução e menos de 1 ano de estudo",360410.49375599,2988458.24893363,12.0601
2024,4,"Alagoas","Superior completo",287788.69293888,2988458.24893363,9.63
2024,4,"Alagoas","Médio incompleto ou equivalente",220009.88178006,2988458.24893363,7.362
2024,4,"Alagoas","Fundamental completo ou equivalente",201907.97758941,2988458.24893363,6.7563
2024,4,"Alagoas","Superior incompleto ou equivalente",99297.56688892,2988458.24893363,3.3227
2024,4,"Amapá","Fundamental incompleto ou equivalente",213113.78517261,733739.86792042,29.0449
2024,4,"Amapá","Médio completo ou equivalente",191681.94669844,733739.86792042,26.124
2024,4,"Amapá","Superior completo",108142.8791033,733739.86792042,14.7386
2024,4,"Amapá","Sem instrução e menos de 1 ano de estudo",78958.04113789,733739.86792042,10.761
2024,4,"Amapá","Fundamental completo ou equivalente",52536.96229342,733739.86792042,7.1602
2024,4,"Amapá","Médio incompleto ou equivalente",51029.94638434,733739.86792042,6.9548
2024,4,"Amapá","Superior incompleto ou equivalente",38276.30713042,733739.86792042,5.2166
2024,4,"Amazonas","Médio completo ou equivalente",1269332.27244771,3815361.07414755,33.269
2024,4,"Amazonas","Fundamental incompleto ou equivalente",1141122.26771701,3815361.07414755,29.9086
2024,4,"Amazonas","Superior completo",476456.53684955,3815361.07414755,12.4878
2024,4,"Amazonas","Sem instrução e menos de 1 ano de estudo",298296.31413868,3815361.07414755,7.8183
2024,4,"Amazonas","Médio incompleto ou equivalente",248450.29810723,3815361.07414755,6.5118
2024,4,"Amazonas","Fundamental completo ou equivalente",222990.6161442,3815361.07414755,5.8445
2024,4,"Amazonas","Superior incompleto ou equivalente",158712.76874317,3815361.07414755,4.1598
2024,4,"Bahia","Fundamental incompleto ou equivalente",4828918.13841318,13959941.4471226,34.5912
2024,4,"Bahia","Médio completo ou equivalente",3950232.4306927,13959941.4471226,28.2969
2024,4,"Bahia","Sem instrução e menos de 1 ano de estudo",1475983.41969512,13959941.4471226,10.573
2024,4,"Bahia","Superior completo",1347353.63189259,13959941.4471226,9.6516
2024,4,"Bahia","Médio incompleto ou equivalente",1094279.62850337,13959941.4471226,7.8387
2024,4,"Bahia","Fundamental completo ou equivalente",785803.50766458,13959941.4471226,5.629
2024,4,"Bahia","Superior incompleto ou equivalente",477370.69026109,13959941.4471226,3.4196
2024,4,"Ceará","Fundamental incompleto ou equivalente",2897503.54671091,8678387.35804793,33.3876
2024,4,"Ceará","Médio completo ou equivalente",2358741.40429192,8678387.35804793,27.1795
2024,4,"Ceará","Sem instrução e menos de 1 ano de estudo",997274.19992986,8678387.35804793,11.4915
2024,4,"Ceará","Superior completo",818005.80612963,8678387.35804793,9.4258
2024,4,"Ceará","Fundamental completo ou equivalente",680971.32871397,8678387.35804793,7.8467
2024,4,"Ceará","Médio incompleto ou equivalente",640740.98277441,8678387.35804793,7.3832
2024,4,"Ceará","Superior incompleto ou equivalente",285150.08949723,8678387.35804793,3.2857
2024,4,"Distrito Federal","Superior completo",810058.92466412,2817549.75435656,28.7505
2024,4,"Distrito Federal","Médio completo ou equivalente",695654.1336056,2817549.75435656,24.69
2024,4,"Distrito Federal","Fundamental incompleto ou equivalente",632009.64361218,2817549.75435656,22.4312
2024,4,"Distrito Federal","Superior incompleto ou equivalente",198031.96996969,2817549.75435656,7.0285
2024,4,"Distrito Federal","Fundamental completo ou equivalente",173730.78751686,2817549.75435656,6.166
2024,4,"Distrito Federal","Médio incompleto ou equivalente",164111.71832967,2817549.75435656,5.8246
2024,4,"Distrito Federal","Sem instrução e menos de 1 ano de estudo",143952.57665844,2817549.75435656,5.1091
2024,4,"Espírito Santo","Fundamental incompleto ou equivalente",1245438.16779546,3841078.39818629,32.4242
2024,4,"Espírito Santo","Médio completo ou equivalente",1045290.02106012,3841078.39818629,27.2135
2024,4,"Espírito Santo","Superior completo",602761.44781131,3841078.39818629,15.6925
2024,4,"Espírito Santo","Fundamental completo ou equivalente",288618.90568047,3841078.39818629,7.514
2024,4,"Espírito Santo","Sem instrução e menos de 1 ano de estudo",275531.8632262,3841078.39818629,7.1733
2024,4,"Espírito Santo","Médio incompleto ou equivalente",233602.69724521,3841078.39818629,6.0817
2024,4,"Espírito Santo","Superior incompleto ou equivalente",149835.29536752,3841078.39818629,3.9009
2024,4,"Goiás","Fundamental incompleto ou equivalente",2074485.70290299,6896125.33791775,30.0819
2024,4,"Goiás","Médio completo ou equivalente",1965927.90375176,6896125.33791775,28.5077
2024,4,"Goiás","Superior completo",1052504.23383813,6896125.33791775,15.2623
2024,4,"Goiás","Médio incompleto ou equivalente",536037.84495332,6896125.33791775,7.773
2024,4,"Goiás","Sem instrução e menos de 1 ano de estudo",466037.38134119,6896125.33791775,6.758
2024,4,"Goiás","Fundamental completo ou equivalente",461978.3245336,6896125.33791775,6.6991
2024,4,"Goiás","Superior incompleto ou equivalente",339153.94659676,6896125.33791775,4.918
2024,4,"Maranhão","Fundamental incompleto ou equivalente",2269909.23568109,6471376.25421168,35.0761
2024,4,"Maranhão","Médio completo ou equivalente",1773640.35526703,6471376.25421168,27.4075
2024,4,"Maranhão","Sem instrução e menos de 1 ano de estudo",713078.87934677,6471376.25421168,11.019
2024,4,"Maranhão","Superior completo",579532.05670475,6471376.25421168,8.9553
2024,4,"Maranhão","Médio incompleto ou equivalente",480176.81317151,6471376.25421168,7.42
2024,4,"Maranhão","Fundamental completo ou equivalente",467953.47509053,6471376.25421168,7.2311
2024,4,"Maranhão","Superior incompleto ou equivalente",187085.43895,6471376.25421168,2.891
2024,4,"Mato Grosso","Fundamental incompleto ou equivalente",1041173.53817357,3520390.03030425,29.5755
2024,4,"Mato Grosso","Médio completo ou equivalente",906223.75030422,3520390.03030425,25.7421
2024,4,"Mato Grosso","Superior completo",532342.97223322,3520390.03030425,15.1217
2024,4,"Mato Grosso","Médio incompleto ou equivalente",352611.37415828,3520390.03030425,10.0163
2024,4,"Mato Grosso","Sem instrução e menos de 1 ano de estudo",260200.46985799,3520390.03030425,7.3912
2024,4,"Mato Grosso","Fundamental completo ou equivalente",233395.38612574,3520390.03030425,6.6298
2024,4,"Mato Grosso","Superior incompleto ou equivalente",194442.53945123,3520390.03030425,5.5233
2024,4,"Mato Grosso do Sul","Fundamental incompleto ou equivalente",869541.2510665,2639063.92058842,32.9489
2024,4,"Mato Grosso do Sul","Médio completo ou equivalente",609171.16435179,2639063.92058842,23.0828
2024,4,"Mato Grosso do Sul","Superior completo",425018.10431271,2639063.92058842,16.1049
2024,4,"Mato Grosso do Sul","Médio incompleto ou equivalente",199775.82988937,2639063.92058842,7.57
2024,4,"Mato Grosso do Sul","Sem instrução e menos de 1 ano de estudo",194295.74680702,2639063.92058842,7.3623
2024,4,"Mato Grosso do Sul","Fundamental completo ou equivalente",193301.51237765,2639063.92058842,7.3246
2024,4,"Mato Grosso do Sul","Superior incompleto ou equivalente",147960.31178338,2639063.92058842,5.6065
2024,4,"Minas Gerais","Fundamental incompleto ou equivalente",6711653.17682173,20052296.4611624,33.4707
2024,4,"Minas Gerais","Médio completo ou equivalente",5459416.87963968,20052296.4611624,27.2259
2024,4,"Minas Gerais","Superior completo",2826567.52962898,20052296.4611624,14.096
2024,4,"Minas Gerais","Fundamental completo ou equivalente",1541085.26270973,20052296.4611624,7.6853
2024,4,"Minas Gerais","Médio incompleto ou equivalente",1448978.26371591,20052296.4611624,7.226
2024,4,"Minas Gerais","Sem instrução e menos de 1 ano de estudo",1195885.17937447,20052296.4611624,5.9638
2024,4,"Minas Gerais","Superior incompleto ou equivalente",868710.16927189,20052296.4611624,4.3322
2024,4,"Pará","Fundamental incompleto ou equivalente",2894533.93923178,7977404.36412256,36.2842
2024,4,"Pará","Médio completo ou equivalente",2054869.95267336,7977404.36412256,25.7586
2024,4,"Pará","Superior completo",749227.0189834,7977404.36412256,9.3919
2024,4,"Pará","Médio incompleto ou equivalente",712480.53325572,7977404.36412256,8.9312
2024,4,"Pará","Sem instrução e menos de 1 ano de estudo",688191.19479631,7977404.36412256,8.6268
2024,4,"Pará","Fundamental completo ou equivalente",574131.9542812,7977404.36412256,7.197
2024,4,"Pará","Superior incompleto ou equivalente",303969.77090079,7977404.36412256,3.8104
2024,4,"Paraíba","Fundamental incompleto ou equivalente",1445098.67711472,3837331.04487025,37.659
2024,4,"Paraíba","Médio completo ou equivalente",917314.81597787,3837331.04487025,23.905
2024,4,"Paraíba","Superior completo",427749.50164599,3837331.04487025,11.1471
2024,4,"Paraíba","Sem instrução e menos de 1 ano de estudo",400884.93383817,3837331.04487025,10.447
2024,4,"Paraíba","Médio incompleto ou equivalente",277103.95791697,3837331.04487025,7.2213
2024,4,"Paraíba","Fundamental completo ou equivalente",235843.28759719,3837331.04487025,6.146
2024,4,"Paraíba","Superior incompleto ou equivalente",133335.87077934,3837331.04487025,3.4747
2024,4,"Paraná","Fundamental incompleto ou equivalente",3432819.20357719,11132577.6299754,30.8358
2024,4,"Paraná","Médio completo ou equivalente",2985290.95115801,11132577.6299754,26.8158
2024,4,"Paraná","Superior completo",1829092.72017802,11132577.6299754,16.4301
2024,4,"Paraná","Fundamental completo ou equivalente",823247.56942807,11132577.6299754,7.3949
2024,4,"Paraná","Sem instrução e menos de 1 ano de estudo",803726.21848051,11132577.6299754,7.2196
2024,4,"Paraná","Médio incompleto ou equivalente",734884.8325306,11132577.6299754,6.6012
2024,4,"Paraná","Superior incompleto ou equivalente",523516.13462295,11132577.6299754,4.7026
2024,4,"Pernambuco","Fundamental incompleto ou equivalente",3167112.60635584,8894133.2032701,35.609
2024,4,"Pernambuco","Médio completo ou equivalente",2442567.00144929,8894133.2032701,27.4627
2024,4,"Pernambuco","Superior completo",1007975.08657612,8894133.2032701,11.333
2024,4,"Pernambuco","Sem instrução e menos de 1 ano de estudo",846696.1179971,8894133.2032701,9.5197
2024,4,"Pernambuco","Médio incompleto ou equivalente",579117.04851773,8894133.2032701,6.5112
2024,4,"Pernambuco","Fundamental completo ou equivalente",534598.64028364,8894133.2032701,6.0107
2024,4,"Pernambuco","Superior incompleto ou equivalente",316066.70209038,8894133.2032701,3.5537
2024,4,"Piauí","Fundamental incompleto ou equivalente",1186051.25037047,3149168.30764667,37.6624
2024,4,"Piauí","Médio completo ou equivalente",714977.42531494,3149168.30764667,22.7037
2024,4,"Piauí","Sem instrução e menos de 1 ano de estudo",339335.6974963,3149168.30764667,10.7754
2024,4,"Piauí","Superior completo",332820.95281735,3149168.30764667,10.5685
2024,4,"Piauí","Médio incompleto ou equivalente",238389.445635,3149168.30764667,7.5699
2024,4,"Piauí","Fundamental completo ou equivalente",224475.73843871,3149168.30764667,7.1281
2024,4,"Piauí","Superior incompleto ou equivalente",113117.7975739,3149168.30764667,3.592
2024,4,"Rio de Janeiro","Médio completo ou equivalente",4932790.09002534,16408649.6999116,30.0621
2024,4,"Rio de Janeiro","Fundamental incompleto ou equivalente",4244389.97431541,16408649.6999116,25.8668
2024,4,"Rio de Janeiro","Superior completo",3178550.39737475,16408649.6999116,19.3712
2024,4,"Rio de Janeiro","Fundamental completo ou equivalente",1223171.58514056,16408649.6999116,7.4544
2024,4,"Rio de Janeiro","Médio incompleto ou equivalente",1015033.50113094,16408649.6999116,6.186
2024,4,"Rio de Janeiro","Superior incompleto ou equivalente",949159.87488202,16408649.6999116,5.7845
2024,4,"Rio de Janeiro","Sem instrução e menos de 1 ano de estudo",865554.27704259,16408649.6999116,5.275
2024,4,"Rio Grande do Norte","Fundamental incompleto ou equivalente",1176142.87078968,3253529.70197311,36.1498
2024,4,"Rio Grande do Norte","Médio completo ou equivalente",826969.36040221,3253529.70197311,25.4176
2024,4,"Rio Grande do Norte","Superior completo",387000.34729902,3253529.70197311,11.8948
2024,4,"Rio Grande do Norte","Sem instrução e menos de 1 ano de estudo",298865.44493766,3253529.70197311,9.1859
2024,4,"Rio Grande do Norte","Médio incompleto ou equivalente",249892.68435791,3253529.70197311,7.6807
2024,4,"Rio Grande do Norte","Fundamental completo ou equivalente",192136.61208831,3253529.70197311,5.9055
2024,4,"Rio Grande do Norte","Superior incompleto ou equivalente",122522.38209832,3253529.70197311,3.7658
2024,4,"Rio Grande do Sul","Fundamental incompleto ou equivalente",3435603.28972841,10626447.0720327,32.3307
2024,4,"Rio Grande do Sul","Médio completo ou equivalente",2741448.37376339,10626447.0720327,25.7984
2024,4,"Rio Grande do Sul","Superior completo",1659441.86915441,10626447.0720327,15.6161
2024,4,"Rio Grande do Sul","Fundamental completo ou equivalente",884346.32480357,10626447.0720327,8.3221
2024,4,"Rio Grande do Sul","Médio incompleto ou equivalente",693805.25526132,10626447.0720327,6.529
2024,4,"Rio Grande do Sul","Superior incompleto ou equivalente",675409.00725504,10626447.0720327,6.3559
2024,4,"Rio Grande do Sul","Sem instrução e menos de 1 ano de estudo",536392.9520666,10626447.0720327,5.0477
2024,4,"Rondônia","Fundamental incompleto ou equivalente",566246.16202249,1616562.97591224,35.0278
2024,4,"Rondônia","Médio completo ou equivalente",441959.52451494,1616562.97591224,27.3395
2024,4,"Rondônia","Superior completo",187871.85014424,1616562.97591224,11.6217
2024,4,"Rondônia","Sem instrução e menos de 1 ano de estudo",133192.82773837,1616562.97591224,8.2393
2024,4,"Rondônia","Médio incompleto ou equivalente",117845.61378825,1616562.97591224,7.2899
2024,4,"Rondônia","Fundamental completo ou equivalente",114441.62601409,1616562.97591224,7.0793
2024,4,"Rondônia","Superior incompleto ou equivalente",55005.37168986,1616562.97591224,3.4026
2024,4,"Roraima","Médio completo ou equivalente",175156.02974577,583246.9653064,30.0312
2024,4,"Roraima","Fundamental incompleto ou equivalente",172566.30022791,583246.9653064,29.5872
2024,4,"Roraima","Superior completo",79154.99086293,583246.9653064,13.5714
2024,4,"Roraima","Médio incompleto ou equivalente",47026.99513541,583246.9653064,8.063
2024,4,"Roraima","Sem instrução e menos de 1 ano de estudo",45639.72634898,583246.9653064,7.8251
2024,4,"Roraima","Superior incompleto ou equivalente",36172.01162191,583246.9653064,6.2018
2024,4,"Roraima","Fundamental completo ou equivalente",27530.91136349,583246.9653064,4.7203
2024,4,"Santa Catarina","Fundamental incompleto ou equivalente",2158382.74122771,7592930.87437063,28.4262
2024,4,"Santa Catarina","Médio completo ou equivalente",2139915.82088064,7592930.87437063,28.183
2024,4,"Santa Catarina","Superior completo",1297375.06295826,7592930.87437063,17.0866
2024,4,"Santa Catarina","Fundamental completo ou equivalente",719752.4597797,7592930.87437063,9.4792
2024,4,"Santa Catarina","Médio incompleto ou equivalente",491169.90443505,7592930.87437063,6.4688
2024,4,"Santa Catarina","Sem instrução e menos de 1 ano de estudo",431365.81623841,7592930.87437063,5.6812
2024,4,"Santa Catarina","Superior incompleto ou equivalente",354969.06885086,7592930.87437063,4.675
2024,4,"São Paulo","Médio completo ou equivalente",13481385.9739134,43577452.2343995,30.9366
2024,4,"São Paulo","Fundamental incompleto ou equivalente",11118866.8798728,43577452.2343995,25.5152
2024,4,"São Paulo","Superior completo",8782355.42205764,43577452.2343995,20.1534
2024,4,"São Paulo","Fundamental completo ou equivalente",3093481.85985306,43577452.2343995,7.0988
2024,4,"São Paulo","Médio incompleto ou equivalente",2631650.48106794,43577452.2343995,6.039
2024,4,"São Paulo","Sem instrução e menos de 1 ano de estudo",2519290.08432988,43577452.2343995,5.7812
2024,4,"São Paulo","Superior incompleto ou equivalente",1950421.53330477,43577452.2343995,4.4758
2024,4,"Sergipe","Fundamental incompleto ou equivalente",826693.86873513,2140352.01510847,38.6242
2024,4,"Sergipe","Médio completo ou equivalente",505967.32026045,2140352.01510847,23.6394
2024,4,"Sergipe","Superior completo",236569.53698977,2140352.01510847,11.0528
2024,4,"Sergipe","Sem instrução e menos de 1 ano de estudo",188054.55983914,2140352.01510847,8.7862
2024,4,"Sergipe","Médio incompleto ou equivalente",157770.99014769,2140352.01510847,7.3713
2024,4,"Sergipe","Fundamental completo ou equivalente",131927.68336571,2140352.01510847,6.1638
2024,4,"Sergipe","Superior incompleto ou equivalente",93368.05577058,2140352.01510847,4.3623
2024,4,"Tocantins","Fundamental incompleto ou equivalente",451545.19593928,1460785.8620527,30.9111
2024,4,"Tocantins","Médio completo ou equivalente",382077.04276453,1460785.8620527,26.1556
2024,4,"Tocantins","Superior completo",212522.93580034,1460785.8620527,14.5485
2024,4,"Tocantins","Sem instrução e menos de 1 ano de estudo",147428.62426054,1460785.8620527,10.0924
2024,4,"Tocantins","Médio incompleto ou equivalente",104402.35551406,1460785.8620527,7.147
2024,4,"Tocantins","Fundamental completo ou equivalente",83459.72370535,1460785.8620527,5.7133
2024,4,"Tocantins","Superior incompleto ou equivalente",79349.9840686,1460785.8620527,5.432
2025,4,"Acre","Fundamental incompleto ou equivalente",263137.35929789,800274.51562817,32.8809
2025,4,"Acre","Médio completo ou equivalente",194954.53340781,800274.51562817,24.361
2025,4,"Acre","Superior completo",108492.11051009,800274.51562817,13.5569
2025,4,"Acre","Sem instrução e menos de 1 ano de estudo",80051.27191598,800274.51562817,10.003
2025,4,"Acre","Médio incompleto ou equivalente",60360.1196995,800274.51562817,7.5424
2025,4,"Acre","Fundamental completo ou equivalente",57879.82412422,800274.51562817,7.2325
2025,4,"Acre","Superior incompleto ou equivalente",35399.29667268,800274.51562817,4.4234
2025,4,"Alagoas","Fundamental incompleto ou equivalente",1060987.58987091,2994861.65193011,35.4269
2025,4,"Alagoas","Médio completo ou equivalente",739794.04669658,2994861.65193011,24.7021
2025,4,"Alagoas","Sem instrução e menos de 1 ano de estudo",355669.89275034,2994861.65193011,11.876
2025,4,"Alagoas","Superior completo",304895.81120301,2994861.65193011,10.1806
2025,4,"Alagoas","Médio incompleto ou equivalente",210941.99558585,2994861.65193011,7.0435
2025,4,"Alagoas","Fundamental completo ou equivalente",206653.40305699,2994861.65193011,6.9003
2025,4,"Alagoas","Superior incompleto ou equivalente",115918.91276643,2994861.65193011,3.8706
2025,4,"Amapá","Médio completo ou equivalente",218329.02630398,747069.48708227,29.2247
2025,4,"Amapá","Fundamental incompleto ou equivalente",204472.68548304,747069.48708227,27.37
2025,4,"Amapá","Superior completo",119976.5261938,747069.48708227,16.0596
2025,4,"Amapá","Sem instrução e menos de 1 ano de estudo",63266.87637744,747069.48708227,8.4687
2025,4,"Amapá","Médio incompleto ou equivalente",56362.2903403,747069.48708227,7.5445
2025,4,"Amapá","Fundamental completo ou equivalente",46188.67509799,747069.48708227,6.1826
2025,4,"Amapá","Superior incompleto ou equivalente",38473.40728572,747069.48708227,5.1499
2025,4,"Amazonas","Médio completo ou equivalente",1226391.60855532,3854474.67042467,31.8173
2025,4,"Amazonas","Fundamental incompleto ou equivalente",1164523.31330682,3854474.67042467,30.2122
2025,4,"Amazonas","Superior completo",477377.75976133,3854474.67042467,12.385
2025,4,"Amazonas","Sem instrução e menos de 1 ano de estudo",326883.66770596,3854474.67042467,8.4806
2025,4,"Amazonas","Médio incompleto ou equivalente",265344.52057494,3854474.67042467,6.8841
2025,4,"Amazonas","Fundamental completo ou equivalente",214616.12635627,3854474.67042467,5.568
2025,4,"Amazonas","Superior incompleto ou equivalente",179337.67416403,3854474.67042467,4.6527
2025,4,"Bahia","Fundamental incompleto ou equivalente",4889545.25688701,14033280.9139194,34.8425
2025,4,"Bahia","Médio completo ou equivalente",4038610.54713138,14033280.9139194,28.7788
2025,4,"Bahia","Superior completo",1462193.00816655,14033280.9139194,10.4195
2025,4,"Bahia","Sem instrução e menos de 1 ano de estudo",1380423.7685227,14033280.9139194,9.8368
2025,4,"Bahia","Médio incompleto ou equivalente",963815.39887781,14033280.9139194,6.8681
2025,4,"Bahia","Fundamental completo ou equivalente",756146.39818448,14033280.9139194,5.3882
2025,4,"Bahia","Superior incompleto ou equivalente",542546.53614947,14033280.9139194,3.8661
2025,4,"Ceará","Fundamental incompleto ou equivalente",2909216.08135818,8738675.1162531,33.2913
2025,4,"Ceará","Médio completo ou equivalente",2378753.72985184,8738675.1162531,27.221
2025,4,"Ceará","Sem instrução e menos de 1 ano de estudo",941267.33347565,8738675.1162531,10.7713
2025,4,"Ceará","Superior completo",891456.23186178,8738675.1162531,10.2013
2025,4,"Ceará","Fundamental completo ou equivalente",644870.69778814,8738675.1162531,7.3795
2025,4,"Ceará","Médio incompleto ou equivalente",597640.76437819,8738675.1162531,6.839
2025,4,"Ceará","Superior incompleto ou equivalente",375470.27753932,8738675.1162531,4.2966
2025,4,"Distrito Federal","Superior completo",897017.55516898,2832240.20964483,31.6717
2025,4,"Distrito Federal","Médio completo ou equivalente",705990.08759812,2832240.20964483,24.9269
2025,4,"Distrito Federal","Fundamental incompleto ou equivalente",582902.08668112,2832240.20964483,20.581
2025,4,"Distrito Federal","Superior incompleto ou equivalente",191397.22206703,2832240.20964483,6.7578
2025,4,"Distrito Federal","Médio incompleto ou equivalente",169482.5780972,2832240.20964483,5.984
2025,4,"Distrito Federal","Sem instrução e menos de 1 ano de estudo",147423.23922049,2832240.20964483,5.2052
2025,4,"Distrito Federal","Fundamental completo ou equivalente",138027.44081189,2832240.20964483,4.8734
2025,4,"Espírito Santo","Fundamental incompleto ou equivalente",1268678.90699553,3883308.92447068,32.67
2025,4,"Espírito Santo","Médio completo ou equivalente",1040899.97766846,3883308.92447068,26.8045
2025,4,"Espírito Santo","Superior completo",605459.75754184,3883308.92447068,15.5913
2025,4,"Espírito Santo","Fundamental completo ou equivalente",280510.94130896,3883308.92447068,7.2235
2025,4,"Espírito Santo","Sem instrução e menos de 1 ano de estudo",262653.13155937,3883308.92447068,6.7636
2025,4,"Espírito Santo","Médio incompleto ou equivalente",255790.93336136,3883308.92447068,6.5869
2025,4,"Espírito Santo","Superior incompleto ou equivalente",169315.27603516,3883308.92447068,4.3601
2025,4,"Goiás","Médio completo ou equivalente",2015625.21168437,6987772.28928916,28.845
2025,4,"Goiás","Fundamental incompleto ou equivalente",2013729.31340557,6987772.28928916,28.8179
2025,4,"Goiás","Superior completo",1125249.29931907,6987772.28928916,16.1031
2025,4,"Goiás","Médio incompleto ou equivalente",510565.75509434,6987772.28928916,7.3066
2025,4,"Goiás","Sem instrução e menos de 1 ano de estudo",473299.39801014,6987772.28928916,6.7733
2025,4,"Goiás","Fundamental completo ou equivalente",470893.27371683,6987772.28928916,6.7388
2025,4,"Goiás","Superior incompleto ou equivalente",378410.03805884,6987772.28928916,5.4153
2025,4,"Maranhão","Fundamental incompleto ou equivalente",2242616.01996501,6496054.75808841,34.5227
2025,4,"Maranhão","Médio completo ou equivalente",1800156.38471739,6496054.75808841,27.7115
2025,4,"Maranhão","Sem instrução e menos de 1 ano de estudo",717704.48975774,6496054.75808841,11.0483
2025,4,"Maranhão","Superior completo",557527.29751299,6496054.75808841,8.5826
2025,4,"Maranhão","Médio incompleto ou equivalente",528118.54410301,6496054.75808841,8.1298
2025,4,"Maranhão","Fundamental completo ou equivalente",451352.52251948,6496054.75808841,6.9481
2025,4,"Maranhão","Superior incompleto ou equivalente",198579.49951279,6496054.75808841,3.0569
2025,4,"Mato Grosso","Fundamental incompleto ou equivalente",1092582.42550459,3548557.53222803,30.7895
2025,4,"Mato Grosso","Médio completo ou equivalente",938618.45817524,3548557.53222803,26.4507
2025,4,"Mato Grosso","Superior completo",538300.75585689,3548557.53222803,15.1696
2025,4,"Mato Grosso","Médio incompleto ou equivalente",330006.45380654,3548557.53222803,9.2997
2025,4,"Mato Grosso","Sem instrução e menos de 1 ano de estudo",253675.18521659,3548557.53222803,7.1487
2025,4,"Mato Grosso","Fundamental completo ou equivalente",222266.81663159,3548557.53222803,6.2636
2025,4,"Mato Grosso","Superior incompleto ou equivalente",173107.43703659,3548557.53222803,4.8782
2025,4,"Mato Grosso do Sul","Fundamental incompleto ou equivalente",894813.85933647,2684789.12894923,33.329
2025,4,"Mato Grosso do Sul","Médio completo ou equivalente",649342.28514151,2684789.12894923,24.186
2025,4,"Mato Grosso do Sul","Superior completo",432827.85897561,2684789.12894923,16.1215
2025,4,"Mato Grosso do Sul","Médio incompleto ou equivalente",199118.25773286,2684789.12894923,7.4165
2025,4,"Mato Grosso do Sul","Fundamental completo ou equivalente",185024.73572315,2684789.12894923,6.8916
2025,4,"Mato Grosso do Sul","Sem instrução e menos de 1 ano de estudo",183727.34491356,2684789.12894923,6.8433
2025,4,"Mato Grosso do Sul","Superior incompleto ou equivalente",139934.78712607,2684789.12894923,5.2121
2025,4,"Minas Gerais","Fundamental incompleto ou equivalente",6711331.30103433,20186984.0928804,33.2458
2025,4,"Minas Gerais","Médio completo ou equivalente",5425476.61611046,20186984.0928804,26.8761
2025,4,"Minas Gerais","Superior completo",3074677.74084798,20186984.0928804,15.231
2025,4,"Minas Gerais","Fundamental completo ou equivalente",1447018.52698728,20186984.0928804,7.1681
2025,4,"Minas Gerais","Médio incompleto ou equivalente",1399850.95530516,20186984.0928804,6.9344
2025,4,"Minas Gerais","Sem instrução e menos de 1 ano de estudo",1244442.22849755,20186984.0928804,6.1646
2025,4,"Minas Gerais","Superior incompleto ou equivalente",884186.72409764,20186984.0928804,4.38
2025,4,"Pará","Fundamental incompleto ou equivalente",2896688.95668732,8026115.2981822,36.0908
2025,4,"Pará","Médio completo ou equivalente",2109593.28907772,8026115.2981822,26.2841
2025,4,"Pará","Sem instrução e menos de 1 ano de estudo",702874.54826649,8026115.2981822,8.7573
2025,4,"Pará","Superior completo",694095.31540485,8026115.2981822,8.648
2025,4,"Pará","Médio incompleto ou equivalente",675531.61678743,8026115.2981822,8.4167
2025,4,"Pará","Fundamental completo ou equivalente",593245.81353934,8026115.2981822,7.3914
2025,4,"Pará","Superior incompleto ou equivalente",354085.75841905,8026115.2981822,4.4117
2025,4,"Paraíba","Fundamental incompleto ou equivalente",1446648.84681888,3862449.03295373,37.4542
2025,4,"Paraíba","Médio completo ou equivalente",904884.38887185,3862449.03295373,23.4277
2025,4,"Paraíba","Superior completo",448486.20723318,3862449.03295373,11.6114
2025,4,"Paraíba","Sem instrução e menos de 1 ano de estudo",385722.35111838,3862449.03295373,9.9865
2025,4,"Paraíba","Médio incompleto ou equivalente",289712.11695611,3862449.03295373,7.5007
2025,4,"Paraíba","Fundamental completo ou equivalente",235688.8824251,3862449.03295373,6.1021
2025,4,"Paraíba","Superior incompleto ou equivalente",151306.23953023,3862449.03295373,3.9174
2025,4,"Paraná","Fundamental incompleto ou equivalente",3316855.15940233,11198054.3710179,29.6199
2025,4,"Paraná","Médio completo ou equivalente",3019060.47287431,11198054.3710179,26.9606
2025,4,"Paraná","Superior completo",2022331.94069336,11198054.3710179,18.0597
2025,4,"Paraná","Fundamental completo ou equivalente",764755.75506696,11198054.3710179,6.8294
2025,4,"Paraná","Sem instrução e menos de 1 ano de estudo",762604.80639059,11198054.3710179,6.8102
2025,4,"Paraná","Médio incompleto ou equivalente",739585.65036845,11198054.3710179,6.6046
2025,4,"Paraná","Superior incompleto ou equivalente",572860.58622193,11198054.3710179,5.1157
2025,4,"Pernambuco","Fundamental incompleto ou equivalente",3104456.88809434,8962068.25198992,34.64
2025,4,"Pernambuco","Médio completo ou equivalente",2487980.40521303,8962068.25198992,27.7612
2025,4,"Pernambuco","Superior completo",1149735.61147941,8962068.25198992,12.8289
2025,4,"Pernambuco","Sem instrução e menos de 1 ano de estudo",815959.77901645,8962068.25198992,9.1046
2025,4,"Pernambuco","Médio incompleto ou equivalente",543956.09086621,8962068.25198992,6.0695
2025,4,"Pernambuco","Fundamental completo ou equivalente",540575.44968719,8962068.25198992,6.0318
2025,4,"Pernambuco","Superior incompleto ou equivalente",319404.02763329,8962068.25198992,3.564
2025,4,"Piauí","Fundamental incompleto ou equivalente",1131422.08801424,3172469.16271667,35.6638
2025,4,"Piauí","Médio completo ou equivalente",732639.26193416,3172469.16271667,23.0937
2025,4,"Piauí","Superior completo",374182.17330195,3172469.16271667,11.7947
2025,4,"Piauí","Sem instrução e menos de 1 ano de estudo",354415.46435206,3172469.16271667,11.1716
2025,4,"Piauí","Médio incompleto ou equivalente",242808.91104731,3172469.16271667,7.6536
2025,4,"Piauí","Fundamental completo ou equivalente",209006.62231872,3172469.16271667,6.5881
2025,4,"Piauí","Superior incompleto ou equivalente",127994.64174823,3172469.16271667,4.0345
2025,4,"Rio de Janeiro","Médio completo ou equivalente",5018122.23480082,16412339.360771,30.5753
2025,4,"Rio de Janeiro","Fundamental incompleto ou equivalente",4192164.52906981,16412339.360771,25.5428
2025,4,"Rio de Janeiro","Superior completo",3216175.46708029,16412339.360771,19.5961
2025,4,"Rio de Janeiro","Fundamental completo ou equivalente",1157825.68037461,16412339.360771,7.0546
2025,4,"Rio de Janeiro","Médio incompleto ou equivalente",1013861.70742017,16412339.360771,6.1774
2025,4,"Rio de Janeiro","Superior incompleto ou equivalente",982593.31903271,16412339.360771,5.9869
2025,4,"Rio de Janeiro","Sem instrução e menos de 1 ano de estudo",831596.42299262,16412339.360771,5.0669
2025,4,"Rio Grande do Norte","Fundamental incompleto ou equivalente",1156782.84032556,3263884.5423332,35.4419
2025,4,"Rio Grande do Norte","Médio completo ou equivalente",824565.02173992,3263884.5423332,25.2633
2025,4,"Rio Grande do Norte","Superior completo",432470.60721029,3263884.5423332,13.2502
2025,4,"Rio Grande do Norte","Sem instrução e menos de 1 ano de estudo",274581.63263314,3263884.5423332,8.4127
2025,4,"Rio Grande do Norte","Médio incompleto ou equivalente",252015.92803494,3263884.5423332,7.7213
2025,4,"Rio Grande do Norte","Fundamental completo ou equivalente",180886.55127949,3263884.5423332,5.5421
2025,4,"Rio Grande do Norte","Superior incompleto ou equivalente",142581.96110986,3263884.5423332,4.3685
2025,4,"Rio Grande do Sul","Fundamental incompleto ou equivalente",3371910.86097303,10595345.7202766,31.8245
2025,4,"Rio Grande do Sul","Médio completo ou equivalente",2702801.02093351,10595345.7202766,25.5093
2025,4,"Rio Grande do Sul","Superior completo",1809480.6729377,10595345.7202766,17.0781
2025,4,"Rio Grande do Sul","Fundamental completo ou equivalente",887715.29393704,10595345.7202766,8.3784
2025,4,"Rio Grande do Sul","Médio incompleto ou equivalente",693818.99825718,10595345.7202766,6.5483
2025,4,"Rio Grande do Sul","Superior incompleto ou equivalente",643346.14918778,10595345.7202766,6.072
2025,4,"Rio Grande do Sul","Sem instrução e menos de 1 ano de estudo",486272.72405034,10595345.7202766,4.5895
2025,4,"Rondônia","Fundamental incompleto ou equivalente",559465.21246273,1624505.2077772,34.4391
2025,4,"Rondônia","Médio completo ou equivalente",406280.28214329,1624505.2077772,25.0095
2025,4,"Rondônia","Superior completo",223271.06493159,1624505.2077772,13.7439
2025,4,"Rondônia","Sem instrução e menos de 1 ano de estudo",130488.69920224,1624505.2077772,8.0325
2025,4,"Rondônia","Médio incompleto ou equivalente",125781.49109729,1624505.2077772,7.7428
2025,4,"Rondônia","Fundamental completo ou equivalente",113515.47196279,1624505.2077772,6.9877
2025,4,"Rondônia","Superior incompleto ou equivalente",65702.98597727,1624505.2077772,4.0445
2025,4,"Roraima","Médio completo ou equivalente",190147.72438941,605070.20411412,31.4257
2025,4,"Roraima","Fundamental incompleto ou equivalente",164762.20662436,605070.20411412,27.2303
2025,4,"Roraima","Superior completo",95232.98189742,605070.20411412,15.7392
2025,4,"Roraima","Sem instrução e menos de 1 ano de estudo",48925.47909876,605070.20411412,8.0859
2025,4,"Roraima","Médio incompleto ou equivalente",37308.14299079,605070.20411412,6.1659
2025,4,"Roraima","Superior incompleto ou equivalente",36743.6304827,605070.20411412,6.0726
2025,4,"Roraima","Fundamental completo ou equivalente",31950.03863068,605070.20411412,5.2804
2025,4,"Santa Catarina","Fundamental incompleto ou equivalente",2207637.9551026,7726106.23581755,28.5737
2025,4,"Santa Catarina","Médio completo ou equivalente",2117491.00513823,7726106.23581755,27.407
2025,4,"Santa Catarina","Superior completo",1459712.03945596,7726106.23581755,18.8932
2025,4,"Santa Catarina","Fundamental completo ou equivalente",686621.79515457,7726106.23581755,8.887
2025,4,"Santa Catarina","Médio incompleto ou equivalente",491290.0330315,7726106.23581755,6.3588
2025,4,"Santa Catarina","Superior incompleto ou equivalente",382025.04303241,7726106.23581755,4.9446
2025,4,"Santa Catarina","Sem instrução e menos de 1 ano de estudo",381328.36490228,7726106.23581755,4.9356
2025,4,"São Paulo","Médio completo ou equivalente",13436116.7080044,43739768.2563642,30.7183
2025,4,"São Paulo","Fundamental incompleto ou equivalente",10798281.9671519,43739768.2563642,24.6876
2025,4,"São Paulo","Superior completo",9317154.76793597,43739768.2563642,21.3013
2025,4,"São Paulo","Fundamental completo ou equivalente",2963526.79406039,43739768.2563642,6.7754
2025,4,"São Paulo","Médio incompleto ou equivalente",2627235.4165744,43739768.2563642,6.0065
2025,4,"São Paulo","Sem instrução e menos de 1 ano de estudo",2382393.5046715,43739768.2563642,5.4467
2025,4,"São Paulo","Superior incompleto ou equivalente",2215059.09796555,43739768.2563642,5.0642
2025,4,"Sergipe","Fundamental incompleto ou equivalente",823450.79836416,2160613.04502926,38.1119
2025,4,"Sergipe","Médio completo ou equivalente",524338.26825388,2160613.04502926,24.268
2025,4,"Sergipe","Superior completo",260752.39118869,2160613.04502926,12.0684
2025,4,"Sergipe","Sem instrução e menos de 1 ano de estudo",183424.83790983,2160613.04502926,8.4895
2025,4,"Sergipe","Médio incompleto ou equivalente",134108.39032919,2160613.04502926,6.207
2025,4,"Sergipe","Fundamental completo ou equivalente",132813.53634476,2160613.04502926,6.147
2025,4,"Sergipe","Superior incompleto ou equivalente",101724.82263875,2160613.04502926,4.7081
2025,4,"Tocantins","Fundamental incompleto ou equivalente",432408.62728595,1464006.01987039,29.536
2025,4,"Tocantins","Médio completo ou equivalente",378214.77602924,1464006.01987039,25.8342
2025,4,"Tocantins","Superior completo",226496.1225429,1464006.01987039,15.471
2025,4,"Tocantins","Sem instrução e menos de 1 ano de estudo",132072.65168791,1464006.01987039,9.0213
2025,4,"Tocantins","Médio incompleto ou equivalente",116653.71024574,1464006.01987039,7.9681
2025,4,"Tocantins","Superior incompleto ou equivalente",91332.62539305,1464006.01987039,6.2385
2025,4,"Tocantins","Fundamental completo ou equivalente",86827.5066856,1464006.01987039,5.9308
