"Ano","Trimestre","periodo","raca_cor","nivel_instrucao","peso","total_ponderado","percentual"
2012,1,"2012-T1","Amarela","Medio completo ou equivalente",254934.5163762,972894.30521247,26.2037
2012,1,"2012-T1","Amarela","Superior completo",236161.16769423,972894.30521247,24.2741
2012,1,"2012-T1","Amarela","Fundamental incompleto ou equivalente",235646.04293507,972894.30521247,24.2211
2012,1,"2012-T1","Amarela","Fundamental completo ou equivalente",92300.70063101,972894.30521247,9.4872
2012,1,"2012-T1","Amarela","Superior incompleto ou equivalente",53570.31573806,972894.30521247,5.5063
2012,1,"2012-T1","Amarela","Sem instrucao e menos de 1 ano de estudo",51050.13436553,972894.30521247,5.2472
2012,1,"2012-T1","Amarela","Medio incompleto ou equivalente",49231.42747237,972894.30521247,5.0603
2012,1,"2012-T1","Branca","Fundamental incompleto ou equivalente",31109135.1172952,85183931.8491846,36.52
2012,1,"2012-T1","Branca","Medio completo ou equivalente",19239691.7286418,85183931.8491846,22.5861
2012,1,"2012-T1","Branca","Superior completo",11182447.4175817,85183931.8491846,13.1274
2012,1,"2012-T1","Branca","Fundamental completo ou equivalente",8125532.11147092,85183931.8491846,9.5388
2012,1,"2012-T1","Branca","Sem instrucao e menos de 1 ano de estudo",5947646.68041502,85183931.8491846,6.9821
2012,1,"2012-T1","Branca","Medio incompleto ou equivalente",5320659.82608302,85183931.8491846,6.2461
2012,1,"2012-T1","Branca","Superior incompleto ou equivalente",4258818.96769693,85183931.8491846,4.9996
2012,1,"2012-T1","Indigena","Fundamental incompleto ou equivalente",189909.77493994,448781.98737715,42.3167
2012,1,"2012-T1","Indigena","Medio completo ou equivalente",85280.77132628,448781.98737715,19.0027
2012,1,"2012-T1","Indigena","Sem instrucao e menos de 1 ano de estudo",60295.53039366,448781.98737715,13.4354
2012,1,"2012-T1","Indigena","Fundamental completo ou equivalente",45890.07833365,448781.98737715,10.2255
2012,1,"2012-T1","Indigena","Medio incompleto ou equivalente",28988.21371436,448781.98737715,6.4593
2012,1,"2012-T1","Indigena","Superior completo",25875.74221731,448781.98737715,5.7658
2012,1,"2012-T1","Indigena","Superior incompleto ou equivalente",12541.87645195,448781.98737715,2.7946
2012,1,"2012-T1","Parda","Fundamental incompleto ou equivalente",37021454.8351706,81251387.8223586,45.5641
2012,1,"2012-T1","Parda","Medio completo ou equivalente",15813797.2484652,81251387.8223586,19.4628
2012,1,"2012-T1","Parda","Sem instrucao e menos de 1 ano de estudo",9030722.8271896,81251387.8223586,11.1145
2012,1,"2012-T1","Parda","Fundamental completo ou equivalente",8167664.8250136,81251387.8223586,10.0523
2012,1,"2012-T1","Parda","Medio incompleto ou equivalente",5707818.29683167,81251387.8223586,7.0249
2012,1,"2012-T1","Parda","Superior completo",3435157.25812254,81251387.8223586,4.2278
2012,1,"2012-T1","Parda","Superior incompleto ou equivalente",2074772.53156528,81251387.8223586,2.5535
2012,1,"2012-T1","Preta","Fundamental incompleto ou equivalente",6207126.19207857,14154930.0358893,43.8513
2012,1,"2012-T1","Preta","Medio completo ou equivalente",3059299.1323879,14154930.0358893,21.613
2012,1,"2012-T1","Preta","Sem instrucao e menos de 1 ano de estudo",1495422.45438602,14154930.0358893,10.5647
2012,1,"2012-T1","Preta","Fundamental completo ou equivalente",1444121.73620935,14154930.0358893,10.2023
2012,1,"2012-T1","Preta","Medio incompleto ou equivalente",952075.64733799,14154930.0358893,6.7261
2012,1,"2012-T1","Preta","Superior completo",636045.67925152,14154930.0358893,4.4935
2012,1,"2012-T1","Preta","Superior incompleto ou equivalente",360839.19423794,14154930.0358893,2.5492
2012,2,"2012-T2","Amarela","Superior completo",232898.19371553,867052.21422181,26.8609
2012,2,"2012-T2","Amarela","Fundamental incompleto ou equivalente",210382.78341813,867052.21422181,24.2641
2012,2,"2012-T2","Amarela","Medio completo ou equivalente",209050.52302356,867052.21422181,24.1105
2012,2,"2012-T2","Amarela","Fundamental completo ou equivalente",69568.5885403,867052.21422181,8.0236
2012,2,"2012-T2","Amarela","Superior incompleto ou equivalente",64412.54962247,867052.21422181,7.4289
2012,2,"2012-T2","Amarela","Medio incompleto ou equivalente",41589.11256131,867052.21422181,4.7966
2012,2,"2012-T2","Amarela","Sem instrucao e menos de 1 ano de estudo",39150.46334051,867052.21422181,4.5154
2012,2,"2012-T2","Branca","Fundamental incompleto ou equivalente",30624980.0774183,84299009.0687717,36.329
2012,2,"2012-T2","Branca","Medio completo ou equivalente",19256540.3245306,84299009.0687717,22.8431
2012,2,"2012-T2","Branca","Superior completo",11264874.236486,84299009.0687717,13.363
2012,2,"2012-T2","Branca","Fundamental completo ou equivalente",7943461.24635753,84299009.0687717,9.423
2012,2,"2012-T2","Branca","Sem instrucao e menos de 1 ano de estudo",5788644.75474081,84299009.0687717,6.8668
2012,2,"2012-T2","Branca","Medio incompleto ou equivalente",5196972.81825589,84299009.0687717,6.1649
2012,2,"2012-T2","Branca","Superior incompleto ou equivalente",4223535.6109825,84299009.0687717,5.0102
2012,2,"2012-T2","Ignorado","Fundamental incompleto ou equivalente",560.82514299,560.82514299,100
2012,2,"2012-T2","Indigena","Fundamental incompleto ou equivalente",135611.87911631,300864.52673583,45.0741
2012,2,"2012-T2","Indigena","Medio completo ou equivalente",54540.86676344,300864.52673583,18.128
2012,2,"2012-T2","Indigena","Sem instrucao e menos de 1 ano de estudo",35386.34519424,300864.52673583,11.7616
2012,2,"2012-T2","Indigena","Fundamental completo ou equivalente",27181.16659423,300864.52673583,9.0344
2012,2,"2012-T2","Indigena","Medio incompleto ou equivalente",19988.08587151,300864.52673583,6.6436
2012,2,"2012-T2","Indigena","Superior completo",16662.78496892,300864.52673583,5.5383
2012,2,"2012-T2","Indigena","Superior incompleto ou equivalente",11493.39822718,300864.52673583,3.8201
2012,2,"2012-T2","Parda","Fundamental incompleto ou equivalente",38339694.4535348,83826160.4847259,45.7371
2012,2,"2012-T2","Parda","Medio completo ou equivalente",16316453.6366227,83826160.4847259,19.4646
2012,2,"2012-T2","Parda","Sem instrucao e menos de 1 ano de estudo",9302464.8099026,83826160.4847259,11.0973
2012,2,"2012-T2","Parda","Fundamental completo ou equivalente",8391066.06897902,83826160.4847259,10.0101
2012,2,"2012-T2","Parda","Medio incompleto ou equivalente",5930921.14594318,83826160.4847259,7.0753
2012,2,"2012-T2","Parda","Superior completo",3502505.73334464,83826160.4847259,4.1783
2012,2,"2012-T2","Parda","Superior incompleto ou equivalente",2043054.63639898,83826160.4847259,2.4373
2012,2,"2012-T2","Preta","Fundamental incompleto ou equivalente",5742749.85851847,13141833.8804063,43.6982
2012,2,"2012-T2","Preta","Medio completo ou equivalente",2757366.05743871,13141833.8804063,20.9816
2012,2,"2012-T2","Preta","Sem instrucao e menos de 1 ano de estudo",1442435.79870859,13141833.8804063,10.9759
2012,2,"2012-T2","Preta","Fundamental completo ou equivalente",1382549.99242525,13141833.8804063,10.5202
2012,2,"2012-T2","Preta","Medio incompleto ou equivalente",886610.84906525,13141833.8804063,6.7465
2012,2,"2012-T2","Preta","Superior completo",576957.16782764,13141833.8804063,4.3902
2012,2,"2012-T2","Preta","Superior incompleto ou equivalente",353164.15642237,13141833.8804063,2.6873
2012,3,"2012-T3","Amarela","Fundamental incompleto ou equivalente",237389.09341851,920068.077545,25.8013
2012,3,"2012-T3","Amarela","Superior completo",234516.92450581,920068.077545,25.4891
2012,3,"2012-T3","Amarela","Medio completo ou equivalente",217161.46389522,920068.077545,23.6028
2012,3,"2012-T3","Amarela","Fundamental completo ou equivalente",70484.45307719,920068.077545,7.6608
2012,3,"2012-T3","Amarela","Superior incompleto ou equivalente",66391.81565425,920068.077545,7.216
2012,3,"2012-T3","Amarela","Medio incompleto ou equivalente",48580.79716418,920068.077545,5.2801
2012,3,"2012-T3","Amarela","Sem instrucao e menos de 1 ano de estudo",45543.52982984,920068.077545,4.95
2012,3,"2012-T3","Branca","Fundamental incompleto ou equivalente",30285605.4616816,83900489.3305076,36.0971
2012,3,"2012-T3","Branca","Medio completo ou equivalente",19233637.6401342,83900489.3305076,22.9243
2012,3,"2012-T3","Branca","Superior completo",11335898.4774587,83900489.3305076,13.5111
2012,3,"2012-T3","Branca","Fundamental completo ou equivalente",7940563.03540239,83900489.3305076,9.4643
2012,3,"2012-T3","Branca","Sem instrucao e menos de 1 ano de estudo",5817694.85663,83900489.3305076,6.934
2012,3,"2012-T3","Branca","Medio incompleto ou equivalente",5062100.4777032,83900489.3305076,6.0335
2012,3,"2012-T3","Branca","Superior incompleto ou equivalente",4224989.38149749,83900489.3305076,5.0357
2012,3,"2012-T3","Ignorado","Medio incompleto ou equivalente",413.57255063,413.57255063,100
2012,3,"2012-T3","Indigena","Fundamental incompleto ou equivalente",178804.12509827,380859.63412754,46.9475
2012,3,"2012-T3","Indigena","Medio completo ou equivalente",66391.73710355,380859.63412754,17.4321
2012,3,"2012-T3","Indigena","Sem instrucao e menos de 1 ano de estudo",49715.30170575,380859.63412754,13.0534
2012,3,"2012-T3","Indigena","Fundamental completo ou equivalente",40552.50250718,380859.63412754,10.6476
2012,3,"2012-T3","Indigena","Medio incompleto ou equivalente",21420.14827983,380859.63412754,5.6242
2012,3,"2012-T3","Indigena","Superior completo",14833.79768024,380859.63412754,3.8948
2012,3,"2012-T3","Indigena","Superior incompleto ou equivalente",9142.02175272,380859.63412754,2.4004
2012,3,"2012-T3","Parda","Fundamental incompleto ou equivalente",38748802.9365573,84536822.2376987,45.8366
2012,3,"2012-T3","Parda","Medio completo ou equivalente",16341202.8377372,84536822.2376987,19.3303
2012,3,"2012-T3","Parda","Sem instrucao e menos de 1 ano de estudo",9564145.39952124,84536822.2376987,11.3136
2012,3,"2012-T3","Parda","Fundamental completo ou equivalente",8343933.52649958,84536822.2376987,9.8702
2012,3,"2012-T3","Parda","Medio incompleto ou equivalente",5810087.03652115,84536822.2376987,6.8728
2012,3,"2012-T3","Parda","Superior completo",3616865.30873952,84536822.2376987,4.2784
2012,3,"2012-T3","Parda","Superior incompleto ou equivalente",2111785.19212276,84536822.2376987,2.4981
2012,3,"2012-T3","Preta","Fundamental incompleto ou equivalente",5723310.07286752,13122810.1475707,43.6134
2012,3,"2012-T3","Preta","Medio completo ou equivalente",2814175.51976573,13122810.1475707,21.4449
2012,3,"2012-T3","Preta","Sem instrucao e menos de 1 ano de estudo",1374801.8739169,13122810.1475707,10.4764
2012,3,"2012-T3","Preta","Fundamental completo ou equivalente",1360814.91528025,13122810.1475707,10.3698
2012,3,"2012-T3","Preta","Medio incompleto ou equivalente",886796.88333753,13122810.1475707,6.7577
2012,3,"2012-T3","Preta","Superior completo",588843.24452754,13122810.1475707,4.4872
2012,3,"2012-T3","Preta","Superior incompleto ou equivalente",374067.6378752,13122810.1475707,2.8505
2012,4,"2012-T4","Amarela","Superior completo",222072.79197651,791533.58243036,28.056
2012,4,"2012-T4","Amarela","Fundamental incompleto ou equivalente",208615.70034695,791533.58243036,26.3559
2012,4,"2012-T4","Amarela","Medio completo ou equivalente",165323.66406815,791533.58243036,20.8865
2012,4,"2012-T4","Amarela","Fundamental completo ou equivalente",69081.65331786,791533.58243036,8.7276
2012,4,"2012-T4","Amarela","Superior incompleto ou equivalente",59307.69530196,791533.58243036,7.4928
2012,4,"2012-T4","Amarela","Medio incompleto ou equivalente",33606.32197437,791533.58243036,4.2457
2012,4,"2012-T4","Amarela","Sem instrucao e menos de 1 ano de estudo",33525.75544456,791533.58243036,4.2355
2012,4,"2012-T4","Branca","Fundamental incompleto ou equivalente",29871109.5885286,83297744.4085594,35.8606
2012,4,"2012-T4","Branca","Medio completo ou equivalente",19172157.1966173,83297744.4085594,23.0164
2012,4,"2012-T4","Branca","Superior completo",11557749.9604592,83297744.4085594,13.8752
2012,4,"2012-T4","Branca","Fundamental completo ou equivalente",7753624.47926466,83297744.4085594,9.3083
2012,4,"2012-T4","Branca","Sem instrucao e menos de 1 ano de estudo",5834001.45163511,83297744.4085594,7.0038
2012,4,"2012-T4","Branca","Medio incompleto ou equivalente",4955163.12298307,83297744.4085594,5.9487
2012,4,"2012-T4","Branca","Superior incompleto ou equivalente",4153938.60907145,83297744.4085594,4.9869
2012,4,"2012-T4","Ignorado","Medio completo ou equivalente",406.73535266,554.21116093,73.39
2012,4,"2012-T4","Ignorado","Fundamental incompleto ou equivalente",147.47580827,554.21116093,26.61
2012,4,"2012-T4","Indigena","Fundamental incompleto ou equivalente",133681.16848106,302046.69540306,44.2584
2012,4,"2012-T4","Indigena","Medio completo ou equivalente",52162.71926169,302046.69540306,17.2698
2012,4,"2012-T4","Indigena","Fundamental completo ou equivalente",35964.94038077,302046.69540306,11.9071
2012,4,"2012-T4","Indigena","Sem instrucao e menos de 1 ano de estudo",34860.61425498,302046.69540306,11.5415
2012,4,"2012-T4","Indigena","Medio incompleto ou equivalente",19326.75402466,302046.69540306,6.3986
2012,4,"2012-T4","Indigena","Superior completo",13916.57187148,302046.69540306,4.6074
2012,4,"2012-T4","Indigena","Superior incompleto ou equivalente",12133.92712842,302046.69540306,4.0172
2012,4,"2012-T4","Parda","Fundamental incompleto ou equivalente",39311697.2908179,85792344.7931664,45.8219
2012,4,"2012-T4","Parda","Medio completo ou equivalente",16884140.7434465,85792344.7931664,19.6802
2012,4,"2012-T4","Parda","Sem instrucao e menos de 1 ano de estudo",9757628.4259725,85792344.7931664,11.3735
2012,4,"2012-T4","Parda","Fundamental completo ou equivalente",8372420.03347439,85792344.7931664,9.7589
2012,4,"2012-T4","Parda","Medio incompleto ou equivalente",5750673.5025888,85792344.7931664,6.703
2012,4,"2012-T4","Parda","Superior completo",3671578.28491684,85792344.7931664,4.2796
2012,4,"2012-T4","Parda","Superior incompleto ou equivalente",2044206.51194948,85792344.7931664,2.3827
2012,4,"2012-T4","Preta","Fundamental incompleto ou equivalente",5667369.5299137,13096218.3092828,43.2749
2012,4,"2012-T4","Preta","Medio completo ou equivalente",2840060.88378974,13096218.3092828,21.6861
2012,4,"2012-T4","Preta","Fundamental completo ou equivalente",1370725.05630272,13096218.3092828,10.4666
2012,4,"2012-T4","Preta","Sem instrucao e menos de 1 ano de estudo",1366982.7980002,13096218.3092828,10.438
2012,4,"2012-T4","Preta","Medio incompleto ou equivalente",865367.3975568,13096218.3092828,6.6078
2012,4,"2012-T4","Preta","Superior completo",606978.01922347,13096218.3092828,4.6348
2012,4,"2012-T4","Preta","Superior incompleto ou equivalente",378734.62449616,13096218.3092828,2.8919
2013,1,"2013-T1","Amarela","Superior completo",251026.23988776,799464.81672334,31.3993
2013,1,"2013-T1","Amarela","Fundamental incompleto ou equivalente",196973.28023998,799464.81672334,24.6381
2013,1,"2013-T1","Amarela","Medio completo ou equivalente",155957.86145266,799464.81672334,19.5078
2013,1,"2013-T1","Amarela","Superior incompleto ou equivalente",67962.74276385,799464.81672334,8.501
2013,1,"2013-T1","Amarela","Fundamental completo ou equivalente",64509.5071481,799464.81672334,8.0691
2013,1,"2013-T1","Amarela","Medio incompleto ou equivalente",32957.68950829,799464.81672334,4.1225
2013,1,"2013-T1","Amarela","Sem instrucao e menos de 1 ano de estudo",30077.4957227,799464.81672334,3.7622
2013,1,"2013-T1","Branca","Fundamental incompleto ou equivalente",29201029.6868355,82925046.9742916,35.2138
2013,1,"2013-T1","Branca","Medio completo ou equivalente",19638189.3449653,82925046.9742916,23.6819
2013,1,"2013-T1","Branca","Superior completo",11637377.5741285,82925046.9742916,14.0336
2013,1,"2013-T1","Branca","Fundamental completo ou equivalente",7902647.78620357,82925046.9742916,9.5299
2013,1,"2013-T1","Branca","Sem instrucao e menos de 1 ano de estudo",5193446.04181431,82925046.9742916,6.2628
2013,1,"2013-T1","Branca","Medio incompleto ou equivalente",4982215.71688072,82925046.9742916,6.0081
2013,1,"2013-T1","Branca","Superior incompleto ou equivalente",4370140.82346374,82925046.9742916,5.27
2013,1,"2013-T1","Ignorado","Fundamental incompleto ou equivalente",1436.34709323,1645.85673228,87.2705
2013,1,"2013-T1","Ignorado","Sem instrucao e menos de 1 ano de estudo",209.50963905,1645.85673228,12.7295
2013,1,"2013-T1","Indigena","Fundamental incompleto ou equivalente",120544.19799067,271960.31580234,44.3242
2013,1,"2013-T1","Indigena","Medio completo ou equivalente",48675.0490613,271960.31580234,17.8978
2013,1,"2013-T1","Indigena","Sem instrucao e menos de 1 ano de estudo",29438.33261393,271960.31580234,10.8245
2013,1,"2013-T1","Indigena","Fundamental completo ou equivalente",29317.85620397,271960.31580234,10.7802
2013,1,"2013-T1","Indigena","Medio incompleto ou equivalente",18124.2158226,271960.31580234,6.6643
2013,1,"2013-T1","Indigena","Superior completo",15155.16065298,271960.31580234,5.5726
2013,1,"2013-T1","Indigena","Superior incompleto ou equivalente",10705.50345689,271960.31580234,3.9364
2013,1,"2013-T1","Parda","Fundamental incompleto ou equivalente",39305381.8290366,86845494.4408499,45.259
2013,1,"2013-T1","Parda","Medio completo ou equivalente",17750566.7049285,86845494.4408499,20.4392
2013,1,"2013-T1","Parda","Sem instrucao e menos de 1 ano de estudo",9105557.28460618,86845494.4408499,10.4848
2013,1,"2013-T1","Parda","Fundamental completo ou equivalente",8653130.91119925,86845494.4408499,9.9638
2013,1,"2013-T1","Parda","Medio incompleto ou equivalente",6014612.73120312,86845494.4408499,6.9256
2013,1,"2013-T1","Parda","Superior completo",3824701.52921673,86845494.4408499,4.404
2013,1,"2013-T1","Parda","Superior incompleto ou equivalente",2191543.45065957,86845494.4408499,2.5235
2013,1,"2013-T1","Preta","Fundamental incompleto ou equivalente",5541233.88029893,12851529.5956072,43.1173
2013,1,"2013-T1","Preta","Medio completo ou equivalente",2906738.0251816,12851529.5956072,22.6178
2013,1,"2013-T1","Preta","Fundamental completo ou equivalente",1348550.47288323,12851529.5956072,10.4933
2013,1,"2013-T1","Preta","Sem instrucao e menos de 1 ano de estudo",1262557.94421663,12851529.5956072,9.8242
2013,1,"2013-T1","Preta","Medio incompleto ou equivalente",837738.07660187,12851529.5956072,6.5186
2013,1,"2013-T1","Preta","Superior completo",600563.57348383,12851529.5956072,4.6731
2013,1,"2013-T1","Preta","Superior incompleto ou equivalente",354147.62294115,12851529.5956072,2.7557
2013,2,"2013-T2","Amarela","Superior completo",272304.43881045,871354.51669388,31.2507
2013,2,"2013-T2","Amarela","Fundamental incompleto ou equivalente",193921.6125854,871354.51669388,22.2552
2013,2,"2013-T2","Amarela","Medio completo ou equivalente",192878.27459271,871354.51669388,22.1355
2013,2,"2013-T2","Amarela","Superior incompleto ou equivalente",61799.29361657,871354.51669388,7.0923
2013,2,"2013-T2","Amarela","Fundamental completo ou equivalente",61150.66883173,871354.51669388,7.0179
2013,2,"2013-T2","Amarela","Medio incompleto ou equivalente",46777.98353867,871354.51669388,5.3684
2013,2,"2013-T2","Amarela","Sem instrucao e menos de 1 ano de estudo",42522.24471835,871354.51669388,4.88
2013,2,"2013-T2","Branca","Fundamental incompleto ou equivalente",29300221.7890141,83422566.4840822,35.1227
2013,2,"2013-T2","Branca","Medio completo ou equivalente",19689231.3651608,83422566.4840822,23.6018
2013,2,"2013-T2","Branca","Superior completo",11609965.6932059,83422566.4840822,13.9171
2013,2,"2013-T2","Branca","Fundamental completo ou equivalente",7870651.30527116,83422566.4840822,9.4347
2013,2,"2013-T2","Branca","Sem instrucao e menos de 1 ano de estudo",5500433.80041157,83422566.4840822,6.5935
2013,2,"2013-T2","Branca","Medio incompleto ou equivalente",5093650.15129349,83422566.4840822,6.1058
2013,2,"2013-T2","Branca","Superior incompleto ou equivalente",4358412.37972523,83422566.4840822,5.2245
2013,2,"2013-T2","Ignorado","Fundamental incompleto ou equivalente",269.84326595,269.84326595,100
2013,2,"2013-T2","Indigena","Fundamental incompleto ou equivalente",101090.56640012,242839.93960414,41.6285
2013,2,"2013-T2","Indigena","Medio completo ou equivalente",53752.02648686,242839.93960414,22.1348
2013,2,"2013-T2","Indigena","Fundamental completo ou equivalente",25825.44591104,242839.93960414,10.6348
2013,2,"2013-T2","Indigena","Sem instrucao e menos de 1 ano de estudo",24598.2808034,242839.93960414,10.1294
2013,2,"2013-T2","Indigena","Superior completo",18977.22579137,242839.93960414,7.8147
2013,2,"2013-T2","Indigena","Medio incompleto ou equivalente",12312.83559424,242839.93960414,5.0704
2013,2,"2013-T2","Indigena","Superior incompleto ou equivalente",6283.55861711,242839.93960414,2.5875
2013,2,"2013-T2","Parda","Fundamental incompleto ou equivalente",39186640.894077,86904536.8216398,45.0916
2013,2,"2013-T2","Parda","Medio completo ou equivalente",17589283.5134999,86904536.8216398,20.2398
2013,2,"2013-T2","Parda","Sem instrucao e menos de 1 ano de estudo",9305287.10050334,86904536.8216398,10.7075
2013,2,"2013-T2","Parda","Fundamental completo ou equivalente",8638924.64431862,86904536.8216398,9.9407
2013,2,"2013-T2","Parda","Medio incompleto ou equivalente",6055697.90379135,86904536.8216398,6.9682
2013,2,"2013-T2","Parda","Superior completo",3889822.91564695,86904536.8216398,4.476
2013,2,"2013-T2","Parda","Superior incompleto ou equivalente",2238879.8498027,86904536.8216398,2.5763
2013,2,"2013-T2","Preta","Fundamental incompleto ou equivalente",5331538.20766435,12650858.3947168,42.1437
2013,2,"2013-T2","Preta","Medio completo ou equivalente",2894518.968358,12650858.3947168,22.88
2013,2,"2013-T2","Preta","Fundamental completo ou equivalente",1333872.56032857,12650858.3947168,10.5437
2013,2,"2013-T2","Preta","Sem instrucao e menos de 1 ano de estudo",1227791.22419829,12650858.3947168,9.7052
2013,2,"2013-T2","Preta","Medio incompleto ou equivalente",862760.21916191,12650858.3947168,6.8198
2013,2,"2013-T2","Preta","Superior completo",643747.72092676,12650858.3947168,5.0886
2013,2,"2013-T2","Preta","Superior incompleto ou equivalente",356629.49407895,12650858.3947168,2.819
2013,3,"2013-T3","Amarela","Superior completo",298372.87054316,949524.92387017,31.4234
2013,3,"2013-T3","Amarela","Medio completo ou equivalente",226015.61362805,949524.92387017,23.803
2013,3,"2013-T3","Amarela","Fundamental incompleto ou equivalente",215059.38447007,949524.92387017,22.6492
2013,3,"2013-T3","Amarela","Fundamental completo ou equivalente",68081.16617162,949524.92387017,7.17
2013,3,"2013-T3","Amarela","Superior incompleto ou equivalente",55069.30034846,949524.92387017,5.7997
2013,3,"2013-T3","Amarela","Sem instrucao e menos de 1 ano de estudo",43587.28086794,949524.92387017,4.5904
2013,3,"2013-T3","Amarela","Medio incompleto ou equivalente",43339.30784087,949524.92387017,4.5643
2013,3,"2013-T3","Branca","Fundamental incompleto ou equivalente",29493363.2527071,84398570.6789008,34.9453
2013,3,"2013-T3","Branca","Medio completo ou equivalente",19744874.314178,84398570.6789008,23.3948
2013,3,"2013-T3","Branca","Superior completo",11799084.0944365,84398570.6789008,13.9802
2013,3,"2013-T3","Branca","Fundamental completo ou equivalente",8043017.89942925,84398570.6789008,9.5298
2013,3,"2013-T3","Branca","Sem instrucao e menos de 1 ano de estudo",5900669.44675512,84398570.6789008,6.9914
2013,3,"2013-T3","Branca","Medio incompleto ou equivalente",5051983.55814502,84398570.6789008,5.9859
2013,3,"2013-T3","Branca","Superior incompleto ou equivalente",4365578.11324976,84398570.6789008,5.1726
2013,3,"2013-T3","Ignorado","Fundamental incompleto ou equivalente",394.95546415,394.95546415,100
2013,3,"2013-T3","Indigena","Fundamental incompleto ou equivalente",115723.7336184,275706.12192281,41.9736
2013,3,"2013-T3","Indigena","Medio completo ou equivalente",53003.82466675,275706.12192281,19.2248
2013,3,"2013-T3","Indigena","Sem instrucao e menos de 1 ano de estudo",30097.41001127,275706.12192281,10.9165
2013,3,"2013-T3","Indigena","Medio incompleto ou equivalente",26579.16101619,275706.12192281,9.6404
2013,3,"2013-T3","Indigena","Fundamental completo ou equivalente",25070.18092902,275706.12192281,9.0931
2013,3,"2013-T3","Indigena","Superior completo",13468.40107618,275706.12192281,4.8851
2013,3,"2013-T3","Indigena","Superior incompleto ou equivalente",11763.410605,275706.12192281,4.2666
2013,3,"2013-T3","Parda","Fundamental incompleto ou equivalente",38368550.3020486,85630877.4142296,44.8069
2013,3,"2013-T3","Parda","Medio completo ou equivalente",17247224.879717,85630877.4142296,20.1414
2013,3,"2013-T3","Parda","Sem instrucao e menos de 1 ano de estudo",9509388.54098747,85630877.4142296,11.1051
2013,3,"2013-T3","Parda","Fundamental completo ou equivalente",8634308.21799028,85630877.4142296,10.0832
2013,3,"2013-T3","Parda","Medio incompleto ou equivalente",5957126.32013666,85630877.4142296,6.9568
2013,3,"2013-T3","Parda","Superior completo",3759958.69301593,85630877.4142296,4.3909
2013,3,"2013-T3","Parda","Superior incompleto ou equivalente",2154320.46033372,85630877.4142296,2.5158
2013,3,"2013-T3","Preta","Fundamental incompleto ou equivalente",5470442.5092649,13237678.9056155,41.3248
2013,3,"2013-T3","Preta","Medio completo ou equivalente",3035595.060902,13237678.9056155,22.9315
2013,3,"2013-T3","Preta","Fundamental completo ou equivalente",1428473.46111012,13237678.9056155,10.791
2013,3,"2013-T3","Preta","Sem instrucao e menos de 1 ano de estudo",1378701.88709577,13237678.9056155,10.415
2013,3,"2013-T3","Preta","Medio incompleto ou equivalente",889819.84427768,13237678.9056155,6.7219
2013,3,"2013-T3","Preta","Superior completo",652218.67903419,13237678.9056155,4.927
2013,3,"2013-T3","Preta","Superior incompleto ou equivalente",382427.46393079,13237678.9056155,2.8889
2013,4,"2013-T4","Amarela","Superior completo",254955.70510261,865480.84706192,29.4583
2013,4,"2013-T4","Amarela","Medio completo ou equivalente",228260.39661826,865480.84706192,26.3738
2013,4,"2013-T4","Amarela","Fundamental incompleto ou equivalente",190852.78372176,865480.84706192,22.0516
2013,4,"2013-T4","Amarela","Fundamental completo ou equivalente",61245.06544259,865480.84706192,7.0764
2013,4,"2013-T4","Amarela","Superior incompleto ou equivalente",58920.88235429,865480.84706192,6.8079
2013,4,"2013-T4","Amarela","Medio incompleto ou equivalente",38458.921269,865480.84706192,4.4436
2013,4,"2013-T4","Amarela","Sem instrucao e menos de 1 ano de estudo",32787.09255341,865480.84706192,3.7883
2013,4,"2013-T4","Branca","Fundamental incompleto ou equivalente",29015948.7414311,84097228.8911033,34.5029
2013,4,"2013-T4","Branca","Medio completo ou equivalente",19826143.845901,84097228.8911033,23.5753
2013,4,"2013-T4","Branca","Superior completo",11856609.9764114,84097228.8911033,14.0987
2013,4,"2013-T4","Branca","Fundamental completo ou equivalente",7994814.46855572,84097228.8911033,9.5066
2013,4,"2013-T4","Branca","Sem instrucao e menos de 1 ano de estudo",6007899.72590106,84097228.8911033,7.144
2013,4,"2013-T4","Branca","Medio incompleto ou equivalente",5073327.63449037,84097228.8911033,6.0327
2013,4,"2013-T4","Branca","Superior incompleto ou equivalente",4322484.49841278,84097228.8911033,5.1399
2013,4,"2013-T4","Indigena","Fundamental incompleto ou equivalente",105569.40126952,240901.94522655,43.8226
2013,4,"2013-T4","Indigena","Medio completo ou equivalente",41421.66298819,240901.94522655,17.1944
2013,4,"2013-T4","Indigena","Sem instrucao e menos de 1 ano de estudo",29482.42301608,240901.94522655,12.2383
2013,4,"2013-T4","Indigena","Fundamental completo ou equivalente",25949.30687898,240901.94522655,10.7717
2013,4,"2013-T4","Indigena","Superior completo",17875.48459199,240901.94522655,7.4202
2013,4,"2013-T4","Indigena","Medio incompleto ou equivalente",14553.86701235,240901.94522655,6.0414
2013,4,"2013-T4","Indigena","Superior incompleto ou equivalente",6049.79946944,240901.94522655,2.5113
2013,4,"2013-T4","Parda","Fundamental incompleto ou equivalente",38761788.6305138,86359350.0429737,44.8843
2013,4,"2013-T4","Parda","Medio completo ou equivalente",17411325.9438147,86359350.0429737,20.1615
2013,4,"2013-T4","Parda","Sem instrucao e menos de 1 ano de estudo",9628619.53500249,86359350.0429737,11.1495
2013,4,"2013-T4","Parda","Fundamental completo ou equivalente",8572154.03212,86359350.0429737,9.9261
2013,4,"2013-T4","Parda","Medio incompleto ou equivalente",5934884.08507388,86359350.0429737,6.8723
2013,4,"2013-T4","Parda","Superior completo",3879613.3986496,86359350.0429737,4.4924
2013,4,"2013-T4","Parda","Superior incompleto ou equivalente",2170964.41779928,86359350.0429737,2.5139
2013,4,"2013-T4","Preta","Fundamental incompleto ou equivalente",5498622.63695189,13319423.2736453,41.2827
2013,4,"2013-T4","Preta","Medio completo ou equivalente",3158421.55451801,13319423.2736453,23.7129
2013,4,"2013-T4","Preta","Fundamental completo ou equivalente",1417117.68538391,13319423.2736453,10.6395
2013,4,"2013-T4","Preta","Sem instrucao e menos de 1 ano de estudo",1330492.94244073,13319423.2736453,9.9891
2013,4,"2013-T4","Preta","Medio incompleto ou equivalente",885960.39462286,13319423.2736453,6.6516
2013,4,"2013-T4","Preta","Superior completo",657784.85657771,13319423.2736453,4.9385
2013,4,"2013-T4","Preta","Superior incompleto ou equivalente",371023.20315019,13319423.2736453,2.7856
2014,1,"2014-T1","Amarela","Superior completo",294945.9110331,967858.36835042,30.4741
2014,1,"2014-T1","Amarela","Medio completo ou equivalente",231303.84622549,967858.36835042,23.8985
2014,1,"2014-T1","Amarela","Fundamental incompleto ou equivalente",218643.23110685,967858.36835042,22.5904
2014,1,"2014-T1","Amarela","Fundamental completo ou equivalente",84148.88085437,967858.36835042,8.6943
2014,1,"2014-T1","Amarela","Superior incompleto ou equivalente",64360.92894789,967858.36835042,6.6498
2014,1,"2014-T1","Amarela","Medio incompleto ou equivalente",38319.86971865,967858.36835042,3.9592
2014,1,"2014-T1","Amarela","Sem instrucao e menos de 1 ano de estudo",36135.70046407,967858.36835042,3.7336
2014,1,"2014-T1","Branca","Fundamental incompleto ou equivalente",28775008.2756634,84304398.9310877,34.1323
2014,1,"2014-T1","Branca","Medio completo ou equivalente",20346816.7176324,84304398.9310877,24.1349
2014,1,"2014-T1","Branca","Superior completo",12059650.3883726,84304398.9310877,14.3049
2014,1,"2014-T1","Branca","Fundamental completo ou equivalente",8208257.43741903,84304398.9310877,9.7365
2014,1,"2014-T1","Branca","Sem instrucao e menos de 1 ano de estudo",5303883.1614734,84304398.9310877,6.2913
2014,1,"2014-T1","Branca","Medio incompleto ou equivalente",5227354.11693404,84304398.9310877,6.2006
2014,1,"2014-T1","Branca","Superior incompleto ou equivalente",4383428.83359273,84304398.9310877,5.1995
2014,1,"2014-T1","Indigena","Fundamental incompleto ou equivalente",91316.82311275,218224.71238071,41.8453
2014,1,"2014-T1","Indigena","Medio completo ou equivalente",44879.39045558,218224.71238071,20.5657
2014,1,"2014-T1","Indigena","Fundamental completo ou equivalente",24492.01719512,218224.71238071,11.2233
2014,1,"2014-T1","Indigena","Sem instrucao e menos de 1 ano de estudo",19294.91269692,218224.71238071,8.8418
2014,1,"2014-T1","Indigena","Superior completo",15942.8740095,218224.71238071,7.3057
2014,1,"2014-T1","Indigena","Medio incompleto ou equivalente",14197.78640076,218224.71238071,6.506
2014,1,"2014-T1","Indigena","Superior incompleto ou equivalente",8100.90851008,218224.71238071,3.7122
2014,1,"2014-T1","Parda","Fundamental incompleto ou equivalente",38004373.7618111,86457120.5892417,43.9575
2014,1,"2014-T1","Parda","Medio completo ou equivalente",18042368.5399733,86457120.5892417,20.8686
2014,1,"2014-T1","Parda","Fundamental completo ou equivalente",8933475.08161421,86457120.5892417,10.3328
2014,1,"2014-T1","Parda","Sem instrucao e menos de 1 ano de estudo",8901720.76735815,86457120.5892417,10.2961
2014,1,"2014-T1","Parda","Medio incompleto ou equivalente",6159620.62666306,86457120.5892417,7.1245
2014,1,"2014-T1","Parda","Superior completo",4050054.20855293,86457120.5892417,4.6845
2014,1,"2014-T1","Parda","Superior incompleto ou equivalente",2365507.60326889,86457120.5892417,2.736
2014,1,"2014-T1","Preta","Fundamental incompleto ou equivalente",5440604.43640342,13320365.3991635,40.8443
2014,1,"2014-T1","Preta","Medio completo ou equivalente",3161298.41183913,13320365.3991635,23.7328
2014,1,"2014-T1","Preta","Fundamental completo ou equivalente",1407920.97173056,13320365.3991635,10.5697
2014,1,"2014-T1","Preta","Sem instrucao e menos de 1 ano de estudo",1258446.21820312,13320365.3991635,9.4475
2014,1,"2014-T1","Preta","Medio incompleto ou equivalente",968676.42868817,13320365.3991635,7.2721
2014,1,"2014-T1","Preta","Superior completo",674966.73319166,13320365.3991635,5.0672
2014,1,"2014-T1","Preta","Superior incompleto ou equivalente",408452.19910743,13320365.3991635,3.0664
2014,2,"2014-T2","Amarela","Superior completo",268899.85397679,831114.62837145,32.3541
2014,2,"2014-T2","Amarela","Medio completo ou equivalente",201597.42539393,831114.62837145,24.2563
2014,2,"2014-T2","Amarela","Fundamental incompleto ou equivalente",198484.64845955,831114.62837145,23.8817
2014,2,"2014-T2","Amarela","Fundamental completo ou equivalente",55134.93772929,831114.62837145,6.6339
2014,2,"2014-T2","Amarela","Superior incompleto ou equivalente",46205.63046305,831114.62837145,5.5595
2014,2,"2014-T2","Amarela","Sem instrucao e menos de 1 ano de estudo",32830.56845454,831114.62837145,3.9502
2014,2,"2014-T2","Amarela","Medio incompleto ou equivalente",27961.5638943,831114.62837145,3.3643
2014,2,"2014-T2","Branca","Fundamental incompleto ou equivalente",28557995.5239052,84332093.863281,33.8637
2014,2,"2014-T2","Branca","Medio completo ou equivalente",20445729.2415675,84332093.863281,24.2443
2014,2,"2014-T2","Branca","Superior completo",12242203.1062029,84332093.863281,14.5167
2014,2,"2014-T2","Branca","Fundamental completo ou equivalente",8179143.62977315,84332093.863281,9.6987
2014,2,"2014-T2","Branca","Sem instrucao e menos de 1 ano de estudo",5351960.61443821,84332093.863281,6.3463
2014,2,"2014-T2","Branca","Medio incompleto ou equivalente",5139398.38904983,84332093.863281,6.0942
2014,2,"2014-T2","Branca","Superior incompleto ou equivalente",4415663.35834416,84332093.863281,5.236
2014,2,"2014-T2","Indigena","Fundamental incompleto ou equivalente",94130.13257717,219336.01287306,42.9159
2014,2,"2014-T2","Indigena","Medio completo ou equivalente",39845.45447451,219336.01287306,18.1664
2014,2,"2014-T2","Indigena","Sem instrucao e menos de 1 ano de estudo",26279.11459477,219336.01287306,11.9812
2014,2,"2014-T2","Indigena","Medio incompleto ou equivalente",19591.00214603,219336.01287306,8.932
2014,2,"2014-T2","Indigena","Fundamental completo ou equivalente",18614.09946826,219336.01287306,8.4866
2014,2,"2014-T2","Indigena","Superior completo",15635.68473187,219336.01287306,7.1286
2014,2,"2014-T2","Indigena","Superior incompleto ou equivalente",5240.52488045,219336.01287306,2.3893
2014,2,"2014-T2","Parda","Fundamental incompleto ou equivalente",38243287.2802948,86941679.0651534,43.9873
2014,2,"2014-T2","Parda","Medio completo ou equivalente",18210267.9252982,86941679.0651534,20.9454
2014,2,"2014-T2","Parda","Sem instrucao e menos de 1 ano de estudo",8962913.41289505,86941679.0651534,10.3091
2014,2,"2014-T2","Parda","Fundamental completo ou equivalente",8877205.69274735,86941679.0651534,10.2105
2014,2,"2014-T2","Parda","Medio incompleto ou equivalente",6165191.09328578,86941679.0651534,7.0912
2014,2,"2014-T2","Parda","Superior completo",4092196.5497391,86941679.0651534,4.7068
2014,2,"2014-T2","Parda","Superior incompleto ou equivalente",2390617.11089316,86941679.0651534,2.7497
2014,2,"2014-T2","Preta","Fundamental incompleto ou equivalente",5352486.48374767,13312808.4304253,40.2055
2014,2,"2014-T2","Preta","Medio completo ou equivalente",3161520.57831355,13312808.4304253,23.748
2014,2,"2014-T2","Preta","Fundamental completo ou equivalente",1413741.2690699,13312808.4304253,10.6194
2014,2,"2014-T2","Preta","Sem instrucao e menos de 1 ano de estudo",1352887.27707328,13312808.4304253,10.1623
2014,2,"2014-T2","Preta","Medio incompleto ou equivalente",958327.74255547,13312808.4304253,7.1985
2014,2,"2014-T2","Preta","Superior completo",688133.13861595,13312808.4304253,5.169
2014,2,"2014-T2","Preta","Superior incompleto ou equivalente",385711.94104951,13312808.4304253,2.8973
2014,3,"2014-T3","Amarela","Superior completo",291647.24882595,938437.46485181,31.078
2014,3,"2014-T3","Amarela","Medio completo ou equivalente",228823.42531637,938437.46485181,24.3834
2014,3,"2014-T3","Amarela","Fundamental incompleto ou equivalente",211438.97404395,938437.46485181,22.531
2014,3,"2014-T3","Amarela","Fundamental completo ou equivalente",62393.38202721,938437.46485181,6.6486
2014,3,"2014-T3","Amarela","Superior incompleto ou equivalente",55748.2297639,938437.46485181,5.9405
2014,3,"2014-T3","Amarela","Medio incompleto ou equivalente",51704.66936278,938437.46485181,5.5097
2014,3,"2014-T3","Amarela","Sem instrucao e menos de 1 ano de estudo",36681.53551165,938437.46485181,3.9088
2014,3,"2014-T3","Branca","Fundamental incompleto ou equivalente",28311645.8523205,83518313.6244245,33.8987
2014,3,"2014-T3","Branca","Medio completo ou equivalente",19907359.8891531,83518313.6244245,23.8359
2014,3,"2014-T3","Branca","Superior completo",12164703.7011039,83518313.6244245,14.5653
2014,3,"2014-T3","Branca","Fundamental completo ou equivalente",7923881.21732902,83518313.6244245,9.4876
2014,3,"2014-T3","Branca","Sem instrucao e menos de 1 ano de estudo",5635346.16252233,83518313.6244245,6.7474
2014,3,"2014-T3","Branca","Medio incompleto ou equivalente",5086888.95556471,83518313.6244245,6.0907
2014,3,"2014-T3","Branca","Superior incompleto ou equivalente",4488487.84643092,83518313.6244245,5.3743
2014,3,"2014-T3","Ignorado","Fundamental incompleto ou equivalente",80210.48440487,192779.10458822,41.6075
2014,3,"2014-T3","Ignorado","Medio completo ou equivalente",33195.07896681,192779.10458822,17.2192
2014,3,"2014-T3","Ignorado","Sem instrucao e menos de 1 ano de estudo",28047.25801363,192779.10458822,14.5489
2014,3,"2014-T3","Ignorado","Fundamental completo ou equivalente",19694.43453151,192779.10458822,10.2161
2014,3,"2014-T3","Ignorado","Medio incompleto ou equivalente",16734.83250245,192779.10458822,8.6808
2014,3,"2014-T3","Ignorado","Superior completo",8800.60339498,192779.10458822,4.5651
2014,3,"2014-T3","Ignorado","Superior incompleto ou equivalente",6096.41277397,192779.10458822,3.1624
2014,3,"2014-T3","Indigena","Fundamental incompleto ou equivalente",94631.68784717,251683.54879103,37.5995
2014,3,"2014-T3","Indigena","Medio completo ou equivalente",46775.01618832,251683.54879103,18.5849
2014,3,"2014-T3","Indigena","Sem instrucao e menos de 1 ano de estudo",33780.67843048,251683.54879103,13.4219
2014,3,"2014-T3","Indigena","Medio incompleto ou equivalente",27846.58587102,251683.54879103,11.0641
2014,3,"2014-T3","Indigena","Fundamental completo ou equivalente",26621.48644589,251683.54879103,10.5774
2014,3,"2014-T3","Indigena","Superior completo",15602.82174557,251683.54879103,6.1994
2014,3,"2014-T3","Indigena","Superior incompleto ou equivalente",6425.27226258,251683.54879103,2.5529
2014,3,"2014-T3","Parda","Fundamental incompleto ou equivalente",38339919.0397199,87546744.8174926,43.7937
2014,3,"2014-T3","Parda","Medio completo ou equivalente",18321242.0970882,87546744.8174926,20.9274
2014,3,"2014-T3","Parda","Sem instrucao e menos de 1 ano de estudo",9229446.45872542,87546744.8174926,10.5423
2014,3,"2014-T3","Parda","Fundamental completo ou equivalente",8745301.77934585,87546744.8174926,9.9893
2014,3,"2014-T3","Parda","Medio incompleto ou equivalente",6179761.73867522,87546744.8174926,7.0588
2014,3,"2014-T3","Parda","Superior completo",4279994.1099669,87546744.8174926,4.8888
2014,3,"2014-T3","Parda","Superior incompleto ou equivalente",2451079.59397107,87546744.8174926,2.7997
2014,3,"2014-T3","Preta","Fundamental incompleto ou equivalente",5475639.75497216,13553089.4399397,40.4014
2014,3,"2014-T3","Preta","Medio completo ou equivalente",3182081.09099845,13553089.4399397,23.4786
2014,3,"2014-T3","Preta","Fundamental completo ou equivalente",1475093.878384,13553089.4399397,10.8838
2014,3,"2014-T3","Preta","Sem instrucao e menos de 1 ano de estudo",1341730.06465189,13553089.4399397,9.8998
2014,3,"2014-T3","Preta","Medio incompleto ou equivalente",972506.60080526,13553089.4399397,7.1755
2014,3,"2014-T3","Preta","Superior completo",706904.24440202,13553089.4399397,5.2158
2014,3,"2014-T3","Preta","Superior incompleto ou equivalente",399133.8057259,13553089.4399397,2.945
2014,4,"2014-T4","Amarela","Superior completo",325671.47871097,928166.56728214,35.0876
2014,4,"2014-T4","Amarela","Fundamental incompleto ou equivalente",205738.42584909,928166.56728214,22.1661
2014,4,"2014-T4","Amarela","Medio completo ou equivalente",192012.10820366,928166.56728214,20.6872
2014,4,"2014-T4","Amarela","Fundamental completo ou equivalente",64589.71456832,928166.56728214,6.9588
2014,4,"2014-T4","Amarela","Superior incompleto ou equivalente",57514.79484819,928166.56728214,6.1966
2014,4,"2014-T4","Amarela","Medio incompleto ou equivalente",41795.8244399,928166.56728214,4.5031
2014,4,"2014-T4","Amarela","Sem instrucao e menos de 1 ano de estudo",40844.22066201,928166.56728214,4.4005
2014,4,"2014-T4","Branca","Fundamental incompleto ou equivalente",28293205.4157179,83585213.3412661,33.8495
2014,4,"2014-T4","Branca","Medio completo ou equivalente",20055638.8454943,83585213.3412661,23.9942
2014,4,"2014-T4","Branca","Superior completo",12409997.3852389,83585213.3412661,14.8471
2014,4,"2014-T4","Branca","Fundamental completo ou equivalente",7881251.29365308,83585213.3412661,9.429
2014,4,"2014-T4","Branca","Sem instrucao e menos de 1 ano de estudo",5595350.40793732,83585213.3412661,6.6942
2014,4,"2014-T4","Branca","Medio incompleto ou equivalente",4892976.56585525,83585213.3412661,5.8539
2014,4,"2014-T4","Branca","Superior incompleto ou equivalente",4456793.42736926,83585213.3412661,5.332
2014,4,"2014-T4","Ignorado","Fundamental incompleto ou equivalente",124941.26180398,272651.53047192,45.8245
2014,4,"2014-T4","Ignorado","Medio completo ou equivalente",40287.47665054,272651.53047192,14.7762
2014,4,"2014-T4","Ignorado","Sem instrucao e menos de 1 ano de estudo",37934.7307475,272651.53047192,13.9133
2014,4,"2014-T4","Ignorado","Fundamental completo ou equivalente",21845.98337,272651.53047192,8.0124
2014,4,"2014-T4","Ignorado","Superior completo",21529.05957287,272651.53047192,7.8962
2014,4,"2014-T4","Ignorado","Medio incompleto ou equivalente",18331.65656428,272651.53047192,6.7235
2014,4,"2014-T4","Ignorado","Superior incompleto ou equivalente",7781.36176275,272651.53047192,2.854
2014,4,"2014-T4","Indigena","Fundamental incompleto ou equivalente",89171.94695921,225668.3759882,39.5146
2014,4,"2014-T4","Indigena","Medio completo ou equivalente",47673.76967723,225668.3759882,21.1256
2014,4,"2014-T4","Indigena","Sem instrucao e menos de 1 ano de estudo",25915.79443064,225668.3759882,11.484
2014,4,"2014-T4","Indigena","Fundamental completo ou equivalente",23516.38762683,225668.3759882,10.4208
2014,4,"2014-T4","Indigena","Superior completo",19581.6657191,225668.3759882,8.6772
2014,4,"2014-T4","Indigena","Medio incompleto ou equivalente",10722.69382302,225668.3759882,4.7515
2014,4,"2014-T4","Indigena","Superior incompleto ou equivalente",9086.11775217,225668.3759882,4.0263
2014,4,"2014-T4","Parda","Fundamental incompleto ou equivalente",38338797.3476956,87805038.2583767,43.6636
2014,4,"2014-T4","Parda","Medio completo ou equivalente",18362094.2726965,87805038.2583767,20.9123
2014,4,"2014-T4","Parda","Sem instrucao e menos de 1 ano de estudo",9368441.40659859,87805038.2583767,10.6696
2014,4,"2014-T4","Parda","Fundamental completo ou equivalente",8741911.2940896,87805038.2583767,9.956
2014,4,"2014-T4","Parda","Medio incompleto ou equivalente",6119240.99110362,87805038.2583767,6.9691
2014,4,"2014-T4","Parda","Superior completo",4385532.9389067,87805038.2583767,4.9946
2014,4,"2014-T4","Parda","Superior incompleto ou equivalente",2489020.0072861,87805038.2583767,2.8347
2014,4,"2014-T4","Preta","Fundamental incompleto ou equivalente",5519140.80124009,13530228.9267388,40.7912
2014,4,"2014-T4","Preta","Medio completo ou equivalente",3162953.05269422,13530228.9267388,23.3769
2014,4,"2014-T4","Preta","Fundamental completo ou equivalente",1464632.81029832,13530228.9267388,10.8249
2014,4,"2014-T4","Preta","Sem instrucao e menos de 1 ano de estudo",1242141.25832908,13530228.9267388,9.1805
2014,4,"2014-T4","Preta","Medio incompleto ou equivalente",983697.1339566,13530228.9267388,7.2704
2014,4,"2014-T4","Preta","Superior completo",719712.15963585,13530228.9267388,5.3193
2014,4,"2014-T4","Preta","Superior incompleto ou equivalente",437951.71058459,13530228.9267388,3.2368
2015,1,"2015-T1","Amarela","Superior completo",308161.59816008,901441.59606307,34.1854
2015,1,"2015-T1","Amarela","Fundamental incompleto ou equivalente",197894.25255472,901441.59606307,21.9531
2015,1,"2015-T1","Amarela","Medio completo ou equivalente",194830.21368481,901441.59606307,21.6132
2015,1,"2015-T1","Amarela","Superior incompleto ou equivalente",68691.75238901,901441.59606307,7.6202
2015,1,"2015-T1","Amarela","Sem instrucao e menos de 1 ano de estudo",50112.06074619,901441.59606307,5.5591
2015,1,"2015-T1","Amarela","Fundamental completo ou equivalente",49711.26817739,901441.59606307,5.5146
2015,1,"2015-T1","Amarela","Medio incompleto ou equivalente",32040.45035087,901441.59606307,3.5544
2015,1,"2015-T1","Branca","Fundamental incompleto ou equivalente",27868116.2762172,83205921.8749237,33.4929
2015,1,"2015-T1","Branca","Medio completo ou equivalente",20073129.5180051,83205921.8749237,24.1246
2015,1,"2015-T1","Branca","Superior completo",12847640.7614194,83205921.8749237,15.4408
2015,1,"2015-T1","Branca","Fundamental completo ou equivalente",7826178.3980783,83205921.8749237,9.4058
2015,1,"2015-T1","Branca","Medio incompleto ou equivalente",5012702.90582623,83205921.8749237,6.0245
2015,1,"2015-T1","Branca","Sem instrucao e menos de 1 ano de estudo",4906138.30870788,83205921.8749237,5.8964
2015,1,"2015-T1","Branca","Superior incompleto ou equivalente",4672015.70666962,83205921.8749237,5.615
2015,1,"2015-T1","Ignorado","Fundamental incompleto ou equivalente",110669.22622671,250392.62881067,44.1983
2015,1,"2015-T1","Ignorado","Medio completo ou equivalente",39840.28160681,250392.62881067,15.9111
2015,1,"2015-T1","Ignorado","Sem instrucao e menos de 1 ano de estudo",31125.72621316,250392.62881067,12.4308
2015,1,"2015-T1","Ignorado","Fundamental completo ou equivalente",27467.20261115,250392.62881067,10.9697
2015,1,"2015-T1","Ignorado","Superior completo",17744.77772103,250392.62881067,7.0868
2015,1,"2015-T1","Ignorado","Medio incompleto ou equivalente",15854.3972857,250392.62881067,6.3318
2015,1,"2015-T1","Ignorado","Superior incompleto ou equivalente",7691.01714611,250392.62881067,3.0716
2015,1,"2015-T1","Indigena","Fundamental incompleto ou equivalente",110356.29056193,264443.90467831,41.7315
2015,1,"2015-T1","Indigena","Medio completo ou equivalente",54186.47883638,264443.90467831,20.4907
2015,1,"2015-T1","Indigena","Sem instrucao e menos de 1 ano de estudo",34110.46574843,264443.90467831,12.8989
2015,1,"2015-T1","Indigena","Fundamental completo ou equivalente",23138.6497115,264443.90467831,8.7499
2015,1,"2015-T1","Indigena","Medio incompleto ou equivalente",18679.92150403,264443.90467831,7.0639
2015,1,"2015-T1","Indigena","Superior completo",14934.84319031,264443.90467831,5.6476
2015,1,"2015-T1","Indigena","Superior incompleto ou equivalente",9037.25512573,264443.90467831,3.4175
2015,1,"2015-T1","Parda","Fundamental incompleto ou equivalente",38251855.1480719,88539878.6967462,43.203
2015,1,"2015-T1","Parda","Medio completo ou equivalente",19076023.8843247,88539878.6967462,21.5451
2015,1,"2015-T1","Parda","Fundamental completo ou equivalente",9009549.91236306,88539878.6967462,10.1757
2015,1,"2015-T1","Parda","Sem instrucao e menos de 1 ano de estudo",8536139.99942238,88539878.6967462,9.641
2015,1,"2015-T1","Parda","Medio incompleto ou equivalente",6376156.29744961,88539878.6967462,7.2015
2015,1,"2015-T1","Parda","Superior completo",4642237.16254195,88539878.6967462,5.2431
2015,1,"2015-T1","Parda","Superior incompleto ou equivalente",2647916.29257265,88539878.6967462,2.9906
2015,1,"2015-T1","Preta","Fundamental incompleto ou equivalente",5489764.47141929,13526718.299011,40.5846
2015,1,"2015-T1","Preta","Medio completo ou equivalente",3214644.44266268,13526718.299011,23.7651
2015,1,"2015-T1","Preta","Fundamental completo ou equivalente",1470258.83623818,13526718.299011,10.8693
2015,1,"2015-T1","Preta","Sem instrucao e menos de 1 ano de estudo",1212883.30278569,13526718.299011,8.9666
2015,1,"2015-T1","Preta","Medio incompleto ou equivalente",963860.26480741,13526718.299011,7.1256
2015,1,"2015-T1","Preta","Superior completo",733574.20005124,13526718.299011,5.4231
2015,1,"2015-T1","Preta","Superior incompleto ou equivalente",441732.78104653,13526718.299011,3.2656
2015,2,"2015-T2","Amarela","Superior completo",296323.99709348,884131.60017564,33.5158
2015,2,"2015-T2","Amarela","Medio completo ou equivalente",202872.43380991,884131.60017564,22.946
2015,2,"2015-T2","Amarela","Fundamental incompleto ou equivalente",197314.38859787,884131.60017564,22.3173
2015,2,"2015-T2","Amarela","Superior incompleto ou equivalente",63340.63112788,884131.60017564,7.1642
2015,2,"2015-T2","Amarela","Fundamental completo ou equivalente",45008.84809317,884131.60017564,5.0907
2015,2,"2015-T2","Amarela","Sem instrucao e menos de 1 ano de estudo",41042.57892204,884131.60017564,4.6421
2015,2,"2015-T2","Amarela","Medio incompleto ou equivalente",38228.72253129,884131.60017564,4.3239
2015,2,"2015-T2","Branca","Fundamental incompleto ou equivalente",28056270.9872748,83987193.3619232,33.4054
2015,2,"2015-T2","Branca","Medio completo ou equivalente",20005040.4866547,83987193.3619232,23.8192
2015,2,"2015-T2","Branca","Superior completo",13071081.7857846,83987193.3619232,15.5632
2015,2,"2015-T2","Branca","Fundamental completo ou equivalente",7941685.92815649,83987193.3619232,9.4558
2015,2,"2015-T2","Branca","Medio incompleto ou equivalente",5148481.62074686,83987193.3619232,6.1301
2015,2,"2015-T2","Branca","Sem instrucao e menos de 1 ano de estudo",5108728.24322546,83987193.3619232,6.0827
2015,2,"2015-T2","Branca","Superior incompleto ou equivalente",4655904.31008027,83987193.3619232,5.5436
2015,2,"2015-T2","Ignorado","Fundamental incompleto ou equivalente",94812.86222229,223263.93703969,42.4667
2015,2,"2015-T2","Ignorado","Medio completo ou equivalente",40370.84774805,223263.93703969,18.0821
2015,2,"2015-T2","Ignorado","Sem instrucao e menos de 1 ano de estudo",28047.60677305,223263.93703969,12.5625
2015,2,"2015-T2","Ignorado","Fundamental completo ou equivalente",18444.46272987,223263.93703969,8.2613
2015,2,"2015-T2","Ignorado","Superior completo",18090.7021316,223263.93703969,8.1028
2015,2,"2015-T2","Ignorado","Medio incompleto ou equivalente",14183.64547397,223263.93703969,6.3529
2015,2,"2015-T2","Ignorado","Superior incompleto ou equivalente",9313.80996086,223263.93703969,4.1717
2015,2,"2015-T2","Indigena","Fundamental incompleto ou equivalente",127711.50188647,294680.96373488,43.3389
2015,2,"2015-T2","Indigena","Medio completo ou equivalente",55702.27332497,294680.96373488,18.9026
2015,2,"2015-T2","Indigena","Sem instrucao e menos de 1 ano de estudo",36079.59551625,294680.96373488,12.2436
2015,2,"2015-T2","Indigena","Fundamental completo ou equivalente",28058.7430101,294680.96373488,9.5217
2015,2,"2015-T2","Indigena","Medio incompleto ou equivalente",20761.9556284,294680.96373488,7.0456
2015,2,"2015-T2","Indigena","Superior completo",18084.20249988,294680.96373488,6.1369
2015,2,"2015-T2","Indigena","Superior incompleto ou equivalente",8282.69186881,294680.96373488,2.8107
2015,2,"2015-T2","Parda","Fundamental incompleto ou equivalente",37994019.0753313,88087394.2066063,43.1322
2015,2,"2015-T2","Parda","Medio completo ou equivalente",18968014.1084763,88087394.2066063,21.5332
2015,2,"2015-T2","Parda","Fundamental completo ou equivalente",8739314.1672998,88087394.2066063,9.9212
2015,2,"2015-T2","Parda","Sem instrucao e menos de 1 ano de estudo",8604913.38909102,88087394.2066063,9.7686
2015,2,"2015-T2","Parda","Medio incompleto ou equivalente",6418640.89524067,88087394.2066063,7.2867
2015,2,"2015-T2","Parda","Superior completo",4653552.13779678,88087394.2066063,5.2829
2015,2,"2015-T2","Parda","Superior incompleto ou equivalente",2708940.43337044,88087394.2066063,3.0753
2015,2,"2015-T2","Preta","Fundamental incompleto ou equivalente",5468161.93176764,13538989.9306066,40.3883
2015,2,"2015-T2","Preta","Medio completo ou equivalente",3208752.93997498,13538989.9306066,23.7001
2015,2,"2015-T2","Preta","Fundamental completo ou equivalente",1356603.43319488,13538989.9306066,10.02
2015,2,"2015-T2","Preta","Sem instrucao e menos de 1 ano de estudo",1197927.88174491,13538989.9306066,8.848
2015,2,"2015-T2","Preta","Medio incompleto ou equivalente",1073536.95990965,13538989.9306066,7.9292
2015,2,"2015-T2","Preta","Superior completo",785631.18893765,13538989.9306066,5.8027
2015,2,"2015-T2","Preta","Superior incompleto ou equivalente",448375.59507693,13538989.9306066,3.3117
2015,3,"2015-T3","Amarela","Superior completo",308151.91239076,896463.41367666,34.3742
2015,3,"2015-T3","Amarela","Medio completo ou equivalente",198388.24460607,896463.41367666,22.1301
2015,3,"2015-T3","Amarela","Fundamental incompleto ou equivalente",180422.00539461,896463.41367666,20.126
2015,3,"2015-T3","Amarela","Superior incompleto ou equivalente",71746.78015424,896463.41367666,8.0033
2015,3,"2015-T3","Amarela","Fundamental completo ou equivalente",60496.86897296,896463.41367666,6.7484
2015,3,"2015-T3","Amarela","Medio incompleto ou equivalente",44277.95340465,896463.41367666,4.9392
2015,3,"2015-T3","Amarela","Sem instrucao e menos de 1 ano de estudo",32979.64875337,896463.41367666,3.6789
2015,3,"2015-T3","Branca","Fundamental incompleto ou equivalente",27895303.9448056,84159101.4985023,33.1459
2015,3,"2015-T3","Branca","Medio completo ou equivalente",20052096.928744,84159101.4985023,23.8264
2015,3,"2015-T3","Branca","Superior completo",13328886.188261,84159101.4985023,15.8377
2015,3,"2015-T3","Branca","Fundamental completo ou equivalente",7686510.41786234,84159101.4985023,9.1333
2015,3,"2015-T3","Branca","Sem instrucao e menos de 1 ano de estudo",5456388.46323269,84159101.4985023,6.4834
2015,3,"2015-T3","Branca","Medio incompleto ou equivalente",5093691.45742705,84159101.4985023,6.0525
2015,3,"2015-T3","Branca","Superior incompleto ou equivalente",4646224.09816966,84159101.4985023,5.5208
2015,3,"2015-T3","Ignorado","Fundamental incompleto ou equivalente",123809.47101785,255603.57555555,48.4381
2015,3,"2015-T3","Ignorado","Medio completo ou equivalente",46479.39518078,255603.57555555,18.1842
2015,3,"2015-T3","Ignorado","Sem instrucao e menos de 1 ano de estudo",26651.44106697,255603.57555555,10.4269
2015,3,"2015-T3","Ignorado","Fundamental completo ou equivalente",20022.15456977,255603.57555555,7.8333
2015,3,"2015-T3","Ignorado","Medio incompleto ou equivalente",17783.68695413,255603.57555555,6.9575
2015,3,"2015-T3","Ignorado","Superior completo",12524.53168967,255603.57555555,4.9
2015,3,"2015-T3","Ignorado","Superior incompleto ou equivalente",8332.89507638,255603.57555555,3.2601
2015,3,"2015-T3","Indigena","Fundamental incompleto ou equivalente",129560.19502403,319231.63231623,40.585
2015,3,"2015-T3","Indigena","Medio completo ou equivalente",65862.41685176,319231.63231623,20.6315
2015,3,"2015-T3","Indigena","Sem instrucao e menos de 1 ano de estudo",37704.99442071,319231.63231623,11.8112
2015,3,"2015-T3","Indigena","Fundamental completo ou equivalente",35775.96010036,319231.63231623,11.2069
2015,3,"2015-T3","Indigena","Medio incompleto ou equivalente",21451.71387868,319231.63231623,6.7198
2015,3,"2015-T3","Indigena","Superior completo",17898.60044014,319231.63231623,5.6068
2015,3,"2015-T3","Indigena","Superior incompleto ou equivalente",10977.75160055,319231.63231623,3.4388
2015,3,"2015-T3","Parda","Fundamental incompleto ou equivalente",37494860.6559682,87745939.1665889,42.7312
2015,3,"2015-T3","Parda","Medio completo ou equivalente",18871385.3046199,87745939.1665889,21.5068
2015,3,"2015-T3","Parda","Sem instrucao e menos de 1 ano de estudo",8826361.55265608,87745939.1665889,10.059
2015,3,"2015-T3","Parda","Fundamental completo ou equivalente",8689218.47062408,87745939.1665889,9.9027
2015,3,"2015-T3","Parda","Medio incompleto ou equivalente",6279497.87644313,87745939.1665889,7.1565
2015,3,"2015-T3","Parda","Superior completo",4795904.33647844,87745939.1665889,5.4657
2015,3,"2015-T3","Parda","Superior incompleto ou equivalente",2788710.969799,87745939.1665889,3.1782
2015,3,"2015-T3","Preta","Fundamental incompleto ou equivalente",5636648.42472631,13981584.7134496,40.3148
2015,3,"2015-T3","Preta","Medio completo ou equivalente",3296622.29810713,13981584.7134496,23.5783
2015,3,"2015-T3","Preta","Fundamental completo ou equivalente",1436821.98428248,13981584.7134496,10.2765
2015,3,"2015-T3","Preta","Sem instrucao e menos de 1 ano de estudo",1274083.27474728,13981584.7134496,9.1126
2015,3,"2015-T3","Preta","Medio incompleto ou equivalente",1042102.37970267,13981584.7134496,7.4534
2015,3,"2015-T3","Preta","Superior completo",806675.49318036,13981584.7134496,5.7696
2015,3,"2015-T3","Preta","Superior incompleto ou equivalente",488630.8587034,13981584.7134496,3.4948
2015,4,"2015-T4","Amarela","Superior completo",349832.48640285,1028453.55165273,34.0154
2015,4,"2015-T4","Amarela","Medio completo ou equivalente",254676.22949355,1028453.55165273,24.763
2015,4,"2015-T4","Amarela","Fundamental incompleto ou equivalente",218109.74419304,1028453.55165273,21.2075
2015,4,"2015-T4","Amarela","Superior incompleto ou equivalente",64770.49094927,1028453.55165273,6.2979
2015,4,"2015-T4","Amarela","Fundamental completo ou equivalente",56048.84415269,1028453.55165273,5.4498
2015,4,"2015-T4","Amarela","Medio incompleto ou equivalente",44511.73288421,1028453.55165273,4.328
2015,4,"2015-T4","Amarela","Sem instrucao e menos de 1 ano de estudo",40504.02357712,1028453.55165273,3.9383
2015,4,"2015-T4","Branca","Fundamental incompleto ou equivalente",27752844.1339325,84058893.919327,33.016
2015,4,"2015-T4","Branca","Medio completo ou equivalente",20624593.4921554,84058893.919327,24.5359
2015,4,"2015-T4","Branca","Superior completo",13510065.1399202,84058893.919327,16.0721
2015,4,"2015-T4","Branca","Fundamental completo ou equivalente",7181698.31029667,84058893.919327,8.5437
2015,4,"2015-T4","Branca","Sem instrucao e menos de 1 ano de estudo",5774247.57921022,84058893.919327,6.8693
2015,4,"2015-T4","Branca","Medio incompleto ou equivalente",4923507.52461591,84058893.919327,5.8572
2015,4,"2015-T4","Branca","Superior incompleto ou equivalente",4291937.73919615,84058893.919327,5.1059
2015,4,"2015-T4","Ignorado","Sem instrucao e menos de 1 ano de estudo",16022.21632462,26066.10946751,61.4676
2015,4,"2015-T4","Ignorado","Fundamental incompleto ou equivalente",4766.08909878,26066.10946751,18.2846
2015,4,"2015-T4","Ignorado","Superior completo",1719.72579966,26066.10946751,6.5976
2015,4,"2015-T4","Ignorado","Medio completo ou equivalente",1675.46910048,26066.10946751,6.4278
2015,4,"2015-T4","Ignorado","Medio incompleto ou equivalente",1136.82309984,26066.10946751,4.3613
2015,4,"2015-T4","Ignorado","Fundamental completo ou equivalente",745.78604413,26066.10946751,2.8611
2015,4,"2015-T4","Indigena","Fundamental incompleto ou equivalente",168454.96637888,401790.75060283,41.926
2015,4,"2015-T4","Indigena","Medio completo ou equivalente",82769.5220736,401790.75060283,20.6002
2015,4,"2015-T4","Indigena","Sem instrucao e menos de 1 ano de estudo",53115.40087792,401790.75060283,13.2197
2015,4,"2015-T4","Indigena","Fundamental completo ou equivalente",35932.33289854,401790.75060283,8.943
2015,4,"2015-T4","Indigena","Medio incompleto ou equivalente",26412.34297448,401790.75060283,6.5737
2015,4,"2015-T4","Indigena","Superior completo",24211.46994649,401790.75060283,6.0259
2015,4,"2015-T4","Indigena","Superior incompleto ou equivalente",10894.71545292,401790.75060283,2.7115
2015,4,"2015-T4","Parda","Fundamental incompleto ou equivalente",37159600.7542128,87203779.1536725,42.6124
2015,4,"2015-T4","Parda","Medio completo ou equivalente",19040702.0161549,87203779.1536725,21.8347
2015,4,"2015-T4","Parda","Sem instrucao e menos de 1 ano de estudo",9408655.95129893,87203779.1536725,10.7893
2015,4,"2015-T4","Parda","Fundamental completo ou equivalente",7967948.03440622,87203779.1536725,9.1372
2015,4,"2015-T4","Parda","Medio incompleto ou equivalente",6262648.80821269,87203779.1536725,7.1816
2015,4,"2015-T4","Parda","Superior completo",4790356.53377166,87203779.1536725,5.4933
2015,4,"2015-T4","Parda","Superior incompleto ou equivalente",2573867.05561522,87203779.1536725,2.9516
2015,4,"2015-T4","Preta","Fundamental incompleto ou equivalente",5981875.39833614,14985875.5153687,39.9168
2015,4,"2015-T4","Preta","Medio completo ou equivalente",3632383.87266302,14985875.5153687,24.2387
2015,4,"2015-T4","Preta","Sem instrucao e menos de 1 ano de estudo",1471085.28140883,14985875.5153687,9.8165
2015,4,"2015-T4","Preta","Fundamental completo ou equivalente",1437108.77965269,14985875.5153687,9.5898
2015,4,"2015-T4","Preta","Medio incompleto ou equivalente",1059704.24750191,14985875.5153687,7.0714
2015,4,"2015-T4","Preta","Superior completo",910102.61351341,14985875.5153687,6.0731
2015,4,"2015-T4","Preta","Superior incompleto ou equivalente",493615.3222927,14985875.5153687,3.2939
2016,1,"2016-T1","Amarela","Superior completo",339360.40282858,1003565.88711955,33.8155
2016,1,"2016-T1","Amarela","Medio completo ou equivalente",244399.05824903,1003565.88711955,24.3531
2016,1,"2016-T1","Amarela","Fundamental incompleto ou equivalente",194477.56662834,1003565.88711955,19.3787
2016,1,"2016-T1","Amarela","Superior incompleto ou equivalente",77324.48770592,1003565.88711955,7.705
2016,1,"2016-T1","Amarela","Fundamental completo ou equivalente",64669.53216916,1003565.88711955,6.444
2016,1,"2016-T1","Amarela","Medio incompleto ou equivalente",45275.16047203,1003565.88711955,4.5114
2016,1,"2016-T1","Amarela","Sem instrucao e menos de 1 ano de estudo",38059.67906649,1003565.88711955,3.7924
2016,1,"2016-T1","Branca","Fundamental incompleto ou equivalente",27234616.1288589,83362988.9703878,32.6699
2016,1,"2016-T1","Branca","Medio completo ou equivalente",20589462.4452745,83362988.9703878,24.6986
2016,1,"2016-T1","Branca","Superior completo",13851096.7084482,83362988.9703878,16.6154
2016,1,"2016-T1","Branca","Fundamental completo ou equivalente",7352603.94488959,83362988.9703878,8.82
2016,1,"2016-T1","Branca","Sem instrucao e menos de 1 ano de estudo",4952047.83335883,83362988.9703878,5.9403
2016,1,"2016-T1","Branca","Medio incompleto ou equivalente",4934718.15346576,83362988.9703878,5.9196
2016,1,"2016-T1","Branca","Superior incompleto ou equivalente",4448443.75609198,83362988.9703878,5.3362
2016,1,"2016-T1","Ignorado","Sem instrucao e menos de 1 ano de estudo",9530.68825404,10501.11312919,90.7588
2016,1,"2016-T1","Ignorado","Medio completo ou equivalente",604.79133775,10501.11312919,5.7593
2016,1,"2016-T1","Ignorado","Medio incompleto ou equivalente",253.00087838,10501.11312919,2.4093
2016,1,"2016-T1","Ignorado","Fundamental incompleto ou equivalente",63.44771758,10501.11312919,0.6042
2016,1,"2016-T1","Ignorado","Superior completo",49.18494144,10501.11312919,0.4684
2016,1,"2016-T1","Indigena","Fundamental incompleto ou equivalente",158846.77163387,389235.82314658,40.8099
2016,1,"2016-T1","Indigena","Medio completo ou equivalente",83895.66421791,389235.82314658,21.5539
2016,1,"2016-T1","Indigena","Sem instrucao e menos de 1 ano de estudo",45851.93941847,389235.82314658,11.78
2016,1,"2016-T1","Indigena","Fundamental completo ou equivalente",33317.89164109,389235.82314658,8.5598
2016,1,"2016-T1","Indigena","Medio incompleto ou equivalente",30628.90884339,389235.82314658,7.869
2016,1,"2016-T1","Indigena","Superior completo",24107.00935991,389235.82314658,6.1934
2016,1,"2016-T1","Indigena","Superior incompleto ou equivalente",12587.63803194,389235.82314658,3.2339
2016,1,"2016-T1","Parda","Fundamental incompleto ou equivalente",37402297.1689291,88406026.5503812,42.3074
2016,1,"2016-T1","Parda","Medio completo ou equivalente",19882892.22025,88406026.5503812,22.4904
2016,1,"2016-T1","Parda","Sem instrucao e menos de 1 ano de estudo",8396182.24430339,88406026.5503812,9.4973
2016,1,"2016-T1","Parda","Fundamental completo ou equivalente",8373117.77677634,88406026.5503812,9.4712
2016,1,"2016-T1","Parda","Medio incompleto ou equivalente",6602612.98680555,88406026.5503812,7.4685
2016,1,"2016-T1","Parda","Superior completo",5048184.41440678,88406026.5503812,5.7102
2016,1,"2016-T1","Parda","Superior incompleto ou equivalente",2700739.73890998,88406026.5503812,3.0549
2016,1,"2016-T1","Preta","Fundamental incompleto ou equivalente",5874957.66649202,14875518.6560371,39.4941
2016,1,"2016-T1","Preta","Medio completo ou equivalente",3695729.40725448,14875518.6560371,24.8444
2016,1,"2016-T1","Preta","Fundamental completo ou equivalente",1395956.87807568,14875518.6560371,9.3843
2016,1,"2016-T1","Preta","Sem instrucao e menos de 1 ano de estudo",1332275.84231282,14875518.6560371,8.9562
2016,1,"2016-T1","Preta","Medio incompleto ou equivalente",1130728.20031767,14875518.6560371,7.6013
2016,1,"2016-T1","Preta","Superior completo",913901.20785836,14875518.6560371,6.1437
2016,1,"2016-T1","Preta","Superior incompleto ou equivalente",531969.45372609,14875518.6560371,3.5761
2016,2,"2016-T2","Amarela","Superior completo",349556.51416485,1059892.34606043,32.9804
2016,2,"2016-T2","Amarela","Medio completo ou equivalente",241907.58248009,1059892.34606043,22.8238
2016,2,"2016-T2","Amarela","Fundamental incompleto ou equivalente",218614.1784362,1059892.34606043,20.6261
2016,2,"2016-T2","Amarela","Superior incompleto ou equivalente",87948.5706724,1059892.34606043,8.2979
2016,2,"2016-T2","Amarela","Fundamental completo ou equivalente",72752.95933366,1059892.34606043,6.8642
2016,2,"2016-T2","Amarela","Medio incompleto ou equivalente",46244.46766667,1059892.34606043,4.3631
2016,2,"2016-T2","Amarela","Sem instrucao e menos de 1 ano de estudo",42868.07330656,1059892.34606043,4.0446
2016,2,"2016-T2","Branca","Fundamental incompleto ou equivalente",27344555.7382054,83956807.2484558,32.5698
2016,2,"2016-T2","Branca","Medio completo ou equivalente",20729760.8914607,83956807.2484558,24.691
2016,2,"2016-T2","Branca","Superior completo",13654632.527838,83956807.2484558,16.2639
2016,2,"2016-T2","Branca","Fundamental completo ou equivalente",7306945.43681696,83956807.2484558,8.7032
2016,2,"2016-T2","Branca","Sem instrucao e menos de 1 ano de estudo",5399633.47897768,83956807.2484558,6.4314
2016,2,"2016-T2","Branca","Medio incompleto ou equivalente",5060266.3402829,83956807.2484558,6.0272
2016,2,"2016-T2","Branca","Superior incompleto ou equivalente",4461012.83487408,83956807.2484558,5.3135
2016,2,"2016-T2","Ignorado","Sem instrucao e menos de 1 ano de estudo",8524.56676054,15800.8091852,53.9502
2016,2,"2016-T2","Ignorado","Fundamental incompleto ou equivalente",2498.21567911,15800.8091852,15.8107
2016,2,"2016-T2","Ignorado","Superior completo",1964.63560081,15800.8091852,12.4338
2016,2,"2016-T2","Ignorado","Medio completo ou equivalente",1068.31629793,15800.8091852,6.7611
2016,2,"2016-T2","Ignorado","Medio incompleto ou equivalente",685.07943781,15800.8091852,4.3357
2016,2,"2016-T2","Ignorado","Fundamental completo ou equivalente",537.18788216,15800.8091852,3.3997
2016,2,"2016-T2","Ignorado","Superior incompleto ou equivalente",522.80752684,15800.8091852,3.3087
2016,2,"2016-T2","Indigena","Fundamental incompleto ou equivalente",191409.11048708,453438.43333902,42.2128
2016,2,"2016-T2","Indigena","Medio completo ou equivalente",83068.93014491,453438.43333902,18.3198
2016,2,"2016-T2","Indigena","Sem instrucao e menos de 1 ano de estudo",64890.71057246,453438.43333902,14.3108
2016,2,"2016-T2","Indigena","Fundamental completo ou equivalente",40245.90569611,453438.43333902,8.8757
2016,2,"2016-T2","Indigena","Superior completo",34151.66526436,453438.43333902,7.5317
2016,2,"2016-T2","Indigena","Medio incompleto ou equivalente",27727.55196303,453438.43333902,6.115
2016,2,"2016-T2","Indigena","Superior incompleto ou equivalente",11944.55921107,453438.43333902,2.6342
2016,2,"2016-T2","Parda","Fundamental incompleto ou equivalente",37089177.5792106,87951338.3210084,42.1701
2016,2,"2016-T2","Parda","Medio completo ou equivalente",19423396.3874579,87951338.3210084,22.0843
2016,2,"2016-T2","Parda","Sem instrucao e menos de 1 ano de estudo",8832740.8468426,87951338.3210084,10.0428
2016,2,"2016-T2","Parda","Fundamental completo ou equivalente",8093261.09877162,87951338.3210084,9.202
2016,2,"2016-T2","Parda","Medio incompleto ou equivalente",6591947.22421218,87951338.3210084,7.495
2016,2,"2016-T2","Parda","Superior completo",5113776.03213832,87951338.3210084,5.8143
2016,2,"2016-T2","Parda","Superior incompleto ou equivalente",2807039.15237511,87951338.3210084,3.1916
2016,2,"2016-T2","Preta","Fundamental incompleto ou equivalente",5912728.95788143,14942306.8420544,39.5704
2016,2,"2016-T2","Preta","Medio completo ou equivalente",3635488.03347781,14942306.8420544,24.3302
2016,2,"2016-T2","Preta","Fundamental completo ou equivalente",1435786.95240447,14942306.8420544,9.6089
2016,2,"2016-T2","Preta","Sem instrucao e menos de 1 ano de estudo",1396858.4875348,14942306.8420544,9.3483
2016,2,"2016-T2","Preta","Medio incompleto ou equivalente",1117874.60493337,14942306.8420544,7.4813
2016,2,"2016-T2","Preta","Superior completo",918639.13331913,14942306.8420544,6.1479
2016,2,"2016-T2","Preta","Superior incompleto ou equivalente",524930.67250334,14942306.8420544,3.513
2016,3,"2016-T3","Amarela","Superior completo",407236.59871949,1152802.93320379,35.3258
2016,3,"2016-T3","Amarela","Medio completo ou equivalente",266253.54267178,1152802.93320379,23.0962
2016,3,"2016-T3","Amarela","Fundamental incompleto ou equivalente",232940.43568613,1152802.93320379,20.2064
2016,3,"2016-T3","Amarela","Fundamental completo ou equivalente",81459.6553356,1152802.93320379,7.0662
2016,3,"2016-T3","Amarela","Superior incompleto ou equivalente",76275.68334457,1152802.93320379,6.6165
2016,3,"2016-T3","Amarela","Sem instrucao e menos de 1 ano de estudo",48021.87814207,1152802.93320379,4.1657
2016,3,"2016-T3","Amarela","Medio incompleto ou equivalente",40615.13930415,1152802.93320379,3.5232
2016,3,"2016-T3","Branca","Fundamental incompleto ou equivalente",26953621.8194434,83403395.2272127,32.3172
2016,3,"2016-T3","Branca","Medio completo ou equivalente",20581579.5514522,83403395.2272127,24.6771
2016,3,"2016-T3","Branca","Superior completo",13844863.7345187,83403395.2272127,16.5999
2016,3,"2016-T3","Branca","Fundamental completo ou equivalente",7062420.12116821,83403395.2272127,8.4678
2016,3,"2016-T3","Branca","Sem instrucao e menos de 1 ano de estudo",5456072.95969717,83403395.2272127,6.5418
2016,3,"2016-T3","Branca","Medio incompleto ou equivalente",5091842.23525582,83403395.2272127,6.1051
2016,3,"2016-T3","Branca","Superior incompleto ou equivalente",4412994.80567712,83403395.2272127,5.2911
2016,3,"2016-T3","Ignorado","Fundamental incompleto ou equivalente",4064.49265121,14714.26007729,27.6228
2016,3,"2016-T3","Ignorado","Superior completo",4018.09798467,14714.26007729,27.3075
2016,3,"2016-T3","Ignorado","Medio completo ou equivalente",2470.721401,14714.26007729,16.7913
2016,3,"2016-T3","Ignorado","Superior incompleto ou equivalente",1965.55582398,14714.26007729,13.3582
2016,3,"2016-T3","Ignorado","Medio incompleto ou equivalente",1719.26239779,14714.26007729,11.6843
2016,3,"2016-T3","Ignorado","Sem instrucao e menos de 1 ano de estudo",349.69261997,14714.26007729,2.3766
2016,3,"2016-T3","Ignorado","Fundamental completo ou equivalente",126.43719867,14714.26007729,0.8593
2016,3,"2016-T3","Indigena","Fundamental incompleto ou equivalente",184872.99483083,473915.77945598,39.0097
2016,3,"2016-T3","Indigena","Medio completo ou equivalente",112598.18087568,473915.77945598,23.7591
2016,3,"2016-T3","Indigena","Fundamental completo ou equivalente",50484.20112562,473915.77945598,10.6526
2016,3,"2016-T3","Indigena","Sem instrucao e menos de 1 ano de estudo",45162.62039023,473915.77945598,9.5297
2016,3,"2016-T3","Indigena","Medio incompleto ou equivalente",32538.24463827,473915.77945598,6.8658
2016,3,"2016-T3","Indigena","Superior completo",27788.36742947,473915.77945598,5.8636
2016,3,"2016-T3","Indigena","Superior incompleto ou equivalente",20471.17016588,473915.77945598,4.3196
2016,3,"2016-T3","Parda","Fundamental incompleto ou equivalente",37184009.3646469,88602353.8940971,41.9673
2016,3,"2016-T3","Parda","Medio completo ou equivalente",19873965.4778661,88602353.8940971,22.4305
2016,3,"2016-T3","Parda","Sem instrucao e menos de 1 ano de estudo",9066802.07046388,88602353.8940971,10.2331
2016,3,"2016-T3","Parda","Fundamental completo ou equivalente",7935069.68618068,88602353.8940971,8.9558
2016,3,"2016-T3","Parda","Medio incompleto ou equivalente",6713366.6134268,88602353.8940971,7.577
2016,3,"2016-T3","Parda","Superior completo",5083817.85114176,88602353.8940971,5.7378
2016,3,"2016-T3","Parda","Superior incompleto ou equivalente",2745322.83037095,88602353.8940971,3.0985
2016,3,"2016-T3","Preta","Fundamental incompleto ou equivalente",5880418.61997775,15076756.9060226,39.0032
2016,3,"2016-T3","Preta","Medio completo ou equivalente",3763824.12505441,15076756.9060226,24.9644
2016,3,"2016-T3","Preta","Sem instrucao e menos de 1 ano de estudo",1447065.37125904,15076756.9060226,9.598
2016,3,"2016-T3","Preta","Fundamental completo ou equivalente",1358106.82580423,15076756.9060226,9.008
2016,3,"2016-T3","Preta","Medio incompleto ou equivalente",1143308.45142251,15076756.9060226,7.5833
2016,3,"2016-T3","Preta","Superior completo",970107.00906613,15076756.9060226,6.4345
2016,3,"2016-T3","Preta","Superior incompleto ou equivalente",513926.50343848,15076756.9060226,3.4087
2016,4,"2016-T4","Amarela","Superior completo",384553.86779856,1108230.4709411,34.6998
2016,4,"2016-T4","Amarela","Medio completo ou equivalente",258372.99327825,1108230.4709411,23.314
2016,4,"2016-T4","Amarela","Fundamental incompleto ou equivalente",230133.78140755,1108230.4709411,20.7659
2016,4,"2016-T4","Amarela","Fundamental completo ou equivalente",74317.09187506,1108230.4709411,6.7059
2016,4,"2016-T4","Amarela","Superior incompleto ou equivalente",70241.9095326,1108230.4709411,6.3382
2016,4,"2016-T4","Amarela","Medio incompleto ou equivalente",47570.74596062,1108230.4709411,4.2925
2016,4,"2016-T4","Amarela","Sem instrucao e menos de 1 ano de estudo",43040.08108846,1108230.4709411,3.8837
2016,4,"2016-T4","Branca","Fundamental incompleto ou equivalente",26471824.4286199,82079215.4056009,32.2516
2016,4,"2016-T4","Branca","Medio completo ou equivalente",20325129.8459837,82079215.4056009,24.7628
2016,4,"2016-T4","Branca","Superior completo",13756960.2222298,82079215.4056009,16.7606
2016,4,"2016-T4","Branca","Fundamental completo ou equivalente",6887352.11313486,82079215.4056009,8.3911
2016,4,"2016-T4","Branca","Sem instrucao e menos de 1 ano de estudo",5420139.18379074,82079215.4056009,6.6035
2016,4,"2016-T4","Branca","Medio incompleto ou equivalente",4947478.39814229,82079215.4056009,6.0277
2016,4,"2016-T4","Branca","Superior incompleto ou equivalente",4270331.21369963,82079215.4056009,5.2027
2016,4,"2016-T4","Ignorado","Fundamental incompleto ou equivalente",5464.88831584,14149.88413015,38.6214
2016,4,"2016-T4","Ignorado","Superior incompleto ou equivalente",2338.27959234,14149.88413015,16.5251
2016,4,"2016-T4","Ignorado","Medio incompleto ou equivalente",1811.94171436,14149.88413015,12.8053
2016,4,"2016-T4","Ignorado","Superior completo",1728.09002106,14149.88413015,12.2128
2016,4,"2016-T4","Ignorado","Fundamental completo ou equivalente",1277.73978806,14149.88413015,9.03
2016,4,"2016-T4","Ignorado","Sem instrucao e menos de 1 ano de estudo",881.27632016,14149.88413015,6.2282
2016,4,"2016-T4","Ignorado","Medio completo ou equivalente",647.66837833,14149.88413015,4.5772
2016,4,"2016-T4","Indigena","Fundamental incompleto ou equivalente",195411.28699919,496944.72408368,39.3225
2016,4,"2016-T4","Indigena","Medio completo ou equivalente",107129.10215411,496944.72408368,21.5575
2016,4,"2016-T4","Indigena","Sem instrucao e menos de 1 ano de estudo",55541.33593512,496944.72408368,11.1766
2016,4,"2016-T4","Indigena","Fundamental completo ou equivalente",43808.70668905,496944.72408368,8.8156
2016,4,"2016-T4","Indigena","Superior completo",39231.51357183,496944.72408368,7.8945
2016,4,"2016-T4","Indigena","Medio incompleto ou equivalente",35431.76985746,496944.72408368,7.1299
2016,4,"2016-T4","Indigena","Superior incompleto ou equivalente",20391.00887692,496944.72408368,4.1033
2016,4,"2016-T4","Parda","Fundamental incompleto ou equivalente",37411853.3857247,89568379.4637317,41.769
2016,4,"2016-T4","Parda","Medio completo ou equivalente",19971714.2597066,89568379.4637317,22.2977
2016,4,"2016-T4","Parda","Sem instrucao e menos de 1 ano de estudo",9327453.66454513,89568379.4637317,10.4138
2016,4,"2016-T4","Parda","Fundamental completo ou equivalente",7927739.99763724,89568379.4637317,8.851
2016,4,"2016-T4","Parda","Medio incompleto ou equivalente",6835907.69782225,89568379.4637317,7.6321
2016,4,"2016-T4","Parda","Superior completo",5331417.21785672,89568379.4637317,5.9523
2016,4,"2016-T4","Parda","Superior incompleto ou equivalente",2762293.24043898,89568379.4637317,3.084
2016,4,"2016-T4","Preta","Fundamental incompleto ou equivalente",6039108.04618153,15807006.0516169,38.2053
2016,4,"2016-T4","Preta","Medio completo ou equivalente",4022745.9722112,15807006.0516169,25.4491
2016,4,"2016-T4","Preta","Sem instrucao e menos de 1 ano de estudo",1460571.34926646,15807006.0516169,9.24
2016,4,"2016-T4","Preta","Fundamental completo ou equivalente",1424831.88896788,15807006.0516169,9.0139
2016,4,"2016-T4","Preta","Medio incompleto ou equivalente",1262981.50104661,15807006.0516169,7.99
2016,4,"2016-T4","Preta","Superior completo",1044005.86932958,15807006.0516169,6.6047
2016,4,"2016-T4","Preta","Superior incompleto ou equivalente",552761.42461365,15807006.0516169,3.4969
2017,1,"2017-T1","Amarela","Superior completo",385127.99894763,1118849.13899674,34.4218
2017,1,"2017-T1","Amarela","Medio completo ou equivalente",255135.32651837,1118849.13899674,22.8034
2017,1,"2017-T1","Amarela","Fundamental incompleto ou equivalente",230587.17450707,1118849.13899674,20.6093
2017,1,"2017-T1","Amarela","Superior incompleto ou equivalente",79287.36882603,1118849.13899674,7.0865
2017,1,"2017-T1","Amarela","Fundamental completo ou equivalente",72996.76007157,1118849.13899674,6.5243
2017,1,"2017-T1","Amarela","Medio incompleto ou equivalente",50437.77633343,1118849.13899674,4.508
2017,1,"2017-T1","Amarela","Sem instrucao e menos de 1 ano de estudo",45276.73379264,1118849.13899674,4.0467
2017,1,"2017-T1","Branca","Fundamental incompleto ou equivalente",26475530.9659075,82087819.4586012,32.2527
2017,1,"2017-T1","Branca","Medio completo ou equivalente",20512569.7545929,82087819.4586012,24.9886
2017,1,"2017-T1","Branca","Superior completo",14019315.9609643,82087819.4586012,17.0784
2017,1,"2017-T1","Branca","Fundamental completo ou equivalente",6922415.02079401,82087819.4586012,8.4329
2017,1,"2017-T1","Branca","Medio incompleto ou equivalente",4960516.17385156,82087819.4586012,6.0429
2017,1,"2017-T1","Branca","Sem instrucao e menos de 1 ano de estudo",4787574.04324253,82087819.4586012,5.8323
2017,1,"2017-T1","Branca","Superior incompleto ou equivalente",4409897.53924837,82087819.4586012,5.3722
2017,1,"2017-T1","Ignorado","Fundamental incompleto ou equivalente",4026.66121588,14431.54410122,27.9018
2017,1,"2017-T1","Ignorado","Medio completo ou equivalente",3351.22790332,14431.54410122,23.2215
2017,1,"2017-T1","Ignorado","Superior completo",2566.6194854,14431.54410122,17.7848
2017,1,"2017-T1","Ignorado","Superior incompleto ou equivalente",1901.56344598,14431.54410122,13.1764
2017,1,"2017-T1","Ignorado","Fundamental completo ou equivalente",1564.50920613,14431.54410122,10.8409
2017,1,"2017-T1","Ignorado","Sem instrucao e menos de 1 ano de estudo",1020.96284451,14431.54410122,7.0745
2017,1,"2017-T1","Indigena","Fundamental incompleto ou equivalente",177891.43287518,465641.94280518,38.2035
2017,1,"2017-T1","Indigena","Medio completo ou equivalente",111225.86221605,465641.94280518,23.8866
2017,1,"2017-T1","Indigena","Fundamental completo ou equivalente",46211.72039966,465641.94280518,9.9243
2017,1,"2017-T1","Indigena","Sem instrucao e menos de 1 ano de estudo",45841.98873137,465641.94280518,9.8449
2017,1,"2017-T1","Indigena","Medio incompleto ou equivalente",37495.01058681,465641.94280518,8.0523
2017,1,"2017-T1","Indigena","Superior completo",33384.47486381,465641.94280518,7.1696
2017,1,"2017-T1","Indigena","Superior incompleto ou equivalente",13591.4531323,465641.94280518,2.9189
2017,1,"2017-T1","Parda","Fundamental incompleto ou equivalente",37332874.3050382,89595749.7606249,41.6681
2017,1,"2017-T1","Parda","Medio completo ou equivalente",20619638.5784819,89595749.7606249,23.0141
2017,1,"2017-T1","Parda","Sem instrucao e menos de 1 ano de estudo",8389459.08974765,89595749.7606249,9.3637
2017,1,"2017-T1","Parda","Fundamental completo ou equivalente",8160844.60486612,89595749.7606249,9.1085
2017,1,"2017-T1","Parda","Medio incompleto ou equivalente",6802401.61287579,89595749.7606249,7.5923
2017,1,"2017-T1","Parda","Superior completo",5457295.78109662,89595749.7606249,6.091
2017,1,"2017-T1","Parda","Superior incompleto ou equivalente",2833235.78851863,89595749.7606249,3.1622
2017,1,"2017-T1","Preta","Fundamental incompleto ou equivalente",6111418.47268377,16137558.1549788,37.8708
2017,1,"2017-T1","Preta","Medio completo ou equivalente",4149100.5212696,16137558.1549788,25.7108
2017,1,"2017-T1","Preta","Fundamental completo ou equivalente",1542835.1143419,16137558.1549788,9.5605
2017,1,"2017-T1","Preta","Sem instrucao e menos de 1 ano de estudo",1362737.8688836,16137558.1549788,8.4445
2017,1,"2017-T1","Preta","Medio incompleto ou equivalente",1259526.19464197,16137558.1549788,7.8049
2017,1,"2017-T1","Preta","Superior completo",1093935.21306384,16137558.1549788,6.7788
2017,1,"2017-T1","Preta","Superior incompleto ou equivalente",618004.77009407,16137558.1549788,3.8296
2017,2,"2017-T2","Amarela","Superior completo",357373.09082312,1067310.4985558,33.4835
2017,2,"2017-T2","Amarela","Medio completo ou equivalente",236301.76323051,1067310.4985558,22.1399
2017,2,"2017-T2","Amarela","Fundamental incompleto ou equivalente",236054.12698104,1067310.4985558,22.1167
2017,2,"2017-T2","Amarela","Superior incompleto ou equivalente",69336.70443674,1067310.4985558,6.4964
2017,2,"2017-T2","Amarela","Fundamental completo ou equivalente",62775.56547362,1067310.4985558,5.8817
2017,2,"2017-T2","Amarela","Medio incompleto ou equivalente",59642.17137918,1067310.4985558,5.5881
2017,2,"2017-T2","Amarela","Sem instrucao e menos de 1 ano de estudo",45827.07623159,1067310.4985558,4.2937
2017,2,"2017-T2","Branca","Fundamental incompleto ou equivalente",26797183.3091394,82205880.1324102,32.5976
2017,2,"2017-T2","Branca","Medio completo ou equivalente",20266247.4059176,82205880.1324102,24.653
2017,2,"2017-T2","Branca","Superior completo",13851834.3148002,82205880.1324102,16.8502
2017,2,"2017-T2","Branca","Fundamental completo ou equivalente",6612546.17046956,82205880.1324102,8.0439
2017,2,"2017-T2","Branca","Medio incompleto ou equivalente",5185957.15064767,82205880.1324102,6.3085
2017,2,"2017-T2","Branca","Sem instrucao e menos de 1 ano de estudo",4988861.43711211,82205880.1324102,6.0687
2017,2,"2017-T2","Branca","Superior incompleto ou equivalente",4503250.34432367,82205880.1324102,5.478
2017,2,"2017-T2","Ignorado","Medio completo ou equivalente",8416.81485881,20148.58679667,41.7737
2017,2,"2017-T2","Ignorado","Fundamental incompleto ou equivalente",6819.15643287,20148.58679667,33.8443
2017,2,"2017-T2","Ignorado","Superior completo",1957.4394228,20148.58679667,9.715
2017,2,"2017-T2","Ignorado","Superior incompleto ou equivalente",1741.68211501,20148.58679667,8.6442
2017,2,"2017-T2","Ignorado","Sem instrucao e menos de 1 ano de estudo",810.07424885,20148.58679667,4.0205
2017,2,"2017-T2","Ignorado","Medio incompleto ou equivalente",403.41971833,20148.58679667,2.0022
2017,2,"2017-T2","Indigena","Fundamental incompleto ou equivalente",197430.75770072,457162.95737312,43.1861
2017,2,"2017-T2","Indigena","Medio completo ou equivalente",96831.98750469,457162.95737312,21.1811
2017,2,"2017-T2","Indigena","Sem instrucao e menos de 1 ano de estudo",44845.34593851,457162.95737312,9.8095
2017,2,"2017-T2","Indigena","Fundamental completo ou equivalente",41793.22491473,457162.95737312,9.1419
2017,2,"2017-T2","Indigena","Medio incompleto ou equivalente",32223.84734804,457162.95737312,7.0487
2017,2,"2017-T2","Indigena","Superior completo",26805.99050341,457162.95737312,5.8636
2017,2,"2017-T2","Indigena","Superior incompleto ou equivalente",17231.80346302,457162.95737312,3.7693
2017,2,"2017-T2","Parda","Fundamental incompleto ou equivalente",37570304.3994412,90174603.9475843,41.664
2017,2,"2017-T2","Parda","Medio completo ou equivalente",20766001.778953,90174603.9475843,23.0287
2017,2,"2017-T2","Parda","Sem instrucao e menos de 1 ano de estudo",8395390.24649022,90174603.9475843,9.3101
2017,2,"2017-T2","Parda","Fundamental completo ou equivalente",7863365.16172409,90174603.9475843,8.7202
2017,2,"2017-T2","Parda","Medio incompleto ou equivalente",7038853.91298633,90174603.9475843,7.8058
2017,2,"2017-T2","Parda","Superior completo",5554531.26377755,90174603.9475843,6.1598
2017,2,"2017-T2","Parda","Superior incompleto ou equivalente",2986157.18421194,90174603.9475843,3.3115
2017,2,"2017-T2","Preta","Fundamental incompleto ou equivalente",6028487.69606156,15826106.8774338,38.092
2017,2,"2017-T2","Preta","Medio completo ou equivalente",4022519.82731272,15826106.8774338,25.417
2017,2,"2017-T2","Preta","Fundamental completo ou equivalente",1423799.51266025,15826106.8774338,8.9965
2017,2,"2017-T2","Preta","Sem instrucao e menos de 1 ano de estudo",1366465.78130817,15826106.8774338,8.6343
2017,2,"2017-T2","Preta","Medio incompleto ou equivalente",1267998.56890194,15826106.8774338,8.0121
2017,2,"2017-T2","Preta","Superior completo",1096071.43599931,15826106.8774338,6.9257
2017,2,"2017-T2","Preta","Superior incompleto ou equivalente",620764.05518983,15826106.8774338,3.9224
2017,3,"2017-T3","Amarela","Superior completo",365385.15360008,1154604.89203356,31.6459
2017,3,"2017-T3","Amarela","Medio completo ou equivalente",273089.42017209,1154604.89203356,23.6522
2017,3,"2017-T3","Amarela","Fundamental incompleto ou equivalente",270765.73092172,1154604.89203356,23.4509
2017,3,"2017-T3","Amarela","Superior incompleto ou equivalente",79100.73574538,1154604.89203356,6.8509
2017,3,"2017-T3","Amarela","Fundamental completo ou equivalente",69174.37932783,1154604.89203356,5.9912
2017,3,"2017-T3","Amarela","Sem instrucao e menos de 1 ano de estudo",51547.11053193,1154604.89203356,4.4645
2017,3,"2017-T3","Amarela","Medio incompleto ou equivalente",45542.36173453,1154604.89203356,3.9444
2017,3,"2017-T3","Branca","Fundamental incompleto ou equivalente",26726431.7550731,82574752.9147137,32.3663
2017,3,"2017-T3","Branca","Medio completo ou equivalente",20147828.6376258,82574752.9147137,24.3995
2017,3,"2017-T3","Branca","Superior completo",14170118.4943402,82574752.9147137,17.1604
2017,3,"2017-T3","Branca","Fundamental completo ou equivalente",6541081.53964798,82574752.9147137,7.9214
2017,3,"2017-T3","Branca","Sem instrucao e menos de 1 ano de estudo",5214757.68651437,82574752.9147137,6.3152
2017,3,"2017-T3","Branca","Medio incompleto ou equivalente",5131771.67720141,82574752.9147137,6.2147
2017,3,"2017-T3","Branca","Superior incompleto ou equivalente",4642763.12431074,82574752.9147137,5.6225
2017,3,"2017-T3","Ignorado","Superior incompleto ou equivalente",3278.79312715,12675.37698492,25.8674
2017,3,"2017-T3","Ignorado","Fundamental incompleto ou equivalente",2460.27635005,12675.37698492,19.4099
2017,3,"2017-T3","Ignorado","Medio completo ou equivalente",2106.67365768,12675.37698492,16.6202
2017,3,"2017-T3","Ignorado","Superior completo",1891.2553279,12675.37698492,14.9207
2017,3,"2017-T3","Ignorado","Fundamental completo ou equivalente",1202.00827166,12675.37698492,9.483
2017,3,"2017-T3","Ignorado","Sem instrucao e menos de 1 ano de estudo",1084.83984097,12675.37698492,8.5586
2017,3,"2017-T3","Ignorado","Medio incompleto ou equivalente",651.53040951,12675.37698492,5.1401
2017,3,"2017-T3","Indigena","Fundamental incompleto ou equivalente",189649.23173382,487097.34014097,38.9346
2017,3,"2017-T3","Indigena","Medio completo ou equivalente",101124.55069665,487097.34014097,20.7606
2017,3,"2017-T3","Indigena","Medio incompleto ou equivalente",48717.30402804,487097.34014097,10.0016
2017,3,"2017-T3","Indigena","Sem instrucao e menos de 1 ano de estudo",46586.93029101,487097.34014097,9.5642
2017,3,"2017-T3","Indigena","Fundamental completo ou equivalente",42752.81348223,487097.34014097,8.7771
2017,3,"2017-T3","Indigena","Superior completo",38001.75277739,487097.34014097,7.8017
2017,3,"2017-T3","Indigena","Superior incompleto ou equivalente",20264.75713183,487097.34014097,4.1603
2017,3,"2017-T3","Parda","Fundamental incompleto ou equivalente",37145107.8295831,89902834.2370996,41.3169
2017,3,"2017-T3","Parda","Medio completo ou equivalente",20685396.4991205,89902834.2370996,23.0086
2017,3,"2017-T3","Parda","Sem instrucao e menos de 1 ano de estudo",8562450.15923552,89902834.2370996,9.5241
2017,3,"2017-T3","Parda","Fundamental completo ou equivalente",7797433.93584723,89902834.2370996,8.6732
2017,3,"2017-T3","Parda","Medio incompleto ou equivalente",7087151.40226759,89902834.2370996,7.8831
2017,3,"2017-T3","Parda","Superior completo",5619132.55699492,89902834.2370996,6.2502
2017,3,"2017-T3","Parda","Superior incompleto ou equivalente",3006161.85405075,89902834.2370996,3.3438
2017,3,"2017-T3","Preta","Fundamental incompleto ou equivalente",6095395.22208757,15951775.2392597,38.2114
2017,3,"2017-T3","Preta","Medio completo ou equivalente",4061113.98871985,15951775.2392597,25.4587
2017,3,"2017-T3","Preta","Fundamental completo ou equivalente",1431774.31521126,15951775.2392597,8.9756
2017,3,"2017-T3","Preta","Sem instrucao e menos de 1 ano de estudo",1393123.38179266,15951775.2392597,8.7333
2017,3,"2017-T3","Preta","Medio incompleto ou equivalente",1236289.11248937,15951775.2392597,7.7502
2017,3,"2017-T3","Preta","Superior completo",1105360.50223912,15951775.2392597,6.9294
2017,3,"2017-T3","Preta","Superior incompleto ou equivalente",628718.71671986,15951775.2392597,3.9414
2017,4,"2017-T4","Amarela","Superior completo",349394.26549718,1124832.1809315,31.0619
2017,4,"2017-T4","Amarela","Medio completo ou equivalente",269614.28261535,1124832.1809315,23.9693
2017,4,"2017-T4","Amarela","Fundamental incompleto ou equivalente",267933.9897429,1124832.1809315,23.8199
2017,4,"2017-T4","Amarela","Fundamental completo ou equivalente",79447.17425439,1124832.1809315,7.063
2017,4,"2017-T4","Amarela","Superior incompleto ou equivalente",73463.80488425,1124832.1809315,6.5311
2017,4,"2017-T4","Amarela","Sem instrucao e menos de 1 ano de estudo",45031.35362735,1124832.1809315,4.0034
2017,4,"2017-T4","Amarela","Medio incompleto ou equivalente",39947.31031008,1124832.1809315,3.5514
2017,4,"2017-T4","Branca","Fundamental incompleto ou equivalente",26474113.3070488,81637778.2078322,32.4288
2017,4,"2017-T4","Branca","Medio completo ou equivalente",19941227.392217,81637778.2078322,24.4265
2017,4,"2017-T4","Branca","Superior completo",14094047.6427893,81637778.2078322,17.2641
2017,4,"2017-T4","Branca","Fundamental completo ou equivalente",6459122.02287423,81637778.2078322,7.9119
2017,4,"2017-T4","Branca","Sem instrucao e menos de 1 ano de estudo",5199681.31605304,81637778.2078322,6.3692
2017,4,"2017-T4","Branca","Medio incompleto ou equivalente",4948706.40526444,81637778.2078322,6.0618
2017,4,"2017-T4","Branca","Superior incompleto ou equivalente",4520880.12158547,81637778.2078322,5.5377
2017,4,"2017-T4","Ignorado","Superior completo",8952.51483317,19580.24303725,45.7222
2017,4,"2017-T4","Ignorado","Fundamental incompleto ou equivalente",3369.47229754,19580.24303725,17.2085
2017,4,"2017-T4","Ignorado","Superior incompleto ou equivalente",3163.9542209,19580.24303725,16.1589
2017,4,"2017-T4","Ignorado","Fundamental completo ou equivalente",1345.09733404,19580.24303725,6.8697
2017,4,"2017-T4","Ignorado","Medio completo ou equivalente",1009.62315437,19580.24303725,5.1563
2017,4,"2017-T4","Ignorado","Medio incompleto ou equivalente",984.67838576,19580.24303725,5.0289
2017,4,"2017-T4","Ignorado","Sem instrucao e menos de 1 ano de estudo",754.90281147,19580.24303725,3.8554
2017,4,"2017-T4","Indigena","Fundamental incompleto ou equivalente",200229.89019318,510829.22622288,39.197
2017,4,"2017-T4","Indigena","Medio completo ou equivalente",103122.68199044,510829.22622288,20.1873
2017,4,"2017-T4","Indigena","Sem instrucao e menos de 1 ano de estudo",61665.32546614,510829.22622288,12.0716
2017,4,"2017-T4","Indigena","Superior completo",46022.86347865,510829.22622288,9.0094
2017,4,"2017-T4","Indigena","Medio incompleto ou equivalente",44189.24763614,510829.22622288,8.6505
2017,4,"2017-T4","Indigena","Fundamental completo ou equivalente",43348.53904552,510829.22622288,8.4859
2017,4,"2017-T4","Indigena","Superior incompleto ou equivalente",12250.67841281,510829.22622288,2.3982
2017,4,"2017-T4","Parda","Fundamental incompleto ou equivalente",37037610.2875972,90158438.134415,41.0806
2017,4,"2017-T4","Parda","Medio completo ou equivalente",20846222.5699032,90158438.134415,23.1218
2017,4,"2017-T4","Parda","Sem instrucao e menos de 1 ano de estudo",8720973.66127811,90158438.134415,9.6729
2017,4,"2017-T4","Parda","Fundamental completo ou equivalente",7720413.95538649,90158438.134415,8.5632
2017,4,"2017-T4","Parda","Medio incompleto ou equivalente",6927660.49267442,90158438.134415,7.6839
2017,4,"2017-T4","Parda","Superior completo",5828771.7803245,90158438.134415,6.465
2017,4,"2017-T4","Parda","Superior incompleto ou equivalente",3076785.38725109,90158438.134415,3.4126
2017,4,"2017-T4","Preta","Fundamental incompleto ou equivalente",6383885.29416751,16954790.0077564,37.6524
2017,4,"2017-T4","Preta","Medio completo ou equivalente",4408999.86602015,16954790.0077564,26.0044
2017,4,"2017-T4","Preta","Fundamental completo ou equivalente",1483679.39936081,16954790.0077564,8.7508
2017,4,"2017-T4","Preta","Sem instrucao e menos de 1 ano de estudo",1446871.56734395,16954790.0077564,8.5337
2017,4,"2017-T4","Preta","Medio incompleto ou equivalente",1353211.3314341,16954790.0077564,7.9813
2017,4,"2017-T4","Preta","Superior completo",1215775.83259518,16954790.0077564,7.1707
2017,4,"2017-T4","Preta","Superior incompleto ou equivalente",662366.71683468,16954790.0077564,3.9067
2018,1,"2018-T1","Amarela","Superior completo",332578.45679833,1047673.32497674,31.7445
2018,1,"2018-T1","Amarela","Medio completo ou equivalente",248733.87846165,1047673.32497674,23.7415
2018,1,"2018-T1","Amarela","Fundamental incompleto ou equivalente",240728.10236451,1047673.32497674,22.9774
2018,1,"2018-T1","Amarela","Fundamental completo ou equivalente",78103.63895411,1047673.32497674,7.455
2018,1,"2018-T1","Amarela","Superior incompleto ou equivalente",59455.39118534,1047673.32497674,5.675
2018,1,"2018-T1","Amarela","Sem instrucao e menos de 1 ano de estudo",44572.58548462,1047673.32497674,4.2544
2018,1,"2018-T1","Amarela","Medio incompleto ou equivalente",43501.27172818,1047673.32497674,4.1522
2018,1,"2018-T1","Branca","Fundamental incompleto ou equivalente",26187299.9559533,81373413.8432538,32.1816
2018,1,"2018-T1","Branca","Medio completo ou equivalente",20077155.2600115,81373413.8432538,24.6729
2018,1,"2018-T1","Branca","Superior completo",14404649.9346865,81373413.8432538,17.7019
2018,1,"2018-T1","Branca","Fundamental completo ou equivalente",6347032.88407748,81373413.8432538,7.7999
2018,1,"2018-T1","Branca","Medio incompleto ou equivalente",4950033.30568147,81373413.8432538,6.0831
2018,1,"2018-T1","Branca","Superior incompleto ou equivalente",4717026.82182764,81373413.8432538,5.7968
2018,1,"2018-T1","Branca","Sem instrucao e menos de 1 ano de estudo",4690215.68101582,81373413.8432538,5.7638
2018,1,"2018-T1","Ignorado","Superior completo",8316.98515831,22637.43039195,36.74
2018,1,"2018-T1","Ignorado","Fundamental incompleto ou equivalente",4392.68821304,22637.43039195,19.4045
2018,1,"2018-T1","Ignorado","Medio completo ou equivalente",3689.28492335,22637.43039195,16.2973
2018,1,"2018-T1","Ignorado","Superior incompleto ou equivalente",2477.07241775,22637.43039195,10.9424
2018,1,"2018-T1","Ignorado","Medio incompleto ou equivalente",2062.00403085,22637.43039195,9.1088
2018,1,"2018-T1","Ignorado","Sem instrucao e menos de 1 ano de estudo",1699.39564865,22637.43039195,7.507
2018,1,"2018-T1","Indigena","Fundamental incompleto ou equivalente",200306.59921467,486791.9084378,41.1483
2018,1,"2018-T1","Indigena","Medio completo ou equivalente",105949.46393775,486791.9084378,21.7648
2018,1,"2018-T1","Indigena","Sem instrucao e menos de 1 ano de estudo",49125.21854178,486791.9084378,10.0916
2018,1,"2018-T1","Indigena","Fundamental completo ou equivalente",42555.29039219,486791.9084378,8.742
2018,1,"2018-T1","Indigena","Medio incompleto ou equivalente",37963.80238293,486791.9084378,7.7988
2018,1,"2018-T1","Indigena","Superior completo",33597.54348843,486791.9084378,6.9018
2018,1,"2018-T1","Indigena","Superior incompleto ou equivalente",17293.99048005,486791.9084378,3.5526
2018,1,"2018-T1","Parda","Fundamental incompleto ou equivalente",37082837.1884559,90885079.380628,40.8019
2018,1,"2018-T1","Parda","Medio completo ou equivalente",21593716.1544703,90885079.380628,23.7594
2018,1,"2018-T1","Parda","Sem instrucao e menos de 1 ano de estudo",8006122.10380822,90885079.380628,8.8091
2018,1,"2018-T1","Parda","Fundamental completo ou equivalente",7682823.34481563,90885079.380628,8.4533
2018,1,"2018-T1","Parda","Medio incompleto ou equivalente",7080849.48103821,90885079.380628,7.791
2018,1,"2018-T1","Parda","Superior completo",6101226.28912416,90885079.380628,6.7131
2018,1,"2018-T1","Parda","Superior incompleto ou equivalente",3337504.81891563,90885079.380628,3.6722
2018,1,"2018-T1","Preta","Fundamental incompleto ou equivalente",6400752.49669748,16909320.1125062,37.8534
2018,1,"2018-T1","Preta","Medio completo ou equivalente",4531320.02875244,16909320.1125062,26.7978
2018,1,"2018-T1","Preta","Fundamental completo ou equivalente",1450468.75685097,16909320.1125062,8.5779
2018,1,"2018-T1","Preta","Sem instrucao e menos de 1 ano de estudo",1355188.62537648,16909320.1125062,8.0144
2018,1,"2018-T1","Preta","Medio incompleto ou equivalente",1308273.41970281,16909320.1125062,7.737
2018,1,"2018-T1","Preta","Superior completo",1198308.60027066,16909320.1125062,7.0867
2018,1,"2018-T1","Preta","Superior incompleto ou equivalente",665008.18485535,16909320.1125062,3.9328
2018,2,"2018-T2","Amarela","Fundamental incompleto ou equivalente",380327.38007341,1396633.2884378,27.2317
2018,2,"2018-T2","Amarela","Superior completo",371826.78589079,1396633.2884378,26.6231
2018,2,"2018-T2","Amarela","Medio completo ou equivalente",320749.41539886,1396633.2884378,22.9659
2018,2,"2018-T2","Amarela","Fundamental completo ou equivalente",89203.38372221,1396633.2884378,6.387
2018,2,"2018-T2","Amarela","Superior incompleto ou equivalente",88972.50834949,1396633.2884378,6.3705
2018,2,"2018-T2","Amarela","Sem instrucao e menos de 1 ano de estudo",75533.19556714,1396633.2884378,5.4082
2018,2,"2018-T2","Amarela","Medio incompleto ou equivalente",70020.6194359,1396633.2884378,5.0135
2018,2,"2018-T2","Branca","Fundamental incompleto ou equivalente",26041869.566055,81464426.6614886,31.9672
2018,2,"2018-T2","Branca","Medio completo ou equivalente",20035605.5331228,81464426.6614886,24.5943
2018,2,"2018-T2","Branca","Superior completo",14429951.1757132,81464426.6614886,17.7132
2018,2,"2018-T2","Branca","Fundamental completo ou equivalente",6262271.03926575,81464426.6614886,7.6871
2018,2,"2018-T2","Branca","Medio incompleto ou equivalente",4968058.27614399,81464426.6614886,6.0984
2018,2,"2018-T2","Branca","Sem instrucao e menos de 1 ano de estudo",4865859.4114532,81464426.6614886,5.973
2018,2,"2018-T2","Branca","Superior incompleto ou equivalente",4860811.6597346,81464426.6614886,5.9668
2018,2,"2018-T2","Ignorado","Fundamental incompleto ou equivalente",8343.01979078,15508.27084969,53.7972
2018,2,"2018-T2","Ignorado","Superior completo",2305.27527446,15508.27084969,14.8648
2018,2,"2018-T2","Ignorado","Sem instrucao e menos de 1 ano de estudo",1861.9366148,15508.27084969,12.0061
2018,2,"2018-T2","Ignorado","Fundamental completo ou equivalente",1396.76945709,15508.27084969,9.0066
2018,2,"2018-T2","Ignorado","Medio completo ou equivalente",1237.44260053,15508.27084969,7.9792
2018,2,"2018-T2","Ignorado","Medio incompleto ou equivalente",363.82711203,15508.27084969,2.346
2018,2,"2018-T2","Indigena","Fundamental incompleto ou equivalente",254521.62110069,662801.77578294,38.4009
2018,2,"2018-T2","Indigena","Medio completo ou equivalente",156693.46120412,662801.77578294,23.6411
2018,2,"2018-T2","Indigena","Sem instrucao e menos de 1 ano de estudo",59707.99991153,662801.77578294,9.0084
2018,2,"2018-T2","Indigena","Fundamental completo ou equivalente",59447.15799152,662801.77578294,8.9691
2018,2,"2018-T2","Indigena","Medio incompleto ou equivalente",53331.10834629,662801.77578294,8.0463
2018,2,"2018-T2","Indigena","Superior completo",51636.93675805,662801.77578294,7.7907
2018,2,"2018-T2","Indigena","Superior incompleto ou equivalente",27463.49047074,662801.77578294,4.1435
2018,2,"2018-T2","Parda","Fundamental incompleto ou equivalente",36913861.1974591,90334568.612204,40.8635
2018,2,"2018-T2","Parda","Medio completo ou equivalente",21064397.5782539,90334568.612204,23.3182
2018,2,"2018-T2","Parda","Sem instrucao e menos de 1 ano de estudo",8178974.587046,90334568.612204,9.0541
2018,2,"2018-T2","Parda","Fundamental completo ou equivalente",7545668.06430344,90334568.612204,8.353
2018,2,"2018-T2","Parda","Medio incompleto ou equivalente",7167056.12082608,90334568.612204,7.9339
2018,2,"2018-T2","Parda","Superior completo",6091297.37700266,90334568.612204,6.743
2018,2,"2018-T2","Parda","Superior incompleto ou equivalente",3373313.68731282,90334568.612204,3.7342
2018,2,"2018-T2","Preta","Fundamental incompleto ou equivalente",6402395.99961044,17155586.3914605,37.3196
2018,2,"2018-T2","Preta","Medio completo ou equivalente",4576171.6910733,17155586.3914605,26.6745
2018,2,"2018-T2","Preta","Fundamental completo ou equivalente",1458204.4343774,17155586.3914605,8.4999
2018,2,"2018-T2","Preta","Sem instrucao e menos de 1 ano de estudo",1399714.01216482,17155586.3914605,8.1589
2018,2,"2018-T2","Preta","Medio incompleto ou equivalente",1338598.98939783,17155586.3914605,7.8027
2018,2,"2018-T2","Preta","Superior completo",1302904.32915357,17155586.3914605,7.5946
2018,2,"2018-T2","Preta","Superior incompleto ou equivalente",677596.93568311,17155586.3914605,3.9497
2018,3,"2018-T3","Amarela","Fundamental incompleto ou equivalente",355221.14408982,1345941.88233615,26.392
2018,3,"2018-T3","Amarela","Superior completo",350214.08351425,1345941.88233615,26.02
2018,3,"2018-T3","Amarela","Medio completo ou equivalente",327236.63045981,1345941.88233615,24.3128
2018,3,"2018-T3","Amarela","Medio incompleto ou equivalente",80798.24798029,1345941.88233615,6.0031
2018,3,"2018-T3","Amarela","Superior incompleto ou equivalente",80122.6914887,1345941.88233615,5.9529
2018,3,"2018-T3","Amarela","Sem instrucao e menos de 1 ano de estudo",76972.6050653,1345941.88233615,5.7189
2018,3,"2018-T3","Amarela","Fundamental completo ou equivalente",75376.47973798,1345941.88233615,5.6003
2018,3,"2018-T3","Branca","Fundamental incompleto ou equivalente",25973245.4762151,81757392.3720909,31.7687
2018,3,"2018-T3","Branca","Medio completo ou equivalente",20179420.8845289,81757392.3720909,24.6821
2018,3,"2018-T3","Branca","Superior completo",14663278.9948585,81757392.3720909,17.9351
2018,3,"2018-T3","Branca","Fundamental completo ou equivalente",6175457.58948397,81757392.3720909,7.5534
2018,3,"2018-T3","Branca","Medio incompleto ou equivalente",5024129.3393175,81757392.3720909,6.1452
2018,3,"2018-T3","Branca","Sem instrucao e menos de 1 ano de estudo",4953928.18092342,81757392.3720909,6.0593
2018,3,"2018-T3","Branca","Superior incompleto ou equivalente",4787931.9067635,81757392.3720909,5.8563
2018,3,"2018-T3","Ignorado","Medio completo ou equivalente",1090.21342009,1839.26173286,59.2745
2018,3,"2018-T3","Ignorado","Fundamental incompleto ou equivalente",463.1773089,1839.26173286,25.1828
2018,3,"2018-T3","Ignorado","Fundamental completo ou equivalente",154.70614042,1839.26173286,8.4113
2018,3,"2018-T3","Ignorado","Medio incompleto ou equivalente",131.16486345,1839.26173286,7.1314
2018,3,"2018-T3","Indigena","Fundamental incompleto ou equivalente",281588.80613946,700590.19563244,40.1931
2018,3,"2018-T3","Indigena","Medio completo ou equivalente",163811.54800852,700590.19563244,23.3819
2018,3,"2018-T3","Indigena","Sem instrucao e menos de 1 ano de estudo",65528.06690611,700590.19563244,9.3533
2018,3,"2018-T3","Indigena","Medio incompleto ou equivalente",59806.18045384,700590.19563244,8.5365
2018,3,"2018-T3","Indigena","Superior completo",51384.56986914,700590.19563244,7.3345
2018,3,"2018-T3","Indigena","Fundamental completo ou equivalente",51068.00342049,700590.19563244,7.2893
2018,3,"2018-T3","Indigena","Superior incompleto ou equivalente",27403.02083488,700590.19563244,3.9114
2018,3,"2018-T3","Parda","Fundamental incompleto ou equivalente",36707669.7218895,90325910.6583105,40.6391
2018,3,"2018-T3","Parda","Medio completo ou equivalente",21106107.080044,90325910.6583105,23.3666
2018,3,"2018-T3","Parda","Sem instrucao e menos de 1 ano de estudo",8204430.6563532,90325910.6583105,9.0831
2018,3,"2018-T3","Parda","Fundamental completo ou equivalente",7512446.87594039,90325910.6583105,8.317
2018,3,"2018-T3","Parda","Medio incompleto ou equivalente",7146931.02018752,90325910.6583105,7.9124
2018,3,"2018-T3","Parda","Superior completo",6236822.09618614,90325910.6583105,6.9048
2018,3,"2018-T3","Parda","Superior incompleto ou equivalente",3411503.20770972,90325910.6583105,3.7769
2018,3,"2018-T3","Preta","Fundamental incompleto ou equivalente",6426595.0680421,17216365.6300695,37.3284
2018,3,"2018-T3","Preta","Medio completo ou equivalente",4564383.02994495,17216365.6300695,26.5119
2018,3,"2018-T3","Preta","Fundamental completo ou equivalente",1459765.26959874,17216365.6300695,8.4789
2018,3,"2018-T3","Preta","Superior completo",1370052.61923843,17216365.6300695,7.9579
2018,3,"2018-T3","Preta","Sem instrucao e menos de 1 ano de estudo",1361185.10109784,17216365.6300695,7.9063
2018,3,"2018-T3","Preta","Medio incompleto ou equivalente",1333595.59778846,17216365.6300695,7.7461
2018,3,"2018-T3","Preta","Superior incompleto ou equivalente",700788.94435895,17216365.6300695,4.0705
2018,4,"2018-T4","Amarela","Superior completo",361769.04118669,1317730.27440633,27.454
2018,4,"2018-T4","Amarela","Fundamental incompleto ou equivalente",345163.00337609,1317730.27440633,26.1938
2018,4,"2018-T4","Amarela","Medio completo ou equivalente",332338.37834046,1317730.27440633,25.2205
2018,4,"2018-T4","Amarela","Fundamental completo ou equivalente",81190.8429631,1317730.27440633,6.1614
2018,4,"2018-T4","Amarela","Superior incompleto ou equivalente",77008.30206144,1317730.27440633,5.844
2018,4,"2018-T4","Amarela","Sem instrucao e menos de 1 ano de estudo",62815.34256965,1317730.27440633,4.7669
2018,4,"2018-T4","Amarela","Medio incompleto ou equivalente",57445.3639089,1317730.27440633,4.3594
2018,4,"2018-T4","Branca","Fundamental incompleto ou equivalente",25665841.1209065,81241891.6114767,31.5919
2018,4,"2018-T4","Branca","Medio completo ou equivalente",20115695.0716369,81241891.6114767,24.7602
2018,4,"2018-T4","Branca","Superior completo",14788714.6960295,81241891.6114767,18.2033
2018,4,"2018-T4","Branca","Fundamental completo ou equivalente",6093810.79739648,81241891.6114767,7.5008
2018,4,"2018-T4","Branca","Sem instrucao e menos de 1 ano de estudo",4926129.75221427,81241891.6114767,6.0635
2018,4,"2018-T4","Branca","Medio incompleto ou equivalente",4894960.83848952,81241891.6114767,6.0252
2018,4,"2018-T4","Branca","Superior incompleto ou equivalente",4756739.33480345,81241891.6114767,5.855
2018,4,"2018-T4","Ignorado","Fundamental incompleto ou equivalente",378.82429372,688.90848449,54.9891
2018,4,"2018-T4","Ignorado","Medio completo ou equivalente",220.3921383,688.90848449,31.9915
2018,4,"2018-T4","Ignorado","Sem instrucao e menos de 1 ano de estudo",89.69205247,688.90848449,13.0194
2018,4,"2018-T4","Indigena","Fundamental incompleto ou equivalente",275286.73515321,715059.03488494,38.4985
2018,4,"2018-T4","Indigena","Medio completo ou equivalente",157246.02824733,715059.03488494,21.9906
2018,4,"2018-T4","Indigena","Fundamental completo ou equivalente",70730.01712835,715059.03488494,9.8915
2018,4,"2018-T4","Indigena","Sem instrucao e menos de 1 ano de estudo",70596.83740465,715059.03488494,9.8729
2018,4,"2018-T4","Indigena","Medio incompleto ou equivalente",59477.76628593,715059.03488494,8.3179
2018,4,"2018-T4","Indigena","Superior completo",56499.10222639,715059.03488494,7.9013
2018,4,"2018-T4","Indigena","Superior incompleto ou equivalente",25222.54843908,715059.03488494,3.5273
2018,4,"2018-T4","Parda","Fundamental incompleto ou equivalente",36463846.1958798,90260658.3770518,40.3984
2018,4,"2018-T4","Parda","Medio completo ou equivalente",21303787.4163816,90260658.3770518,23.6025
2018,4,"2018-T4","Parda","Sem instrucao e menos de 1 ano de estudo",8232190.50266167,90260658.3770518,9.1205
2018,4,"2018-T4","Parda","Fundamental completo ou equivalente",7335638.97685073,90260658.3770518,8.1272
2018,4,"2018-T4","Parda","Medio incompleto ou equivalente",7020885.79038758,90260658.3770518,7.7785
2018,4,"2018-T4","Parda","Superior completo",6579581.92564754,90260658.3770518,7.2895
2018,4,"2018-T4","Parda","Superior incompleto ou equivalente",3324727.56924288,90260658.3770518,3.6835
2018,4,"2018-T4","Preta","Fundamental incompleto ou equivalente",6700113.82636681,18134288.7939272,36.9472
2018,4,"2018-T4","Preta","Medio completo ou equivalente",4848862.76220428,18134288.7939272,26.7386
2018,4,"2018-T4","Preta","Sem instrucao e menos de 1 ano de estudo",1483050.31145358,18134288.7939272,8.1782
2018,4,"2018-T4","Preta","Fundamental completo ou equivalente",1479070.50725697,18134288.7939272,8.1562
2018,4,"2018-T4","Preta","Superior completo",1466448.37601872,18134288.7939272,8.0866
2018,4,"2018-T4","Preta","Medio incompleto ou equivalente",1427679.34671439,18134288.7939272,7.8728
2018,4,"2018-T4","Preta","Superior incompleto ou equivalente",729063.66391246,18134288.7939272,4.0204
2019,1,"2019-T1","Amarela","Superior completo",370368.31562838,1257502.07234168,29.4527
2019,1,"2019-T1","Amarela","Fundamental incompleto ou equivalente",323464.37804626,1257502.07234168,25.7228
2019,1,"2019-T1","Amarela","Medio completo ou equivalente",292703.42120464,1257502.07234168,23.2766
2019,1,"2019-T1","Amarela","Fundamental completo ou equivalente",76047.6839241,1257502.07234168,6.0475
2019,1,"2019-T1","Amarela","Superior incompleto ou equivalente",72520.25298331,1257502.07234168,5.767
2019,1,"2019-T1","Amarela","Medio incompleto ou equivalente",66410.17680324,1257502.07234168,5.2811
2019,1,"2019-T1","Amarela","Sem instrucao e menos de 1 ano de estudo",55987.84375175,1257502.07234168,4.4523
2019,1,"2019-T1","Branca","Fundamental incompleto ou equivalente",25388737.0498856,81267297.7887668,31.241
2019,1,"2019-T1","Branca","Medio completo ou equivalente",20401211.3465234,81267297.7887668,25.1038
2019,1,"2019-T1","Branca","Superior completo",15166430.8466562,81267297.7887668,18.6624
2019,1,"2019-T1","Branca","Fundamental completo ou equivalente",6224947.9878716,81267297.7887668,7.6598
2019,1,"2019-T1","Branca","Medio incompleto ou equivalente",4946330.37132796,81267297.7887668,6.0865
2019,1,"2019-T1","Branca","Superior incompleto ou equivalente",4836690.77955982,81267297.7887668,5.9516
2019,1,"2019-T1","Branca","Sem instrucao e menos de 1 ano de estudo",4302949.40694223,81267297.7887668,5.2948
2019,1,"2019-T1","Ignorado","Fundamental incompleto ou equivalente",3933.05217455,8162.20194972,48.1862
2019,1,"2019-T1","Ignorado","Superior completo",2279.51507562,8162.20194972,27.9277
2019,1,"2019-T1","Ignorado","Medio completo ou equivalente",1331.75477688,8162.20194972,16.3161
2019,1,"2019-T1","Ignorado","Sem instrucao e menos de 1 ano de estudo",502.47204621,8162.20194972,6.1561
2019,1,"2019-T1","Ignorado","Fundamental completo ou equivalente",115.40787646,8162.20194972,1.4139
2019,1,"2019-T1","Indigena","Fundamental incompleto ou equivalente",252861.31817304,661368.63789242,38.233
2019,1,"2019-T1","Indigena","Medio completo ou equivalente",154224.67764265,661368.63789242,23.319
2019,1,"2019-T1","Indigena","Fundamental completo ou equivalente",61615.66131655,661368.63789242,9.3164
2019,1,"2019-T1","Indigena","Sem instrucao e menos de 1 ano de estudo",60018.43911467,661368.63789242,9.0749
2019,1,"2019-T1","Indigena","Medio incompleto ou equivalente",56525.58859207,661368.63789242,8.5468
2019,1,"2019-T1","Indigena","Superior completo",50487.09423446,661368.63789242,7.6337
2019,1,"2019-T1","Indigena","Superior incompleto ou equivalente",25635.85881898,661368.63789242,3.8762
2019,1,"2019-T1","Parda","Fundamental incompleto ou equivalente",36131149.4532018,90652504.3628845,39.8568
2019,1,"2019-T1","Parda","Medio completo ou equivalente",21992476.0859633,90652504.3628845,24.2602
2019,1,"2019-T1","Parda","Sem instrucao e menos de 1 ano de estudo",7748545.7620426,90652504.3628845,8.5475
2019,1,"2019-T1","Parda","Fundamental completo ou equivalente",7502285.88713039,90652504.3628845,8.2759
2019,1,"2019-T1","Parda","Medio incompleto ou equivalente",7123713.32092898,90652504.3628845,7.8583
2019,1,"2019-T1","Parda","Superior completo",6736944.38388492,90652504.3628845,7.4316
2019,1,"2019-T1","Parda","Superior incompleto ou equivalente",3417389.46973251,90652504.3628845,3.7698
2019,1,"2019-T1","Preta","Fundamental incompleto ou equivalente",6626087.21483482,18142057.9363466,36.5233
2019,1,"2019-T1","Preta","Medio completo ou equivalente",4906315.68588394,18142057.9363466,27.0439
2019,1,"2019-T1","Preta","Fundamental completo ou equivalente",1520553.51834109,18142057.9363466,8.3814
2019,1,"2019-T1","Preta","Superior completo",1514138.82079923,18142057.9363466,8.346
2019,1,"2019-T1","Preta","Medio incompleto ou equivalente",1430800.91367781,18142057.9363466,7.8867
2019,1,"2019-T1","Preta","Sem instrucao e menos de 1 ano de estudo",1391124.25551752,18142057.9363466,7.668
2019,1,"2019-T1","Preta","Superior incompleto ou equivalente",753037.52729221,18142057.9363466,4.1508
2019,2,"2019-T2","Amarela","Superior completo",344998.52370244,1241445.15190499,27.7901
2019,2,"2019-T2","Amarela","Medio completo ou equivalente",311450.394161,1241445.15190499,25.0877
2019,2,"2019-T2","Amarela","Fundamental incompleto ou equivalente",282335.14777356,1241445.15190499,22.7425
2019,2,"2019-T2","Amarela","Superior incompleto ou equivalente",86537.09004928,1241445.15190499,6.9707
2019,2,"2019-T2","Amarela","Fundamental completo ou equivalente",82053.99457924,1241445.15190499,6.6096
2019,2,"2019-T2","Amarela","Medio incompleto ou equivalente",75245.18575778,1241445.15190499,6.0611
2019,2,"2019-T2","Amarela","Sem instrucao e menos de 1 ano de estudo",58824.81588169,1241445.15190499,4.7384
2019,2,"2019-T2","Branca","Fundamental incompleto ou equivalente",25386625.904336,81443884.2133776,31.1707
2019,2,"2019-T2","Branca","Medio completo ou equivalente",20374641.6222413,81443884.2133776,25.0168
2019,2,"2019-T2","Branca","Superior completo",15100994.1842372,81443884.2133776,18.5416
2019,2,"2019-T2","Branca","Fundamental completo ou equivalente",6212762.09358141,81443884.2133776,7.6283
2019,2,"2019-T2","Branca","Superior incompleto ou equivalente",4932564.37944566,81443884.2133776,6.0564
2019,2,"2019-T2","Branca","Medio incompleto ou equivalente",4864252.63768421,81443884.2133776,5.9725
2019,2,"2019-T2","Branca","Sem instrucao e menos de 1 ano de estudo",4572043.39185175,81443884.2133776,5.6137
2019,2,"2019-T2","Ignorado","Superior completo",3941.15943006,12475.62163933,31.5909
2019,2,"2019-T2","Ignorado","Medio completo ou equivalente",3750.71542063,12475.62163933,30.0644
2019,2,"2019-T2","Ignorado","Fundamental incompleto ou equivalente",2769.33375796,12475.62163933,22.198
2019,2,"2019-T2","Ignorado","Sem instrucao e menos de 1 ano de estudo",1258.28535432,12475.62163933,10.086
2019,2,"2019-T2","Ignorado","Medio incompleto ou equivalente",312.17413834,12475.62163933,2.5023
2019,2,"2019-T2","Ignorado","Fundamental completo ou equivalente",308.56857309,12475.62163933,2.4734
2019,2,"2019-T2","Ignorado","Superior incompleto ou equivalente",135.38496493,12475.62163933,1.0852
2019,2,"2019-T2","Indigena","Fundamental incompleto ou equivalente",312822.12990375,768969.45998067,40.6807
2019,2,"2019-T2","Indigena","Medio completo ou equivalente",174851.78212462,768969.45998067,22.7385
2019,2,"2019-T2","Indigena","Fundamental completo ou equivalente",68574.35734578,768969.45998067,8.9177
2019,2,"2019-T2","Indigena","Medio incompleto ou equivalente",68289.06269941,768969.45998067,8.8806
2019,2,"2019-T2","Indigena","Sem instrucao e menos de 1 ano de estudo",61815.67486265,768969.45998067,8.0388
2019,2,"2019-T2","Indigena","Superior completo",57210.92868858,768969.45998067,7.4399
2019,2,"2019-T2","Indigena","Superior incompleto ou equivalente",25405.52435588,768969.45998067,3.3038
2019,2,"2019-T2","Parda","Fundamental incompleto ou equivalente",36175936.0526609,90687575.3318324,39.8907
2019,2,"2019-T2","Parda","Medio completo ou equivalente",21772846.7684123,90687575.3318324,24.0086
2019,2,"2019-T2","Parda","Sem instrucao e menos de 1 ano de estudo",7889946.49342933,90687575.3318324,8.7001
2019,2,"2019-T2","Parda","Fundamental completo ou equivalente",7469046.35938521,90687575.3318324,8.236
2019,2,"2019-T2","Parda","Medio incompleto ou equivalente",7186591.69275272,90687575.3318324,7.9246
2019,2,"2019-T2","Parda","Superior completo",6794874.14023348,90687575.3318324,7.4926
2019,2,"2019-T2","Parda","Superior incompleto ou equivalente",3398333.82495844,90687575.3318324,3.7473
2019,2,"2019-T2","Preta","Fundamental incompleto ou equivalente",6703223.48255937,18139237.2215828,36.9543
2019,2,"2019-T2","Preta","Medio completo ou equivalente",4908127.80535042,18139237.2215828,27.0581
2019,2,"2019-T2","Preta","Superior completo",1461565.2378212,18139237.2215828,8.0575
2019,2,"2019-T2","Preta","Fundamental completo ou equivalente",1457230.03467558,18139237.2215828,8.0336
2019,2,"2019-T2","Preta","Medio incompleto ou equivalente",1432339.00633453,18139237.2215828,7.8964
2019,2,"2019-T2","Preta","Sem instrucao e menos de 1 ano de estudo",1400868.78334842,18139237.2215828,7.7229
2019,2,"2019-T2","Preta","Superior incompleto ou equivalente",775882.87149328,18139237.2215828,4.2774
2019,3,"2019-T3","Amarela","Superior completo",333842.99778731,1176505.75783236,28.3758
2019,3,"2019-T3","Amarela","Medio completo ou equivalente",309615.46460206,1176505.75783236,26.3165
2019,3,"2019-T3","Amarela","Fundamental incompleto ou equivalente",269187.2885103,1176505.75783236,22.8802
2019,3,"2019-T3","Amarela","Superior incompleto ou equivalente",78884.62391773,1176505.75783236,6.705
2019,3,"2019-T3","Amarela","Fundamental completo ou equivalente",76790.01962404,1176505.75783236,6.527
2019,3,"2019-T3","Amarela","Medio incompleto ou equivalente",54611.09091906,1176505.75783236,4.6418
2019,3,"2019-T3","Amarela","Sem instrucao e menos de 1 ano de estudo",53574.27247186,1176505.75783236,4.5537
2019,3,"2019-T3","Branca","Fundamental incompleto ou equivalente",25489750.6439597,81566781.8989263,31.2502
2019,3,"2019-T3","Branca","Medio completo ou equivalente",20221425.3303646,81566781.8989263,24.7913
2019,3,"2019-T3","Branca","Superior completo",15147194.2002183,81566781.8989263,18.5703
2019,3,"2019-T3","Branca","Fundamental completo ou equivalente",6162059.80688831,81566781.8989263,7.5546
2019,3,"2019-T3","Branca","Medio incompleto ou equivalente",4973479.78725612,81566781.8989263,6.0974
2019,3,"2019-T3","Branca","Sem instrucao e menos de 1 ano de estudo",4858382.81184774,81566781.8989263,5.9563
2019,3,"2019-T3","Branca","Superior incompleto ou equivalente",4714489.31839142,81566781.8989263,5.7799
2019,3,"2019-T3","Ignorado","Superior completo",8701.12287986,19942.41870398,43.6312
2019,3,"2019-T3","Ignorado","Fundamental incompleto ou equivalente",3760.60713553,19942.41870398,18.8573
2019,3,"2019-T3","Ignorado","Medio completo ou equivalente",3018.58953797,19942.41870398,15.1365
2019,3,"2019-T3","Ignorado","Sem instrucao e menos de 1 ano de estudo",2091.48395254,19942.41870398,10.4876
2019,3,"2019-T3","Ignorado","Medio incompleto ou equivalente",1200.41235926,19942.41870398,6.0194
2019,3,"2019-T3","Ignorado","Fundamental completo ou equivalente",605.22902665,19942.41870398,3.0349
2019,3,"2019-T3","Ignorado","Superior incompleto ou equivalente",564.97381217,19942.41870398,2.833
2019,3,"2019-T3","Indigena","Fundamental incompleto ou equivalente",272513.76577542,692871.86358547,39.331
2019,3,"2019-T3","Indigena","Medio completo ou equivalente",156807.36432611,692871.86358547,22.6315
2019,3,"2019-T3","Indigena","Fundamental completo ou equivalente",67592.50515298,692871.86358547,9.7554
2019,3,"2019-T3","Indigena","Superior completo",66219.62358467,692871.86358547,9.5573
2019,3,"2019-T3","Indigena","Sem instrucao e menos de 1 ano de estudo",59054.58398104,692871.86358547,8.5232
2019,3,"2019-T3","Indigena","Medio incompleto ou equivalente",48798.87855541,692871.86358547,7.043
2019,3,"2019-T3","Indigena","Superior incompleto ou equivalente",21885.14220984,692871.86358547,3.1586
2019,3,"2019-T3","Parda","Fundamental incompleto ou equivalente",36216217.7391102,91357340.4733933,39.6424
2019,3,"2019-T3","Parda","Medio completo ou equivalente",22039037.9269825,91357340.4733933,24.124
2019,3,"2019-T3","Parda","Sem instrucao e menos de 1 ano de estudo",8122707.3578011,91357340.4733933,8.8911
2019,3,"2019-T3","Parda","Fundamental completo ou equivalente",7352528.54089571,91357340.4733933,8.0481
2019,3,"2019-T3","Parda","Medio incompleto ou equivalente",7298642.25729674,91357340.4733933,7.9891
2019,3,"2019-T3","Parda","Superior completo",6951059.72964804,91357340.4733933,7.6086
2019,3,"2019-T3","Parda","Superior incompleto ou equivalente",3377146.92165904,91357340.4733933,3.6966
2019,3,"2019-T3","Preta","Fundamental incompleto ou equivalente",6440460.54325359,17809431.5881279,36.1632
2019,3,"2019-T3","Preta","Medio completo ou equivalente",4846396.0473584,17809431.5881279,27.2125
2019,3,"2019-T3","Preta","Sem instrucao e menos de 1 ano de estudo",1450424.72583615,17809431.5881279,8.1441
2019,3,"2019-T3","Preta","Superior completo",1440285.87139013,17809431.5881279,8.0872
2019,3,"2019-T3","Preta","Medio incompleto ou equivalente",1437844.06129021,17809431.5881279,8.0735
2019,3,"2019-T3","Preta","Fundamental completo ou equivalente",1429640.44480376,17809431.5881279,8.0274
2019,3,"2019-T3","Preta","Superior incompleto ou equivalente",764379.89419562,17809431.5881279,4.292
2019,4,"2019-T4","Amarela","Superior completo",354946.41538296,1243733.7752099,28.5388
2019,4,"2019-T4","Amarela","Medio completo ou equivalente",328958.20814902,1243733.7752099,26.4492
2019,4,"2019-T4","Amarela","Fundamental incompleto ou equivalente",276145.60708723,1243733.7752099,22.203
2019,4,"2019-T4","Amarela","Superior incompleto ou equivalente",85211.41906756,1243733.7752099,6.8513
2019,4,"2019-T4","Amarela","Fundamental completo ou equivalente",71898.52146888,1243733.7752099,5.7809
2019,4,"2019-T4","Amarela","Medio incompleto ou equivalente",69938.43715309,1243733.7752099,5.6233
2019,4,"2019-T4","Amarela","Sem instrucao e menos de 1 ano de estudo",56635.16690116,1243733.7752099,4.5536
2019,4,"2019-T4","Branca","Fundamental incompleto ou equivalente",24772762.0163968,80447083.5091822,30.7939
2019,4,"2019-T4","Branca","Medio completo ou equivalente",20155008.2099643,80447083.5091822,25.0537
2019,4,"2019-T4","Branca","Superior completo",15230431.2328115,80447083.5091822,18.9322
2019,4,"2019-T4","Branca","Fundamental completo ou equivalente",6012219.85315815,80447083.5091822,7.4735
2019,4,"2019-T4","Branca","Sem instrucao e menos de 1 ano de estudo",4816223.27416714,80447083.5091822,5.9868
2019,4,"2019-T4","Branca","Medio incompleto ou equivalente",4797742.31866612,80447083.5091822,5.9638
2019,4,"2019-T4","Branca","Superior incompleto ou equivalente",4662696.60401827,80447083.5091822,5.796
2019,4,"2019-T4","Ignorado","Superior completo",8256.4359664,31695.38385176,26.0493
2019,4,"2019-T4","Ignorado","Medio completo ou equivalente",8106.50570799,31695.38385176,25.5763
2019,4,"2019-T4","Ignorado","Fundamental incompleto ou equivalente",7840.99575165,31695.38385176,24.7386
2019,4,"2019-T4","Ignorado","Superior incompleto ou equivalente",3146.2725171,31695.38385176,9.9266
2019,4,"2019-T4","Ignorado","Fundamental completo ou equivalente",2143.22135473,31695.38385176,6.7619
2019,4,"2019-T4","Ignorado","Medio incompleto ou equivalente",1295.85714165,31695.38385176,4.0885
2019,4,"2019-T4","Ignorado","Sem instrucao e menos de 1 ano de estudo",906.09541224,31695.38385176,2.8588
2019,4,"2019-T4","Indigena","Fundamental incompleto ou equivalente",267337.82359524,694775.51728215,38.4783
2019,4,"2019-T4","Indigena","Medio completo ou equivalente",171292.54883858,694775.51728215,24.6544
2019,4,"2019-T4","Indigena","Medio incompleto ou equivalente",63408.5091684,694775.51728215,9.1265
2019,4,"2019-T4","Indigena","Sem instrucao e menos de 1 ano de estudo",62487.89652029,694775.51728215,8.994
2019,4,"2019-T4","Indigena","Superior completo",52297.10315698,694775.51728215,7.5272
2019,4,"2019-T4","Indigena","Fundamental completo ou equivalente",51622.71571889,694775.51728215,7.4301
2019,4,"2019-T4","Indigena","Superior incompleto ou equivalente",26328.92028377,694775.51728215,3.7896
2019,4,"2019-T4","Parda","Fundamental incompleto ou equivalente",36082018.9069481,91799746.6625151,39.3051
2019,4,"2019-T4","Parda","Medio completo ou equivalente",22337479.3396902,91799746.6625151,24.3328
2019,4,"2019-T4","Parda","Sem instrucao e menos de 1 ano de estudo",8372106.92385656,91799746.6625151,9.12
2019,4,"2019-T4","Parda","Fundamental completo ou equivalente",7344318.29933257,91799746.6625151,8.0004
2019,4,"2019-T4","Parda","Superior completo",7129018.31982442,91799746.6625151,7.7658
2019,4,"2019-T4","Parda","Medio incompleto ou equivalente",7098154.555226,91799746.6625151,7.7322
2019,4,"2019-T4","Parda","Superior incompleto ou equivalente",3436650.31763732,91799746.6625151,3.7436
2019,4,"2019-T4","Preta","Fundamental incompleto ou equivalente",6746951.84766488,18750324.152605,35.9831
2019,4,"2019-T4","Preta","Medio completo ou equivalente",5226234.23828195,18750324.152605,27.8728
2019,4,"2019-T4","Preta","Fundamental completo ou equivalente",1524779.66672062,18750324.152605,8.132
2019,4,"2019-T4","Preta","Sem instrucao e menos de 1 ano de estudo",1512773.18008929,18750324.152605,8.068
2019,4,"2019-T4","Preta","Superior completo",1496933.56856806,18750324.152605,7.9835
2019,4,"2019-T4","Preta","Medio incompleto ou equivalente",1461223.1784721,18750324.152605,7.7931
2019,4,"2019-T4","Preta","Superior incompleto ou equivalente",781428.47280811,18750324.152605,4.1675
2020,1,"2020-T1","Amarela","Superior completo",346416.90508931,1178891.91447655,29.385
2020,1,"2020-T1","Amarela","Medio completo ou equivalente",284441.8082095,1178891.91447655,24.1279
2020,1,"2020-T1","Amarela","Fundamental incompleto ou equivalente",267654.96053189,1178891.91447655,22.7039
2020,1,"2020-T1","Amarela","Superior incompleto ou equivalente",87480.9845043,1178891.91447655,7.4206
2020,1,"2020-T1","Amarela","Fundamental completo ou equivalente",83041.48983661,1178891.91447655,7.044
2020,1,"2020-T1","Amarela","Medio incompleto ou equivalente",62261.22447965,1178891.91447655,5.2813
2020,1,"2020-T1","Amarela","Sem instrucao e menos de 1 ano de estudo",47594.54182529,1178891.91447655,4.0372
2020,1,"2020-T1","Branca","Fundamental incompleto ou equivalente",24771460.0454532,81481658.0075103,30.4013
2020,1,"2020-T1","Branca","Medio completo ou equivalente",20563148.267338,81481658.0075103,25.2365
2020,1,"2020-T1","Branca","Superior completo",15892890.8058081,81481658.0075103,19.5049
2020,1,"2020-T1","Branca","Fundamental completo ou equivalente",6148090.80912679,81481658.0075103,7.5454
2020,1,"2020-T1","Branca","Superior incompleto ou equivalente",4933238.83039892,81481658.0075103,6.0544
2020,1,"2020-T1","Branca","Medio incompleto ou equivalente",4857288.84376857,81481658.0075103,5.9612
2020,1,"2020-T1","Branca","Sem instrucao e menos de 1 ano de estudo",4315540.40561674,81481658.0075103,5.2963
2020,1,"2020-T1","Ignorado","Medio completo ou equivalente",11072.13526406,35658.51914176,31.0505
2020,1,"2020-T1","Ignorado","Superior completo",10898.06124332,35658.51914176,30.5623
2020,1,"2020-T1","Ignorado","Fundamental incompleto ou equivalente",10449.11920532,35658.51914176,29.3033
2020,1,"2020-T1","Ignorado","Medio incompleto ou equivalente",1184.5569746,35658.51914176,3.3219
2020,1,"2020-T1","Ignorado","Sem instrucao e menos de 1 ano de estudo",1136.58696733,35658.51914176,3.1874
2020,1,"2020-T1","Ignorado","Superior incompleto ou equivalente",712.13793047,35658.51914176,1.9971
2020,1,"2020-T1","Ignorado","Fundamental completo ou equivalente",205.92155666,35658.51914176,0.5775
2020,1,"2020-T1","Indigena","Fundamental incompleto ou equivalente",245389.84926993,654945.80629838,37.4672
2020,1,"2020-T1","Indigena","Medio completo ou equivalente",163181.17003159,654945.80629838,24.9152
2020,1,"2020-T1","Indigena","Superior completo",61945.16410422,654945.80629838,9.4581
2020,1,"2020-T1","Indigena","Sem instrucao e menos de 1 ano de estudo",59017.69818561,654945.80629838,9.0111
2020,1,"2020-T1","Indigena","Medio incompleto ou equivalente",50543.17765455,654945.80629838,7.7172
2020,1,"2020-T1","Indigena","Fundamental completo ou equivalente",49720.10865171,654945.80629838,7.5915
2020,1,"2020-T1","Indigena","Superior incompleto ou equivalente",25148.63840077,654945.80629838,3.8398
2020,1,"2020-T1","Parda","Fundamental incompleto ou equivalente",35652480.6167554,91675002.1285889,38.8901
2020,1,"2020-T1","Parda","Medio completo ou equivalente",23253163.9348926,91675002.1285889,25.3648
2020,1,"2020-T1","Parda","Sem instrucao e menos de 1 ano de estudo",7477691.81305924,91675002.1285889,8.1567
2020,1,"2020-T1","Parda","Fundamental completo ou equivalente",7363498.0874033,91675002.1285889,8.0322
2020,1,"2020-T1","Parda","Superior completo",7236582.18359275,91675002.1285889,7.8937
2020,1,"2020-T1","Parda","Medio incompleto ou equivalente",7134563.24805442,91675002.1285889,7.7825
2020,1,"2020-T1","Parda","Superior incompleto ou equivalente",3557022.24483118,91675002.1285889,3.88
2020,1,"2020-T1","Preta","Fundamental incompleto ou equivalente",6367040.52232835,18282007.6246134,34.8268
2020,1,"2020-T1","Preta","Medio completo ou equivalente",5244299.46482969,18282007.6246134,28.6856
2020,1,"2020-T1","Preta","Superior completo",1532660.74397811,18282007.6246134,8.3834
2020,1,"2020-T1","Preta","Fundamental completo ou equivalente",1475001.07006485,18282007.6246134,8.068
2020,1,"2020-T1","Preta","Medio incompleto ou equivalente",1455031.72899049,18282007.6246134,7.9588
2020,1,"2020-T1","Preta","Sem instrucao e menos de 1 ano de estudo",1368187.10473382,18282007.6246134,7.4838
2020,1,"2020-T1","Preta","Superior incompleto ou equivalente",839786.98968812,18282007.6246134,4.5935
2020,2,"2020-T2","Amarela","Superior completo",367862.59468034,1101874.0030288,33.3852
2020,2,"2020-T2","Amarela","Medio completo ou equivalente",277592.81352028,1101874.0030288,25.1928
2020,2,"2020-T2","Amarela","Fundamental incompleto ou equivalente",236742.87188628,1101874.0030288,21.4855
2020,2,"2020-T2","Amarela","Superior incompleto ou equivalente",70704.6241549,1101874.0030288,6.4168
2020,2,"2020-T2","Amarela","Fundamental completo ou equivalente",65078.15336449,1101874.0030288,5.9061
2020,2,"2020-T2","Amarela","Medio incompleto ou equivalente",45327.61679954,1101874.0030288,4.1137
2020,2,"2020-T2","Amarela","Sem instrucao e menos de 1 ano de estudo",38565.32862297,1101874.0030288,3.5
2020,2,"2020-T2","Branca","Fundamental incompleto ou equivalente",24470534.7993737,83055184.1301257,29.463
2020,2,"2020-T2","Branca","Medio completo ou equivalente",21113436.7225078,83055184.1301257,25.421
2020,2,"2020-T2","Branca","Superior completo",16720915.7540144,83055184.1301257,20.1323
2020,2,"2020-T2","Branca","Fundamental completo ou equivalente",6247736.73185576,83055184.1301257,7.5224
2020,2,"2020-T2","Branca","Superior incompleto ou equivalente",5135646.79860272,83055184.1301257,6.1834
2020,2,"2020-T2","Branca","Medio incompleto ou equivalente",4938105.54901318,83055184.1301257,5.9456
2020,2,"2020-T2","Branca","Sem instrucao e menos de 1 ano de estudo",4428807.77475823,83055184.1301257,5.3324
2020,2,"2020-T2","Ignorado","Superior completo",23980.77578268,70349.63101148,34.088
2020,2,"2020-T2","Ignorado","Medio completo ou equivalente",15773.65753473,70349.63101148,22.4218
2020,2,"2020-T2","Ignorado","Fundamental incompleto ou equivalente",14359.45708177,70349.63101148,20.4116
2020,2,"2020-T2","Ignorado","Sem instrucao e menos de 1 ano de estudo",6610.54913843,70349.63101148,9.3967
2020,2,"2020-T2","Ignorado","Superior incompleto ou equivalente",4822.22058494,70349.63101148,6.8546
2020,2,"2020-T2","Ignorado","Medio incompleto ou equivalente",3713.33142567,70349.63101148,5.2784
2020,2,"2020-T2","Ignorado","Fundamental completo ou equivalente",1089.63946326,70349.63101148,1.5489
2020,2,"2020-T2","Indigena","Fundamental incompleto ou equivalente",228878.23539165,622905.3458473,36.7437
2020,2,"2020-T2","Indigena","Medio completo ou equivalente",147258.91260545,622905.3458473,23.6407
2020,2,"2020-T2","Indigena","Sem instrucao e menos de 1 ano de estudo",66186.52268204,622905.3458473,10.6255
2020,2,"2020-T2","Indigena","Superior completo",59726.19142047,622905.3458473,9.5883
2020,2,"2020-T2","Indigena","Medio incompleto ou equivalente",52120.42379265,622905.3458473,8.3673
2020,2,"2020-T2","Indigena","Fundamental completo ou equivalente",45629.34797382,622905.3458473,7.3252
2020,2,"2020-T2","Indigena","Superior incompleto ou equivalente",23105.71198122,622905.3458473,3.7093
2020,2,"2020-T2","Parda","Fundamental incompleto ou equivalente",35055438.4949959,91469200.8231538,38.3249
2020,2,"2020-T2","Parda","Medio completo ou equivalente",23427611.9606682,91469200.8231538,25.6126
2020,2,"2020-T2","Parda","Superior completo",7534708.36799372,91469200.8231538,8.2374
2020,2,"2020-T2","Parda","Fundamental completo ou equivalente",7375455.19359643,91469200.8231538,8.0633
2020,2,"2020-T2","Parda","Sem instrucao e menos de 1 ano de estudo",7298719.79272252,91469200.8231538,7.9794
2020,2,"2020-T2","Parda","Medio incompleto ou equivalente",7059569.72266685,91469200.8231538,7.718
2020,2,"2020-T2","Parda","Superior incompleto ou equivalente",3717697.29051018,91469200.8231538,4.0644
2020,2,"2020-T2","Preta","Fundamental incompleto ou equivalente",5804463.45159168,17318589.0673253,33.5158
2020,2,"2020-T2","Preta","Medio completo ou equivalente",5140826.79758464,17318589.0673253,29.6839
2020,2,"2020-T2","Preta","Superior completo",1611455.75218534,17318589.0673253,9.3048
2020,2,"2020-T2","Preta","Medio incompleto ou equivalente",1359988.72592662,17318589.0673253,7.8528
2020,2,"2020-T2","Preta","Fundamental completo ou equivalente",1358909.25924754,17318589.0673253,7.8465
2020,2,"2020-T2","Preta","Sem instrucao e menos de 1 ano de estudo",1239473.04172414,17318589.0673253,7.1569
2020,2,"2020-T2","Preta","Superior incompleto ou equivalente",803472.03906539,17318589.0673253,4.6394
2020,3,"2020-T3","Amarela","Superior completo",384238.95593007,1258767.84115768,30.525
2020,3,"2020-T3","Amarela","Medio completo ou equivalente",343597.9800921,1258767.84115768,27.2964
2020,3,"2020-T3","Amarela","Fundamental incompleto ou equivalente",223253.28753588,1258767.84115768,17.7359
2020,3,"2020-T3","Amarela","Superior incompleto ou equivalente",99849.53002293,1258767.84115768,7.9323
2020,3,"2020-T3","Amarela","Fundamental completo ou equivalente",92675.24053492,1258767.84115768,7.3624
2020,3,"2020-T3","Amarela","Sem instrucao e menos de 1 ano de estudo",62771.5437469,1258767.84115768,4.9867
2020,3,"2020-T3","Amarela","Medio incompleto ou equivalente",52381.30329488,1258767.84115768,4.1613
2020,3,"2020-T3","Branca","Fundamental incompleto ou equivalente",24748289.3146095,83804136.1450425,29.5311
2020,3,"2020-T3","Branca","Medio completo ou equivalente",21366008.5148843,83804136.1450425,25.4952
2020,3,"2020-T3","Branca","Superior completo",16750641.5988047,83804136.1450425,19.9878
2020,3,"2020-T3","Branca","Fundamental completo ou equivalente",6188685.81990008,83804136.1450425,7.3847
2020,3,"2020-T3","Branca","Superior incompleto ou equivalente",5110812.03268682,83804136.1450425,6.0985
2020,3,"2020-T3","Branca","Medio incompleto ou equivalente",4889553.5688123,83804136.1450425,5.8345
2020,3,"2020-T3","Branca","Sem instrucao e menos de 1 ano de estudo",4750145.29534489,83804136.1450425,5.6682
2020,3,"2020-T3","Ignorado","Fundamental incompleto ou equivalente",11292.67936316,26907.38204925,41.9687
2020,3,"2020-T3","Ignorado","Superior completo",5537.67211213,26907.38204925,20.5805
2020,3,"2020-T3","Ignorado","Medio completo ou equivalente",4920.48911934,26907.38204925,18.2868
2020,3,"2020-T3","Ignorado","Fundamental completo ou equivalente",2482.37854244,26907.38204925,9.2256
2020,3,"2020-T3","Ignorado","Superior incompleto ou equivalente",1216.46741362,26907.38204925,4.5209
2020,3,"2020-T3","Ignorado","Sem instrucao e menos de 1 ano de estudo",776.798709,26907.38204925,2.8869
2020,3,"2020-T3","Ignorado","Medio incompleto ou equivalente",680.89678956,26907.38204925,2.5305
2020,3,"2020-T3","Indigena","Fundamental incompleto ou equivalente",228269.55261485,581492.77151806,39.2558
2020,3,"2020-T3","Indigena","Medio completo ou equivalente",140629.42645407,581492.77151806,24.1842
2020,3,"2020-T3","Indigena","Sem instrucao e menos de 1 ano de estudo",61941.95970758,581492.77151806,10.6522
2020,3,"2020-T3","Indigena","Medio incompleto ou equivalente",51079.52186218,581492.77151806,8.7842
2020,3,"2020-T3","Indigena","Superior completo",45922.1350519,581492.77151806,7.8973
2020,3,"2020-T3","Indigena","Fundamental completo ou equivalente",35026.90978979,581492.77151806,6.0236
2020,3,"2020-T3","Indigena","Superior incompleto ou equivalente",18623.26603769,581492.77151806,3.2027
2020,3,"2020-T3","Parda","Fundamental incompleto ou equivalente",34580990.0277487,90955060.3311586,38.0199
2020,3,"2020-T3","Parda","Medio completo ou equivalente",23189938.3134064,90955060.3311586,25.496
2020,3,"2020-T3","Parda","Superior completo",7651288.64430763,90955060.3311586,8.4122
2020,3,"2020-T3","Parda","Sem instrucao e menos de 1 ano de estudo",7620152.89215441,90955060.3311586,8.3779
2020,3,"2020-T3","Parda","Fundamental completo ou equivalente",7432047.50191814,90955060.3311586,8.1711
2020,3,"2020-T3","Parda","Medio incompleto ou equivalente",6887733.40494439,90955060.3311586,7.5727
2020,3,"2020-T3","Parda","Superior incompleto ou equivalente",3592909.54667897,90955060.3311586,3.9502
2020,3,"2020-T3","Preta","Fundamental incompleto ou equivalente",5688023.44855421,17345822.5323023,32.7919
2020,3,"2020-T3","Preta","Medio completo ou equivalente",5159405.0368535,17345822.5323023,29.7444
2020,3,"2020-T3","Preta","Superior completo",1636895.13328188,17345822.5323023,9.4368
2020,3,"2020-T3","Preta","Medio incompleto ou equivalente",1392560.80016032,17345822.5323023,8.0282
2020,3,"2020-T3","Preta","Fundamental completo ou equivalente",1310297.97657555,17345822.5323023,7.554
2020,3,"2020-T3","Preta","Sem instrucao e menos de 1 ano de estudo",1296870.57484157,17345822.5323023,7.4766
2020,3,"2020-T3","Preta","Superior incompleto ou equivalente",861769.56203527,17345822.5323023,4.9682
2020,4,"2020-T4","Amarela","Superior completo",424824.88267473,1384684.27738135,30.6803
2020,4,"2020-T4","Amarela","Medio completo ou equivalente",388278.95305843,1384684.27738135,28.041
2020,4,"2020-T4","Amarela","Fundamental incompleto ou equivalente",245844.08980719,1384684.27738135,17.7545
2020,4,"2020-T4","Amarela","Superior incompleto ou equivalente",107482.9899518,1384684.27738135,7.7623
2020,4,"2020-T4","Amarela","Fundamental completo ou equivalente",81057.55244125,1384684.27738135,5.8539
2020,4,"2020-T4","Amarela","Sem instrucao e menos de 1 ano de estudo",70695.9093145,1384684.27738135,5.1056
2020,4,"2020-T4","Amarela","Medio incompleto ou equivalente",66499.90013345,1384684.27738135,4.8025
2020,4,"2020-T4","Branca","Fundamental incompleto ou equivalente",24545854.2717825,84607988.7580665,29.0113
2020,4,"2020-T4","Branca","Medio completo ou equivalente",21120089.4072756,84607988.7580665,24.9623
2020,4,"2020-T4","Branca","Superior completo",17538391.7534214,84607988.7580665,20.729
2020,4,"2020-T4","Branca","Fundamental completo ou equivalente",6265256.75616632,84607988.7580665,7.405
2020,4,"2020-T4","Branca","Superior incompleto ou equivalente",5248609.50280545,84607988.7580665,6.2034
2020,4,"2020-T4","Branca","Medio incompleto ou equivalente",4978642.74242018,84607988.7580665,5.8844
2020,4,"2020-T4","Branca","Sem instrucao e menos de 1 ano de estudo",4911144.32419502,84607988.7580665,5.8046
2020,4,"2020-T4","Ignorado","Superior completo",16355.41103565,50534.80063598,32.3646
2020,4,"2020-T4","Ignorado","Fundamental incompleto ou equivalente",15532.27519744,50534.80063598,30.7358
2020,4,"2020-T4","Ignorado","Medio completo ou equivalente",11164.59561988,50534.80063598,22.0929
2020,4,"2020-T4","Ignorado","Medio incompleto ou equivalente",3095.12383406,50534.80063598,6.1247
2020,4,"2020-T4","Ignorado","Sem instrucao e menos de 1 ano de estudo",1926.89991168,50534.80063598,3.813
2020,4,"2020-T4","Ignorado","Fundamental completo ou equivalente",1247.86888849,50534.80063598,2.4693
2020,4,"2020-T4","Ignorado","Superior incompleto ou equivalente",1212.62614878,50534.80063598,2.3996
2020,4,"2020-T4","Indigena","Fundamental incompleto ou equivalente",216226.76914157,617715.13876465,35.0043
2020,4,"2020-T4","Indigena","Medio completo ou equivalente",150794.48011596,617715.13876465,24.4117
2020,4,"2020-T4","Indigena","Sem instrucao e menos de 1 ano de estudo",71467.27221427,617715.13876465,11.5696
2020,4,"2020-T4","Indigena","Medio incompleto ou equivalente",58745.37488697,617715.13876465,9.5101
2020,4,"2020-T4","Indigena","Superior completo",57173.17866754,617715.13876465,9.2556
2020,4,"2020-T4","Indigena","Fundamental completo ou equivalente",45469.10483546,617715.13876465,7.3609
2020,4,"2020-T4","Indigena","Superior incompleto ou equivalente",17838.95890288,617715.13876465,2.8879
2020,4,"2020-T4","Parda","Fundamental incompleto ou equivalente",33565893.1870803,90151627.4281727,37.2327
2020,4,"2020-T4","Parda","Medio completo ou equivalente",23183756.6531667,90151627.4281727,25.7164
2020,4,"2020-T4","Parda","Sem instrucao e menos de 1 ano de estudo",7949013.06864612,90151627.4281727,8.8174
2020,4,"2020-T4","Parda","Superior completo",7643079.47654136,90151627.4281727,8.478
2020,4,"2020-T4","Parda","Fundamental completo ou equivalente",7364876.5153895,90151627.4281727,8.1694
2020,4,"2020-T4","Parda","Medio incompleto ou equivalente",6897088.52595554,90151627.4281727,7.6505
2020,4,"2020-T4","Parda","Superior incompleto ou equivalente",3547920.00139323,90151627.4281727,3.9355
2020,4,"2020-T4","Preta","Fundamental incompleto ou equivalente",5679743.70577092,17490607.610474,32.4731
2020,4,"2020-T4","Preta","Medio completo ou equivalente",5104700.7714142,17490607.610474,29.1854
2020,4,"2020-T4","Preta","Superior completo",1725191.93658532,17490607.610474,9.8635
2020,4,"2020-T4","Preta","Fundamental completo ou equivalente",1409250.29265384,17490607.610474,8.0572
2020,4,"2020-T4","Preta","Medio incompleto ou equivalente",1376834.1222422,17490607.610474,7.8718
2020,4,"2020-T4","Preta","Sem instrucao e menos de 1 ano de estudo",1358361.77308652,17490607.610474,7.7662
2020,4,"2020-T4","Preta","Superior incompleto ou equivalente",836525.00872101,17490607.610474,4.7827
2021,1,"2021-T1","Amarela","Superior completo",439661.60819124,1406918.82690895,31.25
2021,1,"2021-T1","Amarela","Medio completo ou equivalente",350964.50245062,1406918.82690895,24.9456
2021,1,"2021-T1","Amarela","Fundamental incompleto ou equivalente",282441.85799557,1406918.82690895,20.0752
2021,1,"2021-T1","Amarela","Fundamental completo ou equivalente",100463.68044089,1406918.82690895,7.1407
2021,1,"2021-T1","Amarela","Superior incompleto ou equivalente",91976.08193644,1406918.82690895,6.5374
2021,1,"2021-T1","Amarela","Medio incompleto ou equivalente",79268.10342817,1406918.82690895,5.6342
2021,1,"2021-T1","Amarela","Sem instrucao e menos de 1 ano de estudo",62142.99246602,1406918.82690895,4.417
2021,1,"2021-T1","Branca","Fundamental incompleto ou equivalente",24303650.2945014,84739407.122429,28.6805
2021,1,"2021-T1","Branca","Medio completo ou equivalente",21280437.5621841,84739407.122429,25.1128
2021,1,"2021-T1","Branca","Superior completo",17488979.4421946,84739407.122429,20.6385
2021,1,"2021-T1","Branca","Fundamental completo ou equivalente",6533540.07095545,84739407.122429,7.7102
2021,1,"2021-T1","Branca","Superior incompleto ou equivalente",5298522.43856344,84739407.122429,6.2527
2021,1,"2021-T1","Branca","Medio incompleto ou equivalente",5102551.22136776,84739407.122429,6.0215
2021,1,"2021-T1","Branca","Sem instrucao e menos de 1 ano de estudo",4731726.09266231,84739407.122429,5.5839
2021,1,"2021-T1","Ignorado","Medio completo ou equivalente",17235.60383295,51254.85934295,33.6273
2021,1,"2021-T1","Ignorado","Superior completo",11044.6365543,51254.85934295,21.5485
2021,1,"2021-T1","Ignorado","Fundamental incompleto ou equivalente",9019.29879266,51254.85934295,17.597
2021,1,"2021-T1","Ignorado","Sem instrucao e menos de 1 ano de estudo",6105.82715201,51254.85934295,11.9127
2021,1,"2021-T1","Ignorado","Superior incompleto ou equivalente",4629.16274796,51254.85934295,9.0317
2021,1,"2021-T1","Ignorado","Medio incompleto ou equivalente",1719.03015403,51254.85934295,3.3539
2021,1,"2021-T1","Ignorado","Fundamental completo ou equivalente",1501.30010904,51254.85934295,2.9291
2021,1,"2021-T1","Indigena","Fundamental incompleto ou equivalente",209326.80833811,583895.74425407,35.85
2021,1,"2021-T1","Indigena","Medio completo ou equivalente",135724.40828333,583895.74425407,23.2446
2021,1,"2021-T1","Indigena","Sem instrucao e menos de 1 ano de estudo",61278.49338017,583895.74425407,10.4948
2021,1,"2021-T1","Indigena","Superior completo",57077.27450614,583895.74425407,9.7753
2021,1,"2021-T1","Indigena","Medio incompleto ou equivalente",51840.14336657,583895.74425407,8.8783
2021,1,"2021-T1","Indigena","Fundamental completo ou equivalente",47589.3490236,583895.74425407,8.1503
2021,1,"2021-T1","Indigena","Superior incompleto ou equivalente",21059.26735615,583895.74425407,3.6067
2021,1,"2021-T1","Parda","Fundamental incompleto ou equivalente",33186876.7979799,90434881.0821992,36.697
2021,1,"2021-T1","Parda","Medio completo ou equivalente",23495809.009747,90434881.0821992,25.9809
2021,1,"2021-T1","Parda","Superior completo",8070883.10178465,90434881.0821992,8.9245
2021,1,"2021-T1","Parda","Sem instrucao e menos de 1 ano de estudo",7445588.62193265,90434881.0821992,8.2331
2021,1,"2021-T1","Parda","Fundamental completo ou equivalente",7380899.86586537,90434881.0821992,8.1616
2021,1,"2021-T1","Parda","Medio incompleto ou equivalente",7278883.53156461,90434881.0821992,8.0488
2021,1,"2021-T1","Parda","Superior incompleto ou equivalente",3575940.15332504,90434881.0821992,3.9542
2021,1,"2021-T1","Preta","Fundamental incompleto ou equivalente",5630801.26709031,17414226.398417,32.3345
2021,1,"2021-T1","Preta","Medio completo ou equivalente",5025781.20458031,17414226.398417,28.8602
2021,1,"2021-T1","Preta","Superior completo",1799589.96229464,17414226.398417,10.334
2021,1,"2021-T1","Preta","Fundamental completo ou equivalente",1438370.45526935,17414226.398417,8.2597
2021,1,"2021-T1","Preta","Medio incompleto ou equivalente",1348733.01457613,17414226.398417,7.745
2021,1,"2021-T1","Preta","Sem instrucao e menos de 1 ano de estudo",1322921.61220807,17414226.398417,7.5968
2021,1,"2021-T1","Preta","Superior incompleto ou equivalente",848028.88239823,17414226.398417,4.8697
2021,2,"2021-T2","Amarela","Superior completo",417605.15888619,1397271.49894363,29.8872
2021,2,"2021-T2","Amarela","Medio completo ou equivalente",358131.82843117,1397271.49894363,25.6308
2021,2,"2021-T2","Amarela","Fundamental incompleto ou equivalente",297109.87482196,1397271.49894363,21.2636
2021,2,"2021-T2","Amarela","Fundamental completo ou equivalente",100102.98804758,1397271.49894363,7.1642
2021,2,"2021-T2","Amarela","Superior incompleto ou equivalente",87572.08474849,1397271.49894363,6.2674
2021,2,"2021-T2","Amarela","Medio incompleto ou equivalente",80687.77698802,1397271.49894363,5.7747
2021,2,"2021-T2","Amarela","Sem instrucao e menos de 1 ano de estudo",56061.78702022,1397271.49894363,4.0122
2021,2,"2021-T2","Branca","Fundamental incompleto ou equivalente",24404499.9026773,84678265.1614863,28.8203
2021,2,"2021-T2","Branca","Medio completo ou equivalente",21545268.3507605,84678265.1614863,25.4437
2021,2,"2021-T2","Branca","Superior completo",17297148.5894484,84678265.1614863,20.4269
2021,2,"2021-T2","Branca","Fundamental completo ou equivalente",6236275.15633657,84678265.1614863,7.3647
2021,2,"2021-T2","Branca","Medio incompleto ou equivalente",5203709.06860598,84678265.1614863,6.1453
2021,2,"2021-T2","Branca","Sem instrucao e menos de 1 ano de estudo",5037478.23169729,84678265.1614863,5.949
2021,2,"2021-T2","Branca","Superior incompleto ou equivalente",4953885.86196026,84678265.1614863,5.8502
2021,2,"2021-T2","Ignorado","Superior completo",27502.30168633,61357.94511423,44.8227
2021,2,"2021-T2","Ignorado","Fundamental incompleto ou equivalente",12812.66713646,61357.94511423,20.8818
2021,2,"2021-T2","Ignorado","Sem instrucao e menos de 1 ano de estudo",7888.01802416,61357.94511423,12.8557
2021,2,"2021-T2","Ignorado","Medio completo ou equivalente",6833.49118103,61357.94511423,11.1371
2021,2,"2021-T2","Ignorado","Superior incompleto ou equivalente",2437.22975405,61357.94511423,3.9722
2021,2,"2021-T2","Ignorado","Medio incompleto ou equivalente",2363.35113464,61357.94511423,3.8517
2021,2,"2021-T2","Ignorado","Fundamental completo ou equivalente",1520.88619756,61357.94511423,2.4787
2021,2,"2021-T2","Indigena","Fundamental incompleto ou equivalente",223615.4295292,668758.54358891,33.4374
2021,2,"2021-T2","Indigena","Medio completo ou equivalente",183405.1782965,668758.54358891,27.4247
2021,2,"2021-T2","Indigena","Sem instrucao e menos de 1 ano de estudo",66649.46307927,668758.54358891,9.9661
2021,2,"2021-T2","Indigena","Superior completo",61382.87565868,668758.54358891,9.1786
2021,2,"2021-T2","Indigena","Fundamental completo ou equivalente",54672.20104978,668758.54358891,8.1752
2021,2,"2021-T2","Indigena","Medio incompleto ou equivalente",53756.0603733,668758.54358891,8.0382
2021,2,"2021-T2","Indigena","Superior incompleto ou equivalente",25277.33560218,668758.54358891,3.7797
2021,2,"2021-T2","Parda","Fundamental incompleto ou equivalente",33324172.164808,90439600.1290139,36.8469
2021,2,"2021-T2","Parda","Medio completo ou equivalente",23361820.5137434,90439600.1290139,25.8314
2021,2,"2021-T2","Parda","Superior completo",8018157.17447445,90439600.1290139,8.8658
2021,2,"2021-T2","Parda","Sem instrucao e menos de 1 ano de estudo",7618554.34473254,90439600.1290139,8.4239
2021,2,"2021-T2","Parda","Medio incompleto ou equivalente",7349866.08391846,90439600.1290139,8.1268
2021,2,"2021-T2","Parda","Fundamental completo ou equivalente",7307858.55711484,90439600.1290139,8.0804
2021,2,"2021-T2","Parda","Superior incompleto ou equivalente",3459171.29022221,90439600.1290139,3.8248
2021,2,"2021-T2","Preta","Fundamental incompleto ou equivalente",5763208.97835965,17698739.778609,32.5628
2021,2,"2021-T2","Preta","Medio completo ou equivalente",5129670.32789592,17698739.778609,28.9833
2021,2,"2021-T2","Preta","Superior completo",1682568.41174875,17698739.778609,9.5067
2021,2,"2021-T2","Preta","Fundamental completo ou equivalente",1507046.32679656,17698739.778609,8.515
2021,2,"2021-T2","Preta","Medio incompleto ou equivalente",1402825.48946679,17698739.778609,7.9261
2021,2,"2021-T2","Preta","Sem instrucao e menos de 1 ano de estudo",1375490.8056769,17698739.778609,7.7717
2021,2,"2021-T2","Preta","Superior incompleto ou equivalente",837929.4386644,17698739.778609,4.7344
2021,3,"2021-T3","Amarela","Superior completo",375021.04253482,1350587.34851441,27.7673
2021,3,"2021-T3","Amarela","Medio completo ou equivalente",350571.4685173,1350587.34851441,25.957
2021,3,"2021-T3","Amarela","Fundamental incompleto ou equivalente",311931.06403084,1350587.34851441,23.096
2021,3,"2021-T3","Amarela","Superior incompleto ou equivalente",96621.95398975,1350587.34851441,7.1541
2021,3,"2021-T3","Amarela","Fundamental completo ou equivalente",82398.09120236,1350587.34851441,6.1009
2021,3,"2021-T3","Amarela","Medio incompleto ou equivalente",69602.26537062,1350587.34851441,5.1535
2021,3,"2021-T3","Amarela","Sem instrucao e menos de 1 ano de estudo",64441.46286872,1350587.34851441,4.7714
2021,3,"2021-T3","Branca","Fundamental incompleto ou equivalente",24779709.8500212,84412575.0882099,29.3555
2021,3,"2021-T3","Branca","Medio completo ou equivalente",21558030.1193967,84412575.0882099,25.5389
2021,3,"2021-T3","Branca","Superior completo",16556009.9135926,84412575.0882099,19.6132
2021,3,"2021-T3","Branca","Fundamental completo ou equivalente",6207526.6988247,84412575.0882099,7.3538
2021,3,"2021-T3","Branca","Sem instrucao e menos de 1 ano de estudo",5356781.74021082,84412575.0882099,6.346
2021,3,"2021-T3","Branca","Medio incompleto ou equivalente",5121163.04124998,84412575.0882099,6.0668
2021,3,"2021-T3","Branca","Superior incompleto ou equivalente",4833353.72491384,84412575.0882099,5.7259
2021,3,"2021-T3","Ignorado","Fundamental incompleto ou equivalente",19910.46526048,67202.60308622,29.6275
2021,3,"2021-T3","Ignorado","Medio completo ou equivalente",12423.90017957,67202.60308622,18.4872
2021,3,"2021-T3","Ignorado","Superior completo",10055.73249159,67202.60308622,14.9633
2021,3,"2021-T3","Ignorado","Fundamental completo ou equivalente",7810.61968776,67202.60308622,11.6225
2021,3,"2021-T3","Ignorado","Sem instrucao e menos de 1 ano de estudo",7511.24629862,67202.60308622,11.177
2021,3,"2021-T3","Ignorado","Medio incompleto ou equivalente",5917.4324466,67202.60308622,8.8054
2021,3,"2021-T3","Ignorado","Superior incompleto ou equivalente",3573.2067216,67202.60308622,5.3171
2021,3,"2021-T3","Indigena","Fundamental incompleto ou equivalente",264568.84363278,724417.40163994,36.5216
2021,3,"2021-T3","Indigena","Medio completo ou equivalente",160531.53993568,724417.40163994,22.1601
2021,3,"2021-T3","Indigena","Sem instrucao e menos de 1 ano de estudo",89175.25644957,724417.40163994,12.3099
2021,3,"2021-T3","Indigena","Medio incompleto ou equivalente",66677.3541544,724417.40163994,9.2043
2021,3,"2021-T3","Indigena","Fundamental completo ou equivalente",60784.48593298,724417.40163994,8.3908
2021,3,"2021-T3","Indigena","Superior completo",49337.85545715,724417.40163994,6.8107
2021,3,"2021-T3","Indigena","Superior incompleto ou equivalente",33342.06607738,724417.40163994,4.6026
2021,3,"2021-T3","Parda","Fundamental incompleto ou equivalente",33343047.2617675,89927073.2503868,37.0779
2021,3,"2021-T3","Parda","Medio completo ou equivalente",23024442.4255185,89927073.2503868,25.6035
2021,3,"2021-T3","Parda","Sem instrucao e menos de 1 ano de estudo",8139158.1655098,89927073.2503868,9.0508
2021,3,"2021-T3","Parda","Superior completo",7601899.35391119,89927073.2503868,8.4534
2021,3,"2021-T3","Parda","Medio incompleto ou equivalente",7394949.95855475,89927073.2503868,8.2233
2021,3,"2021-T3","Parda","Fundamental completo ou equivalente",7225887.47009944,89927073.2503868,8.0353
2021,3,"2021-T3","Parda","Superior incompleto ou equivalente",3197688.61502554,89927073.2503868,3.5559
2021,3,"2021-T3","Preta","Fundamental incompleto ou equivalente",6179435.45119298,18785574.3413178,32.8946
2021,3,"2021-T3","Preta","Medio completo ou equivalente",5349369.91220223,18785574.3413178,28.4759
2021,3,"2021-T3","Preta","Superior completo",1736815.74791343,18785574.3413178,9.2455
2021,3,"2021-T3","Preta","Fundamental completo ou equivalente",1583853.7095503,18785574.3413178,8.4312
2021,3,"2021-T3","Preta","Sem instrucao e menos de 1 ano de estudo",1575133.41906777,18785574.3413178,8.3848
2021,3,"2021-T3","Preta","Medio incompleto ou equivalente",1494251.66218642,18785574.3413178,7.9543
2021,3,"2021-T3","Preta","Superior incompleto ou equivalente",866714.43920462,18785574.3413178,4.6137
2021,4,"2021-T4","Amarela","Superior completo",382894.10218674,1476518.42222437,25.9322
2021,4,"2021-T4","Amarela","Medio completo ou equivalente",366382.13585094,1476518.42222437,24.8139
2021,4,"2021-T4","Amarela","Fundamental incompleto ou equivalente",361654.97985214,1476518.42222437,24.4938
2021,4,"2021-T4","Amarela","Fundamental completo ou equivalente",105776.36326469,1476518.42222437,7.1639
2021,4,"2021-T4","Amarela","Superior incompleto ou equivalente",96757.87509923,1476518.42222437,6.5531
2021,4,"2021-T4","Amarela","Medio incompleto ou equivalente",86546.82445525,1476518.42222437,5.8615
2021,4,"2021-T4","Amarela","Sem instrucao e menos de 1 ano de estudo",76506.14151538,1476518.42222437,5.1815
2021,4,"2021-T4","Branca","Fundamental incompleto ou equivalente",24694711.3823129,84142300.7838771,29.3487
2021,4,"2021-T4","Branca","Medio completo ou equivalente",21488967.2844146,84142300.7838771,25.5388
2021,4,"2021-T4","Branca","Superior completo",16552235.3143943,84142300.7838771,19.6717
2021,4,"2021-T4","Branca","Fundamental completo ou equivalente",6146598.03464449,84142300.7838771,7.305
2021,4,"2021-T4","Branca","Sem instrucao e menos de 1 ano de estudo",5474181.98874258,84142300.7838771,6.5059
2021,4,"2021-T4","Branca","Medio incompleto ou equivalente",5144888.61578574,84142300.7838771,6.1145
2021,4,"2021-T4","Branca","Superior incompleto ou equivalente",4640718.16358257,84142300.7838771,5.5153
2021,4,"2021-T4","Ignorado","Fundamental incompleto ou equivalente",21845.02635061,58201.77754607,37.5333
2021,4,"2021-T4","Ignorado","Superior completo",16532.05985776,58201.77754607,28.4047
2021,4,"2021-T4","Ignorado","Medio completo ou equivalente",11542.22448761,58201.77754607,19.8314
2021,4,"2021-T4","Ignorado","Sem instrucao e menos de 1 ano de estudo",2921.83198848,58201.77754607,5.0202
2021,4,"2021-T4","Ignorado","Fundamental completo ou equivalente",2153.10668451,58201.77754607,3.6994
2021,4,"2021-T4","Ignorado","Medio incompleto ou equivalente",2002.78830474,58201.77754607,3.4411
2021,4,"2021-T4","Ignorado","Superior incompleto ou equivalente",1204.73987236,58201.77754607,2.0699
2021,4,"2021-T4","Indigena","Fundamental incompleto ou equivalente",277152.20046235,779677.20757661,35.547
2021,4,"2021-T4","Indigena","Medio completo ou equivalente",190604.79215547,779677.20757661,24.4466
2021,4,"2021-T4","Indigena","Sem instrucao e menos de 1 ano de estudo",92793.35462962,779677.20757661,11.9015
2021,4,"2021-T4","Indigena","Medio incompleto ou equivalente",66780.08735703,779677.20757661,8.5651
2021,4,"2021-T4","Indigena","Fundamental completo ou equivalente",57358.31264717,779677.20757661,7.3567
2021,4,"2021-T4","Indigena","Superior completo",55752.70604112,779677.20757661,7.1507
2021,4,"2021-T4","Indigena","Superior incompleto ou equivalente",39235.75428385,779677.20757661,5.0323
2021,4,"2021-T4","Parda","Fundamental incompleto ou equivalente",33191475.5062851,89575351.7676288,37.0543
2021,4,"2021-T4","Parda","Medio completo ou equivalente",22932742.155281,89575351.7676288,25.6016
2021,4,"2021-T4","Parda","Sem instrucao e menos de 1 ano de estudo",8357061.66062394,89575351.7676288,9.3296
2021,4,"2021-T4","Parda","Superior completo",7530525.40422456,89575351.7676288,8.4069
2021,4,"2021-T4","Parda","Medio incompleto ou equivalente",7255480.3894392,89575351.7676288,8.0999
2021,4,"2021-T4","Parda","Fundamental completo ou equivalente",7161216.63384539,89575351.7676288,7.9946
2021,4,"2021-T4","Parda","Superior incompleto ou equivalente",3146850.01792956,89575351.7676288,3.5131
2021,4,"2021-T4","Preta","Fundamental incompleto ou equivalente",6480600.82703231,19558347.0509848,33.1347
2021,4,"2021-T4","Preta","Medio completo ou equivalente",5606309.96130206,19558347.0509848,28.6645
2021,4,"2021-T4","Preta","Superior completo",1820526.75488914,19558347.0509848,9.3082
2021,4,"2021-T4","Preta","Sem instrucao e menos de 1 ano de estudo",1639045.34544471,19558347.0509848,8.3803
2021,4,"2021-T4","Preta","Fundamental completo ou equivalente",1612382.08882596,19558347.0509848,8.244
2021,4,"2021-T4","Preta","Medio incompleto ou equivalente",1580512.71923217,19558347.0509848,8.081
2021,4,"2021-T4","Preta","Superior incompleto ou equivalente",818969.35425849,19558347.0509848,4.1873
2022,1,"2022-T1","Amarela","Superior completo",358647.85425148,1415908.80403644,25.3299
2022,1,"2022-T1","Amarela","Medio completo ou equivalente",357598.88822056,1415908.80403644,25.2558
2022,1,"2022-T1","Amarela","Fundamental incompleto ou equivalente",343523.44680964,1415908.80403644,24.2617
2022,1,"2022-T1","Amarela","Superior incompleto ou equivalente",101081.29634416,1415908.80403644,7.139
2022,1,"2022-T1","Amarela","Fundamental completo ou equivalente",96972.48883776,1415908.80403644,6.8488
2022,1,"2022-T1","Amarela","Medio incompleto ou equivalente",90987.15041148,1415908.80403644,6.4261
2022,1,"2022-T1","Amarela","Sem instrucao e menos de 1 ano de estudo",67097.67916136,1415908.80403644,4.7388
2022,1,"2022-T1","Branca","Fundamental incompleto ou equivalente",24501185.4568489,84102569.9308604,29.1325
2022,1,"2022-T1","Branca","Medio completo ou equivalente",21762862.017344,84102569.9308604,25.8766
2022,1,"2022-T1","Branca","Superior completo",16663307.2339172,84102569.9308604,19.8131
2022,1,"2022-T1","Branca","Fundamental completo ou equivalente",6249394.4087487,84102569.9308604,7.4307
2022,1,"2022-T1","Branca","Medio incompleto ou equivalente",5236420.9530351,84102569.9308604,6.2262
2022,1,"2022-T1","Branca","Sem instrucao e menos de 1 ano de estudo",4942897.58052685,84102569.9308604,5.8772
2022,1,"2022-T1","Branca","Superior incompleto ou equivalente",4746502.28043963,84102569.9308604,5.6437
2022,1,"2022-T1","Ignorado","Fundamental incompleto ou equivalente",11913.78478158,36504.01456349,32.6369
2022,1,"2022-T1","Ignorado","Superior completo",9268.41870218,36504.01456349,25.3901
2022,1,"2022-T1","Ignorado","Medio completo ou equivalente",8249.77691404,36504.01456349,22.5996
2022,1,"2022-T1","Ignorado","Medio incompleto ou equivalente",3293.69982918,36504.01456349,9.0228
2022,1,"2022-T1","Ignorado","Fundamental completo ou equivalente",2068.29406909,36504.01456349,5.6659
2022,1,"2022-T1","Ignorado","Superior incompleto ou equivalente",1710.04026742,36504.01456349,4.6845
2022,1,"2022-T1","Indigena","Fundamental incompleto ou equivalente",282558.83092864,767997.81345283,36.7916
2022,1,"2022-T1","Indigena","Medio completo ou equivalente",199309.90538681,767997.81345283,25.9519
2022,1,"2022-T1","Indigena","Sem instrucao e menos de 1 ano de estudo",86220.71931863,767997.81345283,11.2267
2022,1,"2022-T1","Indigena","Superior completo",60759.78355776,767997.81345283,7.9115
2022,1,"2022-T1","Indigena","Medio incompleto ou equivalente",54391.33201775,767997.81345283,7.0822
2022,1,"2022-T1","Indigena","Fundamental completo ou equivalente",50126.61739891,767997.81345283,6.5269
2022,1,"2022-T1","Indigena","Superior incompleto ou equivalente",34630.62484433,767997.81345283,4.5092
2022,1,"2022-T1","Parda","Fundamental incompleto ou equivalente",32818400.9425995,89507210.9335536,36.6657
2022,1,"2022-T1","Parda","Medio completo ou equivalente",23631879.0671341,89507210.9335536,26.4022
2022,1,"2022-T1","Parda","Superior completo",7702981.78949597,89507210.9335536,8.606
2022,1,"2022-T1","Parda","Sem instrucao e menos de 1 ano de estudo",7699067.61737561,89507210.9335536,8.6016
2022,1,"2022-T1","Parda","Medio incompleto ou equivalente",7273214.95418436,89507210.9335536,8.1258
2022,1,"2022-T1","Parda","Fundamental completo ou equivalente",7167716.11272843,89507210.9335536,8.008
2022,1,"2022-T1","Parda","Superior incompleto ou equivalente",3213950.45003567,89507210.9335536,3.5907
2022,1,"2022-T1","Preta","Fundamental incompleto ou equivalente",6677694.88919495,20079731.5107126,33.2559
2022,1,"2022-T1","Preta","Medio completo ou equivalente",5775333.31598436,20079731.5107126,28.762
2022,1,"2022-T1","Preta","Superior completo",1973672.32284489,20079731.5107126,9.8292
2022,1,"2022-T1","Preta","Medio incompleto ou equivalente",1645875.31489046,20079731.5107126,8.1967
2022,1,"2022-T1","Preta","Sem instrucao e menos de 1 ano de estudo",1605588.46072292,20079731.5107126,7.9961
2022,1,"2022-T1","Preta","Fundamental completo ou equivalente",1604919.05595006,20079731.5107126,7.9927
2022,1,"2022-T1","Preta","Superior incompleto ou equivalente",796648.15112496,20079731.5107126,3.9674
2022,2,"2022-T2","Amarela","Superior completo",372834.44113369,1395918.72154544,26.7089
2022,2,"2022-T2","Amarela","Medio completo ou equivalente",362012.26432421,1395918.72154544,25.9336
2022,2,"2022-T2","Amarela","Fundamental incompleto ou equivalente",329304.09251562,1395918.72154544,23.5905
2022,2,"2022-T2","Amarela","Fundamental completo ou equivalente",94246.75333317,1395918.72154544,6.7516
2022,2,"2022-T2","Amarela","Superior incompleto ou equivalente",91695.73085165,1395918.72154544,6.5688
2022,2,"2022-T2","Amarela","Medio incompleto ou equivalente",74611.22575561,1395918.72154544,5.345
2022,2,"2022-T2","Amarela","Sem instrucao e menos de 1 ano de estudo",71214.21363149,1395918.72154544,5.1016
2022,2,"2022-T2","Branca","Fundamental incompleto ou equivalente",24425792.8614551,84331729.9870939,28.9639
2022,2,"2022-T2","Branca","Medio completo ou equivalente",21791807.3669427,84331729.9870939,25.8406
2022,2,"2022-T2","Branca","Superior completo",16855994.6167081,84331729.9870939,19.9877
2022,2,"2022-T2","Branca","Fundamental completo ou equivalente",6120667.47927556,84331729.9870939,7.2578
2022,2,"2022-T2","Branca","Medio incompleto ou equivalente",5218648.35238246,84331729.9870939,6.1882
2022,2,"2022-T2","Branca","Sem instrucao e menos de 1 ano de estudo",5170809.31415374,84331729.9870939,6.1315
2022,2,"2022-T2","Branca","Superior incompleto ou equivalente",4748009.99617627,84331729.9870939,5.6302
2022,2,"2022-T2","Ignorado","Fundamental incompleto ou equivalente",13042.49420563,41262.88589969,31.6083
2022,2,"2022-T2","Ignorado","Medio completo ou equivalente",9950.06638639,41262.88589969,24.1138
2022,2,"2022-T2","Ignorado","Superior completo",9463.23515193,41262.88589969,22.934
2022,2,"2022-T2","Ignorado","Fundamental completo ou equivalente",3711.8075525,41262.88589969,8.9955
2022,2,"2022-T2","Ignorado","Medio incompleto ou equivalente",2431.8349784,41262.88589969,5.8935
2022,2,"2022-T2","Ignorado","Superior incompleto ou equivalente",1617.33385326,41262.88589969,3.9196
2022,2,"2022-T2","Ignorado","Sem instrucao e menos de 1 ano de estudo",1046.11377158,41262.88589969,2.5352
2022,2,"2022-T2","Indigena","Fundamental incompleto ou equivalente",276664.8046035,761325.10090234,36.3399
2022,2,"2022-T2","Indigena","Medio completo ou equivalente",196452.25946682,761325.10090234,25.804
2022,2,"2022-T2","Indigena","Sem instrucao e menos de 1 ano de estudo",79317.6678079,761325.10090234,10.4184
2022,2,"2022-T2","Indigena","Superior completo",66566.3198195,761325.10090234,8.7435
2022,2,"2022-T2","Indigena","Medio incompleto ou equivalente",52250.63786252,761325.10090234,6.8631
2022,2,"2022-T2","Indigena","Fundamental completo ou equivalente",46962.89412396,761325.10090234,6.1686
2022,2,"2022-T2","Indigena","Superior incompleto ou equivalente",43110.51721814,761325.10090234,5.6626
2022,2,"2022-T2","Parda","Fundamental incompleto ou equivalente",32705417.0800565,89288405.9666257,36.629
2022,2,"2022-T2","Parda","Medio completo ou equivalente",23537307.2750854,89288405.9666257,26.361
2022,2,"2022-T2","Parda","Sem instrucao e menos de 1 ano de estudo",7883203.52128469,89288405.9666257,8.8289
2022,2,"2022-T2","Parda","Superior completo",7640685.9971219,89288405.9666257,8.5573
2022,2,"2022-T2","Parda","Medio incompleto ou equivalente",7206582.44900832,89288405.9666257,8.0711
2022,2,"2022-T2","Parda","Fundamental completo ou equivalente",7093416.15008852,89288405.9666257,7.9444
2022,2,"2022-T2","Parda","Superior incompleto ou equivalente",3221793.49398041,89288405.9666257,3.6083
2022,2,"2022-T2","Preta","Fundamental incompleto ou equivalente",6661115.20426237,20397135.3445502,32.6571
2022,2,"2022-T2","Preta","Medio completo ou equivalente",5961042.45651726,20397135.3445502,29.2249
2022,2,"2022-T2","Preta","Superior completo",2011604.24505662,20397135.3445502,9.8622
2022,2,"2022-T2","Preta","Medio incompleto ou equivalente",1691008.04674895,20397135.3445502,8.2904
2022,2,"2022-T2","Preta","Sem instrucao e menos de 1 ano de estudo",1668154.5743025,20397135.3445502,8.1784
2022,2,"2022-T2","Preta","Fundamental completo ou equivalente",1574647.94622545,20397135.3445502,7.7199
2022,2,"2022-T2","Preta","Superior incompleto ou equivalente",829562.87143708,20397135.3445502,4.0671
2022,3,"2022-T3","Amarela","Superior completo",405869.90035228,1456245.76325187,27.871
2022,3,"2022-T3","Amarela","Medio completo ou equivalente",364573.01943701,1456245.76325187,25.0351
2022,3,"2022-T3","Amarela","Fundamental incompleto ou equivalente",332394.15376665,1456245.76325187,22.8254
2022,3,"2022-T3","Amarela","Fundamental completo ou equivalente",94457.03805573,1456245.76325187,6.4863
2022,3,"2022-T3","Amarela","Superior incompleto ou equivalente",87849.28505697,1456245.76325187,6.0326
2022,3,"2022-T3","Amarela","Sem instrucao e menos de 1 ano de estudo",85810.42318299,1456245.76325187,5.8926
2022,3,"2022-T3","Amarela","Medio incompleto ou equivalente",85291.94340024,1456245.76325187,5.857
2022,3,"2022-T3","Branca","Fundamental incompleto ou equivalente",24305214.891838,84498657.272221,28.764
2022,3,"2022-T3","Branca","Medio completo ou equivalente",21779068.5403118,84498657.272221,25.7745
2022,3,"2022-T3","Branca","Superior completo",16862988.81286,84498657.272221,19.9565
2022,3,"2022-T3","Branca","Fundamental completo ou equivalente",6005604.02451351,84498657.272221,7.1073
2022,3,"2022-T3","Branca","Sem instrucao e menos de 1 ano de estudo",5445064.42568961,84498657.272221,6.444
2022,3,"2022-T3","Branca","Medio incompleto ou equivalente",5269129.2142057,84498657.272221,6.2358
2022,3,"2022-T3","Branca","Superior incompleto ou equivalente",4831587.36280242,84498657.272221,5.7179
2022,3,"2022-T3","Ignorado","Superior completo",18205.60837307,51691.41707392,35.2198
2022,3,"2022-T3","Ignorado","Fundamental incompleto ou equivalente",13778.29146096,51691.41707392,26.6549
2022,3,"2022-T3","Ignorado","Medio completo ou equivalente",7396.49076127,51691.41707392,14.3089
2022,3,"2022-T3","Ignorado","Sem instrucao e menos de 1 ano de estudo",5051.07774888,51691.41707392,9.7716
2022,3,"2022-T3","Ignorado","Fundamental completo ou equivalente",3648.90318259,51691.41707392,7.059
2022,3,"2022-T3","Ignorado","Medio incompleto ou equivalente",2440.80728028,51691.41707392,4.7219
2022,3,"2022-T3","Ignorado","Superior incompleto ou equivalente",1170.23826687,51691.41707392,2.2639
2022,3,"2022-T3","Indigena","Fundamental incompleto ou equivalente",281342.06284807,811780.21937737,34.6574
2022,3,"2022-T3","Indigena","Medio completo ou equivalente",211114.24761766,811780.21937737,26.0063
2022,3,"2022-T3","Indigena","Sem instrucao e menos de 1 ano de estudo",81795.4141519,811780.21937737,10.0761
2022,3,"2022-T3","Indigena","Superior completo",74213.18665756,811780.21937737,9.142
2022,3,"2022-T3","Indigena","Fundamental completo ou equivalente",60357.44887486,811780.21937737,7.4352
2022,3,"2022-T3","Indigena","Medio incompleto ou equivalente",55382.12874446,811780.21937737,6.8223
2022,3,"2022-T3","Indigena","Superior incompleto ou equivalente",47575.73048286,811780.21937737,5.8607
2022,3,"2022-T3","Parda","Fundamental incompleto ou equivalente",32530659.1807942,89021666.9121815,36.5424
2022,3,"2022-T3","Parda","Medio completo ou equivalente",23280648.1161671,89021666.9121815,26.1517
2022,3,"2022-T3","Parda","Sem instrucao e menos de 1 ano de estudo",8207974.40634785,89021666.9121815,9.2202
2022,3,"2022-T3","Parda","Superior completo",7743485.66010279,89021666.9121815,8.6984
2022,3,"2022-T3","Parda","Medio incompleto ou equivalente",7006369.98285202,89021666.9121815,7.8704
2022,3,"2022-T3","Parda","Fundamental completo ou equivalente",6918670.76024888,89021666.9121815,7.7719
2022,3,"2022-T3","Parda","Superior incompleto ou equivalente",3333858.80566867,89021666.9121815,3.745
2022,3,"2022-T3","Preta","Fundamental incompleto ou equivalente",6743556.82968197,20703739.4230023,32.5717
2022,3,"2022-T3","Preta","Medio completo ou equivalente",6059073.76591643,20703739.4230023,29.2656
2022,3,"2022-T3","Preta","Superior completo",2070541.35961474,20703739.4230023,10.0008
2022,3,"2022-T3","Preta","Sem instrucao e menos de 1 ano de estudo",1716873.58293532,20703739.4230023,8.2926
2022,3,"2022-T3","Preta","Medio incompleto ou equivalente",1706772.67775922,20703739.4230023,8.2438
2022,3,"2022-T3","Preta","Fundamental completo ou equivalente",1532877.79635058,20703739.4230023,7.4039
2022,3,"2022-T3","Preta","Superior incompleto ou equivalente",874043.41074401,20703739.4230023,4.2217
2022,4,"2022-T4","Amarela","Superior completo",414484.2237527,1430506.01539757,28.9747
2022,4,"2022-T4","Amarela","Medio completo ou equivalente",336171.64387921,1430506.01539757,23.5002
2022,4,"2022-T4","Amarela","Fundamental incompleto ou equivalente",333302.47357058,1430506.01539757,23.2996
2022,4,"2022-T4","Amarela","Fundamental completo ou equivalente",93897.84532428,1430506.01539757,6.564
2022,4,"2022-T4","Amarela","Medio incompleto ou equivalente",88570.95935346,1430506.01539757,6.1916
2022,4,"2022-T4","Amarela","Superior incompleto ou equivalente",84690.65920777,1430506.01539757,5.9203
2022,4,"2022-T4","Amarela","Sem instrucao e menos de 1 ano de estudo",79388.21030957,1430506.01539757,5.5497
2022,4,"2022-T4","Branca","Fundamental incompleto ou equivalente",23997757.0210875,84000338.2615401,28.5686
2022,4,"2022-T4","Branca","Medio completo ou equivalente",21599450.8820396,84000338.2615401,25.7135
2022,4,"2022-T4","Branca","Superior completo",17134234.8440456,84000338.2615401,20.3978
2022,4,"2022-T4","Branca","Fundamental completo ou equivalente",5856136.13410149,84000338.2615401,6.9716
2022,4,"2022-T4","Branca","Sem instrucao e menos de 1 ano de estudo",5612733.68748457,84000338.2615401,6.6818
2022,4,"2022-T4","Branca","Medio incompleto ou equivalente",5222639.35346398,84000338.2615401,6.2174
2022,4,"2022-T4","Branca","Superior incompleto ou equivalente",4577386.3393173,84000338.2615401,5.4492
2022,4,"2022-T4","Ignorado","Superior completo",18011.0277022,37450.458778,48.0929
2022,4,"2022-T4","Ignorado","Medio completo ou equivalente",7726.349488,37450.458778,20.6309
2022,4,"2022-T4","Ignorado","Fundamental incompleto ou equivalente",5340.92672146,37450.458778,14.2613
2022,4,"2022-T4","Ignorado","Medio incompleto ou equivalente",3531.45115602,37450.458778,9.4297
2022,4,"2022-T4","Ignorado","Superior incompleto ou equivalente",1259.92133423,37450.458778,3.3642
2022,4,"2022-T4","Ignorado","Sem instrucao e menos de 1 ano de estudo",955.51610585,37450.458778,2.5514
2022,4,"2022-T4","Ignorado","Fundamental completo ou equivalente",625.26627024,37450.458778,1.6696
2022,4,"2022-T4","Indigena","Fundamental incompleto ou equivalente",283966.28191758,830744.08100995,34.1822
2022,4,"2022-T4","Indigena","Medio completo ou equivalente",213758.20206257,830744.08100995,25.7309
2022,4,"2022-T4","Indigena","Sem instrucao e menos de 1 ano de estudo",86917.7084238,830744.08100995,10.4626
2022,4,"2022-T4","Indigena","Fundamental completo ou equivalente",71335.17895807,830744.08100995,8.5869
2022,4,"2022-T4","Indigena","Superior completo",70385.33160099,830744.08100995,8.4726
2022,4,"2022-T4","Indigena","Medio incompleto ou equivalente",63995.39537725,830744.08100995,7.7034
2022,4,"2022-T4","Indigena","Superior incompleto ou equivalente",40385.98266969,830744.08100995,4.8614
2022,4,"2022-T4","Parda","Fundamental incompleto ou equivalente",32529064.2772211,89606146.3548374,36.3023
2022,4,"2022-T4","Parda","Medio completo ou equivalente",23469493.9591606,89606146.3548374,26.1918
2022,4,"2022-T4","Parda","Sem instrucao e menos de 1 ano de estudo",8356006.87063304,89606146.3548374,9.3253
2022,4,"2022-T4","Parda","Superior completo",7943436.41852014,89606146.3548374,8.8648
2022,4,"2022-T4","Parda","Medio incompleto ou equivalente",7120992.78115118,89606146.3548374,7.947
2022,4,"2022-T4","Parda","Fundamental completo ou equivalente",6951720.94836195,89606146.3548374,7.7581
2022,4,"2022-T4","Parda","Superior incompleto ou equivalente",3235431.09978936,89606146.3548374,3.6107
2022,4,"2022-T4","Preta","Fundamental incompleto ou equivalente",6791519.35167986,20979577.8387577,32.372
2022,4,"2022-T4","Preta","Medio completo ou equivalente",6129190.30768812,20979577.8387577,29.215
2022,4,"2022-T4","Preta","Superior completo",2121696.64744479,20979577.8387577,10.1132
2022,4,"2022-T4","Preta","Sem instrucao e menos de 1 ano de estudo",1773354.96493453,20979577.8387577,8.4528
2022,4,"2022-T4","Preta","Medio incompleto ou equivalente",1745423.72015329,20979577.8387577,8.3196
2022,4,"2022-T4","Preta","Fundamental completo ou equivalente",1540741.4667403,20979577.8387577,7.344
2022,4,"2022-T4","Preta","Superior incompleto ou equivalente",877651.38011685,20979577.8387577,4.1834
2023,1,"2023-T1","Amarela","Superior completo",403959.62632882,1404099.42539837,28.77
2023,1,"2023-T1","Amarela","Medio completo ou equivalente",374895.28841054,1404099.42539837,26.7001
2023,1,"2023-T1","Amarela","Fundamental incompleto ou equivalente",318361.81199807,1404099.42539837,22.6737
2023,1,"2023-T1","Amarela","Medio incompleto ou equivalente",81637.25532207,1404099.42539837,5.8142
2023,1,"2023-T1","Amarela","Superior incompleto ou equivalente",79534.41200974,1404099.42539837,5.6644
2023,1,"2023-T1","Amarela","Fundamental completo ou equivalente",76678.22735526,1404099.42539837,5.461
2023,1,"2023-T1","Amarela","Sem instrucao e menos de 1 ano de estudo",69032.80397387,1404099.42539837,4.9165
2023,1,"2023-T1","Branca","Fundamental incompleto ou equivalente",23879909.375627,83867109.9682772,28.4735
2023,1,"2023-T1","Branca","Medio completo ou equivalente",21857322.1937265,83867109.9682772,26.0619
2023,1,"2023-T1","Branca","Superior completo",17076180.4670486,83867109.9682772,20.361
2023,1,"2023-T1","Branca","Fundamental completo ou equivalente",6001497.7924186,83867109.9682772,7.156
2023,1,"2023-T1","Branca","Medio incompleto ou equivalente",5209899.08973837,83867109.9682772,6.2121
2023,1,"2023-T1","Branca","Sem instrucao e menos de 1 ano de estudo",5169217.89914771,83867109.9682772,6.1636
2023,1,"2023-T1","Branca","Superior incompleto ou equivalente",4673083.15057043,83867109.9682772,5.572
2023,1,"2023-T1","Ignorado","Superior completo",18395.73019617,44508.38619702,41.3309
2023,1,"2023-T1","Ignorado","Medio completo ou equivalente",10282.15172261,44508.38619702,23.1016
2023,1,"2023-T1","Ignorado","Fundamental incompleto ou equivalente",9260.40758498,44508.38619702,20.806
2023,1,"2023-T1","Ignorado","Medio incompleto ou equivalente",3542.9368906,44508.38619702,7.9602
2023,1,"2023-T1","Ignorado","Fundamental completo ou equivalente",1541.33749944,44508.38619702,3.463
2023,1,"2023-T1","Ignorado","Sem instrucao e menos de 1 ano de estudo",882.03633728,44508.38619702,1.9817
2023,1,"2023-T1","Ignorado","Superior incompleto ou equivalente",603.78596594,44508.38619702,1.3566
2023,1,"2023-T1","Indigena","Fundamental incompleto ou equivalente",283274.31267572,826594.65801968,34.27
2023,1,"2023-T1","Indigena","Medio completo ou equivalente",215994.83338686,826594.65801968,26.1307
2023,1,"2023-T1","Indigena","Sem instrucao e menos de 1 ano de estudo",81561.74286122,826594.65801968,9.8672
2023,1,"2023-T1","Indigena","Medio incompleto ou equivalente",74956.60605713,826594.65801968,9.0681
2023,1,"2023-T1","Indigena","Superior completo",70165.61780455,826594.65801968,8.4885
2023,1,"2023-T1","Indigena","Fundamental completo ou equivalente",65897.59079695,826594.65801968,7.9722
2023,1,"2023-T1","Indigena","Superior incompleto ou equivalente",34743.95443725,826594.65801968,4.2033
2023,1,"2023-T1","Parda","Fundamental incompleto ou equivalente",32165692.298594,89911008.5596735,35.775
2023,1,"2023-T1","Parda","Medio completo ou equivalente",24151107.7188621,89911008.5596735,26.8611
2023,1,"2023-T1","Parda","Superior completo",8071675.25911131,89911008.5596735,8.9774
2023,1,"2023-T1","Parda","Sem instrucao e menos de 1 ano de estudo",7883277.95546714,89911008.5596735,8.7679
2023,1,"2023-T1","Parda","Medio incompleto ou equivalente",7300698.74262422,89911008.5596735,8.1199
2023,1,"2023-T1","Parda","Fundamental completo ou equivalente",7001396.80939903,89911008.5596735,7.787
2023,1,"2023-T1","Parda","Superior incompleto ou equivalente",3337159.77561571,89911008.5596735,3.7116
2023,1,"2023-T1","Preta","Fundamental incompleto ou equivalente",6778763.8791055,21169100.0194485,32.022
2023,1,"2023-T1","Preta","Medio completo ou equivalente",6313989.7676412,21169100.0194485,29.8264
2023,1,"2023-T1","Preta","Superior completo",2156247.00683265,21169100.0194485,10.1858
2023,1,"2023-T1","Preta","Medio incompleto ou equivalente",1729215.31312735,21169100.0194485,8.1686
2023,1,"2023-T1","Preta","Sem instrucao e menos de 1 ano de estudo",1728069.30103788,21169100.0194485,8.1632
2023,1,"2023-T1","Preta","Fundamental completo ou equivalente",1544500.75823141,21169100.0194485,7.296
2023,1,"2023-T1","Preta","Superior incompleto ou equivalente",918313.99347247,21169100.0194485,4.338
2023,2,"2023-T2","Amarela","Superior completo",431121.13866841,1471592.86614839,29.2962
2023,2,"2023-T2","Amarela","Medio completo ou equivalente",391476.98569041,1471592.86614839,26.6023
2023,2,"2023-T2","Amarela","Fundamental incompleto ou equivalente",317687.56545863,1471592.86614839,21.588
2023,2,"2023-T2","Amarela","Superior incompleto ou equivalente",91295.76362426,1471592.86614839,6.2039
2023,2,"2023-T2","Amarela","Fundamental completo ou equivalente",86384.24176216,1471592.86614839,5.8701
2023,2,"2023-T2","Amarela","Medio incompleto ou equivalente",85422.29939101,1471592.86614839,5.8048
2023,2,"2023-T2","Amarela","Sem instrucao e menos de 1 ano de estudo",68204.87155351,1471592.86614839,4.6348
2023,2,"2023-T2","Branca","Fundamental incompleto ou equivalente",23913960.0724053,84251592.4009401,28.384
2023,2,"2023-T2","Branca","Medio completo ou equivalente",22082359.1559174,84251592.4009401,26.21
2023,2,"2023-T2","Branca","Superior completo",17285140.775123,84251592.4009401,20.5161
2023,2,"2023-T2","Branca","Fundamental completo ou equivalente",5995187.27163464,84251592.4009401,7.1158
2023,2,"2023-T2","Branca","Sem instrucao e menos de 1 ano de estudo",5188335.16742028,84251592.4009401,6.1581
2023,2,"2023-T2","Branca","Medio incompleto ou equivalente",5091858.23278392,84251592.4009401,6.0436
2023,2,"2023-T2","Branca","Superior incompleto ou equivalente",4694751.72565564,84251592.4009401,5.5723
2023,2,"2023-T2","Ignorado","Superior completo",7976.32182317,23757.65110701,33.5737
2023,2,"2023-T2","Ignorado","Fundamental incompleto ou equivalente",6307.74572325,23757.65110701,26.5504
2023,2,"2023-T2","Ignorado","Medio completo ou equivalente",2958.59537189,23757.65110701,12.4532
2023,2,"2023-T2","Ignorado","Superior incompleto ou equivalente",2897.79130601,23757.65110701,12.1973
2023,2,"2023-T2","Ignorado","Sem instrucao e menos de 1 ano de estudo",2564.37419271,23757.65110701,10.7939
2023,2,"2023-T2","Ignorado","Fundamental completo ou equivalente",679.9844145,23757.65110701,2.8622
2023,2,"2023-T2","Ignorado","Medio incompleto ou equivalente",372.83827548,23757.65110701,1.5693
2023,2,"2023-T2","Indigena","Fundamental incompleto ou equivalente",300640.54157231,838372.0156212,35.86
2023,2,"2023-T2","Indigena","Medio completo ou equivalente",205467.48097498,838372.0156212,24.5079
2023,2,"2023-T2","Indigena","Sem instrucao e menos de 1 ano de estudo",93336.82084883,838372.0156212,11.1331
2023,2,"2023-T2","Indigena","Fundamental completo ou equivalente",71244.40732802,838372.0156212,8.4979
2023,2,"2023-T2","Indigena","Medio incompleto ou equivalente",70721.67341947,838372.0156212,8.4356
2023,2,"2023-T2","Indigena","Superior completo",61312.70544829,838372.0156212,7.3133
2023,2,"2023-T2","Indigena","Superior incompleto ou equivalente",35648.3860293,838372.0156212,4.2521
2023,2,"2023-T2","Parda","Fundamental incompleto ou equivalente",32025367.8538559,90046608.9770844,35.5653
2023,2,"2023-T2","Parda","Medio completo ou equivalente",24326354.2014959,90046608.9770844,27.0153
2023,2,"2023-T2","Parda","Superior completo",8078360.94825125,90046608.9770844,8.9713
2023,2,"2023-T2","Parda","Sem instrucao e menos de 1 ano de estudo",8020457.54665425,90046608.9770844,8.907
2023,2,"2023-T2","Parda","Medio incompleto ou equivalente",7284117.50545128,90046608.9770844,8.0893
2023,2,"2023-T2","Parda","Fundamental completo ou equivalente",6977282.13457868,90046608.9770844,7.7485
2023,2,"2023-T2","Parda","Superior incompleto ou equivalente",3334668.78679709,90046608.9770844,3.7033
2023,2,"2023-T2","Preta","Fundamental incompleto ou equivalente",6735304.27730669,20913834.0990127,32.205
2023,2,"2023-T2","Preta","Medio completo ou equivalente",6206334.63532725,20913834.0990127,29.6757
2023,2,"2023-T2","Preta","Superior completo",2115608.64602635,20913834.0990127,10.1158
2023,2,"2023-T2","Preta","Sem instrucao e menos de 1 ano de estudo",1712397.52102938,20913834.0990127,8.1879
2023,2,"2023-T2","Preta","Medio incompleto ou equivalente",1661738.26922458,20913834.0990127,7.9456
2023,2,"2023-T2","Preta","Fundamental completo ou equivalente",1572089.63045034,20913834.0990127,7.517
2023,2,"2023-T2","Preta","Superior incompleto ou equivalente",910361.11964812,20913834.0990127,4.3529
2023,3,"2023-T3","Amarela","Superior completo",416809.83522005,1446167.93207699,28.8217
2023,3,"2023-T3","Amarela","Medio completo ou equivalente",378901.20808357,1446167.93207699,26.2004
2023,3,"2023-T3","Amarela","Fundamental incompleto ou equivalente",314516.14785179,1446167.93207699,21.7482
2023,3,"2023-T3","Amarela","Superior incompleto ou equivalente",94200.07773669,1446167.93207699,6.5138
2023,3,"2023-T3","Amarela","Medio incompleto ou equivalente",88364.90697124,1446167.93207699,6.1103
2023,3,"2023-T3","Amarela","Sem instrucao e menos de 1 ano de estudo",77118.66060337,1446167.93207699,5.3326
2023,3,"2023-T3","Amarela","Fundamental completo ou equivalente",76257.09561028,1446167.93207699,5.273
2023,3,"2023-T3","Branca","Fundamental incompleto ou equivalente",23433428.5264386,84316885.089025,27.7921
2023,3,"2023-T3","Branca","Medio completo ou equivalente",22172763.3473286,84316885.089025,26.2969
2023,3,"2023-T3","Branca","Superior completo",17599009.6332037,84316885.089025,20.8725
2023,3,"2023-T3","Branca","Fundamental completo ou equivalente",5912184.83892155,84316885.089025,7.0119
2023,3,"2023-T3","Branca","Sem instrucao e menos de 1 ano de estudo",5456416.39834938,84316885.089025,6.4713
2023,3,"2023-T3","Branca","Medio incompleto ou equivalente",5066486.03284996,84316885.089025,6.0089
2023,3,"2023-T3","Branca","Superior incompleto ou equivalente",4676596.31193332,84316885.089025,5.5465
2023,3,"2023-T3","Ignorado","Fundamental incompleto ou equivalente",9334.84472188,21960.18968992,42.508
2023,3,"2023-T3","Ignorado","Medio completo ou equivalente",4998.727159,21960.18968992,22.7627
2023,3,"2023-T3","Ignorado","Superior completo",4995.05647181,21960.18968992,22.746
2023,3,"2023-T3","Ignorado","Sem instrucao e menos de 1 ano de estudo",1690.96796027,21960.18968992,7.7002
2023,3,"2023-T3","Ignorado","Fundamental completo ou equivalente",508.23980194,21960.18968992,2.3144
2023,3,"2023-T3","Ignorado","Medio incompleto ou equivalente",432.35357502,21960.18968992,1.9688
2023,3,"2023-T3","Indigena","Fundamental incompleto ou equivalente",321123.0143378,862988.72546932,37.2106
2023,3,"2023-T3","Indigena","Medio completo ou equivalente",205988.02376134,862988.72546932,23.8691
2023,3,"2023-T3","Indigena","Sem instrucao e menos de 1 ano de estudo",85681.98880517,862988.72546932,9.9285
2023,3,"2023-T3","Indigena","Superior completo",72800.12057315,862988.72546932,8.4358
2023,3,"2023-T3","Indigena","Fundamental completo ou equivalente",71372.51199277,862988.72546932,8.2704
2023,3,"2023-T3","Indigena","Medio incompleto ou equivalente",70714.74851093,862988.72546932,8.1942
2023,3,"2023-T3","Indigena","Superior incompleto ou equivalente",35308.31748816,862988.72546932,4.0914
2023,3,"2023-T3","Parda","Fundamental incompleto ou equivalente",31934395.7939058,90382448.1837598,35.3325
2023,3,"2023-T3","Parda","Medio completo ou equivalente",24389800.7595812,90382448.1837598,26.9851
2023,3,"2023-T3","Parda","Superior completo",8251930.04179756,90382448.1837598,9.13
2023,3,"2023-T3","Parda","Sem instrucao e menos de 1 ano de estudo",8214184.24324756,90382448.1837598,9.0883
2023,3,"2023-T3","Parda","Medio incompleto ou equivalente",7285199.34011632,90382448.1837598,8.0604
2023,3,"2023-T3","Parda","Fundamental completo ou equivalente",6927872.95824129,90382448.1837598,7.6651
2023,3,"2023-T3","Parda","Superior incompleto ou equivalente",3379065.04687007,90382448.1837598,3.7386
2023,3,"2023-T3","Preta","Fundamental incompleto ou equivalente",6771176.92440422,20847059.8930274,32.4802
2023,3,"2023-T3","Preta","Medio completo ou equivalente",6171223.70001086,20847059.8930274,29.6024
2023,3,"2023-T3","Preta","Superior completo",2091586.4212522,20847059.8930274,10.033
2023,3,"2023-T3","Preta","Sem instrucao e menos de 1 ano de estudo",1689387.29688838,20847059.8930274,8.1037
2023,3,"2023-T3","Preta","Medio incompleto ou equivalente",1638092.37751308,20847059.8930274,7.8577
2023,3,"2023-T3","Preta","Fundamental completo ou equivalente",1582835.52015131,20847059.8930274,7.5926
2023,3,"2023-T3","Preta","Superior incompleto ou equivalente",902757.65280737,20847059.8930274,4.3304
2023,4,"2023-T4","Amarela","Superior completo",410586.02823115,1400332.4979908,29.3206
2023,4,"2023-T4","Amarela","Medio completo ou equivalente",382365.21404667,1400332.4979908,27.3053
2023,4,"2023-T4","Amarela","Fundamental incompleto ou equivalente",300236.5009314,1400332.4979908,21.4404
2023,4,"2023-T4","Amarela","Superior incompleto ou equivalente",87270.04583859,1400332.4979908,6.2321
2023,4,"2023-T4","Amarela","Sem instrucao e menos de 1 ano de estudo",79123.05512996,1400332.4979908,5.6503
2023,4,"2023-T4","Amarela","Fundamental completo ou equivalente",71112.19085611,1400332.4979908,5.0782
2023,4,"2023-T4","Amarela","Medio incompleto ou equivalente",69639.46295692,1400332.4979908,4.9731
2023,4,"2023-T4","Branca","Fundamental incompleto ou equivalente",23316788.0514533,83970185.5972139,27.7679
2023,4,"2023-T4","Branca","Medio completo ou equivalente",21842167.2394209,83970185.5972139,26.0118
2023,4,"2023-T4","Branca","Superior completo",17867839.7768736,83970185.5972139,21.2788
2023,4,"2023-T4","Branca","Fundamental completo ou equivalente",5929478.57037716,83970185.5972139,7.0614
2023,4,"2023-T4","Branca","Sem instrucao e menos de 1 ano de estudo",5535557.45415008,83970185.5972139,6.5923
2023,4,"2023-T4","Branca","Medio incompleto ou equivalente",4876964.04852276,83970185.5972139,5.808
2023,4,"2023-T4","Branca","Superior incompleto ou equivalente",4601390.45641611,83970185.5972139,5.4798
2023,4,"2023-T4","Ignorado","Superior completo",10506.38663707,29871.3267249,35.1721
2023,4,"2023-T4","Ignorado","Medio completo ou equivalente",7341.41473314,29871.3267249,24.5768
2023,4,"2023-T4","Ignorado","Fundamental incompleto ou equivalente",6246.11242273,29871.3267249,20.9101
2023,4,"2023-T4","Ignorado","Medio incompleto ou equivalente",1984.33946702,29871.3267249,6.643
2023,4,"2023-T4","Ignorado","Superior incompleto ou equivalente",1458.16362955,29871.3267249,4.8815
2023,4,"2023-T4","Ignorado","Fundamental completo ou equivalente",1382.37298277,29871.3267249,4.6278
2023,4,"2023-T4","Ignorado","Sem instrucao e menos de 1 ano de estudo",952.53685262,29871.3267249,3.1888
2023,4,"2023-T4","Indigena","Fundamental incompleto ou equivalente",311674.10194857,857192.10786498,36.3599
2023,4,"2023-T4","Indigena","Medio completo ou equivalente",222507.44199321,857192.10786498,25.9577
2023,4,"2023-T4","Indigena","Sem instrucao e menos de 1 ano de estudo",83278.09964871,857192.10786498,9.7152
2023,4,"2023-T4","Indigena","Medio incompleto ou equivalente",73032.16127477,857192.10786498,8.5199
2023,4,"2023-T4","Indigena","Superior completo",66961.80551437,857192.10786498,7.8118
2023,4,"2023-T4","Indigena","Fundamental completo ou equivalente",66691.17798383,857192.10786498,7.7802
2023,4,"2023-T4","Indigena","Superior incompleto ou equivalente",33047.31950152,857192.10786498,3.8553
2023,4,"2023-T4","Parda","Fundamental incompleto ou equivalente",31899411.1684604,90748827.7872759,35.1513
2023,4,"2023-T4","Parda","Medio completo ou equivalente",24738725.2967008,90748827.7872759,27.2607
2023,4,"2023-T4","Parda","Superior completo",8378899.32517705,90748827.7872759,9.2331
2023,4,"2023-T4","Parda","Sem instrucao e menos de 1 ano de estudo",8285226.2497995,90748827.7872759,9.1298
2023,4,"2023-T4","Parda","Medio incompleto ou equivalente",7193897.53356163,90748827.7872759,7.9273
2023,4,"2023-T4","Parda","Fundamental completo ou equivalente",6909816.91460025,90748827.7872759,7.6142
2023,4,"2023-T4","Parda","Superior incompleto ou equivalente",3342851.29897631,90748827.7872759,3.6836
2023,4,"2023-T4","Preta","Fundamental incompleto ou equivalente",6903429.92037489,21200289.692483,32.5629
2023,4,"2023-T4","Preta","Medio completo ou equivalente",6358865.79685018,21200289.692483,29.9942
2023,4,"2023-T4","Preta","Superior completo",2147001.27074874,21200289.692483,10.1272
2023,4,"2023-T4","Preta","Medio incompleto ou equivalente",1678742.91327802,21200289.692483,7.9185
2023,4,"2023-T4","Preta","Sem instrucao e menos de 1 ano de estudo",1671567.55359101,21200289.692483,7.8846
2023,4,"2023-T4","Preta","Fundamental completo ou equivalente",1607266.66577751,21200289.692483,7.5813
2023,4,"2023-T4","Preta","Superior incompleto ou equivalente",833415.57186266,21200289.692483,3.9312
2024,1,"2024-T1","Amarela","Superior completo",436204.88357599,1357549.15324678,32.1318
2024,1,"2024-T1","Amarela","Medio completo ou equivalente",356775.66878451,1357549.15324678,26.2809
2024,1,"2024-T1","Amarela","Fundamental incompleto ou equivalente",262577.30121645,1357549.15324678,19.342
2024,1,"2024-T1","Amarela","Superior incompleto ou equivalente",93104.3389198,1357549.15324678,6.8583
2024,1,"2024-T1","Amarela","Medio incompleto ou equivalente",75201.04720319,1357549.15324678,5.5395
2024,1,"2024-T1","Amarela","Sem instrucao e menos de 1 ano de estudo",68159.10679349,1357549.15324678,5.0207
2024,1,"2024-T1","Amarela","Fundamental completo ou equivalente",65526.80675335,1357549.15324678,4.8268
2024,1,"2024-T1","Branca","Fundamental incompleto ou equivalente",23200722.3583855,83927743.786361,27.6437
2024,1,"2024-T1","Branca","Medio completo ou equivalente",22120237.410536,83927743.786361,26.3563
2024,1,"2024-T1","Branca","Superior completo",18078192.1407061,83927743.786361,21.5402
2024,1,"2024-T1","Branca","Fundamental completo ou equivalente",5866843.10097113,83927743.786361,6.9904
2024,1,"2024-T1","Branca","Sem instrucao e menos de 1 ano de estudo",4968118.76358444,83927743.786361,5.9195
2024,1,"2024-T1","Branca","Medio incompleto ou equivalente",4920212.70103357,83927743.786361,5.8624
2024,1,"2024-T1","Branca","Superior incompleto ou equivalente",4773417.31114421,83927743.786361,5.6875
2024,1,"2024-T1","Ignorado","Medio completo ou equivalente",6229.97393877,15406.80748444,40.4365
2024,1,"2024-T1","Ignorado","Superior completo",4108.89273027,15406.80748444,26.6693
2024,1,"2024-T1","Ignorado","Sem instrucao e menos de 1 ano de estudo",1743.09479159,15406.80748444,11.3138
2024,1,"2024-T1","Ignorado","Medio incompleto ou equivalente",1028.92812919,15406.80748444,6.6784
2024,1,"2024-T1","Ignorado","Fundamental completo ou equivalente",994.83045128,15406.80748444,6.4571
2024,1,"2024-T1","Ignorado","Superior incompleto ou equivalente",742.20617205,15406.80748444,4.8174
2024,1,"2024-T1","Ignorado","Fundamental incompleto ou equivalente",558.88127129,15406.80748444,3.6275
2024,1,"2024-T1","Indigena","Fundamental incompleto ou equivalente",332118.86725643,912673.25514694,36.3897
2024,1,"2024-T1","Indigena","Medio completo ou equivalente",233020.52754701,912673.25514694,25.5316
2024,1,"2024-T1","Indigena","Sem instrucao e menos de 1 ano de estudo",86162.00686513,912673.25514694,9.4406
2024,1,"2024-T1","Indigena","Superior completo",78370.08777815,912673.25514694,8.5869
2024,1,"2024-T1","Indigena","Medio incompleto ou equivalente",75859.43930426,912673.25514694,8.3118
2024,1,"2024-T1","Indigena","Fundamental completo ou equivalente",73439.32897604,912673.25514694,8.0466
2024,1,"2024-T1","Indigena","Superior incompleto ou equivalente",33702.99741992,912673.25514694,3.6928
2024,1,"2024-T1","Parda","Fundamental incompleto ou equivalente",31763753.7273666,90969562.7669397,34.9169
2024,1,"2024-T1","Parda","Medio completo ou equivalente",25129394.1277811,90969562.7669397,27.624
2024,1,"2024-T1","Parda","Superior completo",8569767.42255867,90969562.7669397,9.4205
2024,1,"2024-T1","Parda","Sem instrucao e menos de 1 ano de estudo",7500215.89518579,90969562.7669397,8.2448
2024,1,"2024-T1","Parda","Medio incompleto ou equivalente",7351851.99820886,90969562.7669397,8.0817
2024,1,"2024-T1","Parda","Fundamental completo ou equivalente",7128547.033991,90969562.7669397,7.8362
2024,1,"2024-T1","Parda","Superior incompleto ou equivalente",3526032.56184762,90969562.7669397,3.8761
2024,1,"2024-T1","Preta","Fundamental incompleto ou equivalente",6884051.60255053,21349604.2343354,32.2444
2024,1,"2024-T1","Preta","Medio completo ou equivalente",6445383.00742588,21349604.2343354,30.1897
2024,1,"2024-T1","Preta","Superior completo",2209281.09930649,21349604.2343354,10.3481
2024,1,"2024-T1","Preta","Medio incompleto ou equivalente",1730146.19165509,21349604.2343354,8.1039
2024,1,"2024-T1","Preta","Fundamental completo ou equivalente",1633812.94067134,21349604.2343354,7.6527
2024,1,"2024-T1","Preta","Sem instrucao e menos de 1 ano de estudo",1579027.7751594,21349604.2343354,7.3961
2024,1,"2024-T1","Preta","Superior incompleto ou equivalente",867901.61756669,21349604.2343354,4.0652
2024,2,"2024-T2","Amarela","Superior completo",407979.39756985,1245648.5483831,32.7524
2024,2,"2024-T2","Amarela","Medio completo ou equivalente",316456.33452333,1245648.5483831,25.4049
2024,2,"2024-T2","Amarela","Fundamental incompleto ou equivalente",244200.99199024,1245648.5483831,19.6043
2024,2,"2024-T2","Amarela","Medio incompleto ou equivalente",75332.6047541,1245648.5483831,6.0477
2024,2,"2024-T2","Amarela","Superior incompleto ou equivalente",74465.30639804,1245648.5483831,5.978
2024,2,"2024-T2","Amarela","Fundamental completo ou equivalente",69220.11881336,1245648.5483831,5.557
2024,2,"2024-T2","Amarela","Sem instrucao e menos de 1 ano de estudo",57993.79433418,1245648.5483831,4.6557
2024,2,"2024-T2","Branca","Fundamental incompleto ou equivalente",22993778.5134808,83775223.2944113,27.447
2024,2,"2024-T2","Branca","Medio completo ou equivalente",22138749.8331048,83775223.2944113,26.4264
2024,2,"2024-T2","Branca","Superior completo",18092430.9193478,83775223.2944113,21.5964
2024,2,"2024-T2","Branca","Fundamental completo ou equivalente",5777248.78689997,83775223.2944113,6.8961
2024,2,"2024-T2","Branca","Sem instrucao e menos de 1 ano de estudo",5088655.52080556,83775223.2944113,6.0742
2024,2,"2024-T2","Branca","Medio incompleto ou equivalente",4953173.79506561,83775223.2944113,5.9125
2024,2,"2024-T2","Branca","Superior incompleto ou equivalente",4731185.92570674,83775223.2944113,5.6475
2024,2,"2024-T2","Ignorado","Medio completo ou equivalente",4203.01187442,15120.88910994,27.7961
2024,2,"2024-T2","Ignorado","Superior completo",4194.72335733,15120.88910994,27.7412
2024,2,"2024-T2","Ignorado","Fundamental completo ou equivalente",3669.89459636,15120.88910994,24.2704
2024,2,"2024-T2","Ignorado","Fundamental incompleto ou equivalente",1310.89726207,15120.88910994,8.6694
2024,2,"2024-T2","Ignorado","Sem instrucao e menos de 1 ano de estudo",1005.16027436,15120.88910994,6.6475
2024,2,"2024-T2","Ignorado","Superior incompleto ou equivalente",737.2017454,15120.88910994,4.8754
2024,2,"2024-T2","Indigena","Fundamental incompleto ou equivalente",325773.5535965,915640.99710201,35.5787
2024,2,"2024-T2","Indigena","Medio completo ou equivalente",238978.89788199,915640.99710201,26.0996
2024,2,"2024-T2","Indigena","Sem instrucao e menos de 1 ano de estudo",100969.57761803,915640.99710201,11.0272
2024,2,"2024-T2","Indigena","Superior completo",76711.83188499,915640.99710201,8.3779
2024,2,"2024-T2","Indigena","Medio incompleto ou equivalente",68728.73733326,915640.99710201,7.5061
2024,2,"2024-T2","Indigena","Fundamental completo ou equivalente",66839.66800315,915640.99710201,7.2998
2024,2,"2024-T2","Indigena","Superior incompleto ou equivalente",37638.73078409,915640.99710201,4.1106
2024,2,"2024-T2","Parda","Fundamental incompleto ou equivalente",31793407.207371,91627323.9117843,34.6986
2024,2,"2024-T2","Parda","Medio completo ou equivalente",25385770.7872557,91627323.9117843,27.7055
2024,2,"2024-T2","Parda","Superior completo",8792708.63342573,91627323.9117843,9.5962
2024,2,"2024-T2","Parda","Sem instrucao e menos de 1 ano de estudo",7686951.64392153,91627323.9117843,8.3894
2024,2,"2024-T2","Parda","Medio incompleto ou equivalente",7231283.02976661,91627323.9117843,7.8921
2024,2,"2024-T2","Parda","Fundamental completo ou equivalente",7180977.64832032,91627323.9117843,7.8372
2024,2,"2024-T2","Parda","Superior incompleto ou equivalente",3556224.96172346,91627323.9117843,3.8812
2024,2,"2024-T2","Preta","Fundamental incompleto ou equivalente",6783658.99755154,21269106.3620444,31.8944
2024,2,"2024-T2","Preta","Medio completo ou equivalente",6405710.63918531,21269106.3620444,30.1174
2024,2,"2024-T2","Preta","Superior completo",2207641.24166439,21269106.3620444,10.3796
2024,2,"2024-T2","Preta","Medio incompleto ou equivalente",1734442.90568075,21269106.3620444,8.1548
2024,2,"2024-T2","Preta","Sem instrucao e menos de 1 ano de estudo",1655031.64177519,21269106.3620444,7.7814
2024,2,"2024-T2","Preta","Fundamental completo ou equivalente",1622453.97838656,21269106.3620444,7.6282
2024,2,"2024-T2","Preta","Superior incompleto ou equivalente",860166.9578007,21269106.3620444,4.0442
2024,3,"2024-T3","Amarela","Superior completo",425935.29021256,1228498.31985822,34.6712
2024,3,"2024-T3","Amarela","Medio completo ou equivalente",311350.95752906,1228498.31985822,25.344
2024,3,"2024-T3","Amarela","Fundamental incompleto ou equivalente",253885.23902247,1228498.31985822,20.6663
2024,3,"2024-T3","Amarela","Medio incompleto ou equivalente",70236.58074296,1228498.31985822,5.7173
2024,3,"2024-T3","Amarela","Fundamental completo ou equivalente",62877.6339164,1228498.31985822,5.1183
2024,3,"2024-T3","Amarela","Superior incompleto ou equivalente",58079.27218092,1228498.31985822,4.7277
2024,3,"2024-T3","Amarela","Sem instrucao e menos de 1 ano de estudo",46133.34625385,1228498.31985822,3.7553
2024,3,"2024-T3","Branca","Fundamental incompleto ou equivalente",22867656.618671,83671249.8602746,27.3304
2024,3,"2024-T3","Branca","Medio completo ou equivalente",22000316.792798,83671249.8602746,26.2938
2024,3,"2024-T3","Branca","Superior completo",18045690.6174895,83671249.8602746,21.5674
2024,3,"2024-T3","Branca","Fundamental completo ou equivalente",5790686.28265785,83671249.8602746,6.9208
2024,3,"2024-T3","Branca","Sem instrucao e menos de 1 ano de estudo",5300422.33666305,83671249.8602746,6.3348
2024,3,"2024-T3","Branca","Medio incompleto ou equivalente",4982479.03858566,83671249.8602746,5.9548
2024,3,"2024-T3","Branca","Superior incompleto ou equivalente",4683998.17340944,83671249.8602746,5.5981
2024,3,"2024-T3","Ignorado","Medio completo ou equivalente",7803.33539213,22743.04537576,34.3109
2024,3,"2024-T3","Ignorado","Superior completo",6413.80600624,22743.04537576,28.2012
2024,3,"2024-T3","Ignorado","Fundamental incompleto ou equivalente",3754.40986408,22743.04537576,16.5079
2024,3,"2024-T3","Ignorado","Medio incompleto ou equivalente",2138.89589057,22743.04537576,9.4046
2024,3,"2024-T3","Ignorado","Sem instrucao e menos de 1 ano de estudo",1403.30625752,22743.04537576,6.1703
2024,3,"2024-T3","Ignorado","Superior incompleto ou equivalente",705.0476254,22743.04537576,3.1001
2024,3,"2024-T3","Ignorado","Fundamental completo ou equivalente",524.24433982,22743.04537576,2.3051
2024,3,"2024-T3","Indigena","Fundamental incompleto ou equivalente",309227.83509435,914245.3935857,33.8233
2024,3,"2024-T3","Indigena","Medio completo ou equivalente",253228.78791699,914245.3935857,27.6981
2024,3,"2024-T3","Indigena","Sem instrucao e menos de 1 ano de estudo",93992.31969505,914245.3935857,10.2809
2024,3,"2024-T3","Indigena","Superior completo",76631.51361133,914245.3935857,8.3819
2024,3,"2024-T3","Indigena","Medio incompleto ou equivalente",75127.03207123,914245.3935857,8.2174
2024,3,"2024-T3","Indigena","Fundamental completo ou equivalente",71610.70192848,914245.3935857,7.8328
2024,3,"2024-T3","Indigena","Superior incompleto ou equivalente",34427.20326827,914245.3935857,3.7656
2024,3,"2024-T3","Parda","Fundamental incompleto ou equivalente",31695338.4750774,91689794.5227157,34.568
2024,3,"2024-T3","Parda","Medio completo ou equivalente",25482254.6505907,91689794.5227157,27.7918
2024,3,"2024-T3","Parda","Superior completo",8885491.62748056,91689794.5227157,9.6908
2024,3,"2024-T3","Parda","Sem instrucao e menos de 1 ano de estudo",7876703.64556206,91689794.5227157,8.5906
2024,3,"2024-T3","Parda","Medio incompleto ou equivalente",7211768.90442186,91689794.5227157,7.8654
2024,3,"2024-T3","Parda","Fundamental completo ou equivalente",7039098.82181092,91689794.5227157,7.6771
2024,3,"2024-T3","Parda","Superior incompleto ou equivalente",3499138.39777208,91689794.5227157,3.8163
2024,3,"2024-T3","Preta","Fundamental incompleto ou equivalente",6839760.11488764,21633256.8601449,31.6169
2024,3,"2024-T3","Preta","Medio completo ou equivalente",6546728.01225153,21633256.8601449,30.2623
2024,3,"2024-T3","Preta","Superior completo",2228595.13908551,21633256.8601449,10.3017
2024,3,"2024-T3","Preta","Medio incompleto ou equivalente",1795656.5598391,21633256.8601449,8.3004
2024,3,"2024-T3","Preta","Sem instrucao e menos de 1 ano de estudo",1735694.80347497,21633256.8601449,8.0233
2024,3,"2024-T3","Preta","Fundamental completo ou equivalente",1617673.61574337,21633256.8601449,7.4777
2024,3,"2024-T3","Preta","Superior incompleto ou equivalente",869148.61486274,21633256.8601449,4.0177
2024,4,"2024-T4","Amarela","Superior completo",418744.8673154,1259644.94698066,33.2431
2024,4,"2024-T4","Amarela","Medio completo ou equivalente",336031.55112726,1259644.94698066,26.6767
2024,4,"2024-T4","Amarela","Fundamental incompleto ou equivalente",260553.74284831,1259644.94698066,20.6847
2024,4,"2024-T4","Amarela","Fundamental completo ou equivalente",68804.91171653,1259644.94698066,5.4622
2024,4,"2024-T4","Amarela","Sem instrucao e menos de 1 ano de estudo",65445.57850539,1259644.94698066,5.1956
2024,4,"2024-T4","Amarela","Medio incompleto ou equivalente",57402.80202743,1259644.94698066,4.5571
2024,4,"2024-T4","Amarela","Superior incompleto ou equivalente",52661.49344034,1259644.94698066,4.1807
2024,4,"2024-T4","Branca","Fundamental incompleto ou equivalente",22768885.0006288,84057008.3565241,27.0874
2024,4,"2024-T4","Branca","Medio completo ou equivalente",22513531.898364,84057008.3565241,26.7836
2024,4,"2024-T4","Branca","Superior completo",18510806.6109722,84057008.3565241,22.0217
2024,4,"2024-T4","Branca","Fundamental completo ou equivalente",5596109.64565198,84057008.3565241,6.6575
2024,4,"2024-T4","Branca","Sem instrucao e menos de 1 ano de estudo",5303210.18658597,84057008.3565241,6.3091
2024,4,"2024-T4","Branca","Medio incompleto ou equivalente",4782460.67754125,84057008.3565241,5.6895
2024,4,"2024-T4","Branca","Superior incompleto ou equivalente",4582004.3367798,84057008.3565241,5.4511
2024,4,"2024-T4","Ignorado","Medio completo ou equivalente",6737.91798781,18403.79585864,36.6116
2024,4,"2024-T4","Ignorado","Fundamental incompleto ou equivalente",5802.035338,18403.79585864,31.5263
2024,4,"2024-T4","Ignorado","Superior completo",4850.81014549,18403.79585864,26.3577
2024,4,"2024-T4","Ignorado","Sem instrucao e menos de 1 ano de estudo",771.0978923,18403.79585864,4.1899
2024,4,"2024-T4","Ignorado","Superior incompleto ou equivalente",241.93449504,18403.79585864,1.3146
2024,4,"2024-T4","Indigena","Fundamental incompleto ou equivalente",320236.8206351,928166.377093,34.5021
2024,4,"2024-T4","Indigena","Medio completo ou equivalente",242014.55596131,928166.377093,26.0745
2024,4,"2024-T4","Indigena","Superior completo",92534.16604062,928166.377093,9.9696
2024,4,"2024-T4","Indigena","Sem instrucao e menos de 1 ano de estudo",92436.92102008,928166.377093,9.9591
2024,4,"2024-T4","Indigena","Medio incompleto ou equivalente",78396.79101253,928166.377093,8.4464
2024,4,"2024-T4","Indigena","Fundamental completo ou equivalente",66163.2030169,928166.377093,7.1284
2024,4,"2024-T4","Indigena","Superior incompleto ou equivalente",36383.91940646,928166.377093,3.92
2024,4,"2024-T4","Parda","Fundamental incompleto ou equivalente",31441852.4134257,91610694.628246,34.3212
2024,4,"2024-T4","Parda","Medio completo ou equivalente",26064221.7417582,91610694.628246,28.4511
2024,4,"2024-T4","Parda","Superior completo",9101207.74552036,91610694.628246,9.9347
2024,4,"2024-T4","Parda","Sem instrucao e menos de 1 ano de estudo",7656315.02353537,91610694.628246,8.3574
2024,4,"2024-T4","Parda","Medio incompleto ou equivalente",7168144.02876897,91610694.628246,7.8246
2024,4,"2024-T4","Parda","Fundamental completo ou equivalente",6835122.59434492,91610694.628246,7.4611
2024,4,"2024-T4","Parda","Superior incompleto ou equivalente",3343831.08089246,91610694.628246,3.65
2024,4,"2024-T4","Preta","Fundamental incompleto ou equivalente",6777118.7783118,21586367.8974586,31.3954
2024,4,"2024-T4","Preta","Medio completo ou equivalente",6711802.47912027,21586367.8974586,31.0928
2024,4,"2024-T4","Preta","Superior completo",2202930.80207493,21586367.8974586,10.2052
2024,4,"2024-T4","Preta","Medio incompleto ou equivalente",1701902.51683789,21586367.8974586,7.8842
2024,4,"2024-T4","Preta","Sem instrucao e menos de 1 ano de estudo",1672184.67588477,21586367.8974586,7.7465
2024,4,"2024-T4","Preta","Fundamental completo ou equivalente",1655065.75599073,21586367.8974586,7.6672
2024,4,"2024-T4","Preta","Superior incompleto ou equivalente",865362.88923824,21586367.8974586,4.0088
2025,1,"2025-T1","Amarela","Superior completo",441779.94296222,1254381.85015395,35.2189
2025,1,"2025-T1","Amarela","Medio completo ou equivalente",312697.79185732,1254381.85015395,24.9284
2025,1,"2025-T1","Amarela","Fundamental incompleto ou equivalente",256062.11374393,1254381.85015395,20.4134
2025,1,"2025-T1","Amarela","Fundamental completo ou equivalente",73372.45812537,1254381.85015395,5.8493
2025,1,"2025-T1","Amarela","Superior incompleto ou equivalente",68176.85276464,1254381.85015395,5.4351
2025,1,"2025-T1","Amarela","Sem instrucao e menos de 1 ano de estudo",51642.63898845,1254381.85015395,4.117
2025,1,"2025-T1","Amarela","Medio incompleto ou equivalente",50650.05171202,1254381.85015395,4.0378
2025,1,"2025-T1","Branca","Medio completo ou equivalente",22840593.2689553,83880480.8465138,27.2299
2025,1,"2025-T1","Branca","Fundamental incompleto ou equivalente",22690352.7191197,83880480.8465138,27.0508
2025,1,"2025-T1","Branca","Superior completo",18819195.417744,83880480.8465138,22.4357
2025,1,"2025-T1","Branca","Fundamental completo ou equivalente",5478588.40073061,83880480.8465138,6.5314
2025,1,"2025-T1","Branca","Superior incompleto ou equivalente",4807721.73292253,83880480.8465138,5.7316
2025,1,"2025-T1","Branca","Medio incompleto ou equivalente",4716378.59780209,83880480.8465138,5.6227
2025,1,"2025-T1","Branca","Sem instrucao e menos de 1 ano de estudo",4527650.70923955,83880480.8465138,5.3977
2025,1,"2025-T1","Ignorado","Superior completo",5888.73701323,14702.81486078,40.0518
2025,1,"2025-T1","Ignorado","Fundamental incompleto ou equivalente",4546.46231366,14702.81486078,30.9224
2025,1,"2025-T1","Ignorado","Medio completo ou equivalente",2139.47328561,14702.81486078,14.5515
2025,1,"2025-T1","Ignorado","Sem instrucao e menos de 1 ano de estudo",1198.78103501,14702.81486078,8.1534
2025,1,"2025-T1","Ignorado","Medio incompleto ou equivalente",422.62680029,14702.81486078,2.8745
2025,1,"2025-T1","Ignorado","Fundamental completo ou equivalente",255.777612,14702.81486078,1.7397
2025,1,"2025-T1","Ignorado","Superior incompleto ou equivalente",250.95680098,14702.81486078,1.7069
2025,1,"2025-T1","Indigena","Fundamental incompleto ou equivalente",289773.0411656,915558.06572119,31.6499
2025,1,"2025-T1","Indigena","Medio completo ou equivalente",276360.93610821,915558.06572119,30.185
2025,1,"2025-T1","Indigena","Superior completo",90779.96386181,915558.06572119,9.9153
2025,1,"2025-T1","Indigena","Sem instrucao e menos de 1 ano de estudo",88140.09204097,915558.06572119,9.6269
2025,1,"2025-T1","Indigena","Fundamental completo ou equivalente",69093.42839309,915558.06572119,7.5466
2025,1,"2025-T1","Indigena","Medio incompleto ou equivalente",67863.87079959,915558.06572119,7.4123
2025,1,"2025-T1","Indigena","Superior incompleto ou equivalente",33546.73335192,915558.06572119,3.6641
2025,1,"2025-T1","Parda","Fundamental incompleto ou equivalente",31178184.9291634,92111203.5593009,33.8484
2025,1,"2025-T1","Parda","Medio completo ou equivalente",26825828.5022651,92111203.5593009,29.1233
2025,1,"2025-T1","Parda","Superior completo",9353288.66439241,92111203.5593009,10.1543
2025,1,"2025-T1","Parda","Medio incompleto ou equivalente",7155140.32393394,92111203.5593009,7.7679
2025,1,"2025-T1","Parda","Fundamental completo ou equivalente",7080439.79407151,92111203.5593009,7.6868
2025,1,"2025-T1","Parda","Sem instrucao e menos de 1 ano de estudo",7015783.28566189,92111203.5593009,7.6166
2025,1,"2025-T1","Parda","Superior incompleto ou equivalente",3502538.05981269,92111203.5593009,3.8025
2025,1,"2025-T1","Preta","Medio completo ou equivalente",6926498.3101058,21581217.865629,32.095
2025,1,"2025-T1","Preta","Fundamental incompleto ou equivalente",6655880.77555122,21581217.865629,30.8411
2025,1,"2025-T1","Preta","Superior completo",2279160.37924512,21581217.865629,10.5609
2025,1,"2025-T1","Preta","Medio incompleto ou equivalente",1701116.27654445,21581217.865629,7.8824
2025,1,"2025-T1","Preta","Fundamental completo ou equivalente",1620651.84525973,21581217.865629,7.5095
2025,1,"2025-T1","Preta","Sem instrucao e menos de 1 ano de estudo",1524255.55440308,21581217.865629,7.0629
2025,1,"2025-T1","Preta","Superior incompleto ou equivalente",873654.72451963,21581217.865629,4.0482
2025,2,"2025-T2","Amarela","Superior completo",392498.69490266,1190874.55109291,32.9589
2025,2,"2025-T2","Amarela","Medio completo ou equivalente",285912.24374293,1190874.55109291,24.0086
2025,2,"2025-T2","Amarela","Fundamental incompleto ou equivalente",258954.87187525,1190874.55109291,21.7449
2025,2,"2025-T2","Amarela","Superior incompleto ou equivalente",70157.66590298,1190874.55109291,5.8913
2025,2,"2025-T2","Amarela","Fundamental completo ou equivalente",64695.17804611,1190874.55109291,5.4326
2025,2,"2025-T2","Amarela","Medio incompleto ou equivalente",63930.31402047,1190874.55109291,5.3684
2025,2,"2025-T2","Amarela","Sem instrucao e menos de 1 ano de estudo",54725.58260251,1190874.55109291,4.5954
2025,2,"2025-T2","Branca","Fundamental incompleto ou equivalente",22764056.5808602,84628987.998462,26.8987
2025,2,"2025-T2","Branca","Medio completo ou equivalente",22478400.5840733,84628987.998462,26.5611
2025,2,"2025-T2","Branca","Superior completo",19216916.4219143,84628987.998462,22.7073
2025,2,"2025-T2","Branca","Fundamental completo ou equivalente",5563014.71552795,84628987.998462,6.5734
2025,2,"2025-T2","Branca","Superior incompleto ou equivalente",4917188.24025789,84628987.998462,5.8103
2025,2,"2025-T2","Branca","Medio incompleto ou equivalente",4912080.12395686,84628987.998462,5.8043
2025,2,"2025-T2","Branca","Sem instrucao e menos de 1 ano de estudo",4777331.33187154,84628987.998462,5.645
2025,2,"2025-T2","Ignorado","Superior completo",6847.97173002,20458.59231369,33.4724
2025,2,"2025-T2","Ignorado","Medio completo ou equivalente",6061.94719973,20458.59231369,29.6303
2025,2,"2025-T2","Ignorado","Superior incompleto ou equivalente",2702.07515487,20458.59231369,13.2075
2025,2,"2025-T2","Ignorado","Fundamental incompleto ou equivalente",2658.16955737,20458.59231369,12.9929
2025,2,"2025-T2","Ignorado","Fundamental completo ou equivalente",1302.36353698,20458.59231369,6.3659
2025,2,"2025-T2","Ignorado","Sem instrucao e menos de 1 ano de estudo",886.06513472,20458.59231369,4.331
2025,2,"2025-T2","Indigena","Fundamental incompleto ou equivalente",309902.74061371,886974.86239621,34.9393
2025,2,"2025-T2","Indigena","Medio completo ou equivalente",238337.24452499,886974.86239621,26.8708
2025,2,"2025-T2","Indigena","Superior completo",92601.33680668,886974.86239621,10.4401
2025,2,"2025-T2","Indigena","Sem instrucao e menos de 1 ano de estudo",82149.1167551,886974.86239621,9.2617
2025,2,"2025-T2","Indigena","Fundamental completo ou equivalente",64647.24412181,886974.86239621,7.2885
2025,2,"2025-T2","Indigena","Medio incompleto ou equivalente",61976.67553762,886974.86239621,6.9874
2025,2,"2025-T2","Indigena","Superior incompleto ou equivalente",37360.5040363,886974.86239621,4.2121
2025,2,"2025-T2","Parda","Fundamental incompleto ou equivalente",30917906.6237612,91682905.4824768,33.7227
2025,2,"2025-T2","Parda","Medio completo ou equivalente",26377317.2092168,91682905.4824768,28.7702
2025,2,"2025-T2","Parda","Superior completo",9376544.94199041,91682905.4824768,10.2271
2025,2,"2025-T2","Parda","Sem instrucao e menos de 1 ano de estudo",7243015.8052212,91682905.4824768,7.9001
2025,2,"2025-T2","Parda","Medio incompleto ou equivalente",7230076.11485614,91682905.4824768,7.886
2025,2,"2025-T2","Parda","Fundamental completo ou equivalente",6929800.42606099,91682905.4824768,7.5584
2025,2,"2025-T2","Parda","Superior incompleto ou equivalente",3608244.36137014,91682905.4824768,3.9356
2025,2,"2025-T2","Preta","Medio completo ou equivalente",6869907.72956024,21631835.5144904,31.7583
2025,2,"2025-T2","Preta","Fundamental incompleto ou equivalente",6723134.96163296,21631835.5144904,31.0798
2025,2,"2025-T2","Preta","Superior completo",2248367.84857931,21631835.5144904,10.3938
2025,2,"2025-T2","Preta","Medio incompleto ou equivalente",1738219.81571835,21631835.5144904,8.0355
2025,2,"2025-T2","Preta","Fundamental completo ou equivalente",1610671.97195756,21631835.5144904,7.4458
2025,2,"2025-T2","Preta","Sem instrucao e menos de 1 ano de estudo",1525103.25775171,21631835.5144904,7.0503
2025,2,"2025-T2","Preta","Superior incompleto ou equivalente",916429.92929029,21631835.5144904,4.2365
2025,3,"2025-T3","Amarela","Superior completo",408926.1934369,1242280.04877621,32.9174
2025,3,"2025-T3","Amarela","Medio completo ou equivalente",324433.71820578,1242280.04877621,26.116
2025,3,"2025-T3","Amarela","Fundamental incompleto ou equivalente",258048.62892788,1242280.04877621,20.7722
2025,3,"2025-T3","Amarela","Fundamental completo ou equivalente",74204.53134026,1242280.04877621,5.9733
2025,3,"2025-T3","Amarela","Superior incompleto ou equivalente",68196.01524428,1242280.04877621,5.4896
2025,3,"2025-T3","Amarela","Medio incompleto ou equivalente",58537.41672735,1242280.04877621,4.7121
2025,3,"2025-T3","Amarela","Sem instrucao e menos de 1 ano de estudo",49933.54489376,1242280.04877621,4.0195
2025,3,"2025-T3","Branca","Fundamental incompleto ou equivalente",22678751.7829998,84765213.3589375,26.7548
2025,3,"2025-T3","Branca","Medio completo ou equivalente",22552029.0333607,84765213.3589375,26.6053
2025,3,"2025-T3","Branca","Superior completo",19469864.8693329,84765213.3589375,22.9692
2025,3,"2025-T3","Branca","Fundamental completo ou equivalente",5553619.35396674,84765213.3589375,6.5518
2025,3,"2025-T3","Branca","Sem instrucao e menos de 1 ano de estudo",4933061.2977002,84765213.3589375,5.8197
2025,3,"2025-T3","Branca","Superior incompleto ou equivalente",4790534.73440885,84765213.3589375,5.6515
2025,3,"2025-T3","Branca","Medio incompleto ou equivalente",4787352.28716837,84765213.3589375,5.6478
2025,3,"2025-T3","Ignorado","Superior completo",6557.78808295,21071.6481128,31.1214
2025,3,"2025-T3","Ignorado","Fundamental incompleto ou equivalente",4344.04102456,21071.6481128,20.6156
2025,3,"2025-T3","Ignorado","Fundamental completo ou equivalente",3320.59286032,21071.6481128,15.7586
2025,3,"2025-T3","Ignorado","Sem instrucao e menos de 1 ano de estudo",3227.02195532,21071.6481128,15.3145
2025,3,"2025-T3","Ignorado","Medio completo ou equivalente",2768.44370221,21071.6481128,13.1382
2025,3,"2025-T3","Ignorado","Superior incompleto ou equivalente",574.77869373,21071.6481128,2.7277
2025,3,"2025-T3","Ignorado","Medio incompleto ou equivalente",278.98179371,21071.6481128,1.324
2025,3,"2025-T3","Indigena","Fundamental incompleto ou equivalente",273632.49706328,873841.49016618,31.3137
2025,3,"2025-T3","Indigena","Medio completo ou equivalente",241845.99843904,873841.49016618,27.6762
2025,3,"2025-T3","Indigena","Superior completo",105854.53847177,873841.49016618,12.1137
2025,3,"2025-T3","Indigena","Sem instrucao e menos de 1 ano de estudo",85775.89034134,873841.49016618,9.816
2025,3,"2025-T3","Indigena","Fundamental completo ou equivalente",66881.17778042,873841.49016618,7.6537
2025,3,"2025-T3","Indigena","Medio incompleto ou equivalente",54382.13528174,873841.49016618,6.2233
2025,3,"2025-T3","Indigena","Superior incompleto ou equivalente",45469.25278859,873841.49016618,5.2034
2025,3,"2025-T3","Parda","Fundamental incompleto ou equivalente",31094369.8896733,91787193.3269101,33.8766
2025,3,"2025-T3","Parda","Medio completo ou equivalente",26164430.3595192,91787193.3269101,28.5055
2025,3,"2025-T3","Parda","Superior completo",9424144.82811583,91787193.3269101,10.2674
2025,3,"2025-T3","Parda","Sem instrucao e menos de 1 ano de estudo",7360742.76174329,91787193.3269101,8.0194
2025,3,"2025-T3","Parda","Medio incompleto ou equivalente",7340087.69886466,91787193.3269101,7.9969
2025,3,"2025-T3","Parda","Fundamental completo ou equivalente",6783481.19267306,91787193.3269101,7.3904
2025,3,"2025-T3","Parda","Superior incompleto ou equivalente",3619936.59632075,91787193.3269101,3.9438
2025,3,"2025-T3","Preta","Medio completo ou equivalente",6828784.40827575,21636929.1356979,31.5608
2025,3,"2025-T3","Preta","Fundamental incompleto ou equivalente",6718047.13756644,21636929.1356979,31.049
2025,3,"2025-T3","Preta","Superior completo",2251588.0333662,21636929.1356979,10.4062
2025,3,"2025-T3","Preta","Medio incompleto ou equivalente",1722747.98560377,21636929.1356979,7.9621
2025,3,"2025-T3","Preta","Sem instrucao e menos de 1 ano de estudo",1617251.37674671,21636929.1356979,7.4745
2025,3,"2025-T3","Preta","Fundamental completo ou equivalente",1550675.99771994,21636929.1356979,7.1668
2025,3,"2025-T3","Preta","Superior incompleto ou equivalente",947834.19641911,21636929.1356979,4.3806
2025,4,"2025-T4","Amarela","Superior completo",425064.74668037,1233259.05020775,34.4668
2025,4,"2025-T4","Amarela","Medio completo ou equivalente",330212.80435201,1233259.05020775,26.7756
2025,4,"2025-T4","Amarela","Fundamental incompleto ou equivalente",230830.00732293,1233259.05020775,18.7171
2025,4,"2025-T4","Amarela","Superior incompleto ou equivalente",72376.25876293,1233259.05020775,5.8687
2025,4,"2025-T4","Amarela","Medio incompleto ou equivalente",61673.02850906,1233259.05020775,5.0008
2025,4,"2025-T4","Amarela","Sem instrucao e menos de 1 ano de estudo",57379.2544628,1233259.05020775,4.6527
2025,4,"2025-T4","Amarela","Fundamental completo ou equivalente",55722.95011765,1233259.05020775,4.5183
2025,4,"2025-T4","Branca","Fundamental incompleto ou equivalente",22624471.8287926,85087681.0203886,26.5896
2025,4,"2025-T4","Branca","Medio completo ou equivalente",22567987.9252207,85087681.0203886,26.5232
2025,4,"2025-T4","Branca","Superior completo",19815923.2332145,85087681.0203886,23.2888
2025,4,"2025-T4","Branca","Fundamental completo ou equivalente",5377871.30325377,85087681.0203886,6.3204
2025,4,"2025-T4","Branca","Sem instrucao e menos de 1 ano de estudo",5028620.41894275,85087681.0203886,5.9099
2025,4,"2025-T4","Branca","Superior incompleto ou equivalente",4952529.0056595,85087681.0203886,5.8205
2025,4,"2025-T4","Branca","Medio incompleto ou equivalente",4720277.30530489,85087681.0203886,5.5475
2025,4,"2025-T4","Ignorado","Superior completo",5625.10226835,18599.32763249,30.2436
2025,4,"2025-T4","Ignorado","Medio completo ou equivalente",5043.87358454,18599.32763249,27.1186
2025,4,"2025-T4","Ignorado","Fundamental incompleto ou equivalente",2710.41853844,18599.32763249,14.5727
2025,4,"2025-T4","Ignorado","Superior incompleto ou equivalente",1880.9003572,18599.32763249,10.1127
2025,4,"2025-T4","Ignorado","Fundamental completo ou equivalente",1763.53072472,18599.32763249,9.4817
2025,4,"2025-T4","Ignorado","Medio incompleto ou equivalente",1274.60962584,18599.32763249,6.853
2025,4,"2025-T4","Ignorado","Sem instrucao e menos de 1 ano de estudo",300.8925334,18599.32763249,1.6178
2025,4,"2025-T4","Indigena","Fundamental incompleto ou equivalente",264501.56759121,855254.45810179,30.9267
2025,4,"2025-T4","Indigena","Medio completo ou equivalente",243070.31094358,855254.45810179,28.4208
2025,4,"2025-T4","Indigena","Superior completo",103862.86595573,855254.45810179,12.1441
2025,4,"2025-T4","Indigena","Sem instrucao e menos de 1 ano de estudo",82813.03971071,855254.45810179,9.6829
2025,4,"2025-T4","Indigena","Fundamental completo ou equivalente",55742.45122503,855254.45810179,6.5176
2025,4,"2025-T4","Indigena","Medio incompleto ou equivalente",54511.97988921,855254.45810179,6.3738
2025,4,"2025-T4","Indigena","Superior incompleto ou equivalente",50752.24278632,855254.45810179,5.9342
2025,4,"2025-T4","Parda","Fundamental incompleto ou equivalente",31119659.6263504,91799597.8781224,33.8996
2025,4,"2025-T4","Parda","Medio completo ou equivalente",26316366.0055753,91799597.8781224,28.6672
2025,4,"2025-T4","Parda","Superior completo",9574914.77996606,91799597.8781224,10.4302
2025,4,"2025-T4","Parda","Sem instrucao e menos de 1 ano de estudo",7484716.85822895,91799597.8781224,8.1533
2025,4,"2025-T4","Parda","Medio incompleto ou equivalente",7074514.22887155,91799597.8781224,7.7065
2025,4,"2025-T4","Parda","Fundamental completo ou equivalente",6616718.62332141,91799597.8781224,7.2078
2025,4,"2025-T4","Parda","Superior incompleto ou equivalente",3612707.75580879,91799597.8781224,3.9354
2025,4,"2025-T4","Preta","Medio completo ou equivalente",6762496.45277016,21606746.2655494,31.2981
2025,4,"2025-T4","Preta","Fundamental incompleto ou equivalente",6659299.68690821,21606746.2655494,30.8205
2025,4,"2025-T4","Preta","Superior completo",2399638.34812851,21606746.2655494,11.106
2025,4,"2025-T4","Preta","Sem instrucao e menos de 1 ano de estudo",1649318.63033749,21606746.2655494,7.6334
2025,4,"2025-T4","Preta","Medio incompleto ou equivalente",1618815.61876322,21606746.2655494,7.4922
2025,4,"2025-T4","Preta","Fundamental completo ou equivalente",1598585.71513193,21606746.2655494,7.3985
2025,4,"2025-T4","Preta","Superior incompleto ou equivalente",918591.81350984,21606746.2655494,4.2514
2026,1,"2026-T1","Amarela","Superior completo",383809.46528436,1165054.43988073,32.9435
2026,1,"2026-T1","Amarela","Medio completo ou equivalente",298734.42880741,1165054.43988073,25.6412
2026,1,"2026-T1","Amarela","Fundamental incompleto ou equivalente",241847.58934986,1165054.43988073,20.7585
2026,1,"2026-T1","Amarela","Fundamental completo ou equivalente",79806.18929405,1165054.43988073,6.85
2026,1,"2026-T1","Amarela","Superior incompleto ou equivalente",75622.74620499,1165054.43988073,6.4909
2026,1,"2026-T1","Amarela","Medio incompleto ou equivalente",42986.72185913,1165054.43988073,3.6897
2026,1,"2026-T1","Amarela","Sem instrucao e menos de 1 ano de estudo",42247.29908093,1165054.43988073,3.6262
2026,1,"2026-T1","Branca","Medio completo ou equivalente",22599680.820348,84640333.6460158,26.7008
2026,1,"2026-T1","Branca","Fundamental incompleto ou equivalente",22506775.5728586,84640333.6460158,26.5911
2026,1,"2026-T1","Branca","Superior completo",19878679.4101395,84640333.6460158,23.4861
2026,1,"2026-T1","Branca","Fundamental completo ou equivalente",5482647.72926683,84640333.6460158,6.4776
2026,1,"2026-T1","Branca","Superior incompleto ou equivalente",5013909.02527144,84640333.6460158,5.9238
2026,1,"2026-T1","Branca","Medio incompleto ou equivalente",4892190.42679051,84640333.6460158,5.78
2026,1,"2026-T1","Branca","Sem instrucao e menos de 1 ano de estudo",4266450.66134082,84640333.6460158,5.0407
2026,1,"2026-T1","Ignorado","Fundamental incompleto ou equivalente",7607.70330699,21780.74969567,34.9286
2026,1,"2026-T1","Ignorado","Superior completo",5912.81489265,21780.74969567,27.147
2026,1,"2026-T1","Ignorado","Medio completo ou equivalente",4412.16539407,21780.74969567,20.2572
2026,1,"2026-T1","Ignorado","Superior incompleto ou equivalente",1813.78594277,21780.74969567,8.3275
2026,1,"2026-T1","Ignorado","Fundamental completo ou equivalente",1090.77046398,21780.74969567,5.008
2026,1,"2026-T1","Ignorado","Sem instrucao e menos de 1 ano de estudo",943.50969521,21780.74969567,4.3319
2026,1,"2026-T1","Indigena","Fundamental incompleto ou equivalente",265869.18721819,854039.49926283,31.1308
2026,1,"2026-T1","Indigena","Medio completo ou equivalente",249241.24878563,854039.49926283,29.1838
2026,1,"2026-T1","Indigena","Superior completo",99461.66148858,854039.49926283,11.646
2026,1,"2026-T1","Indigena","Sem instrucao e menos de 1 ano de estudo",77920.10118448,854039.49926283,9.1237
2026,1,"2026-T1","Indigena","Medio incompleto ou equivalente",59181.00130516,854039.49926283,6.9295
2026,1,"2026-T1","Indigena","Fundamental completo ou equivalente",58762.13369102,854039.49926283,6.8805
2026,1,"2026-T1","Indigena","Superior incompleto ou equivalente",43604.16558977,854039.49926283,5.1056
2026,1,"2026-T1","Parda","Fundamental incompleto ou equivalente",31025092.055391,92775026.566117,33.4412
2026,1,"2026-T1","Parda","Medio completo ou equivalente",27059251.0900858,92775026.566117,29.1665
2026,1,"2026-T1","Parda","Superior completo",9848659.83813442,92775026.566117,10.6156
2026,1,"2026-T1","Parda","Medio incompleto ou equivalente",7364564.28592512,92775026.566117,7.9381
2026,1,"2026-T1","Parda","Fundamental completo ou equivalente",6854578.87824602,92775026.566117,7.3884
2026,1,"2026-T1","Parda","Sem instrucao e menos de 1 ano de estudo",6689334.2852932,92775026.566117,7.2103
2026,1,"2026-T1","Parda","Superior incompleto ou equivalente",3933546.1330415,92775026.566117,4.2399
2026,1,"2026-T1","Preta","Medio completo ou equivalente",6789176.11873762,21416309.0999814,31.701
2026,1,"2026-T1","Preta","Fundamental incompleto ou equivalente",6613949.58448392,21416309.0999814,30.8828
2026,1,"2026-T1","Preta","Superior completo",2357543.27330359,21416309.0999814,11.0082
2026,1,"2026-T1","Preta","Medio incompleto ou equivalente",1629195.01748299,21416309.0999814,7.6073
2026,1,"2026-T1","Preta","Fundamental completo ou equivalente",1538015.34640318,21416309.0999814,7.1815
2026,1,"2026-T1","Preta","Sem instrucao e menos de 1 ano de estudo",1514140.42137681,21416309.0999814,7.07
2026,1,"2026-T1","Preta","Superior incompleto ou equivalente",974289.33819328,21416309.0999814,4.5493
