"Ano","Trimestre","periodo","ocupacao_codigo","ocupacao_nome","ocupacao_nivel_superior","peso_total_ocupados_ocupacao","registros_total_ocupados_ocupacao","peso_universo_superior_completo_classificado_ocupacao","registros_universo_superior_completo_classificado_ocupacao","peso_sobreeducados","registros_sobreeducados","percentual_sobreeducados_no_total_ocupados_ocupacao","percentual_sobreeducados_entre_superior_completo_classificado_ocupacao","peso_sobreeducados_total_periodo","participacao_da_ocupacao_no_total_sobreeducados_periodo"
2012,4,"2012-T4","4110","Escriturários gerais",0,3179983.34161371,7845,745105.97190767,1850,745105.97190767,1850,23.4311,100,6331093.07019739,11.769
2012,4,"2012-T4","1219","Dirigentes de administração e de serviços não classificados anteriormente",0,813636.09811823,1828,349971.17317309,667,349971.17317309,667,43.0132,100,6331093.07019739,5.5278
2012,4,"2012-T4","5223","Balconistas e vendedores de lojas",0,4489169.4513627,11126,244545.14090157,525,244545.14090157,525,5.4474,100,6331093.07019739,3.8626
2012,4,"2012-T4","1221","Dirigentes de vendas e  comercialização",0,566583.79617768,1179,221340.66813617,400,221340.66813617,400,39.0658,100,6331093.07019739,3.4961
2012,4,"2012-T4","5221","Comerciantes de lojas",0,1539433.93612603,4256,170156.34482835,375,170156.34482835,375,11.0532,100,6331093.07019739,2.6876
2012,4,"2012-T4","1420","Gerentes de comércios atacadistas e varejistas",0,900101.99120121,2348,161650.65187501,369,161650.65187501,369,17.9591,100,6331093.07019739,2.5533
2012,4,"2012-T4","1346","Gerentes de sucursais de bancos, de serviços financeiros e de seguros",0,201924.58785204,381,153719.55529587,280,153719.55529587,280,76.1272,100,6331093.07019739,2.428
2012,4,"2012-T4","3411","Profissionais de nível médio do direito e serviços legais e afins",0,281315.89308647,709,138769.14861683,372,138769.14861683,372,49.3286,100,6331093.07019739,2.1919
2012,4,"2012-T4","1112","Dirigentes superiores da administração pública",0,210308.84788657,586,131096.28581138,346,131096.28581138,346,62.3351,100,6331093.07019739,2.0707
2012,4,"2012-T4","3341","Supervisores de secretaria",0,464431.84575069,1038,126577.38215793,279,126577.38215793,279,27.2542,100,6331093.07019739,1.9993
2012,4,"2012-T4","1120","Diretores gerais e gerentes gerais",0,288221.90549608,640,119962.90404798,223,119962.90404798,223,41.6217,100,6331093.07019739,1.8948
2012,4,"2012-T4","2431","Profissionais da publicidade e da comercialização",0,178172.37244001,288,117761.08864758,165,117761.08864758,165,66.0939,100,6331093.07019739,1.86
2012,4,"2012-T4","4120","Secretários (geral)",0,536876.66692185,1343,108811.86600406,277,108811.86600406,277,20.2676,100,6331093.07019739,1.7187
2012,4,"2012-T4","3334","Agentes imobiliários",0,281463.45587523,630,79809.95699044,153,79809.95699044,153,28.3554,100,6331093.07019739,1.2606
2012,4,"2012-T4","1321","Dirigentes de indústria de transformação",0,285387.57310104,668,79708.77121044,169,79708.77121044,169,27.93,100,6331093.07019739,1.259
2012,4,"2012-T4","3343","Secretários executivos e administrativos",0,205984.14525067,483,78943.18458499,182,78943.18458499,182,38.3249,100,6331093.07019739,1.2469
2012,4,"2012-T4","3322","Representantes comerciais",0,383916.25820246,919,78134.3849671,149,78134.3849671,149,20.3519,100,6331093.07019739,1.2341
2012,4,"2012-T4","4226","Recepcionistas em geral",0,856926.35583809,1972,71597.64835059,169,71597.64835059,169,8.3552,100,6331093.07019739,1.1309
2012,4,"2012-T4","3423","Instrutores de educação física e atividades recreativas",0,114994.01487554,268,70585.07664209,154,70585.07664209,154,61.3815,100,6331093.07019739,1.1149
2012,4,"2012-T4","1212","Dirigentes de recursos humanos",0,131757.37167657,272,68960.57564918,127,68960.57564918,127,52.3391,100,6331093.07019739,1.0892
2012,4,"2012-T4","3221","Profissionais de nível médio de enfermagem",0,553569.25404778,1444,68408.90455473,191,68408.90455473,191,12.3578,100,6331093.07019739,1.0805
2012,4,"2012-T4","1211","Dirigentes financeiros",0,106660.24917882,226,65674.09500656,118,65674.09500656,118,61.5732,100,6331093.07019739,1.0373
2012,4,"2012-T4","5412","Policiais",0,155315.35961471,431,55329.64004717,140,55329.64004717,140,35.6241,100,6331093.07019739,0.8739
2012,4,"2012-T4","3342","Secretários jurídicos",0,102304.84833799,216,53851.53345087,104,53851.53345087,104,52.6383,100,6331093.07019739,0.8506
2012,4,"2012-T4","4321","Trabalhadores de controle de abastecimento e estoques",0,893195.45581346,1946,52792.84209561,100,52792.84209561,100,5.9106,100,6331093.07019739,0.8339
2012,4,"2012-T4","8322","Condutores de automóveis, taxis e caminhonetes",0,1431196.1133128,3659,51310.95951692,121,51310.95951692,121,3.5852,100,6331093.07019739,0.8105
2012,4,"2012-T4","4311","Trabalhadores de contabilidade e cálculo de custos",0,344697.87392444,715,48791.63219488,106,48791.63219488,106,14.1549,100,6331093.07019739,0.7707
2012,4,"2012-T4","3513","Técnicos de redes e sistemas de computadores",0,278074.78049761,581,47609.88981374,100,47609.88981374,100,17.1213,100,6331093.07019739,0.752
2012,4,"2012-T4","3253","Trabalhadores comunitários da saúde",0,427459.70695706,1406,47546.8845261,127,47546.8845261,127,11.1231,100,6331093.07019739,0.751
2012,4,"2012-T4","3332","Organizadores de conferências e eventos",0,182750.42743901,384,44235.11112995,84,44235.11112995,84,24.2052,100,6331093.07019739,0.6987
2012,4,"2012-T4","5414","Guardas de segurança",0,1461151.25905763,3792,43461.10489406,95,43461.10489406,95,2.9744,100,6331093.07019739,0.6865
2012,4,"2012-T4","1412","Gerentes de restaurantes",0,339732.50503441,918,42530.95159191,98,42530.95159191,98,12.519,100,6331093.07019739,0.6718
2012,4,"2012-T4","4211","Caixas de banco e afins",0,97844.59286636,211,40421.26954379,77,40421.26954379,77,41.3117,100,6331093.07019739,0.6385
2012,4,"2012-T4","9112","Trabalhadores de limpeza de interior de edifícios, escritórios, hotéis e outros estabelecimentos",0,2436360.11655527,6590,40164.57119593,120,40164.57119593,120,1.6485,100,6331093.07019739,0.6344
2012,4,"2012-T4","7112","Pedreiros",0,3471687.63234386,9314,39778.84452034,88,39778.84452034,88,1.1458,100,6331093.07019739,0.6283
2012,4,"2012-T4","5311","Cuidadores de crianças",0,843476.44493327,2078,39449.81121568,81,39449.81121568,81,4.677,100,6331093.07019739,0.6231
2012,4,"2012-T4","5243","Vendedores a domicilio",0,500852.00679684,1331,38950.45505666,70,38950.45505666,70,7.7768,100,6331093.07019739,0.6152
2012,4,"2012-T4","3257","Inspetores de saúde laboral, ambiental e afins",0,168487.34306528,364,37623.01538453,67,37623.01538453,67,22.3299,100,6331093.07019739,0.5943
2012,4,"2012-T4","5230","Caixas e expedidores de bilhetes",0,947641.97946701,2242,36038.71435556,101,36038.71435556,101,3.803,100,6331093.07019739,0.5692
2012,4,"2012-T4","1213","Dirigentes de políticas e planejamento",0,73725.94732942,139,36005.49048042,62,36005.49048042,62,48.8369,100,6331093.07019739,0.5687
2012,4,"2012-T4","3321","Agentes de seguros",0,114197.73346381,234,35847.70967435,67,35847.70967435,67,31.3909,100,6331093.07019739,0.5662
2012,4,"2012-T4","7543","Classificadores e provadores de produtos (exceto de bebidas e alimentos)",0,233591.42462694,491,35349.86865603,55,35349.86865603,55,15.1332,100,6331093.07019739,0.5584
2012,4,"2012-T4","2433","Profissionais de vendas técnicas e médicas (exclusive tic)",0,103252.50895466,216,34833.89301173,59,34833.89301173,59,33.7366,100,6331093.07019739,0.5502
2012,4,"2012-T4","3119","Técnicos em ciências físicas e da engenharia não classificados anteriormente",0,182695.90003655,393,34721.32608271,62,34721.32608271,62,19.005,100,6331093.07019739,0.5484
2012,4,"2012-T4","0412","Graduados e praças da polícia militar",0,153005.47967321,415,34146.59551611,95,34146.59551611,95,22.3172,100,6331093.07019739,0.5393
2012,4,"2012-T4","3431","Fotógrafos",0,131709.47010437,277,33187.44236226,50,33187.44236226,50,25.1975,100,6331093.07019739,0.5242
2012,4,"2012-T4","5142","Especialistas em tratamento de beleza e afins",0,743212.68087283,1788,33121.39829279,73,33121.39829279,73,4.4565,100,6331093.07019739,0.5232
2012,4,"2012-T4","4312","Trabalhadores de serviços estatísticos, financeiros e de seguros",0,68324.91221699,140,32245.77261557,63,32245.77261557,63,47.1948,100,6331093.07019739,0.5093
2012,4,"2012-T4","2353","Outros professores de idiomas",0,60537.90893662,104,31677.64605518,55,31677.64605518,55,52.327,100,6331093.07019739,0.5004
2012,4,"2012-T4","3339","Agentes de serviços comerciais não classificados anteriormente",0,110937.12344855,255,31430.65952176,62,31430.65952176,62,28.332,100,6331093.07019739,0.4964
2012,4,"2012-T4","3313","Contabilistas e guarda livros",0,163706.95292133,362,31332.1351076,76,31332.1351076,76,19.1392,100,6331093.07019739,0.4949
2012,4,"2012-T4","2355","Outros professores de artes",0,69719.79060803,172,31169.2231055,64,31169.2231055,64,44.7064,100,6331093.07019739,0.4923
2012,4,"2012-T4","3352","Agentes da administração tributária",0,60901.54484415,139,31013.58268186,72,31013.58268186,72,50.9241,100,6331093.07019739,0.4899
2012,4,"2012-T4","2636","Ministros de cultos religiosos, missionários e afins",0,86351.56871019,240,30700.71998909,82,30700.71998909,82,35.5532,100,6331093.07019739,0.4849
2012,4,"2012-T4","1222","Dirigentes de publicidade e relações públicas",0,43653.28847276,101,30484.63353404,64,30484.63353404,64,69.8335,100,6331093.07019739,0.4815
2012,4,"2012-T4","8153","Operadores de máquinas de costura",0,1449169.56372206,3821,30384.1228962,75,30384.1228962,75,2.0967,100,6331093.07019739,0.4799
2012,4,"2012-T4","3311","Agentes e corretores de bolsa, câmbio e outros serviços financeiros",0,52025.64007038,132,30193.31261879,75,30193.31261879,75,58.0354,100,6331093.07019739,0.4769
2012,4,"2012-T4","6111","Agricultores e trabalhadores qualificados em atividades da agricultura (exclusive hortas, viveiros e jardins)",0,2537022.16707922,12338,29646.43876961,92,29646.43876961,92,1.1686,100,6331093.07019739,0.4683
2012,4,"2012-T4","5141","Cabeleireiros",0,914528.82173481,2216,28447.85318068,71,28447.85318068,71,3.1107,100,6331093.07019739,0.4493
2012,4,"2012-T4","5413","Guardiões de presídios",0,98769.15416551,225,27608.73342525,68,27608.73342525,68,27.9528,100,6331093.07019739,0.4361
2012,4,"2012-T4","3323","Agentes de compras",0,78238.57336348,156,27365.24899738,49,27365.24899738,49,34.9767,100,6331093.07019739,0.4322
2012,4,"2012-T4","5321","Trabalhadores de cuidados pessoais em instituições",0,326663.75839537,766,26620.0398265,46,26620.0398265,46,8.1491,100,6331093.07019739,0.4205
2012,4,"2012-T4","9520","Vendedores ambulantes (exclusive de serviços de alimentação)",0,757394.93416963,2102,26579.74675506,57,26579.74675506,57,3.5094,100,6331093.07019739,0.4198
2012,4,"2012-T4","5222","Supervisores de lojas",0,188112.15559232,405,26565.628567,56,26565.628567,56,14.1222,100,6331093.07019739,0.4196
2012,4,"2012-T4","5120","Cozinheiros",0,1132925.36897114,3211,26535.36679673,73,26535.36679673,73,2.3422,100,6331093.07019739,0.4191
2012,4,"2012-T4","4221","Trabalhadores de agências de viagem",0,63985.3544397,129,25008.07763985,47,25008.07763985,47,39.0841,100,6331093.07019739,0.395
2012,4,"2012-T4","4222","Trabalhadores de centrais de atendimento",0,453153.84062032,797,24264.15570657,47,24264.15570657,47,5.3545,100,6331093.07019739,0.3833
2012,4,"2012-T4","1324","Dirigentes de empresas de abastecimento, distribuição e afins",0,84700.72439051,177,23402.89902162,49,23402.89902162,49,27.6301,100,6331093.07019739,0.3697
2012,4,"2012-T4","7512","Padeiros, confeiteiros e afins",0,632406.27742442,1568,23238.39183068,45,23238.39183068,45,3.6746,100,6331093.07019739,0.3671
2012,4,"2012-T4","2166","Desenhistas gráficos e de multimídia",0,78641.60398733,140,22008.10957028,40,22008.10957028,40,27.9853,100,6331093.07019739,0.3476
2012,4,"2012-T4","3432","Desenhistas e decoradores de interiores",0,58858.9308611,127,21414.17527043,29,21414.17527043,29,36.3822,100,6331093.07019739,0.3382
2012,4,"2012-T4","1323","Dirigentes de empresas de construção",0,68371.24231976,167,20987.79216213,51,20987.79216213,51,30.6968,100,6331093.07019739,0.3315
2012,4,"2012-T4","1311","Dirigentes de produção agropecuária e silvicultura",0,143711.37462591,574,20850.29703349,71,20850.29703349,71,14.5085,100,6331093.07019739,0.3293
2012,4,"2012-T4","3114","Técnicos em eletrônica",0,202253.62904788,480,20433.42441143,43,20433.42441143,43,10.1029,100,6331093.07019739,0.3227
2012,4,"2012-T4","0210","Graduados e praças das forças armadas",0,228819.02350185,623,19933.79318837,50,19933.79318837,50,8.7116,100,6331093.07019739,0.3149
2012,4,"2012-T4","5312","Ajudantes de professores",0,104403.89519681,171,19921.37117696,25,19921.37117696,25,19.0811,100,6331093.07019739,0.3147
2012,4,"2012-T4","6121","Criadores de gado e trabalhadores qualificados da criação de gado",0,1356695.29834278,6319,19629.13279773,80,19629.13279773,80,1.4468,100,6331093.07019739,0.31
2012,4,"2012-T4","7233","Mecânicos e reparadores de máquinas agrícolas e industriais",0,446244.86520299,1006,19253.58328805,31,19253.58328805,31,4.3146,100,6331093.07019739,0.3041
2012,4,"2012-T4","3118","Desenhistas e projetistas técnicos",0,141871.62763931,252,19056.18301908,27,19056.18301908,27,13.432,100,6331093.07019739,0.301
2012,4,"2012-T4","9111","Trabalhadores dos serviços domésticos em geral",0,5088956.86907141,13796,19030.65325319,49,19030.65325319,49,0.374,100,6331093.07019739,0.3006
2012,4,"2012-T4","3355","Inspetores de polícia e detetives",0,26911.35110203,70,17259.05458546,44,17259.05458546,44,64.133,100,6331093.07019739,0.2726
2012,4,"2012-T4","2652","Músicos, cantores e compositores",0,117949.24296166,273,17236.63756742,17,17236.63756742,17,14.6136,100,6331093.07019739,0.2723
2012,4,"2012-T4","3113","Eletrotécnicos",0,261714.59477457,659,16964.51367394,37,16964.51367394,37,6.4821,100,6331093.07019739,0.268
2012,4,"2012-T4","3522","Técnicos de engenharia de telecomunicações",0,87626.53649367,198,16408.47152135,32,16408.47152135,32,18.7255,100,6331093.07019739,0.2592
2012,4,"2012-T4","8332","Condutores de caminhões pesados",0,1700496.6711776,4124,16251.09320266,48,16251.09320266,48,0.9557,100,6331093.07019739,0.2567
2012,4,"2012-T4","2354","Outros professores de música",0,55719.74969957,105,15834.5163853,27,15834.5163853,27,28.4181,100,6331093.07019739,0.2501
2012,4,"2012-T4","7231","Mecânicos e reparadores de veículos a motor",0,984411.22425943,2461,15536.97450728,34,15536.97450728,34,1.5783,100,6331093.07019739,0.2454
2012,4,"2012-T4","5153","Porteiros e zeladores",0,844341.68699184,2089,15048.06017609,37,15048.06017609,37,1.7822,100,6331093.07019739,0.2377
2012,4,"2012-T4","2651","Artistas plásticos",0,51096.16589614,132,14940.50117022,30,14940.50117022,30,29.24,100,6331093.07019739,0.236
2012,4,"2012-T4","3312","Agentes de empréstimos e financiamento",0,54395.37785478,119,14840.03072688,26,14840.03072688,26,27.2818,100,6331093.07019739,0.2344
2012,4,"2012-T4","3112","Técnicos em engenharia civil",0,134570.85062358,352,14800.9420274,34,14800.9420274,34,10.9986,100,6331093.07019739,0.2338
2012,4,"2012-T4","3115","Técnicos em engenharia mecânica",0,166658.37425728,373,14518.93837717,34,14518.93837717,34,8.7118,100,6331093.07019739,0.2293
2012,4,"2012-T4","1411","Gerentes de hotéis",0,48997.65079991,117,13553.11244599,29,13553.11244599,29,27.6607,100,6331093.07019739,0.2141
2012,4,"2012-T4","3122","Supervisores de indústrias de transformação",0,170415.48594853,400,13531.75633775,29,13531.75633775,29,7.9404,100,6331093.07019739,0.2137
2012,4,"2012-T4","1439","Gerentes de serviços não classificados anteriormente",0,24774.02294311,41,13512.74764069,19,13512.74764069,19,54.544,100,6331093.07019739,0.2134
2012,4,"2012-T4","8331","Condutores de ônibus e bondes",0,576606.1360583,1396,13200.98223793,33,13200.98223793,33,2.2894,100,6331093.07019739,0.2085
2012,4,"2012-T4","3422","Treinadores, instrutores e árbitros de atividades esportivas",0,38989.17065516,70,13177.13423548,19,13177.13423548,19,33.7969,100,6331093.07019739,0.2081
2012,4,"2012-T4","1111","Legisladores",0,38642.54218699,131,12921.17522327,32,12921.17522327,32,33.4377,100,6331093.07019739,0.2041
2012,4,"2012-T4","7223","Reguladores e operadores de máquinas-ferramentas",0,418035.78101899,856,12807.89352327,21,12807.89352327,21,3.0638,100,6331093.07019739,0.2023
2012,4,"2012-T4","3142","Técnicos agropecuários",0,101106.19980732,614,12416.38652808,39,12416.38652808,39,12.2805,100,6331093.07019739,0.1961
2012,4,"2012-T4","4223","Telefonistas",0,111597.99643953,260,12270.5002199,35,12270.5002199,35,10.9953,100,6331093.07019739,0.1938
2012,4,"2012-T4","5211","Vendedores de quiosques e postos de mercados",0,406157.58899074,1128,12039.62991903,28,12039.62991903,28,2.9643,100,6331093.07019739,0.1902
2012,4,"2012-T4","2641","Escritores",0,25521.35696497,54,11941.11719068,22,11941.11719068,22,46.7887,100,6331093.07019739,0.1886
2012,4,"2012-T4","3434","Chefes de cozinha",0,87407.75787304,204,11898.99123017,22,11898.99123017,22,13.6132,100,6331093.07019739,0.1879
2012,4,"2012-T4","3212","Técnicos de laboratórios médicos",0,45830.88196222,138,11545.68643366,31,11545.68643366,31,25.1919,100,6331093.07019739,0.1824
2012,4,"2012-T4","2656","Locutores de rádio, televisão e outros meios de comunicação",0,47765.30868993,131,11544.15636093,29,11544.15636093,29,24.1685,100,6331093.07019739,0.1823
2012,4,"2012-T4","5131","Garçons",0,488046.43170798,1228,11522.61692615,12,11522.61692615,12,2.361,100,6331093.07019739,0.182
2012,4,"2012-T4","7412","Mecânicos e ajustadores eletricistas",0,426834.22839862,933,11506.27031621,22,11506.27031621,22,2.6957,100,6331093.07019739,0.1817
2012,4,"2012-T4","4225","Trabalhadores dos serviços de informações",0,71895.6317003,157,11406.25239624,24,11406.25239624,24,15.865,100,6331093.07019739,0.1802
2012,4,"2012-T4","3116","Técnicos em química industrial",0,62273.89650807,129,10997.48481262,22,10997.48481262,22,17.6599,100,6331093.07019739,0.1737
2012,4,"2012-T4","3255","Técnicos e assistentes fisioterapeutas",0,30356.67966754,66,10671.81001134,21,10671.81001134,21,35.1547,100,6331093.07019739,0.1686
2012,4,"2012-T4","0512","Graduados e praças do corpo de bombeiros",0,37225.11440485,102,10608.18986729,28,10608.18986729,28,28.4974,100,6331093.07019739,0.1676
2012,4,"2012-T4","9313","Trabalhadores elementares da construção de edifícios",0,2107024.97948286,5962,10452.97220504,30,10452.97220504,30,0.4961,100,6331093.07019739,0.1651
2012,4,"2012-T4","3211","Técnicos em aparelhos de diagnóstico e tratamento médico",0,44874.127396,101,10173.38908179,21,10173.38908179,21,22.6709,100,6331093.07019739,0.1607
2012,4,"2012-T4","9211","Trabalhadores elementares da agricultura",0,2827910.07205353,11754,9889.8104147,30,9889.8104147,30,0.3497,100,6331093.07019739,0.1562
2012,4,"2012-T4","4412","Trabalhadores de serviços de correios",0,73301.15575996,156,9070.45370945,20,9070.45370945,20,12.3742,100,6331093.07019739,0.1433
2012,4,"2012-T4","9333","Carregadores",0,936378.99374567,2387,9061.95824828,25,9061.95824828,25,0.9678,100,6331093.07019739,0.1431
2012,4,"2012-T4","5419","Trabalhadores dos serviços de proteção e segurança não classificados anteriormente",0,53971.34324483,128,9030.59776814,22,9030.59776814,22,16.7322,100,6331093.07019739,0.1426
2012,4,"2012-T4","3153","Pilotos de aviação e afins",0,18678.04703861,43,8906.04860059,17,8906.04860059,17,47.6819,100,6331093.07019739,0.1407
2012,4,"2012-T4","3331","Despachantes aduaneiros",0,13629.50777755,23,8850.31991103,11,8850.31991103,11,64.935,100,6331093.07019739,0.1398
2012,4,"2012-T4","4132","Operadores de entrada de dados",0,63793.35794315,170,8805.10435664,23,8805.10435664,23,13.8025,100,6331093.07019739,0.1391
2012,4,"2012-T4","3344","Secretários de medicina",0,78521.1639916,211,8689.87600527,21,8689.87600527,21,11.0669,100,6331093.07019739,0.1373
2012,4,"2012-T4","7522","Marceneiros e afins",0,380134.85420241,980,8500.03555168,22,8500.03555168,22,2.2361,100,6331093.07019739,0.1343
2012,4,"2012-T4","4322","Trabalhadores de serviços de apoio à produção",0,121920.95418201,261,8468.1835325,13,8468.1835325,13,6.9456,100,6331093.07019739,0.1338
2012,4,"2012-T4","8344","Operadores de empilhadeiras",0,197741.75988651,389,8381.7679724,10,8381.7679724,10,4.2387,100,6331093.07019739,0.1324
2012,4,"2012-T4","2654","Diretores de cinema, de teatro e afins",0,21832.67826978,46,8274.67713116,16,8274.67713116,16,37.9004,100,6331093.07019739,0.1307
2012,4,"2012-T4","3521","Técnicos de radiodifusão e gravação audiovisual",0,70211.00952939,153,8085.82892767,16,8085.82892767,16,11.5165,100,6331093.07019739,0.1277
2012,4,"2012-T4","5132","atendentes de bar",0,285448.67519831,728,7909.23223623,12,7909.23223623,12,2.7708,100,6331093.07019739,0.1249
2012,4,"2012-T4","8212","Montadores de equipamentos elétricos e eletrônicos",0,162740.85353185,362,7274.18579653,12,7274.18579653,12,4.4698,100,6331093.07019739,0.1149
2012,4,"2012-T4","5151","Supervisores de manutenção e limpeza de edifícios em escritórios, hotéis e estabelecimentos",0,26718.84897754,53,7231.67041973,11,7231.67041973,11,27.0658,100,6331093.07019739,0.1142
2012,4,"2012-T4","8211","Mecânicos montadores de maquinaria mecânica",0,190491.55227619,366,7215.70439798,9,7215.70439798,9,3.7879,100,6331093.07019739,0.114
2012,4,"2012-T4","3117","Técnicos em engenharia de minas e metalurgia",0,46352.88783527,102,7128.54111464,14,7128.54111464,14,15.3789,100,6331093.07019739,0.1126
2012,4,"2012-T4","7411","Eletricistas de obras e afins",0,234727.39131966,635,6991.58288427,17,6991.58288427,17,2.9786,100,6331093.07019739,0.1104
2012,4,"2012-T4","4416","Trabalhadores do serviço de pessoal",0,58088.06907941,146,6915.12460287,19,6915.12460287,19,11.9046,100,6331093.07019739,0.1092
2012,4,"2012-T4","2655","Atores",0,14001.44459443,16,6614.66699656,4,6614.66699656,4,47.2427,100,6331093.07019739,0.1045
2012,4,"2012-T4","3512","Técnicos em assistência ao usuário de tecnologia da informação e das comunicações",0,54202.32198693,123,6612.85241982,20,6612.85241982,20,12.2003,100,6331093.07019739,0.1045
2012,4,"2012-T4","3213","Técnicos e assistentes farmacêuticos",0,29357.03616531,52,6483.47279194,12,6483.47279194,12,22.0849,100,6331093.07019739,0.1024
2012,4,"2012-T4","3511","Técnicos em operações de tecnologia da informação e das comunicações",0,57627.5346615,126,6254.30821816,10,6254.30821816,10,10.853,100,6331093.07019739,0.0988
2012,4,"2012-T4","8321","Condutores de motocicletas",0,500695.75363729,1303,6179.44510022,14,6179.44510022,14,1.2342,100,6331093.07019739,0.0976
2012,4,"2012-T4","3333","Agentes de emprego e agenciadores de mão de obra",0,37439.4328885,96,6016.99958161,11,6016.99958161,11,16.0713,100,6331093.07019739,0.095
2012,4,"2012-T4","7131","Pintores e empapeladores",0,648625.11375048,1642,5920.41239067,15,5920.41239067,15,0.9128,100,6331093.07019739,0.0935
2012,4,"2012-T4","5111","Auxiliares de serviço de bordo",0,14944.01420876,24,5703.33654739,7,5703.33654739,7,38.1647,100,6331093.07019739,0.0901
2012,4,"2012-T4","9334","Repositores de prateleiras",0,379634.46589538,973,5634.33653392,10,5634.33653392,10,1.4841,100,6331093.07019739,0.089
2012,4,"2012-T4","2643","Tradutores, intérpretes e linguistas",0,11166.50007207,27,5532.6128681,13,5532.6128681,13,49.5465,100,6331093.07019739,0.0874
2012,4,"2012-T4","3314","Profissionais de nível médio de serviços estatísticos, matemáticos e afins",0,55933.21054854,113,5519.54550652,11,5519.54550652,11,9.8681,100,6331093.07019739,0.0872
2012,4,"2012-T4","9212","Trabalhadores elementares da pecuária",0,839893.44763719,3700,5416.95710936,19,5416.95710936,19,0.645,100,6331093.07019739,0.0856
2012,4,"2012-T4","5249","Vendedores não classificados anteriormente",0,78148.6842809,219,5361.5473615,11,5361.5473615,11,6.8607,100,6331093.07019739,0.0847
2012,4,"2012-T4","7511","Magarefes e afins",0,433293.71218877,1230,5314.12406383,18,5314.12406383,18,1.2264,100,6331093.07019739,0.0839
2012,4,"2012-T4","3240","Técnicos e assistentes veterinários",0,10348.19976827,27,5227.76867828,9,5227.76867828,9,50.5186,100,6331093.07019739,0.0826
2012,4,"2012-T4","7322","Impressores",0,88406.25878336,188,5170.19212034,8,5170.19212034,8,5.8482,100,6331093.07019739,0.0817
2012,4,"2012-T4","5165","Instrutores de autoescola",0,43878.57290243,112,5101.47554082,15,5101.47554082,15,11.6263,100,6331093.07019739,0.0806
2012,4,"2012-T4","4323","Trabalhadores de serviços de transporte",0,41584.15933008,66,5080.37055142,7,5080.37055142,7,12.2171,100,6331093.07019739,0.0802
2012,4,"2012-T4","9329","Trabalhadores elementares da indústria de transformação não classificados anteriormente",0,243785.19252959,592,5060.88477462,17,5060.88477462,17,2.076,100,6331093.07019739,0.0799
2012,4,"2012-T4","7421","Mecânicos e reparadores em eletrônica",0,38539.46832777,88,4970.67038962,6,4970.67038962,6,12.8976,100,6331093.07019739,0.0785
2012,4,"2012-T4","3230","Profissionais de nível médio de medicina tradicional e alternativa",0,10172.51578017,20,4855.14449761,9,4855.14449761,9,47.7281,100,6331093.07019739,0.0767
2012,4,"2012-T4","6130","Produtores e trabalhadores qualificados de exploração agropecuária mista",0,152512.9420991,812,4756.07398998,20,4756.07398998,20,3.1185,100,6331093.07019739,0.0751
2012,4,"2012-T4","4415","Trabalhadores de arquivos",0,57660.86886536,127,4654.93908073,11,4654.93908073,11,8.073,100,6331093.07019739,0.0735
2012,4,"2012-T4","4224","Recepcionistas de hotéis",0,62961.41935604,152,4524.26405672,7,4524.26405672,7,7.1858,100,6331093.07019739,0.0715
2012,4,"2012-T4","4229","Trabalhadores de serviços de informação ao cliente não classificados anteriormente",0,51777.3724513,110,4511.73157574,7,4511.73157574,7,8.7137,100,6331093.07019739,0.0713
2012,4,"2012-T4","3141","Técnicos e profissionais de nível médio em ciências biológicas (exclusive da medicina)",0,15952.12407204,42,4486.57110436,16,4486.57110436,16,28.1252,100,6331093.07019739,0.0709
2012,4,"2012-T4","5112","Fiscais e cobradores de transportes públicos",0,215215.7288552,529,4399.12532764,12,4399.12532764,12,2.0441,100,6331093.07019739,0.0695
2012,4,"2012-T4","7213","Chapistas e caldeireiros",0,525508.94499141,1160,4354.01776366,10,4354.01776366,10,0.8285,100,6331093.07019739,0.0688
2012,4,"2012-T4","7212","Soldadores e oxicortadores",0,375234.43659841,835,4318.52158836,9,4318.52158836,9,1.1509,100,6331093.07019739,0.0682
2012,4,"2012-T4","3152","Capitães, oficiais de coberta e práticos",0,29063.83875362,122,4253.81834116,11,4253.81834116,11,14.6361,100,6331093.07019739,0.0672
2012,4,"2012-T4","3123","Supervisores da construção",0,150922.22538866,374,4143.33406959,11,4143.33406959,11,2.7453,100,6331093.07019739,0.0654
2012,4,"2012-T4","5246","Balconistas dos serviços de alimentação",0,191246.57358649,432,4088.84153997,7,4088.84153997,7,2.138,100,6331093.07019739,0.0646
2012,4,"2012-T4","5322","Trabalhadores de cuidados pessoais a domicílios",0,281818.08163209,649,4027.85136435,10,4027.85136435,10,1.4292,100,6331093.07019739,0.0636
2012,4,"2012-T4","9412","Ajudantes de cozinha",0,611617.27463319,1429,4009.0124279,10,4009.0124279,10,0.6555,100,6331093.07019739,0.0633
2012,4,"2012-T4","1341","Dirigentes de serviços de cuidados infantis",0,7026.81524924,19,4000.35379663,10,4000.35379663,10,56.9298,100,6331093.07019739,0.0632
2012,4,"2012-T4","5245","Frentistas de posto de gasolina",0,260029.89066882,611,3928.89245106,5,3928.89245106,5,1.5109,100,6331093.07019739,0.0621
2012,4,"2012-T4","9621","Mensageiros, carregadores de bagagens e entregadores de encomendas",0,318014.87852457,738,3774.18084299,8,3774.18084299,8,1.1868,100,6331093.07019739,0.0596
2012,4,"2012-T4","5113","Guias de turismo",0,13925.43599877,36,3763.4292982,7,3763.4292982,7,27.0256,100,6331093.07019739,0.0594
2012,4,"2012-T4","5244","Vendedores por telefone",0,31610.01472423,66,3530.13922509,9,3530.13922509,9,11.1678,100,6331093.07019739,0.0558
2012,4,"2012-T4","7211","Moldadores de metal e macheiros",0,39493.78929124,78,3498.83943125,3,3498.83943125,3,8.8592,100,6331093.07019739,0.0553
2012,4,"2012-T4","2356","Instrutores em tecnologias da informação",0,17931.44889196,45,3460.60398664,7,3460.60398664,7,19.2991,100,6331093.07019739,0.0547
2012,4,"2012-T4","2434","Profissionais de vendas de tecnologia da informação e comunicações",0,24906.04563703,44,3437.79336173,8,3437.79336173,8,13.803,100,6331093.07019739,0.0543
2012,4,"2012-T4","3256","assistentes de medicina",0,29798.74097205,71,3428.09895785,7,3428.09895785,7,11.5042,100,6331093.07019739,0.0541
2012,4,"2012-T4","4212","Coletores de apostas e de jogos",0,64956.28460202,162,3366.015669,10,3366.015669,10,5.182,100,6331093.07019739,0.0532
2012,4,"2012-T4","3111","Técnicos em ciências físicas e químicas",0,24685.62720378,68,3275.67758424,11,3275.67758424,11,13.2696,100,6331093.07019739,0.0517
2012,4,"2012-T4","7532","Trabalhadores qualificados da preparação da confecção de roupas",0,201448.40981872,527,3216.98956442,7,3216.98956442,7,1.5969,100,6331093.07019739,0.0508
2012,4,"2012-T4","8311","Maquinistas de locomotivas",0,19183.52927021,25,3202.05716444,4,3202.05716444,4,16.6917,100,6331093.07019739,0.0506
2012,4,"2012-T4","7317","Artesãos de pedra, madeira, vime e materiais semelhantes",0,97166.1335143,313,3111.76141533,10,3111.76141533,10,3.2025,100,6331093.07019739,0.0492
2012,4,"2012-T4","4214","Cobradores e afins",0,91313.22108428,228,3080.70206501,6,3080.70206501,6,3.3738,100,6331093.07019739,0.0487
2012,4,"2012-T4","9311","Trabalhadores elementares de minas e pedreiras",0,49440.63710579,149,3036.56770596,4,3036.56770596,4,6.1418,100,6331093.07019739,0.048
2012,4,"2012-T4","3413","Auxiliares leigos de religião",0,17724.75093228,51,3027.70071198,7,3027.70071198,7,17.0818,100,6331093.07019739,0.0478
2012,4,"2012-T4","5242","Demonstradores de lojas",0,82475.97087722,217,3017.75135911,8,3017.75135911,8,3.6589,100,6331093.07019739,0.0477
2012,4,"2012-T4","1114","Dirigentes de organizações que apresentam um interesse especial",0,13358.21940967,39,2972.02628925,6,2972.02628925,6,22.2487,100,6331093.07019739,0.0469
2012,4,"2012-T4","5329","Trabalhadores de cuidados pessoais nos serviços de saúde não classificados anteriormente",0,34864.28809986,91,2967.26567022,4,2967.26567022,4,8.5109,100,6331093.07019739,0.0469
2012,4,"2012-T4","7214","Montadores de estruturas metálicas",0,126429.69565154,324,2851.93346078,5,2851.93346078,5,2.2557,100,6331093.07019739,0.045
2012,4,"2012-T4","3433","Técnicos em galerias de arte, museus e bibliotecas",0,8286.75548056,27,2763.7492177,7,2763.7492177,7,33.3514,100,6331093.07019739,0.0437
2012,4,"2012-T4","7321","Trabalhadores da pré-impressão gráfica",0,37493.82166776,71,2698.67873509,5,2698.67873509,5,7.1977,100,6331093.07019739,0.0426
2012,4,"2012-T4","8160","Operadores de máquinas para elaborar alimentos e produtos afins",0,235679.1331082,740,2687.43818212,9,2687.43818212,9,1.1403,100,6331093.07019739,0.0424
2012,4,"2012-T4","8182","Operadores de máquinas de vapor e caldeiras",0,65901.33359958,156,2609.0304478,4,2609.0304478,4,3.959,100,6331093.07019739,0.0412
2012,4,"2012-T4","3353","Agentes de serviços de seguridade social",0,5992.97894814,15,2538.96095975,7,2538.96095975,7,42.3656,100,6331093.07019739,0.0401
2012,4,"2012-T4","7132","Lustradores",0,242781.11931328,503,2507.07022198,9,2507.07022198,9,1.0326,100,6331093.07019739,0.0396
2012,4,"2012-T4","3214","Técnicos de próteses médicas e dentárias",0,47476.24180041,111,2470.22217713,6,2470.22217713,6,5.2031,100,6331093.07019739,0.039
2012,4,"2012-T4","7232","Mecânicos e reparadores de motores de avião",0,10327.31641983,27,2458.43397128,6,2458.43397128,6,23.8052,100,6331093.07019739,0.0388
2012,4,"2012-T4","3139","Técnicos em controle de processos não classificados anteriormente",0,14265.0511288,25,2452.9120545,4,2452.9120545,4,17.1953,100,6331093.07019739,0.0387
2012,4,"2012-T4","6210","Trabalhadores florestais qualificados e afins",0,90173.0048013,328,2380.22607365,8,2380.22607365,8,2.6396,100,6331093.07019739,0.0376
2012,4,"2012-T4","9611","Coletores de lixo e material reciclável",0,255681.07502641,692,2357.70135329,8,2357.70135329,8,0.9221,100,6331093.07019739,0.0372
2012,4,"2012-T4","8121","Operadores de instalações de processamento de metais",0,112065.02913464,208,2297.74264678,4,2297.74264678,4,2.0504,100,6331093.07019739,0.0363
2012,4,"2012-T4","3514","Técnicos da web",0,5401.79753372,15,2262.59711286,6,2262.59711286,6,41.886,100,6331093.07019739,0.0357
2012,4,"2012-T4","7115","Carpinteiros",0,295961.08545416,875,2199.13535719,7,2199.13535719,7,0.743,100,6331093.07019739,0.0347
2012,4,"2012-T4","3222","Profissionais de nível médio de partos",0,3742.98587921,13,2180.48471384,7,2180.48471384,7,58.2552,100,6331093.07019739,0.0344
2012,4,"2012-T4","3132","Operadores de incineradores, instalações de tratamento de água e afins",0,23113.30011936,65,2164.66193138,3,2164.66193138,3,9.3654,100,6331093.07019739,0.0342
2012,4,"2012-T4","7126","Bombeiros e encanadores",0,171119.44463834,418,2113.77214723,7,2113.77214723,7,1.2353,100,6331093.07019739,0.0334
2012,4,"2012-T4","7222","Ferramenteiros e afins",0,53573.27600285,107,2090.70103525,3,2090.70103525,3,3.9025,100,6331093.07019739,0.033
2012,4,"2012-T4","3324","Corretores de comercialização",0,7046.88379758,15,2054.20711018,4,2054.20711018,4,29.1506,100,6331093.07019739,0.0324
2012,4,"2012-T4","9622","Pessoas que realizam várias tarefas",0,49602.4383455,143,2000.91865249,2,2000.91865249,2,4.0339,100,6331093.07019739,0.0316
2012,4,"2012-T4","7123","Gesseiros",0,121516.10920514,268,1997.35240367,4,1997.35240367,4,1.6437,100,6331093.07019739,0.0315
2012,4,"2012-T4","7111","Construtores de casas",0,18070.47556486,53,1980.29655886,5,1980.29655886,5,10.9587,100,6331093.07019739,0.0313
2012,4,"2012-T4","6122","Avicultores e trabalhadores qualificados da avicultura",0,120248.99940363,532,1936.31289477,6,1936.31289477,6,1.6103,100,6331093.07019739,0.0306
2012,4,"2012-T4","9411","Preparadores de comidas rápidas",0,90979.30993006,236,1882.6055269,5,1882.6055269,5,2.0693,100,6331093.07019739,0.0297
2012,4,"2012-T4","7533","Costureiros, bordadeiros e afins",0,102072.53728986,285,1874.44040744,6,1874.44040744,6,1.8364,100,6331093.07019739,0.0296
2012,4,"2012-T4","8219","Montadores não classificados anteriormente",0,186799.12897686,445,1796.44400726,6,1796.44400726,6,0.9617,100,6331093.07019739,0.0284
2012,4,"2012-T4","2659","Artistas criativos e interpretativos não classificados anteriormente",0,2696.93126893,7,1796.12548758,1,1796.12548758,1,66.5989,100,6331093.07019739,0.0284
2012,4,"2012-T4","8181","Operadores de instalações de vidraria e cerâmica",0,90488.50917775,231,1679.21082633,3,1679.21082633,3,1.8557,100,6331093.07019739,0.0265
2012,4,"2012-T4","4227","Entrevistadores de pesquisas de mercado",0,20215.08530218,36,1675.72178419,6,1675.72178419,6,8.2895,100,6331093.07019739,0.0265
2012,4,"2012-T4","6112","Agricultores e trabalhadores qualificados no cultivo de hortas, viveiros e jardins",0,202491.28437377,705,1674.05032795,5,1674.05032795,5,0.8267,100,6331093.07019739,0.0264
2012,4,"2012-T4","8132","Operadores de máquinas para fabricar produtos fotográficos",0,9227.10503801,19,1620.56898705,2,1620.56898705,2,17.5631,100,6331093.07019739,0.0256
2012,4,"2012-T4","8113","Perfuradores e sondadores de poços e afins",0,22957.94180131,63,1608.82572935,4,1608.82572935,4,7.0077,100,6331093.07019739,0.0254
2012,4,"2012-T4","4411","Trabalhadores de bibliotecas",0,12945.52537617,47,1599.51776375,7,1599.51776375,7,12.3558,100,6331093.07019739,0.0253
2012,4,"2012-T4","8341","Operadores de máquinas agrícolas e florestais móveis",0,291588.49933165,1050,1589.04184716,4,1589.04184716,4,0.545,100,6331093.07019739,0.0251
2012,4,"2012-T4","4413","Codificadores de dados, revisores de provas de impressão e afins",0,1623.08525908,3,1557.78122338,2,1557.78122338,2,95.9765,100,6331093.07019739,0.0246
2012,4,"2012-T4","4414","Outros escreventes",0,1888.32010388,3,1493.81000305,1,1493.81000305,1,79.1079,100,6331093.07019739,0.0236
2012,4,"2012-T4","9215","Trabalhadores florestais elementares",0,224501.99326982,1211,1457.19649632,4,1457.19649632,4,0.6491,100,6331093.07019739,0.023
2012,4,"2012-T4","3134","Operadores de instalações de refino de petróleo e gás natural",0,4466.21452006,9,1453.72093297,3,1453.72093297,3,32.5493,100,6331093.07019739,0.023
2012,4,"2012-T4","8342","Operadores de máquinas de movimentação de terras e afins",0,137211.37107918,367,1445.10882701,4,1445.10882701,4,1.0532,100,6331093.07019739,0.0228
2012,4,"2012-T4","9122","Lavadores de veículos",0,197836.47825913,553,1441.45065985,4,1441.45065985,4,0.7286,100,6331093.07019739,0.0228
2012,4,"2012-T4","9213","Trabalhadores elementares da agropecuária",0,194375.20449154,892,1421.01216598,5,1421.01216598,5,0.7311,100,6331093.07019739,0.0224
2012,4,"2012-T4","6225","Pescadores",0,438963.2603475,1857,1396.86849375,4,1396.86849375,4,0.3182,100,6331093.07019739,0.0221
2012,4,"2012-T4","7312","Confeccionadores e afinadores de instrumentos musicais",0,2211.88570716,5,1367.12861172,1,1367.12861172,1,61.8083,100,6331093.07019739,0.0216
2012,4,"2012-T4","3435","Outros profissionais de nível médio em atividades culturais e artísticas",0,7911.00163873,17,1354.5867829,2,1354.5867829,2,17.1228,100,6331093.07019739,0.0214
2012,4,"2012-T4","9312","Trabalhadores elementares de obras públicas e da manutenção de estradas, represas e similares",0,52707.30421595,143,1304.64153835,2,1304.64153835,2,2.4753,100,6331093.07019739,0.0206
2012,4,"2012-T4","3412","Trabalhadores e assistentes sociais de nível médio",0,16028.63370172,40,1298.23485871,5,1298.23485871,5,8.0995,100,6331093.07019739,0.0205
2012,4,"2012-T4","7413","Instaladores e reparadores de linhas elétricas",0,53663.07287084,141,1289.95162503,5,1289.95162503,5,2.4038,100,6331093.07019739,0.0204
2012,4,"2012-T4","8143","Operadores de máquinas para fabricar produtos de papel",0,23479.40971237,51,1287.09888019,1,1287.09888019,1,5.4818,100,6331093.07019739,0.0203
2012,4,"2012-T4","9321","empacotadores manuais",0,331799.52975929,792,1225.15704554,6,1225.15704554,6,0.3692,100,6331093.07019739,0.0194
2012,4,"2012-T4","5164","Cuidadores de animais",0,46872.67585993,87,1172.1099087,2,1172.1099087,2,2.5006,100,6331093.07019739,0.0185
2012,4,"2012-T4","3259","Profissionais de nível médio da saúde não classificados anteriormente",0,10698.92284936,25,1164.81759633,2,1164.81759633,2,10.8872,100,6331093.07019739,0.0184
2012,4,"2012-T4","3421","Atletas e esportistas",0,12975.64792203,34,1154.65939786,1,1154.65939786,1,8.8987,100,6331093.07019739,0.0182
2012,4,"2012-T4","7311","Mecânicos e reparadores de instrumentos de precisão",0,23614.41845134,49,1083.96797958,2,1083.96797958,2,4.5903,100,6331093.07019739,0.0171
2012,4,"2012-T4","3155","Técnicos em segurança aeronáutica",0,6783.55429449,11,1075.51034403,3,1075.51034403,3,15.8547,100,6331093.07019739,0.017
2012,4,"2012-T4","8131","Operadores de instalações e máquinas de produtos químicos",0,55554.03736602,93,1057.21600304,1,1057.21600304,1,1.903,100,6331093.07019739,0.0167
2012,4,"2012-T4","3251","Dentistas auxiliares e ajudantes de odontologia",0,14186.20509801,32,1050.32171666,3,1050.32171666,3,7.4038,100,6331093.07019739,0.0166
2012,4,"2012-T4","1322","Dirigentes de explorações de mineração",0,5386.51621064,15,1006.49487512,3,1006.49487512,3,18.6855,100,6331093.07019739,0.0159
2012,4,"2012-T4","8141","Operadores de máquinas para fabricar produtos de borracha",0,147372.10462601,396,985.78804452,4,985.78804452,4,0.6689,100,6331093.07019739,0.0156
2012,4,"2012-T4","7113","Canteiros, cortadores e gravadores de pedras",0,62389.04334641,173,946.8684901,2,946.8684901,2,1.5177,100,6331093.07019739,0.015
2012,4,"2012-T4","4131","Operadores de máquinas de processamento de texto e mecanógrafos",0,3393.12395168,14,936.4108141,2,936.4108141,2,27.5973,100,6331093.07019739,0.0148
2012,4,"2012-T4","9510","Trabalhadores ambulantes dos serviços e afins",0,80648.11950284,218,918.71401761,2,918.71401761,2,1.1392,100,6331093.07019739,0.0145
2012,4,"2012-T4","2653","Bailarinos e coreógrafos",0,6029.3515546,14,882.23838836,2,882.23838836,2,14.6324,100,6331093.07019739,0.0139
2012,4,"2012-T4","7127","Mecânicos-instaladores de sistemas de refrigeração e climatização",0,66175.95598912,140,867.94713993,1,867.94713993,1,1.3116,100,6331093.07019739,0.0137
2012,4,"2012-T4","7122","Aplicadores de revestimentos cerâmicos, pastilhas, pedras e madeiras",0,51495.90232531,93,856.05098532,2,856.05098532,2,1.6624,100,6331093.07019739,0.0135
2012,4,"2012-T4","9623","Coletores de dinheiro em máquinas automáticas de venda e leitores de medidores",0,30353.54561428,67,848.60618033,2,848.60618033,2,2.7957,100,6331093.07019739,0.0134
2012,4,"2012-T4","3131","Operadores de instalações de produção de energia",0,7287.58522899,24,832.45700046,2,832.45700046,2,11.4229,100,6331093.07019739,0.0131
2012,4,"2012-T4","7313","Joalheiros e lapidadores de gemas, artesãos de metais preciosos e semipreciosos",0,60838.46086545,108,786.50633494,2,786.50633494,2,1.2928,100,6331093.07019739,0.0124
2012,4,"2012-T4","8156","Operadores de máquinas para fabricação de calçados e afins",0,116025.20168753,252,776.81318556,1,776.81318556,1,0.6695,100,6331093.07019739,0.0123
2012,4,"2012-T4","4313","Trabalhadores encarregados de folha de pagamento",0,3954.54781869,9,761.81104584,1,761.81104584,1,19.2642,100,6331093.07019739,0.012
2012,4,"2012-T4","7316","Redatores de cartazes, pintores decorativos e gravadores",0,18690.23938082,49,761.03322917,2,761.03322917,2,4.0718,100,6331093.07019739,0.012
2012,4,"2012-T4","9214","Trabalhadores elementares da jardinagem e horticultura",0,105240.78193854,306,674.43295273,3,674.43295273,3,0.6408,100,6331093.07019739,0.0107
2012,4,"2012-T4","6123","Apicultores, sericicultores e trabalhadores qualificados da apicultura e sericicultura",0,9630.20390345,51,673.01164268,5,673.01164268,5,6.9886,100,6331093.07019739,0.0106
2012,4,"2012-T4","7523","Operadores de máquinas de lavrar madeira",0,76832.29260936,233,665.61831811,3,665.61831811,3,0.8663,100,6331093.07019739,0.0105
2012,4,"2012-T4","7514","Trabalhadores da conservação de frutas, legumes e similares",0,120070.78874933,351,649.68977677,3,649.68977677,3,0.5411,100,6331093.07019739,0.0103
2012,4,"2012-T4","1431","Gerentes de centros esportivos,  de diversão e culturais",0,10431.13073526,23,628.30231743,3,628.30231743,3,6.0233,100,6331093.07019739,0.0099
2012,4,"2012-T4","7513","Trabalhadores da pasteurização do leite e fabricação de laticínios e afins",0,69569.72626527,272,623.88616151,3,623.88616151,3,0.8968,100,6331093.07019739,0.0099
2012,4,"2012-T4","7534","Tapeceiros, colchoeiros e afins",0,99272.11236592,256,621.06657598,2,621.06657598,2,0.6256,100,6331093.07019739,0.0098
2012,4,"2012-T4","9629","Outras ocupações elementares não classificadas anteriormente",0,28687.28814656,61,611.94027412,2,611.94027412,2,2.1331,100,6331093.07019739,0.0097
2012,4,"2012-T4","8142","Operadores de máquinas para fabricar produtos de material plástico",0,175693.7081459,374,607.25119388,2,607.25119388,2,0.3456,100,6331093.07019739,0.0096
2012,4,"2012-T4","8183","Operadores de máquinas de embalagem, engarrafamento e etiquetagem",0,95870.4954001,188,597.15802734,2,597.15802734,2,0.6229,100,6331093.07019739,0.0094
2012,4,"2012-T4","7536","Sapateiros e afins",0,191556.28742113,416,559.55153938,2,559.55153938,2,0.2921,100,6331093.07019739,0.0088
2012,4,"2012-T4","3359","Agentes da administração pública para aplicação da lei e afins não classificados anteriormente",0,6497.70175229,19,556.84688258,3,556.84688258,3,8.5699,100,6331093.07019739,0.0088
2012,4,"2012-T4","3135","Controladores de processos de produção de metais",0,32163.78184201,66,553.07856026,1,553.07856026,1,1.7196,100,6331093.07019739,0.0087
2012,4,"2012-T4","3151","Oficiais maquinistas em navegação",0,1122.02435644,2,548.40009006,1,548.40009006,1,48.876,100,6331093.07019739,0.0087
2012,4,"2012-T4","7422","Instaladores e reparadores em tecnologias da informação e comunicações",0,51500.83756742,111,524.79391522,2,524.79391522,2,1.019,100,6331093.07019739,0.0083
2012,4,"2012-T4","8152","Operadores de teares e outras máquinas de tecelagem",0,66959.1625009,158,518.45853965,2,518.45853965,2,0.7743,100,6331093.07019739,0.0082
2012,4,"2012-T4","7215","Aparelhadores e emendadores de cabos",0,12925.81773784,25,502.94781189,1,502.94781189,1,3.891,100,6331093.07019739,0.0079
2012,4,"2012-T4","5161","Astrólogos, adivinhos e afins",0,4649.39317113,7,494.0305312,2,494.0305312,2,10.6257,100,6331093.07019739,0.0078
2012,4,"2012-T4","7515","Trabalhadores da degustação e classificação de alimentos e bebidas",0,9588.34453329,31,477.27067261,2,477.27067261,2,4.9776,100,6331093.07019739,0.0075
2012,4,"2012-T4","5411","Bombeiros",0,15069.33468847,39,452.57326427,2,452.57326427,2,3.0033,100,6331093.07019739,0.0071
2012,4,"2012-T4","3154","Controladores de tráfego aéreo",0,3636.83409276,11,448.40058028,2,448.40058028,2,12.3294,100,6331093.07019739,0.0071
2012,4,"2012-T4","3121","Supervisores da mineração",0,4349.84042387,15,447.84566368,1,447.84566368,1,10.2957,100,6331093.07019739,0.0071
2012,4,"2012-T4","7234","Reparadores de bicicletas e afins",0,55018.62714794,160,427.55087342,1,427.55087342,1,0.7771,100,6331093.07019739,0.0068
2012,4,"2012-T4","9129","Outros trabalhadores de limpeza",0,13461.15797947,37,392.3305248,1,392.3305248,1,2.9145,100,6331093.07019739,0.0062
2012,4,"2012-T4","3315","Avaliadores",0,4552.11497337,8,391.86706604,1,391.86706604,1,8.6085,100,6331093.07019739,0.0062
2012,4,"2012-T4","8343","Operadores de guindastes, gruas, aparatos de elevação e afins",0,75155.34732615,166,380.6838019,2,380.6838019,2,0.5065,100,6331093.07019739,0.006
2012,4,"2012-T4","7318","Artesãos de tecidos, couros e materiais semelhantes",0,156236.03647481,501,379.96246217,3,379.96246217,3,0.2432,100,6331093.07019739,0.006
2012,4,"2012-T4","7125","Vidraceiros",0,55572.14350856,142,368.82205279,1,368.82205279,1,0.6637,100,6331093.07019739,0.0058
2012,4,"2012-T4","7315","Cortadores, polidores, jateadores e gravadores de vidros e afins",0,7052.28113037,18,349.45643563,1,349.45643563,1,4.9552,100,6331093.07019739,0.0055
2012,4,"2012-T4","9612","Classificadores de resíduos",0,195429.16197265,516,311.14184085,1,311.14184085,1,0.1592,100,6331093.07019739,0.0049
2012,4,"2012-T4","3258","Ajudantes de ambulâncias",0,7886.34147095,28,304.08379093,1,304.08379093,1,3.8558,100,6331093.07019739,0.0048
2012,4,"2012-T4","8172","Operadores de instalações para processamento de madeira",0,81040.00010784,272,295.89831149,2,295.89831149,2,0.3651,100,6331093.07019739,0.0047
2012,4,"2012-T4","7119","Outros trabalhadores qualificados e operários da construção não classificados anteriormente",0,34883.74261902,82,280.90243502,1,280.90243502,1,0.8053,100,6331093.07019739,0.0044
2012,4,"2012-T4","3143","Técnicos florestais",0,4770.25286311,16,277.24963583,1,277.24963583,1,5.8121,100,6331093.07019739,0.0044
2012,4,"2012-T4","7541","Trabalhadores subaquáticos",0,2893.77190039,9,237.88926903,1,237.88926903,1,8.2207,100,6331093.07019739,0.0038
2012,4,"2012-T4","5212","Vendedores ambulantes de serviços de alimentação",0,70396.89744168,239,235.36890618,1,235.36890618,1,0.3343,100,6331093.07019739,0.0037
2012,4,"2012-T4","8154","Operadores de máquinas de branqueamento, tingimento e limpeza de tecidos",0,86662.99975037,218,230.83923971,1,230.83923971,1,0.2664,100,6331093.07019739,0.0036
2012,4,"2012-T4","7114","Trabalhadores em cimento e concreto armado",0,30261.12785855,80,218.97861964,1,218.97861964,1,0.7236,100,6331093.07019739,0.0035
2012,4,"2012-T4","3252","Técnicos em documentação sanitária",0,3263.80123193,5,218.87025914,1,218.87025914,1,6.706,100,6331093.07019739,0.0035
2012,4,"2012-T4","5241","Modelos de moda, arte e publicidade",0,3482.23692123,9,216.34909042,1,216.34909042,1,6.2129,100,6331093.07019739,0.0034
2012,4,"2012-T4","6221","Trabalhadores da aquicultura",0,8532.26271402,46,211.39839341,1,211.39839341,1,2.4776,100,6331093.07019739,0.0033
2012,4,"2012-T4","9216","Trabalhadores elementares da pesca e aquicultura",0,35938.57808109,141,189.77808434,1,189.77808434,1,0.5281,100,6331093.07019739,0.003
2012,4,"2012-T4","5163","Trabalhadores de funerárias e embalsamadores",0,11486.69545266,27,188.17191148,1,188.17191148,1,1.6382,100,6331093.07019739,0.003
2012,4,"2012-T4","8171","Operadores de instalações para a preparação de pasta de papel e papel",0,34024.83888981,65,185.74029355,1,185.74029355,1,0.5459,100,6331093.07019739,0.0029
2012,4,"2012-T4","6129","Outros criadores e trabalhadores qualificados da pecuária não classificados anteriormente",0,12776.63770151,39,161.6795207,1,161.6795207,1,1.2654,100,6331093.07019739,0.0026
2012,4,"2012-T4","7221","Ferreiros e forjadores",0,30729.05399693,79,67.335271,1,67.335271,1,0.2191,100,6331093.07019739,0.0011
2012,4,"2012-T4","4213","Trabalhadores em escritórios de empréstimos e penhor",0,1952.87294091,7,61.58062677,1,61.58062677,1,3.1533,100,6331093.07019739,0.001
2012,4,"2012-T4","0110","Oficiais das forças armadas",1,37367.91809537,102,27586.70433922,76,0,0,0,0,6331093.07019739,0
2012,4,"2012-T4","0411","Oficiais de polícia militar",1,76854.46945523,190,37618.10815838,88,0,0,0,0,6331093.07019739,0
2012,4,"2012-T4","0511","Oficiais de bombeiro militar",1,17223.59840031,44,9867.55498486,21,0,0,0,0,6331093.07019739,0
2012,4,"2012-T4","1223","Dirigentes de pesquisa e desenvolvimento",1,33226.7056496,53,27927.12113952,39,0,0,0,0,6331093.07019739,0
2012,4,"2012-T4","1312","Dirigentes de produção da aquicultura e pesca",0,1382.95095339,4,0,0,0,0,0,NA,6331093.07019739,0
2012,4,"2012-T4","1330","Dirigentes de serviços de tecnologia da informação e comunicações",1,55770.82214619,93,37785.06810135,52,0,0,0,0,6331093.07019739,0
2012,4,"2012-T4","1342","Dirigentes de serviços de saúde",1,24769.03088092,53,19465.69094781,37,0,0,0,0,6331093.07019739,0
2012,4,"2012-T4","1344","Dirigentes de serviços de bem-estar social",1,566.46497579,2,458.95770816,1,0,0,0,0,6331093.07019739,0
2012,4,"2012-T4","1345","Dirigentes de serviços de educação",1,136125.6137584,319,116776.34436133,267,0,0,0,0,6331093.07019739,0
2012,4,"2012-T4","1349","Dirigentes e gerentes de serviços profissionais não classificados anteriormente",1,26617.68209165,54,10095.47867401,22,0,0,0,0,6331093.07019739,0
2012,4,"2012-T4","2111","Físicos e astrônomos",1,1398.19020308,4,1398.19020308,4,0,0,0,0,6331093.07019739,0
2012,4,"2012-T4","2112","Meteorologistas",1,2883.81667293,3,2883.81667293,3,0,0,0,0,6331093.07019739,0
2012,4,"2012-T4","2113","Químicos",1,24827.48497546,43,24827.48497546,43,0,0,0,0,6331093.07019739,0
2012,4,"2012-T4","2114","Geólogos e geofísicos",1,13461.61904199,24,13461.61904199,24,0,0,0,0,6331093.07019739,0
2012,4,"2012-T4","2120","Matemáticos, atuários e estatísticos",1,6411.60362863,13,6411.60362863,13,0,0,0,0,6331093.07019739,0
2012,4,"2012-T4","2131","Biólogos, botânicos, zoólogos e afins",1,46151.64034808,93,46151.64034808,93,0,0,0,0,6331093.07019739,0
2012,4,"2012-T4","2132","Agrônomos e afins",1,36317.2810259,106,36317.2810259,106,0,0,0,0,6331093.07019739,0
2012,4,"2012-T4","2133","Profissionais da proteção do meio ambiente",1,10113.91524199,24,5964.57127822,12,0,0,0,0,6331093.07019739,0
2012,4,"2012-T4","2141","Engenheiros industriais e de produção",1,46337.51828915,65,46337.51828915,65,0,0,0,0,6331093.07019739,0
2012,4,"2012-T4","2142","Engenheiros civis",1,150830.14304746,328,150830.14304746,328,0,0,0,0,6331093.07019739,0
2012,4,"2012-T4","2143","Engenheiros de meio ambiente",1,16211.34950761,46,16211.34950761,46,0,0,0,0,6331093.07019739,0
2012,4,"2012-T4","2144","Engenheiros mecânicos",1,49606.49085872,86,49606.49085872,86,0,0,0,0,6331093.07019739,0
2012,4,"2012-T4","2145","Engenheiros químicos",1,23515.20677302,39,23515.20677302,39,0,0,0,0,6331093.07019739,0
2012,4,"2012-T4","2146","Engenheiros de minas, metalúrgicos e afins",1,4509.78816793,10,4509.78816793,10,0,0,0,0,6331093.07019739,0
2012,4,"2012-T4","2149","Engenheiros não classificados anteriormente",1,16148.40242699,32,16148.40242699,32,0,0,0,0,6331093.07019739,0
2012,4,"2012-T4","2151","Engenheiros eletricistas",1,42071.22678314,95,42071.22678314,95,0,0,0,0,6331093.07019739,0
2012,4,"2012-T4","2152","Engenheiros eletrônicos",1,15108.89534824,20,15108.89534824,20,0,0,0,0,6331093.07019739,0
2012,4,"2012-T4","2153","Engenheiros em telecomunicações",1,3669.45481663,10,3669.45481663,10,0,0,0,0,6331093.07019739,0
2012,4,"2012-T4","2161","Arquitetos de edificações",1,75501.10551816,168,75501.10551816,168,0,0,0,0,6331093.07019739,0
2012,4,"2012-T4","2162","Arquitetos paisagistas",1,1335.72145508,1,1335.72145508,1,0,0,0,0,6331093.07019739,0
2012,4,"2012-T4","2163","Desenhistas de produtos e  vestuário",1,88237.70403026,168,21907.48996837,44,0,0,0,0,6331093.07019739,0
2012,4,"2012-T4","2164","Urbanistas e engenheiros de trânsito",1,2765.81055371,6,2217.57145837,4,0,0,0,0,6331093.07019739,0
2012,4,"2012-T4","2165","Cartógrafos e agrimensores",1,4814.80831776,14,1355.67158107,4,0,0,0,0,6331093.07019739,0
2012,4,"2012-T4","2211","Médicos gerais",1,169691.70519581,371,169691.70519581,371,0,0,0,0,6331093.07019739,0
2012,4,"2012-T4","2212","Médicos especialistas",1,108976.07770756,220,108976.07770756,220,0,0,0,0,6331093.07019739,0
2012,4,"2012-T4","2221","Profissionais de enfermagem",1,263127.74033894,574,263127.74033894,574,0,0,0,0,6331093.07019739,0
2012,4,"2012-T4","2230","Profissionais da medicina tradicional e alternativa",1,3135.59808401,5,3135.59808401,5,0,0,0,0,6331093.07019739,0
2012,4,"2012-T4","2240","Paramédicos",1,3144.61996336,5,2212.96170827,2,0,0,0,0,6331093.07019739,0
2012,4,"2012-T4","2250","Veterinários",1,57925.10824856,118,57925.10824856,118,0,0,0,0,6331093.07019739,0
2012,4,"2012-T4","2261","Dentistas",1,186288.13507286,369,186288.13507286,369,0,0,0,0,6331093.07019739,0
2012,4,"2012-T4","2262","Farmacêuticos",1,71439.42821194,166,71439.42821194,166,0,0,0,0,6331093.07019739,0
2012,4,"2012-T4","2263","Profissionais da saúde e da higiene laboral e ambiental",1,3232.04609153,8,3232.04609153,8,0,0,0,0,6331093.07019739,0
2012,4,"2012-T4","2264","Fisioterapeutas",1,117599.43796788,244,117599.43796788,244,0,0,0,0,6331093.07019739,0
2012,4,"2012-T4","2265","Dietistas e nutricionistas",1,67727.9337127,132,67727.9337127,132,0,0,0,0,6331093.07019739,0
2012,4,"2012-T4","2266","Fonoaudiólogos e logopedistas",1,27062.67204224,52,27062.67204224,52,0,0,0,0,6331093.07019739,0
2012,4,"2012-T4","2267","Optometristas",1,551.15085885,2,551.15085885,2,0,0,0,0,6331093.07019739,0
2012,4,"2012-T4","2269","Profissionais da saúde não classificados anteriormente",1,21235.36733574,53,9553.21635391,21,0,0,0,0,6331093.07019739,0
2012,4,"2012-T4","2310","Professores de universidades e do ensino superior",1,262699.27384232,627,262699.27384232,627,0,0,0,0,6331093.07019739,0
2012,4,"2012-T4","2320","Professores de formação profissional",1,97670.81081523,226,47890.53285619,106,0,0,0,0,6331093.07019739,0
2012,4,"2012-T4","2330","Professores do ensino médio",1,594216.38399101,1457,533946.02178858,1309,0,0,0,0,6331093.07019739,0
2012,4,"2012-T4","2341","Professores do ensino fundamental",1,1578600.81322327,4608,1159485.22622583,3229,0,0,0,0,6331093.07019739,0
2012,4,"2012-T4","2342","Professores do ensino pré-escolar",1,458356.58143818,1181,262654.63183454,639,0,0,0,0,6331093.07019739,0
2012,4,"2012-T4","2351","Especialistas em métodos pedagógicos",1,386561.33455503,1031,265340.72942041,715,0,0,0,0,6331093.07019739,0
2012,4,"2012-T4","2352","Educadores para necessidades especiais",1,30918.23851805,90,26179.80876138,76,0,0,0,0,6331093.07019739,0
2012,4,"2012-T4","2359","Profissionais de ensino não classificados anteriormente",1,125398.64598826,344,34529.18038589,78,0,0,0,0,6331093.07019739,0
2012,4,"2012-T4","2411","Contadores",1,363644.6625703,789,363644.6625703,789,0,0,0,0,6331093.07019739,0
2012,4,"2012-T4","2412","Assessores financeiros e em investimentos",1,900.68308529,6,900.68308529,6,0,0,0,0,6331093.07019739,0
2012,4,"2012-T4","2413","Analistas financeiros",1,70548.52981067,127,70548.52981067,127,0,0,0,0,6331093.07019739,0
2012,4,"2012-T4","2421","Analistas de gestão e administração",1,218930.41240001,444,218930.41240001,444,0,0,0,0,6331093.07019739,0
2012,4,"2012-T4","2422","Especialistas em políticas de administração",1,3412.4645412,7,3412.4645412,7,0,0,0,0,6331093.07019739,0
2012,4,"2012-T4","2423","Especialistas em políticas e serviços de pessoal e afins",1,107322.98575469,207,66140.88134515,113,0,0,0,0,6331093.07019739,0
2012,4,"2012-T4","2424","Especialistas em formação de pessoal",1,1729.70216514,2,1729.70216514,2,0,0,0,0,6331093.07019739,0
2012,4,"2012-T4","2432","Profissionais de relações públicas",1,22560.519461,55,15688.29479613,32,0,0,0,0,6331093.07019739,0
2012,4,"2012-T4","2511","Analistas de sistemas",1,237595.5619898,404,230310.31106215,389,0,0,0,0,6331093.07019739,0
2012,4,"2012-T4","2512","Desenvolvedores de programas e aplicativos (software)",1,18058.53484785,30,18058.53484785,30,0,0,0,0,6331093.07019739,0
2012,4,"2012-T4","2513","Desenvolvedores de páginas de internet (web) e multimídia",1,931.35664634,3,744.24418113,2,0,0,0,0,6331093.07019739,0
2012,4,"2012-T4","2514","Programadores de aplicações",1,42759.79315455,77,39323.38135406,70,0,0,0,0,6331093.07019739,0
2012,4,"2012-T4","2519","Desenvolvedores e analistas de programas e aplicativos (software) e multimídia não classificados anteriormente",1,8247.87579333,11,6953.64611822,9,0,0,0,0,6331093.07019739,0
2012,4,"2012-T4","2521","Desenhistas e administradores de bases de dados",1,6670.8295413,7,6670.8295413,7,0,0,0,0,6331093.07019739,0
2012,4,"2012-T4","2522","Administradores de sistemas",1,5419.47984635,13,5419.47984635,13,0,0,0,0,6331093.07019739,0
2012,4,"2012-T4","2523","Profissionais em rede de computadores",1,6071.03658858,12,6071.03658858,12,0,0,0,0,6331093.07019739,0
2012,4,"2012-T4","2529","Especialistas em base de dados e em redes de computadores não classificados anteriormente",1,781.51588883,2,781.51588883,2,0,0,0,0,6331093.07019739,0
2012,4,"2012-T4","2611","Advogados e juristas",1,549665.75615379,1103,549665.75615379,1103,0,0,0,0,6331093.07019739,0
2012,4,"2012-T4","2612","Juízes",1,209.06798134,1,209.06798134,1,0,0,0,0,6331093.07019739,0
2012,4,"2012-T4","2619","Profissionais em direito não classificados anteriormente",1,17231.64956348,47,12007.39102351,33,0,0,0,0,6331093.07019739,0
2012,4,"2012-T4","2621","Arquivologistas e curadores de museus",1,586.17505243,2,586.17505243,2,0,0,0,0,6331093.07019739,0
2012,4,"2012-T4","2622","Bibliotecários, documentaristas e afins",1,49933.4049502,114,31250.81879009,65,0,0,0,0,6331093.07019739,0
2012,4,"2012-T4","2631","Economistas",1,26956.17025239,60,26956.17025239,60,0,0,0,0,6331093.07019739,0
2012,4,"2012-T4","2632","Sociólogos, antropólogos e afins",1,4248.33697458,9,4248.33697458,9,0,0,0,0,6331093.07019739,0
2012,4,"2012-T4","2633","Filósofos, historiadores e especialistas em ciência política",1,276.72953699,1,276.72953699,1,0,0,0,0,6331093.07019739,0
2012,4,"2012-T4","2634","Psicólogos",1,120736.4148446,270,120736.4148446,270,0,0,0,0,6331093.07019739,0
2012,4,"2012-T4","2635","Assistentes sociais",1,163948.20506058,434,103984.88656294,259,0,0,0,0,6331093.07019739,0
2012,4,"2012-T4","2642","Jornalistas",1,101074.46379557,184,73684.86740029,127,0,0,0,0,6331093.07019739,0
2012,4,"2012-T4","3133","Controladores de instalações de processamento de produtos químicos",0,5389.55614123,11,0,0,0,0,0,NA,6331093.07019739,0
2012,4,"2012-T4","3254","Técnicos em optometria e ópticos",0,1675.87738493,7,0,0,0,0,0,NA,6331093.07019739,0
2012,4,"2012-T4","3354","Agentes de serviços de expedição de licenças e permissões",0,467.22736055,1,0,0,0,0,0,NA,6331093.07019739,0
2012,4,"2012-T4","5152","Governantas e mordomos domésticos",0,10500.55326792,18,0,0,0,0,0,NA,6331093.07019739,0
2012,4,"2012-T4","5168","Trabalhadores do sexo",0,3820.60605422,11,0,0,0,0,0,NA,6331093.07019739,0
2012,4,"2012-T4","6114","Agricultores e trabalhadores qualificados de cultivos mistos",0,2445.89277956,13,0,0,0,0,0,NA,6331093.07019739,0
2012,4,"2012-T4","7121","Telhadores",0,16654.42176771,27,0,0,0,0,0,NA,6331093.07019739,0
2012,4,"2012-T4","7124","Instaladores de material isolante térmico e acústico",0,14958.64251555,36,0,0,0,0,0,NA,6331093.07019739,0
2012,4,"2012-T4","7133","Limpadores de fachadas",0,493.75596443,2,0,0,0,0,0,NA,6331093.07019739,0
2012,4,"2012-T4","7224","Polidores de metais e afiadores de ferramentas",0,35712.41160272,74,0,0,0,0,0,NA,6331093.07019739,0
2012,4,"2012-T4","7314","Ceramistas e afins (preparação e fabricação)",0,95965.21981951,281,0,0,0,0,0,NA,6331093.07019739,0
2012,4,"2012-T4","7319","Artesãos não classificados anteriormente",0,3594.66803035,13,0,0,0,0,0,NA,6331093.07019739,0
2012,4,"2012-T4","7323","Encadernadores e afins",0,20506.66999265,42,0,0,0,0,0,NA,6331093.07019739,0
2012,4,"2012-T4","7516","Trabalhadores qualificados da preparação do fumo e seus produtos",0,5117.22960331,14,0,0,0,0,0,NA,6331093.07019739,0
2012,4,"2012-T4","7521","Trabalhadores de tratamento e preparação da madeira",0,4830.72648149,17,0,0,0,0,0,NA,6331093.07019739,0
2012,4,"2012-T4","7531","Alfaiates, modistas, chapeleiros e peleteiros",0,25750.81549227,46,0,0,0,0,0,NA,6331093.07019739,0
2012,4,"2012-T4","7535","Trabalhadores qualificados do tratamento de couros e peles",0,27410.42186417,61,0,0,0,0,0,NA,6331093.07019739,0
2012,4,"2012-T4","7542","Dinamitadores e detonadores",0,3522.71013227,12,0,0,0,0,0,NA,6331093.07019739,0
2012,4,"2012-T4","7544","Fumigadores e outros controladores de pragas e ervas daninhas",0,26246.53382694,68,0,0,0,0,0,NA,6331093.07019739,0
2012,4,"2012-T4","7549","Outros trabalhadores qualificados e operários da indústria e do artesanato não classificados anteriormente",0,6516.34330575,12,0,0,0,0,0,NA,6331093.07019739,0
2012,4,"2012-T4","8111","Mineiros e operadores de máquinas e de instalações em minas e pedreiras",0,12887.77280562,38,0,0,0,0,0,NA,6331093.07019739,0
2012,4,"2012-T4","8112","Operadores de instalações de processamento de minerais e rochas",0,17465.98343206,49,0,0,0,0,0,NA,6331093.07019739,0
2012,4,"2012-T4","8114","Operadores de máquinas para fabricar cimento, pedras e outros produtos minerais",0,31274.1058249,84,0,0,0,0,0,NA,6331093.07019739,0
2012,4,"2012-T4","8122","Operadores de máquinas polidoras, galvanizadoras e recobridoras de metais",0,68641.69663758,123,0,0,0,0,0,NA,6331093.07019739,0
2012,4,"2012-T4","8151","Operadores de máquinas de preparação de fibras, fiação e bobinamento de fios",0,17376.54312245,44,0,0,0,0,0,NA,6331093.07019739,0
2012,4,"2012-T4","8155","Operadores de máquinas de processamento de couros e peles",0,3757.00196703,11,0,0,0,0,0,NA,6331093.07019739,0
2012,4,"2012-T4","8157","Operadores de máquinas de lavar, tingir e passar roupas",0,12558.8730544,43,0,0,0,0,0,NA,6331093.07019739,0
2012,4,"2012-T4","8159","Operadores de máquinas para fabricar produtos têxteis e artigos de couro e pele não classificados anteriormente",0,7151.12201992,15,0,0,0,0,0,NA,6331093.07019739,0
2012,4,"2012-T4","8189","Operadores de máquinas e de instalações fixas não classificados anteriormente",0,2874.9603476,7,0,0,0,0,0,NA,6331093.07019739,0
2012,4,"2012-T4","8312","Guarda-freios e agentes de manobras",0,3062.11759067,7,0,0,0,0,0,NA,6331093.07019739,0
2012,4,"2012-T4","8350","Marinheiros de coberta e afins",0,23934.67120149,83,0,0,0,0,0,NA,6331093.07019739,0
2012,4,"2012-T4","9121","Lavadeiros de roupas e passadeiros manuais",0,82135.13068321,216,0,0,0,0,0,NA,6331093.07019739,0
2012,4,"2012-T4","9123","Limpadores de janelas",0,5130.80097033,8,0,0,0,0,0,NA,6331093.07019739,0
2012,4,"2012-T4","9331","Condutores de veículos acionados a pedal ou a braços",0,11015.43605279,35,0,0,0,0,0,NA,6331093.07019739,0
2012,4,"2012-T4","9332","Condutores de veículos e máquinas de tração animal",0,44528.21594285,147,0,0,0,0,0,NA,6331093.07019739,0
2012,4,"2012-T4","9613","Varredores e afins",0,3418.27284448,7,0,0,0,0,0,NA,6331093.07019739,0
2012,4,"2012-T4","9624","Carregadores de água e coletores de lenha",0,12307.57507921,30,0,0,0,0,0,NA,6331093.07019739,0
2013,4,"2013-T4","4110","Escriturários gerais",0,3317930.38221953,8289,761784.689208,1970,761784.689208,1970,22.9596,100,6427003.20793595,11.8529
2013,4,"2013-T4","1219","Dirigentes de administração e de serviços não classificados anteriormente",0,804049.00431433,1970,316475.22895926,718,316475.22895926,718,39.3602,100,6427003.20793595,4.9241
2013,4,"2013-T4","1221","Dirigentes de vendas e  comercialização",0,526650.92279496,1084,244249.74238355,427,244249.74238355,427,46.3779,100,6427003.20793595,3.8004
2013,4,"2013-T4","5221","Comerciantes de lojas",0,2166431.24524114,5798,243893.04979548,520,243893.04979548,520,11.2578,100,6427003.20793595,3.7948
2013,4,"2013-T4","5223","Balconistas e vendedores de lojas",0,4673039.14029745,11527,231187.76706882,557,231187.76706882,557,4.9473,100,6427003.20793595,3.5971
2013,4,"2013-T4","1420","Gerentes de comércios atacadistas e varejistas",0,761820.6047346,1957,173830.27649436,392,173830.27649436,392,22.8177,100,6427003.20793595,2.7047
2013,4,"2013-T4","1346","Gerentes de sucursais de bancos, de serviços financeiros e de seguros",0,202534.28276498,420,146593.14345062,302,146593.14345062,302,72.3794,100,6427003.20793595,2.2809
2013,4,"2013-T4","3411","Profissionais de nível médio do direito e serviços legais e afins",0,295482.04742952,796,139709.15742234,416,139709.15742234,416,47.2818,100,6427003.20793595,2.1738
2013,4,"2013-T4","3341","Supervisores de secretaria",0,430575.10011119,958,124419.44062241,264,124419.44062241,264,28.8961,100,6427003.20793595,1.9359
2013,4,"2013-T4","1120","Diretores gerais e gerentes gerais",0,345300.23396203,820,122540.10045845,257,122540.10045845,257,35.488,100,6427003.20793595,1.9066
2013,4,"2013-T4","1112","Dirigentes superiores da administração pública",0,190550.63037078,534,117546.08374636,314,117546.08374636,314,61.6876,100,6427003.20793595,1.8289
2013,4,"2013-T4","3423","Instrutores de educação física e atividades recreativas",0,160513.4439047,343,100145.65992803,210,100145.65992803,210,62.3908,100,6427003.20793595,1.5582
2013,4,"2013-T4","3343","Secretários executivos e administrativos",0,257819.54566039,674,98715.44581518,236,98715.44581518,236,38.2886,100,6427003.20793595,1.5359
2013,4,"2013-T4","1212","Dirigentes de recursos humanos",0,177771.59185018,335,96867.61251632,157,96867.61251632,157,54.4899,100,6427003.20793595,1.5072
2013,4,"2013-T4","4120","Secretários (geral)",0,534462.81171001,1352,91951.94696252,238,91951.94696252,238,17.2046,100,6427003.20793595,1.4307
2013,4,"2013-T4","3334","Agentes imobiliários",0,265183.86574635,594,87448.23451156,184,87448.23451156,184,32.9765,100,6427003.20793595,1.3606
2013,4,"2013-T4","2431","Profissionais da publicidade e da comercialização",0,136765.08835236,272,87139.17327881,147,87139.17327881,147,63.7145,100,6427003.20793595,1.3558
2013,4,"2013-T4","3322","Representantes comerciais",0,484140.78389705,1092,81256.80870825,160,81256.80870825,160,16.7837,100,6427003.20793595,1.2643
2013,4,"2013-T4","4226","Recepcionistas em geral",0,890040.37228334,2105,80794.97408223,187,80794.97408223,187,9.0777,100,6427003.20793595,1.2571
2013,4,"2013-T4","1321","Dirigentes de indústria de transformação",0,254555.78577313,567,64089.70634859,132,64089.70634859,132,25.1771,100,6427003.20793595,0.9972
2013,4,"2013-T4","3221","Profissionais de nível médio de enfermagem",0,592883.09425825,1554,63243.19783617,168,63243.19783617,168,10.6671,100,6427003.20793595,0.984
2013,4,"2013-T4","1211","Dirigentes financeiros",0,108456.79803306,238,61289.73664727,119,61289.73664727,119,56.5107,100,6427003.20793595,0.9536
2013,4,"2013-T4","4311","Trabalhadores de contabilidade e cálculo de custos",0,327365.28764304,688,58145.7839244,134,58145.7839244,134,17.7617,100,6427003.20793595,0.9047
2013,4,"2013-T4","4211","Caixas de banco e afins",0,112257.85682173,237,56725.06090979,110,56725.06090979,110,50.531,100,6427003.20793595,0.8826
2013,4,"2013-T4","5412","Policiais",0,145660.02720521,384,54234.35949099,152,54234.35949099,152,37.2335,100,6427003.20793595,0.8439
2013,4,"2013-T4","3313","Contabilistas e guarda livros",0,180165.25249536,402,51125.25407736,110,51125.25407736,110,28.3769,100,6427003.20793595,0.7955
2013,4,"2013-T4","1412","Gerentes de restaurantes",0,294112.4318601,826,50962.17955446,109,50962.17955446,109,17.3274,100,6427003.20793595,0.7929
2013,4,"2013-T4","5311","Cuidadores de crianças",0,849066.8360114,2146,49330.29131421,104,49330.29131421,104,5.8099,100,6427003.20793595,0.7675
2013,4,"2013-T4","4321","Trabalhadores de controle de abastecimento e estoques",0,902058.4878696,2031,48468.57766919,94,48468.57766919,94,5.3731,100,6427003.20793595,0.7541
2013,4,"2013-T4","3513","Técnicos de redes e sistemas de computadores",0,293776.43197765,602,47892.49004517,90,47892.49004517,90,16.3024,100,6427003.20793595,0.7452
2013,4,"2013-T4","3257","Inspetores de saúde laboral, ambiental e afins",0,180201.35431815,398,47433.66635318,94,47433.66635318,94,26.3226,100,6427003.20793595,0.738
2013,4,"2013-T4","8322","Condutores de automóveis, taxis e caminhonetes",0,1349031.42910199,3542,47269.23422905,102,47269.23422905,102,3.5039,100,6427003.20793595,0.7355
2013,4,"2013-T4","3321","Agentes de seguros",0,127893.5024,238,47144.15046066,84,47144.15046066,84,36.862,100,6427003.20793595,0.7335
2013,4,"2013-T4","3311","Agentes e corretores de bolsa, câmbio e outros serviços financeiros",0,77760.27856502,179,45249.55152524,109,45249.55152524,109,58.1911,100,6427003.20793595,0.7041
2013,4,"2013-T4","5243","Vendedores a domicilio",0,643138.05459368,1764,45248.31373117,117,45248.31373117,117,7.0356,100,6427003.20793595,0.704
2013,4,"2013-T4","3332","Organizadores de conferências e eventos",0,171213.75245162,378,44103.59232847,95,44103.59232847,95,25.7594,100,6427003.20793595,0.6862
2013,4,"2013-T4","7112","Pedreiros",0,3642986.07047388,9751,42585.62118204,100,42585.62118204,100,1.169,100,6427003.20793595,0.6626
2013,4,"2013-T4","3342","Secretários jurídicos",0,86943.09551283,211,42222.16144548,94,42222.16144548,94,48.563,100,6427003.20793595,0.6569
2013,4,"2013-T4","0412","Graduados e praças da polícia militar",0,199795.05625365,572,41061.65209598,143,41061.65209598,143,20.5519,100,6427003.20793595,0.6389
2013,4,"2013-T4","5414","Guardas de segurança",0,1400669.7146673,3779,38506.34466232,91,38506.34466232,91,2.7491,100,6427003.20793595,0.5991
2013,4,"2013-T4","5230","Caixas e expedidores de bilhetes",0,1016150.2061101,2406,37733.08201382,103,37733.08201382,103,3.7133,100,6427003.20793595,0.5871
2013,4,"2013-T4","4222","Trabalhadores de centrais de atendimento",0,508698.0810594,892,36351.41365568,62,36351.41365568,62,7.146,100,6427003.20793595,0.5656
2013,4,"2013-T4","2636","Ministros de cultos religiosos, missionários e afins",0,101734.30114038,297,36016.15046144,107,36016.15046144,107,35.4022,100,6427003.20793595,0.5604
2013,4,"2013-T4","2166","Desenhistas gráficos e de multimídia",0,82389.43354297,138,35990.57731951,54,35990.57731951,54,43.6835,100,6427003.20793595,0.56
2013,4,"2013-T4","3253","Trabalhadores comunitários da saúde",0,401522.96825947,1349,35769.61674897,115,35769.61674897,115,8.9085,100,6427003.20793595,0.5566
2013,4,"2013-T4","5142","Especialistas em tratamento de beleza e afins",0,793027.3955658,1867,34819.73798798,76,34819.73798798,76,4.3907,100,6427003.20793595,0.5418
2013,4,"2013-T4","2433","Profissionais de vendas técnicas e médicas (exclusive tic)",0,96381.35715874,175,34733.79903366,56,34733.79903366,56,36.0379,100,6427003.20793595,0.5404
2013,4,"2013-T4","7543","Classificadores e provadores de produtos (exceto de bebidas e alimentos)",0,224670.13012655,443,33590.70956097,45,33590.70956097,45,14.9511,100,6427003.20793595,0.5226
2013,4,"2013-T4","9112","Trabalhadores de limpeza de interior de edifícios, escritórios, hotéis e outros estabelecimentos",0,2532509.4866189,6941,33096.91544988,99,33096.91544988,99,1.3069,100,6427003.20793595,0.515
2013,4,"2013-T4","1222","Dirigentes de publicidade e relações públicas",0,55329.9723696,114,31991.9766461,63,31991.9766461,63,57.8203,100,6427003.20793595,0.4978
2013,4,"2013-T4","5141","Cabeleireiros",0,948444.1694526,2298,31382.40596329,69,31382.40596329,69,3.3088,100,6427003.20793595,0.4883
2013,4,"2013-T4","5222","Supervisores de lojas",0,187843.10705677,405,30217.91865976,60,30217.91865976,60,16.0868,100,6427003.20793595,0.4702
2013,4,"2013-T4","5413","Guardiões de presídios",0,101672.77417416,254,30119.09403555,87,30119.09403555,87,29.6236,100,6427003.20793595,0.4686
2013,4,"2013-T4","3339","Agentes de serviços comerciais não classificados anteriormente",0,103645.58220961,220,29788.77574068,50,29788.77574068,50,28.741,100,6427003.20793595,0.4635
2013,4,"2013-T4","1213","Dirigentes de políticas e planejamento",0,60023.2058622,147,29239.99463597,61,29239.99463597,61,48.7145,100,6427003.20793595,0.455
2013,4,"2013-T4","3352","Agentes da administração tributária",0,46233.87200546,122,28153.84202894,66,28153.84202894,66,60.8944,100,6427003.20793595,0.4381
2013,4,"2013-T4","4312","Trabalhadores de serviços estatísticos, financeiros e de seguros",0,63763.47683355,151,27437.15483872,66,27437.15483872,66,43.0296,100,6427003.20793595,0.4269
2013,4,"2013-T4","2353","Outros professores de idiomas",0,52720.6436336,110,26946.14051265,61,26946.14051265,61,51.1112,100,6427003.20793595,0.4193
2013,4,"2013-T4","3119","Técnicos em ciências físicas e da engenharia não classificados anteriormente",0,190888.80507754,417,25834.05484452,47,25834.05484452,47,13.5336,100,6427003.20793595,0.402
2013,4,"2013-T4","5120","Cozinheiros",0,1205284.59420641,3477,25432.65460111,78,25432.65460111,78,2.1101,100,6427003.20793595,0.3957
2013,4,"2013-T4","3355","Inspetores de polícia e detetives",0,43322.06117457,97,24958.05778539,59,24958.05778539,59,57.6105,100,6427003.20793595,0.3883
2013,4,"2013-T4","5321","Trabalhadores de cuidados pessoais em instituições",0,301233.18936903,684,24811.37236421,47,24811.37236421,47,8.2366,100,6427003.20793595,0.386
2013,4,"2013-T4","5312","Ajudantes de professores",0,129759.51415271,275,23807.56575963,32,23807.56575963,32,18.3475,100,6427003.20793595,0.3704
2013,4,"2013-T4","8332","Condutores de caminhões pesados",0,1620834.12410389,4112,23598.56336215,56,23598.56336215,56,1.456,100,6427003.20793595,0.3672
2013,4,"2013-T4","1311","Dirigentes de produção agropecuária e silvicultura",0,152023.24705629,625,23208.03260406,62,23208.03260406,62,15.2661,100,6427003.20793595,0.3611
2013,4,"2013-T4","8153","Operadores de máquinas de costura",0,1404360.67507147,3756,23105.63585502,57,23105.63585502,57,1.6453,100,6427003.20793595,0.3595
2013,4,"2013-T4","3431","Fotógrafos",0,99571.60997526,238,22694.95453244,40,22694.95453244,40,22.7926,100,6427003.20793595,0.3531
2013,4,"2013-T4","9520","Vendedores ambulantes (exclusive de serviços de alimentação)",0,851022.33124811,2469,22401.55145181,62,22401.55145181,62,2.6323,100,6427003.20793595,0.3486
2013,4,"2013-T4","1324","Dirigentes de empresas de abastecimento, distribuição e afins",0,67924.42709398,150,22215.71159417,46,22215.71159417,46,32.7065,100,6427003.20793595,0.3457
2013,4,"2013-T4","3323","Agentes de compras",0,72563.25155329,135,21746.7750348,39,21746.7750348,39,29.9694,100,6427003.20793595,0.3384
2013,4,"2013-T4","6121","Criadores de gado e trabalhadores qualificados da criação de gado",0,1468609.75728577,7151,21625.91082572,89,21625.91082572,89,1.4725,100,6427003.20793595,0.3365
2013,4,"2013-T4","4221","Trabalhadores de agências de viagem",0,53589.09180597,107,21491.66934638,39,21491.66934638,39,40.1046,100,6427003.20793595,0.3344
2013,4,"2013-T4","6111","Agricultores e trabalhadores qualificados em atividades da agricultura (exclusive hortas, viveiros e jardins)",0,2518156.07145591,12488,21249.67497601,89,21249.67497601,89,0.8439,100,6427003.20793595,0.3306
2013,4,"2013-T4","3114","Técnicos em eletrônica",0,218967.3032518,485,21198.41655589,50,21198.41655589,50,9.6811,100,6427003.20793595,0.3298
2013,4,"2013-T4","9111","Trabalhadores dos serviços domésticos em geral",0,4858356.20279511,13616,20776.06141049,47,20776.06141049,47,0.4276,100,6427003.20793595,0.3233
2013,4,"2013-T4","3115","Técnicos em engenharia mecânica",0,220338.0055228,534,20169.52039174,43,20169.52039174,43,9.1539,100,6427003.20793595,0.3138
2013,4,"2013-T4","2355","Outros professores de artes",0,65239.39338965,152,20106.89472828,43,20106.89472828,43,30.8202,100,6427003.20793595,0.3129
2013,4,"2013-T4","1323","Dirigentes de empresas de construção",0,74565.68198003,187,19900.40573604,54,19900.40573604,54,26.6884,100,6427003.20793595,0.3096
2013,4,"2013-T4","2354","Outros professores de música",0,47733.94356479,110,19013.14025183,36,19013.14025183,36,39.8315,100,6427003.20793595,0.2958
2013,4,"2013-T4","3522","Técnicos de engenharia de telecomunicações",0,91834.21617799,184,17813.19322998,24,17813.19322998,24,19.3971,100,6427003.20793595,0.2772
2013,4,"2013-T4","3116","Técnicos em química industrial",0,51835.16208266,111,17487.27152798,25,17487.27152798,25,33.7363,100,6427003.20793595,0.2721
2013,4,"2013-T4","3113","Eletrotécnicos",0,289111.4130614,756,16963.60375545,39,16963.60375545,39,5.8675,100,6427003.20793595,0.2639
2013,4,"2013-T4","2652","Músicos, cantores e compositores",0,112749.86808617,276,16513.44173528,34,16513.44173528,34,14.6461,100,6427003.20793595,0.2569
2013,4,"2013-T4","1411","Gerentes de hotéis",0,44189.78949465,118,16427.56313557,39,16427.56313557,39,37.175,100,6427003.20793595,0.2556
2013,4,"2013-T4","7231","Mecânicos e reparadores de veículos a motor",0,1003705.34198686,2543,16081.16512425,40,16081.16512425,40,1.6022,100,6427003.20793595,0.2502
2013,4,"2013-T4","0210","Graduados e praças das forças armadas",0,241151.10026692,656,15577.62512393,40,15577.62512393,40,6.4597,100,6427003.20793595,0.2424
2013,4,"2013-T4","3212","Técnicos de laboratórios médicos",0,48484.12611265,123,15334.92984652,34,15334.92984652,34,31.6288,100,6427003.20793595,0.2386
2013,4,"2013-T4","3118","Desenhistas e projetistas técnicos",0,109955.36202253,248,15109.99116352,31,15109.99116352,31,13.7419,100,6427003.20793595,0.2351
2013,4,"2013-T4","3142","Técnicos agropecuários",0,89533.67895685,368,13992.62314125,39,13992.62314125,39,15.6283,100,6427003.20793595,0.2177
2013,4,"2013-T4","3112","Técnicos em engenharia civil",0,148472.33990711,386,13103.15040629,34,13103.15040629,34,8.8253,100,6427003.20793595,0.2039
2013,4,"2013-T4","3122","Supervisores de indústrias de transformação",0,155904.75103324,352,13063.67804377,27,13063.67804377,27,8.3793,100,6427003.20793595,0.2033
2013,4,"2013-T4","4223","Telefonistas",0,102060.94861649,248,12542.56524094,32,12542.56524094,32,12.2893,100,6427003.20793595,0.1952
2013,4,"2013-T4","5419","Trabalhadores dos serviços de proteção e segurança não classificados anteriormente",0,65645.95592295,142,12460.05014029,31,12460.05014029,31,18.9807,100,6427003.20793595,0.1939
2013,4,"2013-T4","3422","Treinadores, instrutores e árbitros de atividades esportivas",0,33100.46371199,64,12332.49619885,23,12332.49619885,23,37.2578,100,6427003.20793595,0.1919
2013,4,"2013-T4","2654","Diretores de cinema, de teatro e afins",0,28936.40242281,54,12329.12529142,18,12329.12529142,18,42.6077,100,6427003.20793595,0.1918
2013,4,"2013-T4","4412","Trabalhadores de serviços de correios",0,78364.17162853,180,12142.89645226,26,12142.89645226,26,15.4955,100,6427003.20793595,0.1889
2013,4,"2013-T4","3211","Técnicos em aparelhos de diagnóstico e tratamento médico",0,67600.64506121,140,11851.14936923,27,11851.14936923,27,17.5311,100,6427003.20793595,0.1844
2013,4,"2013-T4","4225","Trabalhadores dos serviços de informações",0,66223.24437359,138,11822.31856989,24,11822.31856989,24,17.8522,100,6427003.20793595,0.1839
2013,4,"2013-T4","5153","Porteiros e zeladores",0,884915.87081344,2271,11624.05659579,24,11624.05659579,24,1.3136,100,6427003.20793595,0.1809
2013,4,"2013-T4","1111","Legisladores",0,48929.34224453,144,11513.06388032,33,11513.06388032,33,23.53,100,6427003.20793595,0.1791
2013,4,"2013-T4","2641","Escritores",0,16077.34552479,37,11405.61639939,27,11405.61639939,27,70.9422,100,6427003.20793595,0.1775
2013,4,"2013-T4","9313","Trabalhadores elementares da construção de edifícios",0,2028811.95469899,5887,11303.06266444,25,11303.06266444,25,0.5571,100,6427003.20793595,0.1759
2013,4,"2013-T4","7512","Padeiros, confeiteiros e afins",0,612000.83477054,1515,11083.49847622,25,11083.49847622,25,1.811,100,6427003.20793595,0.1725
2013,4,"2013-T4","5131","Garçons",0,503449.28039795,1294,10726.84527255,20,10726.84527255,20,2.1307,100,6427003.20793595,0.1669
2013,4,"2013-T4","3434","Chefes de cozinha",0,99303.9295588,212,10683.23980848,23,10683.23980848,23,10.7581,100,6427003.20793595,0.1662
2013,4,"2013-T4","3432","Desenhistas e decoradores de interiores",0,41290.76790977,112,10420.60303571,26,10420.60303571,26,25.2371,100,6427003.20793595,0.1621
2013,4,"2013-T4","7223","Reguladores e operadores de máquinas-ferramentas",0,384613.27696637,858,10226.85359583,19,10226.85359583,19,2.659,100,6427003.20793595,0.1591
2013,4,"2013-T4","3312","Agentes de empréstimos e financiamento",0,42405.33808049,111,10198.11465364,21,10198.11465364,21,24.0491,100,6427003.20793595,0.1587
2013,4,"2013-T4","3123","Supervisores da construção",0,138862.59632824,354,9845.75366987,18,9845.75366987,18,7.0903,100,6427003.20793595,0.1532
2013,4,"2013-T4","7233","Mecânicos e reparadores de máquinas agrícolas e industriais",0,402638.05874497,951,9688.01180659,26,9688.01180659,26,2.4061,100,6427003.20793595,0.1507
2013,4,"2013-T4","2356","Instrutores em tecnologias da informação",0,35838.17794597,88,9558.16932991,27,9558.16932991,27,26.6704,100,6427003.20793595,0.1487
2013,4,"2013-T4","8121","Operadores de instalações de processamento de metais",0,147927.44650628,259,9447.58250691,8,9447.58250691,8,6.3866,100,6427003.20793595,0.147
2013,4,"2013-T4","4224","Recepcionistas de hotéis",0,75350.80551668,186,9304.54956935,16,9304.54956935,16,12.3483,100,6427003.20793595,0.1448
2013,4,"2013-T4","7412","Mecânicos e ajustadores eletricistas",0,402808.46345522,896,9118.24528836,21,9118.24528836,21,2.2637,100,6427003.20793595,0.1419
2013,4,"2013-T4","5211","Vendedores de quiosques e postos de mercados",0,463114.40778168,1384,9090.51008926,25,9090.51008926,25,1.9629,100,6427003.20793595,0.1414
2013,4,"2013-T4","3353","Agentes de serviços de seguridade social",0,12057.26041222,31,9022.90768999,22,9022.90768999,22,74.8338,100,6427003.20793595,0.1404
2013,4,"2013-T4","3521","Técnicos de radiodifusão e gravação audiovisual",0,69245.56813758,174,8830.14108037,21,8830.14108037,21,12.7519,100,6427003.20793595,0.1374
2013,4,"2013-T4","2656","Locutores de rádio, televisão e outros meios de comunicação",0,36701.35788691,103,8746.85464505,23,8746.85464505,23,23.8325,100,6427003.20793595,0.1361
2013,4,"2013-T4","2651","Artistas plásticos",0,43086.80401604,118,8587.48011815,19,8587.48011815,19,19.9307,100,6427003.20793595,0.1336
2013,4,"2013-T4","8211","Mecânicos montadores de maquinaria mecânica",0,157462.51269943,327,8513.27239517,8,8513.27239517,8,5.4065,100,6427003.20793595,0.1325
2013,4,"2013-T4","7522","Marceneiros e afins",0,413680.93035247,1033,8495.63188993,20,8495.63188993,20,2.0537,100,6427003.20793595,0.1322
2013,4,"2013-T4","8331","Condutores de ônibus e bondes",0,498532.62816857,1259,8436.27589797,22,8436.27589797,22,1.6922,100,6427003.20793595,0.1313
2013,4,"2013-T4","5151","Supervisores de manutenção e limpeza de edifícios em escritórios, hotéis e estabelecimentos",0,21436.36999551,48,8280.32935039,14,8280.32935039,14,38.6275,100,6427003.20793595,0.1288
2013,4,"2013-T4","3344","Secretários de medicina",0,102714.46462232,268,8276.52065504,24,8276.52065504,24,8.0578,100,6427003.20793595,0.1288
2013,4,"2013-T4","9412","Ajudantes de cozinha",0,626560.81652535,1436,8225.9320456,18,8225.9320456,18,1.3129,100,6427003.20793595,0.128
2013,4,"2013-T4","7213","Chapistas e caldeireiros",0,531219.91354272,1212,8095.78251178,15,8095.78251178,15,1.524,100,6427003.20793595,0.126
2013,4,"2013-T4","4132","Operadores de entrada de dados",0,56325.655291,167,7933.15183453,27,7933.15183453,27,14.0844,100,6427003.20793595,0.1234
2013,4,"2013-T4","8212","Montadores de equipamentos elétricos e eletrônicos",0,137632.41923702,318,7927.69431377,13,7927.69431377,13,5.76,100,6427003.20793595,0.1233
2013,4,"2013-T4","3213","Técnicos e assistentes farmacêuticos",0,33294.93174458,64,7679.98936578,14,7679.98936578,14,23.0665,100,6427003.20793595,0.1195
2013,4,"2013-T4","3153","Pilotos de aviação e afins",0,17351.30393955,36,7623.81122489,14,7623.81122489,14,43.938,100,6427003.20793595,0.1186
2013,4,"2013-T4","5132","atendentes de bar",0,250587.70221206,655,7522.89625141,14,7522.89625141,14,3.0021,100,6427003.20793595,0.1171
2013,4,"2013-T4","2643","Tradutores, intérpretes e linguistas",0,10210.36124246,19,7431.15946669,12,7431.15946669,12,72.7806,100,6427003.20793595,0.1156
2013,4,"2013-T4","4416","Trabalhadores do serviço de pessoal",0,47696.96023373,95,7261.57046251,19,7261.57046251,19,15.2244,100,6427003.20793595,0.113
2013,4,"2013-T4","9333","Carregadores",0,909729.92700655,2384,6976.88412332,19,6976.88412332,19,0.7669,100,6427003.20793595,0.1086
2013,4,"2013-T4","3117","Técnicos em engenharia de minas e metalurgia",0,44761.90193736,108,6943.75551395,20,6943.75551395,20,15.5126,100,6427003.20793595,0.108
2013,4,"2013-T4","0512","Graduados e praças do corpo de bombeiros",0,28157.29270716,85,6783.63383489,23,6783.63383489,23,24.0919,100,6427003.20793595,0.1055
2013,4,"2013-T4","5244","Vendedores por telefone",0,36498.05168006,69,6773.74463703,13,6773.74463703,13,18.5592,100,6427003.20793595,0.1054
2013,4,"2013-T4","8321","Condutores de motocicletas",0,515321.41786292,1379,6694.27841559,15,6694.27841559,15,1.299,100,6427003.20793595,0.1042
2013,4,"2013-T4","3511","Técnicos em operações de tecnologia da informação e das comunicações",0,64841.48888567,130,6694.23306117,16,6694.23306117,16,10.324,100,6427003.20793595,0.1042
2013,4,"2013-T4","7411","Eletricistas de obras e afins",0,271361.93669559,613,6424.12574286,13,6424.12574286,13,2.3674,100,6427003.20793595,0.1
2013,4,"2013-T4","3512","Técnicos em assistência ao usuário de tecnologia da informação e das comunicações",0,46526.76526314,100,6361.80261792,18,6361.80261792,18,13.6734,100,6427003.20793595,0.099
2013,4,"2013-T4","3314","Profissionais de nível médio de serviços estatísticos, matemáticos e afins",0,58062.66354501,127,6188.65038871,9,6188.65038871,9,10.6586,100,6427003.20793595,0.0963
2013,4,"2013-T4","3214","Técnicos de próteses médicas e dentárias",0,42531.06756295,96,5985.02432555,7,5985.02432555,7,14.0721,100,6427003.20793595,0.0931
2013,4,"2013-T4","2655","Atores",0,11396.11184524,21,5982.51520113,9,5982.51520113,9,52.4961,100,6427003.20793595,0.0931
2013,4,"2013-T4","3111","Técnicos em ciências físicas e químicas",0,25493.55271877,75,5846.41124088,13,5846.41124088,13,22.9329,100,6427003.20793595,0.091
2013,4,"2013-T4","3255","Técnicos e assistentes fisioterapeutas",0,18698.39441562,38,5773.03733799,12,5773.03733799,12,30.8745,100,6427003.20793595,0.0898
2013,4,"2013-T4","3413","Auxiliares leigos de religião",0,25329.05781275,62,5622.72960182,10,5622.72960182,10,22.1987,100,6427003.20793595,0.0875
2013,4,"2013-T4","4323","Trabalhadores de serviços de transporte",0,44707.7899975,74,5613.58613408,13,5613.58613408,13,12.5562,100,6427003.20793595,0.0873
2013,4,"2013-T4","1341","Dirigentes de serviços de cuidados infantis",0,6108.6006703,14,5431.81595518,11,5431.81595518,11,88.9208,100,6427003.20793595,0.0845
2013,4,"2013-T4","7131","Pintores e empapeladores",0,679862.30473414,1700,5356.90118101,14,5356.90118101,14,0.7879,100,6427003.20793595,0.0833
2013,4,"2013-T4","5246","Balconistas dos serviços de alimentação",0,204318.49943062,483,5084.06994296,9,5084.06994296,9,2.4883,100,6427003.20793595,0.0791
2013,4,"2013-T4","4214","Cobradores e afins",0,89640.49962879,216,5074.66326912,13,5074.66326912,13,5.6611,100,6427003.20793595,0.079
2013,4,"2013-T4","3141","Técnicos e profissionais de nível médio em ciências biológicas (exclusive da medicina)",0,13731.88831121,39,4952.95876362,14,4952.95876362,14,36.069,100,6427003.20793595,0.0771
2013,4,"2013-T4","5165","Instrutores de autoescola",0,50429.17198161,123,4928.18915286,14,4928.18915286,14,9.7725,100,6427003.20793595,0.0767
2013,4,"2013-T4","3412","Trabalhadores e assistentes sociais de nível médio",0,46007.48838196,120,4732.63589639,14,4732.63589639,14,10.2867,100,6427003.20793595,0.0736
2013,4,"2013-T4","7232","Mecânicos e reparadores de motores de avião",0,16696.93360413,23,4712.18162363,5,4712.18162363,5,28.2218,100,6427003.20793595,0.0733
2013,4,"2013-T4","2434","Profissionais de vendas de tecnologia da informação e comunicações",0,17736.849012,34,4697.30123848,7,4697.30123848,7,26.4833,100,6427003.20793595,0.0731
2013,4,"2013-T4","5249","Vendedores não classificados anteriormente",0,86140.39011835,240,4692.53270598,11,4692.53270598,11,5.4475,100,6427003.20793595,0.073
2013,4,"2013-T4","1439","Gerentes de serviços não classificados anteriormente",0,13820.39870525,41,4547.2625612,14,4547.2625612,14,32.9025,100,6427003.20793595,0.0708
2013,4,"2013-T4","9334","Repositores de prateleiras",0,405787.45224018,992,4537.03996528,9,4537.03996528,9,1.1181,100,6427003.20793595,0.0706
2013,4,"2013-T4","9211","Trabalhadores elementares da agricultura",0,3061477.29145018,12897,4303.74772457,21,4303.74772457,21,0.1406,100,6427003.20793595,0.067
2013,4,"2013-T4","8344","Operadores de empilhadeiras",0,215323.9279119,404,4120.1406773,9,4120.1406773,9,1.9135,100,6427003.20793595,0.0641
2013,4,"2013-T4","4322","Trabalhadores de serviços de apoio à produção",0,130049.02559106,303,4091.63250401,8,4091.63250401,8,3.1462,100,6427003.20793595,0.0637
2013,4,"2013-T4","3331","Despachantes aduaneiros",0,10245.34423575,19,3975.12827139,6,3975.12827139,6,38.7994,100,6427003.20793595,0.0619
2013,4,"2013-T4","8142","Operadores de máquinas para fabricar produtos de material plástico",0,159554.92023923,323,3961.68066013,5,3961.68066013,5,2.483,100,6427003.20793595,0.0616
2013,4,"2013-T4","6130","Produtores e trabalhadores qualificados de exploração agropecuária mista",0,114289.81803224,549,3906.99671892,11,3906.99671892,11,3.4185,100,6427003.20793595,0.0608
2013,4,"2013-T4","9621","Mensageiros, carregadores de bagagens e entregadores de encomendas",0,275752.3857904,727,3839.78179724,10,3839.78179724,10,1.3925,100,6427003.20793595,0.0597
2013,4,"2013-T4","4415","Trabalhadores de arquivos",0,50071.87033503,133,3834.07793582,13,3834.07793582,13,7.6571,100,6427003.20793595,0.0597
2013,4,"2013-T4","5322","Trabalhadores de cuidados pessoais a domicílios",0,316146.16965689,733,3806.16686866,8,3806.16686866,8,1.2039,100,6427003.20793595,0.0592
2013,4,"2013-T4","5111","Auxiliares de serviço de bordo",0,13171.02406569,18,3742.55497273,4,3742.55497273,4,28.4151,100,6427003.20793595,0.0582
2013,4,"2013-T4","7212","Soldadores e oxicortadores",0,414133.79795792,919,3709.29055812,9,3709.29055812,9,0.8957,100,6427003.20793595,0.0577
2013,4,"2013-T4","8141","Operadores de máquinas para fabricar produtos de borracha",0,161410.76770789,412,3681.68003389,4,3681.68003389,4,2.2809,100,6427003.20793595,0.0573
2013,4,"2013-T4","4411","Trabalhadores de bibliotecas",0,18970.79073343,51,3669.92794873,8,3669.92794873,8,19.3452,100,6427003.20793595,0.0571
2013,4,"2013-T4","7317","Artesãos de pedra, madeira, vime e materiais semelhantes",0,83858.85750549,271,3662.87263701,8,3662.87263701,8,4.3679,100,6427003.20793595,0.057
2013,4,"2013-T4","3333","Agentes de emprego e agenciadores de mão de obra",0,23642.26963524,66,3632.3347244,7,3632.3347244,7,15.3637,100,6427003.20793595,0.0565
2013,4,"2013-T4","3131","Operadores de instalações de produção de energia",0,14395.45080777,39,3465.56726027,11,3465.56726027,11,24.074,100,6427003.20793595,0.0539
2013,4,"2013-T4","9329","Trabalhadores elementares da indústria de transformação não classificados anteriormente",0,187410.29862329,526,3358.99788533,8,3358.99788533,8,1.7923,100,6427003.20793595,0.0523
2013,4,"2013-T4","5329","Trabalhadores de cuidados pessoais nos serviços de saúde não classificados anteriormente",0,47606.44094438,121,3320.8059657,12,3320.8059657,12,6.9755,100,6427003.20793595,0.0517
2013,4,"2013-T4","5113","Guias de turismo",0,12117.03411026,33,3288.69793028,7,3288.69793028,7,27.1411,100,6427003.20793595,0.0512
2013,4,"2013-T4","8131","Operadores de instalações e máquinas de produtos químicos",0,59049.32388834,123,3278.0606497,6,3278.0606497,6,5.5514,100,6427003.20793595,0.051
2013,4,"2013-T4","7123","Gesseiros",0,123104.72192554,268,3221.13291089,3,3221.13291089,3,2.6166,100,6427003.20793595,0.0501
2013,4,"2013-T4","1312","Dirigentes de produção da aquicultura e pesca",0,4342.71382165,9,3220.26085319,5,3220.26085319,5,74.1532,100,6427003.20793595,0.0501
2013,4,"2013-T4","8156","Operadores de máquinas para fabricação de calçados e afins",0,100310.37872453,228,3047.68557234,5,3047.68557234,5,3.0383,100,6427003.20793595,0.0474
2013,4,"2013-T4","7322","Impressores",0,72196.31386318,168,3031.28061035,5,3031.28061035,5,4.1987,100,6427003.20793595,0.0472
2013,4,"2013-T4","7511","Magarefes e afins",0,467001.63775177,1249,3026.1266796,7,3026.1266796,7,0.648,100,6427003.20793595,0.0471
2013,4,"2013-T4","3230","Profissionais de nível médio de medicina tradicional e alternativa",0,8764.31226565,21,3017.53889583,6,3017.53889583,6,34.4298,100,6427003.20793595,0.047
2013,4,"2013-T4","9212","Trabalhadores elementares da pecuária",0,761162.9768463,3462,2962.48195709,14,2962.48195709,14,0.3892,100,6427003.20793595,0.0461
2013,4,"2013-T4","7514","Trabalhadores da conservação de frutas, legumes e similares",0,126228.34263865,362,2832.23801554,8,2832.23801554,8,2.2437,100,6427003.20793595,0.0441
2013,4,"2013-T4","4313","Trabalhadores encarregados de folha de pagamento",0,7347.81696598,10,2806.61736697,1,2806.61736697,1,38.1966,100,6427003.20793595,0.0437
2013,4,"2013-T4","9629","Outras ocupações elementares não classificadas anteriormente",0,34842.04333179,65,2800.14122556,3,2800.14122556,3,8.0367,100,6427003.20793595,0.0436
2013,4,"2013-T4","7126","Bombeiros e encanadores",0,183553.38918601,443,2782.07400172,8,2782.07400172,8,1.5157,100,6427003.20793595,0.0433
2013,4,"2013-T4","9321","empacotadores manuais",0,344782.65701641,864,2735.94384486,7,2735.94384486,7,0.7935,100,6427003.20793595,0.0426
2013,4,"2013-T4","5411","Bombeiros",0,14152.63240245,29,2528.93027162,2,2528.93027162,2,17.869,100,6427003.20793595,0.0393
2013,4,"2013-T4","7222","Ferramenteiros e afins",0,61591.56731287,117,2413.0610184,5,2413.0610184,5,3.9178,100,6427003.20793595,0.0375
2013,4,"2013-T4","8343","Operadores de guindastes, gruas, aparatos de elevação e afins",0,86735.37872796,208,2376.81289632,4,2376.81289632,4,2.7403,100,6427003.20793595,0.037
2013,4,"2013-T4","4227","Entrevistadores de pesquisas de mercado",0,10901.73855709,33,2352.46783203,8,2352.46783203,8,21.5788,100,6427003.20793595,0.0366
2013,4,"2013-T4","7422","Instaladores e reparadores em tecnologias da informação e comunicações",0,60739.28281276,130,2329.52278363,6,2329.52278363,6,3.8353,100,6427003.20793595,0.0362
2013,4,"2013-T4","7532","Trabalhadores qualificados da preparação da confecção de roupas",0,158387.65532181,426,2298.77639714,7,2298.77639714,7,1.4514,100,6427003.20793595,0.0358
2013,4,"2013-T4","7115","Carpinteiros",0,276481.41505651,858,2293.20161012,7,2293.20161012,7,0.8294,100,6427003.20793595,0.0357
2013,4,"2013-T4","7536","Sapateiros e afins",0,186662.9030776,434,2268.62557596,5,2268.62557596,5,1.2154,100,6427003.20793595,0.0353
2013,4,"2013-T4","9122","Lavadores de veículos",0,227974.58289006,621,2208.65031599,5,2208.65031599,5,0.9688,100,6427003.20793595,0.0344
2013,4,"2013-T4","3132","Operadores de incineradores, instalações de tratamento de água e afins",0,26537.97257121,76,2162.80542561,6,2162.80542561,6,8.1499,100,6427003.20793595,0.0337
2013,4,"2013-T4","7523","Operadores de máquinas de lavrar madeira",0,76101.96507001,217,2143.99927767,2,2143.99927767,2,2.8173,100,6427003.20793595,0.0334
2013,4,"2013-T4","8160","Operadores de máquinas para elaborar alimentos e produtos afins",0,239344.55344693,742,2126.3960326,9,2126.3960326,9,0.8884,100,6427003.20793595,0.0331
2013,4,"2013-T4","8311","Maquinistas de locomotivas",0,16359.99827916,28,2063.95770015,4,2063.95770015,4,12.6159,100,6427003.20793595,0.0321
2013,4,"2013-T4","7132","Lustradores",0,184400.85807286,421,2060.87810697,6,2060.87810697,6,1.1176,100,6427003.20793595,0.0321
2013,4,"2013-T4","6225","Pescadores",0,401951.19929328,1762,2029.28193643,5,2029.28193643,5,0.5049,100,6427003.20793595,0.0316
2013,4,"2013-T4","7311","Mecânicos e reparadores de instrumentos de precisão",0,26447.89198819,61,1956.87792454,5,1956.87792454,5,7.399,100,6427003.20793595,0.0304
2013,4,"2013-T4","3256","assistentes de medicina",0,28521.23405314,64,1897.4105494,6,1897.4105494,6,6.6526,100,6427003.20793595,0.0295
2013,4,"2013-T4","5164","Cuidadores de animais",0,48457.46996651,108,1893.00466436,6,1893.00466436,6,3.9065,100,6427003.20793595,0.0295
2013,4,"2013-T4","5242","Demonstradores de lojas",0,31091.96819679,69,1887.35346843,5,1887.35346843,5,6.0702,100,6427003.20793595,0.0294
2013,4,"2013-T4","8182","Operadores de máquinas de vapor e caldeiras",0,50744.03349067,137,1883.2516109,4,1883.2516109,4,3.7113,100,6427003.20793595,0.0293
2013,4,"2013-T4","6221","Trabalhadores da aquicultura",0,10464.35100739,45,1850.34149823,4,1850.34149823,4,17.6823,100,6427003.20793595,0.0288
2013,4,"2013-T4","5245","Frentistas de posto de gasolina",0,278924.20381284,693,1823.42656284,7,1823.42656284,7,0.6537,100,6427003.20793595,0.0284
2013,4,"2013-T4","3139","Técnicos em controle de processos não classificados anteriormente",0,31887.86232469,90,1728.76970058,2,1728.76970058,2,5.4214,100,6427003.20793595,0.0269
2013,4,"2013-T4","1431","Gerentes de centros esportivos,  de diversão e culturais",0,7576.03350235,19,1709.48616271,2,1709.48616271,2,22.5644,100,6427003.20793595,0.0266
2013,4,"2013-T4","8113","Perfuradores e sondadores de poços e afins",0,25857.47160067,65,1702.49678135,4,1702.49678135,4,6.5842,100,6427003.20793595,0.0265
2013,4,"2013-T4","2653","Bailarinos e coreógrafos",0,5763.20238145,10,1647.42316467,1,1647.42316467,1,28.5852,100,6427003.20793595,0.0256
2013,4,"2013-T4","3435","Outros profissionais de nível médio em atividades culturais e artísticas",0,11132.60919694,24,1640.64252479,3,1640.64252479,3,14.7373,100,6427003.20793595,0.0255
2013,4,"2013-T4","3259","Profissionais de nível médio da saúde não classificados anteriormente",0,12385.33632263,29,1612.14216303,3,1612.14216303,3,13.0165,100,6427003.20793595,0.0251
2013,4,"2013-T4","7513","Trabalhadores da pasteurização do leite e fabricação de laticínios e afins",0,58697.4070594,256,1611.74113037,6,1611.74113037,6,2.7458,100,6427003.20793595,0.0251
2013,4,"2013-T4","6122","Avicultores e trabalhadores qualificados da avicultura",0,107079.6143867,533,1609.84588974,7,1609.84588974,7,1.5034,100,6427003.20793595,0.025
2013,4,"2013-T4","3135","Controladores de processos de produção de metais",0,27540.34637545,65,1591.43774392,2,1591.43774392,2,5.7786,100,6427003.20793595,0.0248
2013,4,"2013-T4","3359","Agentes da administração pública para aplicação da lei e afins não classificados anteriormente",0,6376.18073241,17,1583.34618185,4,1583.34618185,4,24.8322,100,6427003.20793595,0.0246
2013,4,"2013-T4","8341","Operadores de máquinas agrícolas e florestais móveis",0,303585.50193747,1062,1548.20253389,3,1548.20253389,3,0.51,100,6427003.20793595,0.0241
2013,4,"2013-T4","7534","Tapeceiros, colchoeiros e afins",0,101481.88926838,252,1537.47311226,3,1537.47311226,3,1.515,100,6427003.20793595,0.0239
2013,4,"2013-T4","5241","Modelos de moda, arte e publicidade",0,5272.99641653,10,1520.61209895,2,1520.61209895,2,28.8377,100,6427003.20793595,0.0237
2013,4,"2013-T4","8132","Operadores de máquinas para fabricar produtos fotográficos",0,11650.12481476,27,1506.90563942,3,1506.90563942,3,12.9347,100,6427003.20793595,0.0234
2013,4,"2013-T4","7421","Mecânicos e reparadores em eletrônica",0,48901.16013788,112,1449.07223234,3,1449.07223234,3,2.9633,100,6427003.20793595,0.0225
2013,4,"2013-T4","7313","Joalheiros e lapidadores de gemas, artesãos de metais preciosos e semipreciosos",0,36853.2921627,87,1438.17656977,2,1438.17656977,2,3.9024,100,6427003.20793595,0.0224
2013,4,"2013-T4","8350","Marinheiros de coberta e afins",0,20980.60400176,73,1405.83751372,5,1405.83751372,5,6.7007,100,6427003.20793595,0.0219
2013,4,"2013-T4","7533","Costureiros, bordadeiros e afins",0,80149.03748392,228,1374.00271138,4,1374.00271138,4,1.7143,100,6427003.20793595,0.0214
2013,4,"2013-T4","3155","Técnicos em segurança aeronáutica",0,2339.28948153,4,1320.47683326,2,1320.47683326,2,56.4478,100,6427003.20793595,0.0205
2013,4,"2013-T4","1114","Dirigentes de organizações que apresentam um interesse especial",0,10589.81244893,37,1319.10887766,4,1319.10887766,4,12.4564,100,6427003.20793595,0.0205
2013,4,"2013-T4","3240","Técnicos e assistentes veterinários",0,11000.40766705,27,1304.23001886,4,1304.23001886,4,11.8562,100,6427003.20793595,0.0203
2013,4,"2013-T4","3152","Capitães, oficiais de coberta e práticos",0,25928.76430751,101,1296.77790593,4,1296.77790593,4,5.0013,100,6427003.20793595,0.0202
2013,4,"2013-T4","7314","Ceramistas e afins (preparação e fabricação)",0,96163.15254696,288,1286.06792222,2,1286.06792222,2,1.3374,100,6427003.20793595,0.02
2013,4,"2013-T4","9612","Classificadores de resíduos",0,209194.49670414,496,1284.91638686,4,1284.91638686,4,0.6142,100,6427003.20793595,0.02
2013,4,"2013-T4","4131","Operadores de máquinas de processamento de texto e mecanógrafos",0,3485.29118067,9,1271.84351771,5,1271.84351771,5,36.4917,100,6427003.20793595,0.0198
2013,4,"2013-T4","9121","Lavadeiros de roupas e passadeiros manuais",0,105241.51932172,305,1210.00616304,4,1210.00616304,4,1.1497,100,6427003.20793595,0.0188
2013,4,"2013-T4","3433","Técnicos em galerias de arte, museus e bibliotecas",0,10595.67035233,28,1199.7909258,4,1199.7909258,4,11.3234,100,6427003.20793595,0.0187
2013,4,"2013-T4","3421","Atletas e esportistas",0,23285.03130607,53,1186.76484321,3,1186.76484321,3,5.0967,100,6427003.20793595,0.0185
2013,4,"2013-T4","7318","Artesãos de tecidos, couros e materiais semelhantes",0,136105.01555436,422,1186.63591038,4,1186.63591038,4,0.8719,100,6427003.20793595,0.0185
2013,4,"2013-T4","4413","Codificadores de dados, revisores de provas de impressão e afins",0,2205.62621584,6,1131.08509902,2,1131.08509902,2,51.2818,100,6427003.20793595,0.0176
2013,4,"2013-T4","9623","Coletores de dinheiro em máquinas automáticas de venda e leitores de medidores",0,23551.18098671,57,1122.6793655,3,1122.6793655,3,4.767,100,6427003.20793595,0.0175
2013,4,"2013-T4","3251","Dentistas auxiliares e ajudantes de odontologia",0,13600.36524171,40,1099.28774117,4,1099.28774117,4,8.0828,100,6427003.20793595,0.0171
2013,4,"2013-T4","4212","Coletores de apostas e de jogos",0,42878.19229629,124,1090.5397299,4,1090.5397299,4,2.5433,100,6427003.20793595,0.017
2013,4,"2013-T4","3154","Controladores de tráfego aéreo",0,6945.6777459,14,1086.1827503,4,1086.1827503,4,15.6383,100,6427003.20793595,0.0169
2013,4,"2013-T4","7214","Montadores de estruturas metálicas",0,137228.22221858,338,1049.770589,1,1049.770589,1,0.765,100,6427003.20793595,0.0163
2013,4,"2013-T4","7121","Telhadores",0,13273.4521617,32,946.23356122,1,946.23356122,1,7.1288,100,6427003.20793595,0.0147
2013,4,"2013-T4","3315","Avaliadores",0,9164.08778566,11,943.64537407,2,943.64537407,2,10.2972,100,6427003.20793595,0.0147
2013,4,"2013-T4","5112","Fiscais e cobradores de transportes públicos",0,212850.58224473,487,923.62028072,5,923.62028072,5,0.4339,100,6427003.20793595,0.0144
2013,4,"2013-T4","9411","Preparadores de comidas rápidas",0,93514.77449993,239,882.17534258,3,882.17534258,3,0.9434,100,6427003.20793595,0.0137
2013,4,"2013-T4","3121","Supervisores da mineração",0,4626.31652812,13,877.66359246,2,877.66359246,2,18.9711,100,6427003.20793595,0.0137
2013,4,"2013-T4","7221","Ferreiros e forjadores",0,29716.53548572,88,858.82107046,2,858.82107046,2,2.89,100,6427003.20793595,0.0134
2013,4,"2013-T4","8181","Operadores de instalações de vidraria e cerâmica",0,66391.920479,188,833.82526009,2,833.82526009,2,1.2559,100,6427003.20793595,0.013
2013,4,"2013-T4","7413","Instaladores e reparadores de linhas elétricas",0,51668.37032778,120,829.93159025,4,829.93159025,4,1.6063,100,6427003.20793595,0.0129
2013,4,"2013-T4","9611","Coletores de lixo e material reciclável",0,264415.90157496,753,800.60179455,2,800.60179455,2,0.3028,100,6427003.20793595,0.0125
2013,4,"2013-T4","8171","Operadores de instalações para a preparação de pasta de papel e papel",0,38899.4677302,79,796.2875902,2,796.2875902,2,2.047,100,6427003.20793595,0.0124
2013,4,"2013-T4","4229","Trabalhadores de serviços de informação ao cliente não classificados anteriormente",0,34946.69574785,88,791.76489509,5,791.76489509,5,2.2656,100,6427003.20793595,0.0123
2013,4,"2013-T4","7321","Trabalhadores da pré-impressão gráfica",0,33091.95509024,64,761.67590656,3,761.67590656,3,2.3017,100,6427003.20793595,0.0119
2013,4,"2013-T4","7323","Encadernadores e afins",0,26797.23213331,54,745.1732194,2,745.1732194,2,2.7808,100,6427003.20793595,0.0116
2013,4,"2013-T4","7211","Moldadores de metal e macheiros",0,19185.44519846,45,742.63044052,2,742.63044052,2,3.8708,100,6427003.20793595,0.0116
2013,4,"2013-T4","6112","Agricultores e trabalhadores qualificados no cultivo de hortas, viveiros e jardins",0,215085.78310514,822,733.75644409,5,733.75644409,5,0.3411,100,6427003.20793595,0.0114
2013,4,"2013-T4","3143","Técnicos florestais",0,4383.90403821,11,694.38865119,2,694.38865119,2,15.8395,100,6427003.20793595,0.0108
2013,4,"2013-T4","3151","Oficiais maquinistas em navegação",0,1596.72910143,4,686.36361017,1,686.36361017,1,42.9856,100,6427003.20793595,0.0107
2013,4,"2013-T4","6210","Trabalhadores florestais qualificados e afins",0,88292.59028473,348,674.1530705,3,674.1530705,3,0.7635,100,6427003.20793595,0.0105
2013,4,"2013-T4","8183","Operadores de máquinas de embalagem, engarrafamento e etiquetagem",0,91937.40634897,181,619.05859809,1,619.05859809,1,0.6733,100,6427003.20793595,0.0096
2013,4,"2013-T4","5163","Trabalhadores de funerárias e embalsamadores",0,16250.82654899,39,589.7457469,3,589.7457469,3,3.629,100,6427003.20793595,0.0092
2013,4,"2013-T4","3354","Agentes de serviços de expedição de licenças e permissões",0,579.95968663,1,579.95968663,1,579.95968663,1,100,100,6427003.20793595,0.009
2013,4,"2013-T4","8342","Operadores de máquinas de movimentação de terras e afins",0,157742.52101145,435,560.18418574,2,560.18418574,2,0.3551,100,6427003.20793595,0.0087
2013,4,"2013-T4","8152","Operadores de teares e outras máquinas de tecelagem",0,56126.16595851,147,535.9195469,1,535.9195469,1,0.9548,100,6427003.20793595,0.0083
2013,4,"2013-T4","7531","Alfaiates, modistas, chapeleiros e peleteiros",0,18809.57934316,37,490.03460249,2,490.03460249,2,2.6052,100,6427003.20793595,0.0076
2013,4,"2013-T4","7125","Vidraceiros",0,66340.69812512,151,483.70522482,2,483.70522482,2,0.7291,100,6427003.20793595,0.0075
2013,4,"2013-T4","8122","Operadores de máquinas polidoras, galvanizadoras e recobridoras de metais",0,55734.39149086,112,457.92730418,1,457.92730418,1,0.8216,100,6427003.20793595,0.0071
2013,4,"2013-T4","4419","Trabalhadores de apoio administrativo não classificados anteriormente",0,631.06401147,2,441.68294357,1,441.68294357,1,69.9902,100,6427003.20793595,0.0069
2013,4,"2013-T4","7114","Trabalhadores em cimento e concreto armado",0,31462.77237947,82,427.09329336,1,427.09329336,1,1.3575,100,6427003.20793595,0.0066
2013,4,"2013-T4","3134","Operadores de instalações de refino de petróleo e gás natural",0,5816.11800584,9,421.87672086,1,421.87672086,1,7.2536,100,6427003.20793595,0.0066
2013,4,"2013-T4","1322","Dirigentes de explorações de mineração",0,2178.20693996,7,415.82214386,1,415.82214386,1,19.0901,100,6427003.20793595,0.0065
2013,4,"2013-T4","7111","Construtores de casas",0,26106.76772967,70,392.35345553,2,392.35345553,2,1.5029,100,6427003.20793595,0.0061
2013,4,"2013-T4","8114","Operadores de máquinas para fabricar cimento, pedras e outros produtos minerais",0,28980.18902799,78,373.02684543,1,373.02684543,1,1.2872,100,6427003.20793595,0.0058
2013,4,"2013-T4","5152","Governantas e mordomos domésticos",0,10850.64341599,19,369.62905901,1,369.62905901,1,3.4065,100,6427003.20793595,0.0058
2013,4,"2013-T4","5212","Vendedores ambulantes de serviços de alimentação",0,75213.76208439,213,364.64523396,1,364.64523396,1,0.4848,100,6427003.20793595,0.0057
2013,4,"2013-T4","6114","Agricultores e trabalhadores qualificados de cultivos mistos",0,7547.70511465,21,363.3463487,1,363.3463487,1,4.814,100,6427003.20793595,0.0057
2013,4,"2013-T4","9214","Trabalhadores elementares da jardinagem e horticultura",0,142548.58834733,383,363.09295248,2,363.09295248,2,0.2547,100,6427003.20793595,0.0056
2013,4,"2013-T4","2659","Artistas criativos e interpretativos não classificados anteriormente",0,2630.71195406,9,345.0872881,1,345.0872881,1,13.1176,100,6427003.20793595,0.0054
2013,4,"2013-T4","5161","Astrólogos, adivinhos e afins",0,4701.83332692,7,331.3754573,1,331.3754573,1,7.0478,100,6427003.20793595,0.0052
2013,4,"2013-T4","6129","Outros criadores e trabalhadores qualificados da pecuária não classificados anteriormente",0,4284.52697811,21,328.19461953,1,328.19461953,1,7.66,100,6427003.20793595,0.0051
2013,4,"2013-T4","7316","Redatores de cartazes, pintores decorativos e gravadores",0,14476.13086261,30,319.20456962,2,319.20456962,2,2.205,100,6427003.20793595,0.005
2013,4,"2013-T4","9312","Trabalhadores elementares de obras públicas e da manutenção de estradas, represas e similares",0,43102.13300625,110,302.90715407,1,302.90715407,1,0.7028,100,6427003.20793595,0.0047
2013,4,"2013-T4","3252","Técnicos em documentação sanitária",0,1007.43034738,3,288.18942135,1,288.18942135,1,28.6064,100,6427003.20793595,0.0045
2013,4,"2013-T4","7215","Aparelhadores e emendadores de cabos",0,11256.246119,23,287.61890831,1,287.61890831,1,2.5552,100,6427003.20793595,0.0045
2013,4,"2013-T4","8111","Mineiros e operadores de máquinas e de instalações em minas e pedreiras",0,8315.71475169,25,284.00448688,1,284.00448688,1,3.4153,100,6427003.20793595,0.0044
2013,4,"2013-T4","9624","Carregadores de água e coletores de lenha",0,9969.60587639,25,260.60422802,1,260.60422802,1,2.614,100,6427003.20793595,0.0041
2013,4,"2013-T4","8219","Montadores não classificados anteriormente",0,194062.82132058,457,260.21693112,1,260.21693112,1,0.1341,100,6427003.20793595,0.004
2013,4,"2013-T4","8172","Operadores de instalações para processamento de madeira",0,73559.07655369,259,228.42176493,1,228.42176493,1,0.3105,100,6427003.20793595,0.0036
2013,4,"2013-T4","8112","Operadores de instalações de processamento de minerais e rochas",0,10730.93503544,26,227.79625312,1,227.79625312,1,2.1228,100,6427003.20793595,0.0035
2013,4,"2013-T4","9213","Trabalhadores elementares da agropecuária",0,152716.81445199,712,226.530134,2,226.530134,2,0.1483,100,6427003.20793595,0.0035
2013,4,"2013-T4","8143","Operadores de máquinas para fabricar produtos de papel",0,42034.47676246,62,221.73888404,1,221.73888404,1,0.5275,100,6427003.20793595,0.0035
2013,4,"2013-T4","7234","Reparadores de bicicletas e afins",0,56579.56646789,159,185.89422372,1,185.89422372,1,0.3286,100,6427003.20793595,0.0029
2013,4,"2013-T4","3514","Técnicos da web",0,2217.74945755,9,150.40111781,1,150.40111781,1,6.7817,100,6427003.20793595,0.0023
2013,4,"2013-T4","9215","Trabalhadores florestais elementares",0,222735.19925605,1110,132.40657733,1,132.40657733,1,0.0594,100,6427003.20793595,0.0021
2013,4,"2013-T4","3351","Agentes aduaneiros e inspetores de fronteiras",0,108.95245812,1,108.95245812,1,108.95245812,1,100,100,6427003.20793595,0.0017
2013,4,"2013-T4","0110","Oficiais das forças armadas",1,51690.90274555,128,40949.75212305,101,0,0,0,0,6427003.20793595,0
2013,4,"2013-T4","0411","Oficiais de polícia militar",1,72132.91323346,188,27695.0344198,79,0,0,0,0,6427003.20793595,0
2013,4,"2013-T4","0511","Oficiais de bombeiro militar",1,15154.50294997,41,6007.60013463,17,0,0,0,0,6427003.20793595,0
2013,4,"2013-T4","1223","Dirigentes de pesquisa e desenvolvimento",1,19633.81500792,36,16845.29965979,28,0,0,0,0,6427003.20793595,0
2013,4,"2013-T4","1330","Dirigentes de serviços de tecnologia da informação e comunicações",1,46224.51188731,90,37079.45394196,66,0,0,0,0,6427003.20793595,0
2013,4,"2013-T4","1342","Dirigentes de serviços de saúde",1,22325.26265657,50,20142.28109093,39,0,0,0,0,6427003.20793595,0
2013,4,"2013-T4","1343","Dirigentes de serviços de cuidado a pessoas idosas",0,198.36755216,1,0,0,0,0,0,NA,6427003.20793595,0
2013,4,"2013-T4","1344","Dirigentes de serviços de bem-estar social",1,442.90797182,2,0,0,0,0,0,NA,6427003.20793595,0
2013,4,"2013-T4","1345","Dirigentes de serviços de educação",1,128634.47267552,338,114054.34062203,287,0,0,0,0,6427003.20793595,0
2013,4,"2013-T4","1349","Dirigentes e gerentes de serviços profissionais não classificados anteriormente",1,29454.84698256,64,16818.27645487,34,0,0,0,0,6427003.20793595,0
2013,4,"2013-T4","2111","Físicos e astrônomos",1,391.77934688,2,391.77934688,2,0,0,0,0,6427003.20793595,0
2013,4,"2013-T4","2112","Meteorologistas",1,333.70384576,1,333.70384576,1,0,0,0,0,6427003.20793595,0
2013,4,"2013-T4","2113","Químicos",1,16163.6822527,41,16163.6822527,41,0,0,0,0,6427003.20793595,0
2013,4,"2013-T4","2114","Geólogos e geofísicos",1,8616.00582012,15,8616.00582012,15,0,0,0,0,6427003.20793595,0
2013,4,"2013-T4","2120","Matemáticos, atuários e estatísticos",1,1808.91763796,6,1808.91763796,6,0,0,0,0,6427003.20793595,0
2013,4,"2013-T4","2131","Biólogos, botânicos, zoólogos e afins",1,33735.66615881,87,33735.66615881,87,0,0,0,0,6427003.20793595,0
2013,4,"2013-T4","2132","Agrônomos e afins",1,37316.02728192,115,37316.02728192,115,0,0,0,0,6427003.20793595,0
2013,4,"2013-T4","2133","Profissionais da proteção do meio ambiente",1,13205.24760317,30,8048.71310964,14,0,0,0,0,6427003.20793595,0
2013,4,"2013-T4","2141","Engenheiros industriais e de produção",1,43851.87650947,81,43851.87650947,81,0,0,0,0,6427003.20793595,0
2013,4,"2013-T4","2142","Engenheiros civis",1,138618.22573997,337,138618.22573997,337,0,0,0,0,6427003.20793595,0
2013,4,"2013-T4","2143","Engenheiros de meio ambiente",1,21322.19746804,46,21322.19746804,46,0,0,0,0,6427003.20793595,0
2013,4,"2013-T4","2144","Engenheiros mecânicos",1,41043.27942262,89,41043.27942262,89,0,0,0,0,6427003.20793595,0
2013,4,"2013-T4","2145","Engenheiros químicos",1,21810.03134542,47,21810.03134542,47,0,0,0,0,6427003.20793595,0
2013,4,"2013-T4","2146","Engenheiros de minas, metalúrgicos e afins",1,2378.16357428,10,2378.16357428,10,0,0,0,0,6427003.20793595,0
2013,4,"2013-T4","2149","Engenheiros não classificados anteriormente",1,24231.23967081,42,24231.23967081,42,0,0,0,0,6427003.20793595,0
2013,4,"2013-T4","2151","Engenheiros eletricistas",1,55211.11338927,105,55211.11338927,105,0,0,0,0,6427003.20793595,0
2013,4,"2013-T4","2152","Engenheiros eletrônicos",1,9021.99621621,22,9021.99621621,22,0,0,0,0,6427003.20793595,0
2013,4,"2013-T4","2153","Engenheiros em telecomunicações",1,7203.01496724,10,7203.01496724,10,0,0,0,0,6427003.20793595,0
2013,4,"2013-T4","2161","Arquitetos de edificações",1,95780.59771764,198,95780.59771764,198,0,0,0,0,6427003.20793595,0
2013,4,"2013-T4","2162","Arquitetos paisagistas",1,1738.32259275,2,1738.32259275,2,0,0,0,0,6427003.20793595,0
2013,4,"2013-T4","2163","Desenhistas de produtos e  vestuário",1,84950.3443599,167,28905.64560943,48,0,0,0,0,6427003.20793595,0
2013,4,"2013-T4","2164","Urbanistas e engenheiros de trânsito",1,3668.20435055,6,2795.62601507,5,0,0,0,0,6427003.20793595,0
2013,4,"2013-T4","2165","Cartógrafos e agrimensores",1,5434.63482917,13,2710.52688825,6,0,0,0,0,6427003.20793595,0
2013,4,"2013-T4","2211","Médicos gerais",1,169508.84819805,400,169508.84819805,400,0,0,0,0,6427003.20793595,0
2013,4,"2013-T4","2212","Médicos especialistas",1,156833.98547872,303,156833.98547872,303,0,0,0,0,6427003.20793595,0
2013,4,"2013-T4","2221","Profissionais de enfermagem",1,282274.37846298,652,282274.37846298,652,0,0,0,0,6427003.20793595,0
2013,4,"2013-T4","2230","Profissionais da medicina tradicional e alternativa",1,3540.19181123,8,3540.19181123,8,0,0,0,0,6427003.20793595,0
2013,4,"2013-T4","2240","Paramédicos",1,424.46875053,1,424.46875053,1,0,0,0,0,6427003.20793595,0
2013,4,"2013-T4","2250","Veterinários",1,56063.91280378,137,56063.91280378,137,0,0,0,0,6427003.20793595,0
2013,4,"2013-T4","2261","Dentistas",1,201605.34587317,450,201605.34587317,450,0,0,0,0,6427003.20793595,0
2013,4,"2013-T4","2262","Farmacêuticos",1,92646.1335008,198,92646.1335008,198,0,0,0,0,6427003.20793595,0
2013,4,"2013-T4","2263","Profissionais da saúde e da higiene laboral e ambiental",1,1916.68518223,3,1916.68518223,3,0,0,0,0,6427003.20793595,0
2013,4,"2013-T4","2264","Fisioterapeutas",1,141720.41455263,293,141720.41455263,293,0,0,0,0,6427003.20793595,0
2013,4,"2013-T4","2265","Dietistas e nutricionistas",1,71002.03986179,147,71002.03986179,147,0,0,0,0,6427003.20793595,0
2013,4,"2013-T4","2266","Fonoaudiólogos e logopedistas",1,29772.07813063,66,29772.07813063,66,0,0,0,0,6427003.20793595,0
2013,4,"2013-T4","2269","Profissionais da saúde não classificados anteriormente",1,27651.0799634,60,10448.92845981,28,0,0,0,0,6427003.20793595,0
2013,4,"2013-T4","2310","Professores de universidades e do ensino superior",1,279756.06730609,675,279756.06730609,675,0,0,0,0,6427003.20793595,0
2013,4,"2013-T4","2320","Professores de formação profissional",1,94085.38504892,223,54819.80014583,127,0,0,0,0,6427003.20793595,0
2013,4,"2013-T4","2330","Professores do ensino médio",1,618302.3785257,1606,559718.98356487,1446,0,0,0,0,6427003.20793595,0
2013,4,"2013-T4","2341","Professores do ensino fundamental",1,1558333.58213515,4579,1156936.66794076,3261,0,0,0,0,6427003.20793595,0
2013,4,"2013-T4","2342","Professores do ensino pré-escolar",1,481385.38086323,1265,283612.85817583,694,0,0,0,0,6427003.20793595,0
2013,4,"2013-T4","2351","Especialistas em métodos pedagógicos",1,391339.94033875,1055,270337.65634067,731,0,0,0,0,6427003.20793595,0
2013,4,"2013-T4","2352","Educadores para necessidades especiais",1,41445.95997798,106,32742.83104488,80,0,0,0,0,6427003.20793595,0
2013,4,"2013-T4","2359","Profissionais de ensino não classificados anteriormente",1,92998.05047346,271,27664.53328591,65,0,0,0,0,6427003.20793595,0
2013,4,"2013-T4","2411","Contadores",1,361255.19414108,815,361255.19414108,815,0,0,0,0,6427003.20793595,0
2013,4,"2013-T4","2412","Assessores financeiros e em investimentos",1,11443.31614139,17,11443.31614139,17,0,0,0,0,6427003.20793595,0
2013,4,"2013-T4","2413","Analistas financeiros",1,75203.049364,135,75203.049364,135,0,0,0,0,6427003.20793595,0
2013,4,"2013-T4","2421","Analistas de gestão e administração",1,234284.56408846,467,234284.56408846,467,0,0,0,0,6427003.20793595,0
2013,4,"2013-T4","2422","Especialistas em políticas de administração",1,1278.87560273,3,1278.87560273,3,0,0,0,0,6427003.20793595,0
2013,4,"2013-T4","2423","Especialistas em políticas e serviços de pessoal e afins",1,165735.2989839,288,104570.51050541,181,0,0,0,0,6427003.20793595,0
2013,4,"2013-T4","2424","Especialistas em formação de pessoal",1,1483.55003942,3,1036.8893822,1,0,0,0,0,6427003.20793595,0
2013,4,"2013-T4","2432","Profissionais de relações públicas",1,26115.75982728,74,14303.59536373,35,0,0,0,0,6427003.20793595,0
2013,4,"2013-T4","2511","Analistas de sistemas",1,256684.31952033,412,247667.37637665,400,0,0,0,0,6427003.20793595,0
2013,4,"2013-T4","2512","Desenvolvedores de programas e aplicativos (software)",1,31921.9289725,44,31921.9289725,44,0,0,0,0,6427003.20793595,0
2013,4,"2013-T4","2513","Desenvolvedores de páginas de internet (web) e multimídia",1,2676.44958025,5,2676.44958025,5,0,0,0,0,6427003.20793595,0
2013,4,"2013-T4","2514","Programadores de aplicações",1,43632.20435101,83,40857.71812543,79,0,0,0,0,6427003.20793595,0
2013,4,"2013-T4","2519","Desenvolvedores e analistas de programas e aplicativos (software) e multimídia não classificados anteriormente",1,4781.81224443,9,4781.81224443,9,0,0,0,0,6427003.20793595,0
2013,4,"2013-T4","2521","Desenhistas e administradores de bases de dados",1,2167.88448195,4,2167.88448195,4,0,0,0,0,6427003.20793595,0
2013,4,"2013-T4","2522","Administradores de sistemas",1,16585.65568765,26,16585.65568765,26,0,0,0,0,6427003.20793595,0
2013,4,"2013-T4","2523","Profissionais em rede de computadores",1,2116.31778306,5,2116.31778306,5,0,0,0,0,6427003.20793595,0
2013,4,"2013-T4","2529","Especialistas em base de dados e em redes de computadores não classificados anteriormente",1,76.75886917,1,76.75886917,1,0,0,0,0,6427003.20793595,0
2013,4,"2013-T4","2611","Advogados e juristas",1,639008.70469406,1296,639008.70469406,1296,0,0,0,0,6427003.20793595,0
2013,4,"2013-T4","2612","Juízes",1,2263.99883431,4,2263.99883431,4,0,0,0,0,6427003.20793595,0
2013,4,"2013-T4","2619","Profissionais em direito não classificados anteriormente",1,9698.16500875,31,5727.3461083,16,0,0,0,0,6427003.20793595,0
2013,4,"2013-T4","2621","Arquivologistas e curadores de museus",1,2612.99451342,4,1538.75029563,2,0,0,0,0,6427003.20793595,0
2013,4,"2013-T4","2622","Bibliotecários, documentaristas e afins",1,41265.37835656,107,26865.84439796,60,0,0,0,0,6427003.20793595,0
2013,4,"2013-T4","2631","Economistas",1,26159.69311078,55,26159.69311078,55,0,0,0,0,6427003.20793595,0
2013,4,"2013-T4","2632","Sociólogos, antropólogos e afins",1,3720.07852399,13,3720.07852399,13,0,0,0,0,6427003.20793595,0
2013,4,"2013-T4","2633","Filósofos, historiadores e especialistas em ciência política",1,297.21277009,1,297.21277009,1,0,0,0,0,6427003.20793595,0
2013,4,"2013-T4","2634","Psicólogos",1,138603.51702847,279,138603.51702847,279,0,0,0,0,6427003.20793595,0
2013,4,"2013-T4","2635","Assistentes sociais",1,152042.28322443,419,106685.93233848,287,0,0,0,0,6427003.20793595,0
2013,4,"2013-T4","2642","Jornalistas",1,82528.83476626,184,61334.90656165,132,0,0,0,0,6427003.20793595,0
2013,4,"2013-T4","3133","Controladores de instalações de processamento de produtos químicos",0,9101.40503257,14,0,0,0,0,0,NA,6427003.20793595,0
2013,4,"2013-T4","3254","Técnicos em optometria e ópticos",0,1098.42790914,3,0,0,0,0,0,NA,6427003.20793595,0
2013,4,"2013-T4","3258","Ajudantes de ambulâncias",0,9935.24580954,29,0,0,0,0,0,NA,6427003.20793595,0
2013,4,"2013-T4","3324","Corretores de comercialização",0,1601.89734483,7,0,0,0,0,0,NA,6427003.20793595,0
2013,4,"2013-T4","4213","Trabalhadores em escritórios de empréstimos e penhor",0,830.39140924,2,0,0,0,0,0,NA,6427003.20793595,0
2013,4,"2013-T4","4414","Outros escreventes",0,148.69503141,1,0,0,0,0,0,NA,6427003.20793595,0
2013,4,"2013-T4","5162","Acompanhantes e criados particulares",0,1815.5442404,6,0,0,0,0,0,NA,6427003.20793595,0
2013,4,"2013-T4","5168","Trabalhadores do sexo",0,3932.04091407,8,0,0,0,0,0,NA,6427003.20793595,0
2013,4,"2013-T4","5169","Trabalhadores de serviços pessoais não classificados anteriormente",0,1427.23501099,1,0,0,0,0,0,NA,6427003.20793595,0
2013,4,"2013-T4","6123","Apicultores, sericicultores e trabalhadores qualificados da apicultura e sericicultura",0,7543.38158886,46,0,0,0,0,0,NA,6427003.20793595,0
2013,4,"2013-T4","6224","Caçadores",0,233.9293532,1,0,0,0,0,0,NA,6427003.20793595,0
2013,4,"2013-T4","7113","Canteiros, cortadores e gravadores de pedras",0,63829.97220355,203,0,0,0,0,0,NA,6427003.20793595,0
2013,4,"2013-T4","7119","Outros trabalhadores qualificados e operários da construção não classificados anteriormente",0,30053.65291809,83,0,0,0,0,0,NA,6427003.20793595,0
2013,4,"2013-T4","7122","Aplicadores de revestimentos cerâmicos, pastilhas, pedras e madeiras",0,51380.40934839,108,0,0,0,0,0,NA,6427003.20793595,0
2013,4,"2013-T4","7124","Instaladores de material isolante térmico e acústico",0,23657.9118078,43,0,0,0,0,0,NA,6427003.20793595,0
2013,4,"2013-T4","7127","Mecânicos-instaladores de sistemas de refrigeração e climatização",0,37418.35759722,93,0,0,0,0,0,NA,6427003.20793595,0
2013,4,"2013-T4","7133","Limpadores de fachadas",0,294.56898525,2,0,0,0,0,0,NA,6427003.20793595,0
2013,4,"2013-T4","7224","Polidores de metais e afiadores de ferramentas",0,28839.50451686,71,0,0,0,0,0,NA,6427003.20793595,0
2013,4,"2013-T4","7312","Confeccionadores e afinadores de instrumentos musicais",0,6254.42472798,10,0,0,0,0,0,NA,6427003.20793595,0
2013,4,"2013-T4","7315","Cortadores, polidores, jateadores e gravadores de vidros e afins",0,3011.98921338,8,0,0,0,0,0,NA,6427003.20793595,0
2013,4,"2013-T4","7319","Artesãos não classificados anteriormente",0,9906.23561901,19,0,0,0,0,0,NA,6427003.20793595,0
2013,4,"2013-T4","7515","Trabalhadores da degustação e classificação de alimentos e bebidas",0,5210.12110599,17,0,0,0,0,0,NA,6427003.20793595,0
2013,4,"2013-T4","7516","Trabalhadores qualificados da preparação do fumo e seus produtos",0,4422.01870867,12,0,0,0,0,0,NA,6427003.20793595,0
2013,4,"2013-T4","7521","Trabalhadores de tratamento e preparação da madeira",0,3977.08446766,14,0,0,0,0,0,NA,6427003.20793595,0
2013,4,"2013-T4","7535","Trabalhadores qualificados do tratamento de couros e peles",0,33708.244063,76,0,0,0,0,0,NA,6427003.20793595,0
2013,4,"2013-T4","7541","Trabalhadores subaquáticos",0,553.86350069,3,0,0,0,0,0,NA,6427003.20793595,0
2013,4,"2013-T4","7542","Dinamitadores e detonadores",0,5009.33610461,12,0,0,0,0,0,NA,6427003.20793595,0
2013,4,"2013-T4","7544","Fumigadores e outros controladores de pragas e ervas daninhas",0,27589.58561036,75,0,0,0,0,0,NA,6427003.20793595,0
2013,4,"2013-T4","7549","Outros trabalhadores qualificados e operários da indústria e do artesanato não classificados anteriormente",0,6644.1258403,15,0,0,0,0,0,NA,6427003.20793595,0
2013,4,"2013-T4","8151","Operadores de máquinas de preparação de fibras, fiação e bobinamento de fios",0,19085.63961452,42,0,0,0,0,0,NA,6427003.20793595,0
2013,4,"2013-T4","8154","Operadores de máquinas de branqueamento, tingimento e limpeza de tecidos",0,65787.43403827,175,0,0,0,0,0,NA,6427003.20793595,0
2013,4,"2013-T4","8155","Operadores de máquinas de processamento de couros e peles",0,3895.69434298,7,0,0,0,0,0,NA,6427003.20793595,0
2013,4,"2013-T4","8157","Operadores de máquinas de lavar, tingir e passar roupas",0,25444.66269183,65,0,0,0,0,0,NA,6427003.20793595,0
2013,4,"2013-T4","8159","Operadores de máquinas para fabricar produtos têxteis e artigos de couro e pele não classificados anteriormente",0,13570.58465187,32,0,0,0,0,0,NA,6427003.20793595,0
2013,4,"2013-T4","8189","Operadores de máquinas e de instalações fixas não classificados anteriormente",0,3105.791431,9,0,0,0,0,0,NA,6427003.20793595,0
2013,4,"2013-T4","8312","Guarda-freios e agentes de manobras",0,3597.55132754,5,0,0,0,0,0,NA,6427003.20793595,0
2013,4,"2013-T4","9123","Limpadores de janelas",0,3228.1645312,4,0,0,0,0,0,NA,6427003.20793595,0
2013,4,"2013-T4","9129","Outros trabalhadores de limpeza",0,12092.97410262,31,0,0,0,0,0,NA,6427003.20793595,0
2013,4,"2013-T4","9216","Trabalhadores elementares da pesca e aquicultura",0,43884.59004349,177,0,0,0,0,0,NA,6427003.20793595,0
2013,4,"2013-T4","9311","Trabalhadores elementares de minas e pedreiras",0,36898.84110547,133,0,0,0,0,0,NA,6427003.20793595,0
2013,4,"2013-T4","9331","Condutores de veículos acionados a pedal ou a braços",0,10862.83401955,32,0,0,0,0,0,NA,6427003.20793595,0
2013,4,"2013-T4","9332","Condutores de veículos e máquinas de tração animal",0,38318.75490907,128,0,0,0,0,0,NA,6427003.20793595,0
2013,4,"2013-T4","9510","Trabalhadores ambulantes dos serviços e afins",0,61602.91487391,146,0,0,0,0,0,NA,6427003.20793595,0
2013,4,"2013-T4","9613","Varredores e afins",0,3788.68800416,13,0,0,0,0,0,NA,6427003.20793595,0
2014,4,"2014-T4","4110","Escriturários gerais",0,3337321.00039696,8284,826350.9281324,2076,826350.9281324,2076,24.7609,100,7004551.04942638,11.7973
2014,4,"2014-T4","1211","Dirigentes financeiros",0,541056.0428343,1226,264630.94215037,522,264630.94215037,522,48.9101,100,7004551.04942638,3.778
2014,4,"2014-T4","1219","Dirigentes de administração e de serviços não classificados anteriormente",0,686070.58376059,1745,263651.44559949,614,263651.44559949,614,38.4292,100,7004551.04942638,3.764
2014,4,"2014-T4","5223","Balconistas e vendedores de lojas",0,4530374.86449373,11419,255783.28087945,606,255783.28087945,606,5.646,100,7004551.04942638,3.6517
2014,4,"2014-T4","5221","Comerciantes de lojas",0,2315436.21553799,6344,251212.27447477,557,251212.27447477,557,10.8495,100,7004551.04942638,3.5864
2014,4,"2014-T4","1221","Dirigentes de vendas e  comercialização",0,529879.87192186,1105,245312.90380751,421,245312.90380751,421,46.2959,100,7004551.04942638,3.5022
2014,4,"2014-T4","1346","Gerentes de sucursais de bancos, de serviços financeiros e de seguros",0,211959.62054179,374,177141.48636735,302,177141.48636735,302,83.5732,100,7004551.04942638,2.5289
2014,4,"2014-T4","1420","Gerentes de comércios atacadistas e varejistas",0,669645.33729798,1786,151173.16615697,373,151173.16615697,373,22.5751,100,7004551.04942638,2.1582
2014,4,"2014-T4","3341","Supervisores de secretaria",0,477342.42888213,1098,148218.5290454,312,148218.5290454,312,31.0508,100,7004551.04942638,2.116
2014,4,"2014-T4","3411","Profissionais de nível médio do direito e serviços legais e afins",0,316961.24910683,781,146423.65310383,371,146423.65310383,371,46.1961,100,7004551.04942638,2.0904
2014,4,"2014-T4","4120","Secretários (geral)",0,517481.47652952,1330,108205.66129018,275,108205.66129018,275,20.9101,100,7004551.04942638,1.5448
2014,4,"2014-T4","3343","Secretários executivos e administrativos",0,246138.33665244,638,108022.38652914,258,108022.38652914,258,43.8869,100,7004551.04942638,1.5422
2014,4,"2014-T4","3423","Instrutores de educação física e atividades recreativas",0,173626.81287626,401,106128.38506813,243,106128.38506813,243,61.1244,100,7004551.04942638,1.5151
2014,4,"2014-T4","2431","Profissionais da publicidade e da comercialização",0,150552.99051258,283,102890.43703203,176,102890.43703203,176,68.3417,100,7004551.04942638,1.4689
2014,4,"2014-T4","1112","Dirigentes superiores da administração pública",0,173758.2837682,508,102802.80902469,294,102802.80902469,294,59.1643,100,7004551.04942638,1.4677
2014,4,"2014-T4","3334","Agentes imobiliários",0,290738.3346455,641,100272.74715516,191,100272.74715516,191,34.489,100,7004551.04942638,1.4315
2014,4,"2014-T4","4226","Recepcionistas em geral",0,897312.7580846,2243,100015.66570964,241,100015.66570964,241,11.1461,100,7004551.04942638,1.4279
2014,4,"2014-T4","1212","Dirigentes de recursos humanos",0,181639.1263241,396,94549.57506966,189,94549.57506966,189,52.0535,100,7004551.04942638,1.3498
2014,4,"2014-T4","0412","Graduados e praças da polícia militar",0,334692.48982985,881,88995.09080519,241,88995.09080519,241,26.5901,100,7004551.04942638,1.2705
2014,4,"2014-T4","3322","Representantes comerciais",0,474738.34629334,1166,84681.65731926,172,84681.65731926,172,17.8375,100,7004551.04942638,1.209
2014,4,"2014-T4","1120","Diretores gerais e gerentes gerais",0,166723.92865029,353,81066.7077022,159,81066.7077022,159,48.6233,100,7004551.04942638,1.1573
2014,4,"2014-T4","3513","Técnicos de redes e sistemas de computadores",0,321299.26161366,724,64235.41071524,136,64235.41071524,136,19.9924,100,7004551.04942638,0.9171
2014,4,"2014-T4","1321","Dirigentes de indústria de transformação",0,231660.88261986,537,63854.23715892,127,63854.23715892,127,27.5637,100,7004551.04942638,0.9116
2014,4,"2014-T4","3221","Profissionais de nível médio de enfermagem",0,668495.81690777,1713,62329.53285573,160,62329.53285573,160,9.3238,100,7004551.04942638,0.8898
2014,4,"2014-T4","4211","Caixas de banco e afins",0,123667.62279058,259,59722.7613751,133,59722.7613751,133,48.293,100,7004551.04942638,0.8526
2014,4,"2014-T4","3332","Organizadores de conferências e eventos",0,172416.93146943,375,56195.11765806,115,56195.11765806,115,32.5926,100,7004551.04942638,0.8023
2014,4,"2014-T4","8322","Condutores de automóveis, taxis e caminhonetes",0,1448051.56422488,3775,54953.84734705,108,54953.84734705,108,3.795,100,7004551.04942638,0.7845
2014,4,"2014-T4","4222","Trabalhadores de centrais de atendimento",0,539968.07153248,960,53477.06044735,93,53477.06044735,93,9.9037,100,7004551.04942638,0.7635
2014,4,"2014-T4","4311","Trabalhadores de contabilidade e cálculo de custos",0,293645.27322168,669,53322.85228243,124,53322.85228243,124,18.1589,100,7004551.04942638,0.7613
2014,4,"2014-T4","5243","Vendedores a domicilio",0,782253.44294669,2280,50769.90014288,137,50769.90014288,137,6.4902,100,7004551.04942638,0.7248
2014,4,"2014-T4","3313","Contabilistas e guarda livros",0,193587.7929358,454,49596.03298777,107,49596.03298777,107,25.6194,100,7004551.04942638,0.7081
2014,4,"2014-T4","5142","Especialistas em tratamento de beleza e afins",0,832148.4093787,1986,49168.37561576,93,49168.37561576,93,5.9086,100,7004551.04942638,0.7019
2014,4,"2014-T4","1412","Gerentes de restaurantes",0,246059.19295459,666,48220.87689435,101,48220.87689435,101,19.5973,100,7004551.04942638,0.6884
2014,4,"2014-T4","2353","Outros professores de idiomas",0,75932.23425937,150,45806.60673403,85,45806.60673403,85,60.3256,100,7004551.04942638,0.654
2014,4,"2014-T4","3321","Agentes de seguros",0,116859.22035808,225,45770.44981101,83,45770.44981101,83,39.1672,100,7004551.04942638,0.6534
2014,4,"2014-T4","3253","Trabalhadores comunitários da saúde",0,396143.12627098,1423,45385.94267928,145,45385.94267928,145,11.457,100,7004551.04942638,0.6479
2014,4,"2014-T4","5230","Caixas e expedidores de bilhetes",0,959100.48430708,2305,44112.63992804,106,44112.63992804,106,4.5994,100,7004551.04942638,0.6298
2014,4,"2014-T4","3311","Agentes e corretores de bolsa, câmbio e outros serviços financeiros",0,66043.74505695,172,43878.5751938,115,43878.5751938,115,66.4387,100,7004551.04942638,0.6264
2014,4,"2014-T4","3355","Inspetores de polícia e detetives",0,67378.83567899,163,43862.59228943,109,43862.59228943,109,65.0985,100,7004551.04942638,0.6262
2014,4,"2014-T4","5412","Policiais",0,105027.94631627,311,42829.44380926,134,42829.44380926,134,40.7791,100,7004551.04942638,0.6115
2014,4,"2014-T4","2166","Desenhistas gráficos e de multimídia",0,77732.9521262,145,42816.16471169,64,42816.16471169,64,55.0811,100,7004551.04942638,0.6113
2014,4,"2014-T4","4321","Trabalhadores de controle de abastecimento e estoques",0,849686.5673228,1943,42073.65021772,87,42073.65021772,87,4.9517,100,7004551.04942638,0.6007
2014,4,"2014-T4","5414","Guardas de segurança",0,1444676.54707376,3894,41845.41440745,104,41845.41440745,104,2.8965,100,7004551.04942638,0.5974
2014,4,"2014-T4","3257","Inspetores de saúde laboral, ambiental e afins",0,188029.33615685,427,41791.09314319,99,41791.09314319,99,22.2258,100,7004551.04942638,0.5966
2014,4,"2014-T4","5311","Cuidadores de crianças",0,853980.26791691,2047,41043.28450945,86,41043.28450945,86,4.8061,100,7004551.04942638,0.586
2014,4,"2014-T4","7112","Pedreiros",0,3705672.2274538,9712,41027.60649219,94,41027.60649219,94,1.1072,100,7004551.04942638,0.5857
2014,4,"2014-T4","3342","Secretários jurídicos",0,95672.15443605,194,40177.22888429,76,40177.22888429,76,41.9947,100,7004551.04942638,0.5736
2014,4,"2014-T4","2636","Ministros de cultos religiosos, missionários e afins",0,83025.36904457,272,37230.92186877,105,37230.92186877,105,44.8428,100,7004551.04942638,0.5315
2014,4,"2014-T4","2433","Profissionais de vendas técnicas e médicas (exclusive tic)",0,98867.22096062,201,37068.85116323,59,37068.85116323,59,37.4936,100,7004551.04942638,0.5292
2014,4,"2014-T4","1213","Dirigentes de políticas e planejamento",0,60039.91476428,134,36427.307756,71,36427.307756,71,60.6718,100,7004551.04942638,0.5201
2014,4,"2014-T4","7543","Classificadores e provadores de produtos (exceto de bebidas e alimentos)",0,185503.81579663,399,35612.90757082,50,35612.90757082,50,19.1979,100,7004551.04942638,0.5084
2014,4,"2014-T4","3323","Agentes de compras",0,84144.49041144,147,34501.20982974,54,34501.20982974,54,41.0023,100,7004551.04942638,0.4926
2014,4,"2014-T4","1324","Dirigentes de empresas de abastecimento, distribuição e afins",0,78151.3155907,174,32720.32257764,54,32720.32257764,54,41.8679,100,7004551.04942638,0.4671
2014,4,"2014-T4","1222","Dirigentes de publicidade e relações públicas",0,51898.69779851,117,32053.11675422,66,32053.11675422,66,61.7609,100,7004551.04942638,0.4576
2014,4,"2014-T4","5413","Guardiões de presídios",0,90864.72183603,237,31666.12176353,82,31666.12176353,82,34.8497,100,7004551.04942638,0.4521
2014,4,"2014-T4","3339","Agentes de serviços comerciais não classificados anteriormente",0,114721.41869739,242,31618.11485029,57,31618.11485029,57,27.5608,100,7004551.04942638,0.4514
2014,4,"2014-T4","5222","Supervisores de lojas",0,182908.37843971,375,31484.02352191,62,31484.02352191,62,17.213,100,7004551.04942638,0.4495
2014,4,"2014-T4","5120","Cozinheiros",0,1243078.06934929,3532,31345.52071586,85,31345.52071586,85,2.5216,100,7004551.04942638,0.4475
2014,4,"2014-T4","3352","Agentes da administração tributária",0,42493.65505345,117,31339.68990709,76,31339.68990709,76,73.7515,100,7004551.04942638,0.4474
2014,4,"2014-T4","3119","Técnicos em ciências físicas e da engenharia não classificados anteriormente",0,250285.01501463,567,31315.56132358,65,31315.56132358,65,12.512,100,7004551.04942638,0.4471
2014,4,"2014-T4","9520","Vendedores ambulantes (exclusive de serviços de alimentação)",0,683770.49360649,1961,31072.24994973,66,31072.24994973,66,4.5443,100,7004551.04942638,0.4436
2014,4,"2014-T4","6111","Agricultores e trabalhadores qualificados em atividades da agricultura (exclusive hortas, viveiros e jardins)",0,2315085.64914484,12167,29923.89175822,100,29923.89175822,100,1.2926,100,7004551.04942638,0.4272
2014,4,"2014-T4","9112","Trabalhadores de limpeza de interior de edifícios, escritórios, hotéis e outros estabelecimentos",0,2625679.89776781,7104,28983.10529981,94,28983.10529981,94,1.1038,100,7004551.04942638,0.4138
2014,4,"2014-T4","5141","Cabeleireiros",0,976228.07149684,2381,27809.04567957,72,27809.04567957,72,2.8486,100,7004551.04942638,0.397
2014,4,"2014-T4","7512","Padeiros, confeiteiros e afins",0,667673.04332106,1664,26700.6811193,59,26700.6811193,59,3.9991,100,7004551.04942638,0.3812
2014,4,"2014-T4","1311","Dirigentes de produção agropecuária e silvicultura",0,107588.67892658,500,25664.77997649,81,25664.77997649,81,23.8545,100,7004551.04942638,0.3664
2014,4,"2014-T4","3431","Fotógrafos",0,114226.91058685,253,25530.14561521,56,25530.14561521,56,22.3504,100,7004551.04942638,0.3645
2014,4,"2014-T4","0210","Graduados e praças das forças armadas",0,259285.10543608,690,25199.816401,68,25199.816401,68,9.719,100,7004551.04942638,0.3598
2014,4,"2014-T4","4312","Trabalhadores de serviços estatísticos, financeiros e de seguros",0,57947.22753796,124,24819.79945529,54,24819.79945529,54,42.8317,100,7004551.04942638,0.3543
2014,4,"2014-T4","8332","Condutores de caminhões pesados",0,1675095.62952487,4362,24539.32418256,57,24539.32418256,57,1.465,100,7004551.04942638,0.3503
2014,4,"2014-T4","4221","Trabalhadores de agências de viagem",0,65193.09995585,132,24372.25265434,52,24372.25265434,52,37.3847,100,7004551.04942638,0.3479
2014,4,"2014-T4","6121","Criadores de gado e trabalhadores qualificados da criação de gado",0,1399647.14035159,7680,23024.76470525,98,23024.76470525,98,1.645,100,7004551.04942638,0.3287
2014,4,"2014-T4","5312","Ajudantes de professores",0,165958.75014644,394,21036.21572081,57,21036.21572081,57,12.6756,100,7004551.04942638,0.3003
2014,4,"2014-T4","3112","Técnicos em engenharia civil",0,145834.84375578,385,20615.21959537,57,20615.21959537,57,14.136,100,7004551.04942638,0.2943
2014,4,"2014-T4","3312","Agentes de empréstimos e financiamento",0,47852.45504885,100,19116.65726104,28,19116.65726104,28,39.9492,100,7004551.04942638,0.2729
2014,4,"2014-T4","3211","Técnicos em aparelhos de diagnóstico e tratamento médico",0,62862.01852404,121,18716.45368039,39,18716.45368039,39,29.7739,100,7004551.04942638,0.2672
2014,4,"2014-T4","3432","Desenhistas e decoradores de interiores",0,71194.41477299,160,18705.29908496,39,18705.29908496,39,26.2735,100,7004551.04942638,0.267
2014,4,"2014-T4","1323","Dirigentes de empresas de construção",0,64463.93360964,154,18465.82363218,37,18465.82363218,37,28.6452,100,7004551.04942638,0.2636
2014,4,"2014-T4","4225","Trabalhadores dos serviços de informações",0,74002.41026404,138,18378.66360549,31,18378.66360549,31,24.8352,100,7004551.04942638,0.2624
2014,4,"2014-T4","7531","Alfaiates, modistas, chapeleiros e peleteiros",0,801681.85009294,2095,18255.99566897,53,18255.99566897,53,2.2772,100,7004551.04942638,0.2606
2014,4,"2014-T4","3116","Técnicos em química industrial",0,51978.12950522,100,17558.18203852,25,17558.18203852,25,33.7799,100,7004551.04942638,0.2507
2014,4,"2014-T4","7231","Mecânicos e reparadores de veículos a motor",0,1035068.87788065,2697,17356.75056759,30,17356.75056759,30,1.6769,100,7004551.04942638,0.2478
2014,4,"2014-T4","3115","Técnicos em engenharia mecânica",0,255951.9835312,609,17177.41448131,37,17177.41448131,37,6.7112,100,7004551.04942638,0.2452
2014,4,"2014-T4","5321","Trabalhadores de cuidados pessoais em instituições",0,254057.00968436,599,16462.86443068,37,16462.86443068,37,6.48,100,7004551.04942638,0.235
2014,4,"2014-T4","3118","Desenhistas e projetistas técnicos",0,112461.33646385,222,16393.91789808,32,16393.91789808,32,14.5774,100,7004551.04942638,0.234
2014,4,"2014-T4","0512","Graduados e praças do corpo de bombeiros",0,48854.01404664,145,16039.56322246,50,16039.56322246,50,32.8316,100,7004551.04942638,0.229
2014,4,"2014-T4","5153","Porteiros e zeladores",0,925685.75934964,2486,15412.39950323,46,15412.39950323,46,1.665,100,7004551.04942638,0.22
2014,4,"2014-T4","3113","Eletrotécnicos",0,314476.24305721,846,15348.06727147,44,15348.06727147,44,4.8805,100,7004551.04942638,0.2191
2014,4,"2014-T4","2652","Músicos, cantores e compositores",0,118945.94372293,305,14341.58664304,27,14341.58664304,27,12.0572,100,7004551.04942638,0.2047
2014,4,"2014-T4","3422","Treinadores, instrutores e árbitros de atividades esportivas",0,30770.38943281,64,14272.57469634,24,14272.57469634,24,46.3841,100,7004551.04942638,0.2038
2014,4,"2014-T4","7233","Mecânicos e reparadores de máquinas agrícolas e industriais",0,453373.66730542,1061,13980.48783594,30,13980.48783594,30,3.0837,100,7004551.04942638,0.1996
2014,4,"2014-T4","3141","Técnicos e profissionais de nível médio em ciências biológicas (exclusive da medicina)",0,29143.21437871,61,13065.40949859,23,13065.40949859,23,44.8317,100,7004551.04942638,0.1865
2014,4,"2014-T4","1111","Legisladores",0,43107.19175837,141,12885.97876788,37,12885.97876788,37,29.8929,100,7004551.04942638,0.184
2014,4,"2014-T4","7223","Reguladores e operadores de máquinas-ferramentas",0,390387.51175153,787,12569.8176584,26,12569.8176584,26,3.2198,100,7004551.04942638,0.1795
2014,4,"2014-T4","9111","Trabalhadores dos serviços domésticos em geral",0,4793212.32729447,13338,12004.41614943,39,12004.41614943,39,0.2504,100,7004551.04942638,0.1714
2014,4,"2014-T4","2356","Instrutores em tecnologias da informação",0,36230.49810398,85,11981.68598567,32,11981.68598567,32,33.0707,100,7004551.04942638,0.1711
2014,4,"2014-T4","9333","Carregadores",0,890305.39338853,2343,11912.85670179,31,11912.85670179,31,1.3381,100,7004551.04942638,0.1701
2014,4,"2014-T4","3522","Técnicos de engenharia de telecomunicações",0,86558.33232442,183,11887.85129546,25,11887.85129546,25,13.7339,100,7004551.04942638,0.1697
2014,4,"2014-T4","3122","Supervisores de indústrias de transformação",0,193666.83026244,420,11733.52564919,26,11733.52564919,26,6.0586,100,7004551.04942638,0.1675
2014,4,"2014-T4","4323","Trabalhadores de serviços de transporte",0,43357.46420983,80,11494.2324898,21,11494.2324898,21,26.5104,100,7004551.04942638,0.1641
2014,4,"2014-T4","3212","Técnicos de laboratórios médicos",0,45135.05631224,113,11399.78021701,26,11399.78021701,26,25.257,100,7004551.04942638,0.1627
2014,4,"2014-T4","8331","Condutores de ônibus e bondes",0,505668.14568291,1288,11277.83544,19,11277.83544,19,2.2303,100,7004551.04942638,0.161
2014,4,"2014-T4","3142","Técnicos agropecuários",0,61980.24410111,232,11093.15000403,31,11093.15000403,31,17.8979,100,7004551.04942638,0.1584
2014,4,"2014-T4","3434","Chefes de cozinha",0,72762.56437695,177,11015.62900278,18,11015.62900278,18,15.1391,100,7004551.04942638,0.1573
2014,4,"2014-T4","2651","Artistas plásticos",0,42376.287852,102,10725.67374424,19,10725.67374424,19,25.3106,100,7004551.04942638,0.1531
2014,4,"2014-T4","2354","Outros professores de música",0,41439.75836435,96,10683.06104643,25,10683.06104643,25,25.7797,100,7004551.04942638,0.1525
2014,4,"2014-T4","2654","Diretores de cinema, de teatro e afins",0,23547.28539589,46,10566.4994192,16,10566.4994192,16,44.8735,100,7004551.04942638,0.1509
2014,4,"2014-T4","2641","Escritores",0,21872.67767202,46,10544.15215793,28,10544.15215793,28,48.207,100,7004551.04942638,0.1505
2014,4,"2014-T4","8153","Operadores de máquinas de costura",0,693488.07426656,1753,10517.24655799,25,10517.24655799,25,1.5166,100,7004551.04942638,0.1501
2014,4,"2014-T4","2355","Outros professores de artes",0,54495.03533435,129,10482.17291779,24,10482.17291779,24,19.2351,100,7004551.04942638,0.1496
2014,4,"2014-T4","7412","Mecânicos e ajustadores eletricistas",0,355687.05067782,784,10291.90377627,20,10291.90377627,20,2.8935,100,7004551.04942638,0.1469
2014,4,"2014-T4","4412","Trabalhadores de serviços de correios",0,95224.31041806,181,10255.68101436,26,10255.68101436,26,10.77,100,7004551.04942638,0.1464
2014,4,"2014-T4","3114","Técnicos em eletrônica",0,209529.93229915,438,10208.43979506,26,10208.43979506,26,4.8721,100,7004551.04942638,0.1457
2014,4,"2014-T4","3512","Técnicos em assistência ao usuário de tecnologia da informação e das comunicações",0,52516.74715583,95,10198.58751941,19,10198.58751941,19,19.4197,100,7004551.04942638,0.1456
2014,4,"2014-T4","4415","Trabalhadores de arquivos",0,72197.17523973,161,10080.36177204,22,10080.36177204,22,13.9623,100,7004551.04942638,0.1439
2014,4,"2014-T4","5249","Vendedores não classificados anteriormente",0,65740.27383288,177,9844.51533377,15,9844.51533377,15,14.9749,100,7004551.04942638,0.1405
2014,4,"2014-T4","5211","Vendedores de quiosques e postos de mercados",0,423706.13523671,1309,9292.93504155,27,9292.93504155,27,2.1933,100,7004551.04942638,0.1327
2014,4,"2014-T4","4132","Operadores de entrada de dados",0,63532.56550171,187,9290.21020821,30,9290.21020821,30,14.6228,100,7004551.04942638,0.1326
2014,4,"2014-T4","4223","Telefonistas",0,97979.007065,243,9137.08636765,22,9137.08636765,22,9.3256,100,7004551.04942638,0.1304
2014,4,"2014-T4","2643","Tradutores, intérpretes e linguistas",0,11645.08858924,23,8966.25970931,17,8966.25970931,17,76.9961,100,7004551.04942638,0.128
2014,4,"2014-T4","3314","Profissionais de nível médio de serviços estatísticos, matemáticos e afins",0,110938.36614634,256,8792.76241253,14,8792.76241253,14,7.9258,100,7004551.04942638,0.1255
2014,4,"2014-T4","3511","Técnicos em operações de tecnologia da informação e das comunicações",0,77930.15248988,167,8791.40677395,20,8791.40677395,20,11.2811,100,7004551.04942638,0.1255
2014,4,"2014-T4","9412","Ajudantes de cozinha",0,621344.3199471,1496,8684.5161654,17,8684.5161654,17,1.3977,100,7004551.04942638,0.124
2014,4,"2014-T4","5131","Garçons",0,544418.82867126,1275,8609.82789872,15,8609.82789872,15,1.5815,100,7004551.04942638,0.1229
2014,4,"2014-T4","1341","Dirigentes de serviços de cuidados infantis",0,9791.12269145,26,8451.13201421,20,8451.13201421,20,86.3142,100,7004551.04942638,0.1207
2014,4,"2014-T4","5151","Supervisores de manutenção e limpeza de edifícios em escritórios, hotéis e estabelecimentos",0,26115.50737244,62,8301.06800781,18,8301.06800781,18,31.786,100,7004551.04942638,0.1185
2014,4,"2014-T4","3344","Secretários de medicina",0,109591.86364033,267,8139.62945001,21,8139.62945001,21,7.4272,100,7004551.04942638,0.1162
2014,4,"2014-T4","7411","Eletricistas de obras e afins",0,312795.00728609,717,7981.91518501,17,7981.91518501,17,2.5518,100,7004551.04942638,0.114
2014,4,"2014-T4","4214","Cobradores e afins",0,81173.36239948,202,7926.51107717,15,7926.51107717,15,9.7649,100,7004551.04942638,0.1132
2014,4,"2014-T4","3255","Técnicos e assistentes fisioterapeutas",0,55403.04812469,132,7895.64369265,22,7895.64369265,22,14.2513,100,7004551.04942638,0.1127
2014,4,"2014-T4","4416","Trabalhadores do serviço de pessoal",0,45056.76937473,97,7862.02822299,13,7862.02822299,13,17.4492,100,7004551.04942638,0.1122
2014,4,"2014-T4","2656","Locutores de rádio, televisão e outros meios de comunicação",0,42516.91477207,115,7823.98759236,25,7823.98759236,25,18.4021,100,7004551.04942638,0.1117
2014,4,"2014-T4","9313","Trabalhadores elementares da construção de edifícios",0,2102208.76369141,6001,7586.40735736,16,7586.40735736,16,0.3609,100,7004551.04942638,0.1083
2014,4,"2014-T4","3412","Trabalhadores e assistentes sociais de nível médio",0,49948.80051685,150,7514.8829056,23,7514.8829056,23,15.0452,100,7004551.04942638,0.1073
2014,4,"2014-T4","3353","Agentes de serviços de seguridade social",0,9839.42799061,24,7343.76459808,15,7343.76459808,15,74.6361,100,7004551.04942638,0.1048
2014,4,"2014-T4","4224","Recepcionistas de hotéis",0,81948.76287141,198,7333.44380253,20,7333.44380253,20,8.9488,100,7004551.04942638,0.1047
2014,4,"2014-T4","1439","Gerentes de serviços não classificados anteriormente",0,27528.85851978,50,7266.32692462,15,7266.32692462,15,26.3953,100,7004551.04942638,0.1037
2014,4,"2014-T4","9621","Mensageiros, carregadores de bagagens e entregadores de encomendas",0,324849.70019144,867,7200.4024048,16,7200.4024048,16,2.2165,100,7004551.04942638,0.1028
2014,4,"2014-T4","4227","Entrevistadores de pesquisas de mercado",0,18041.87982031,46,7163.76607869,15,7163.76607869,15,39.7063,100,7004551.04942638,0.1023
2014,4,"2014-T4","5132","atendentes de bar",0,332963.13610597,888,7062.83285962,18,7062.83285962,18,2.1212,100,7004551.04942638,0.1008
2014,4,"2014-T4","6130","Produtores e trabalhadores qualificados de exploração agropecuária mista",0,126260.80259605,658,7045.88404474,21,7045.88404474,21,5.5804,100,7004551.04942638,0.1006
2014,4,"2014-T4","3123","Supervisores da construção",0,96489.61922152,217,6998.04885027,10,6998.04885027,10,7.2526,100,7004551.04942638,0.0999
2014,4,"2014-T4","5419","Trabalhadores dos serviços de proteção e segurança não classificados anteriormente",0,60439.24693157,151,6871.93506805,19,6871.93506805,19,11.37,100,7004551.04942638,0.0981
2014,4,"2014-T4","8131","Operadores de instalações e máquinas de produtos químicos",0,65055.9024611,116,6479.33407593,8,6479.33407593,8,9.9596,100,7004551.04942638,0.0925
2014,4,"2014-T4","8211","Mecânicos montadores de maquinaria mecânica",0,165014.26126708,316,6458.77913746,11,6458.77913746,11,3.9141,100,7004551.04942638,0.0922
2014,4,"2014-T4","5111","Auxiliares de serviço de bordo",0,21135.5667977,27,6397.42389344,8,6397.42389344,8,30.2685,100,7004551.04942638,0.0913
2014,4,"2014-T4","3117","Técnicos em engenharia de minas e metalurgia",0,44843.52178207,104,6366.66654599,11,6366.66654599,11,14.1975,100,7004551.04942638,0.0909
2014,4,"2014-T4","4322","Trabalhadores de serviços de apoio à produção",0,182865.04049436,400,6341.46436018,9,6341.46436018,9,3.4678,100,7004551.04942638,0.0905
2014,4,"2014-T4","9334","Repositores de prateleiras",0,434552.62465993,1021,6249.92571468,17,6249.92571468,17,1.4382,100,7004551.04942638,0.0892
2014,4,"2014-T4","3331","Despachantes aduaneiros",0,10813.25891775,27,6071.71876958,10,6071.71876958,10,56.1507,100,7004551.04942638,0.0867
2014,4,"2014-T4","9321","empacotadores manuais",0,261663.92204864,632,5972.97411302,11,5972.97411302,11,2.2827,100,7004551.04942638,0.0853
2014,4,"2014-T4","8212","Montadores de equipamentos elétricos e eletrônicos",0,161797.93529282,341,5842.52574058,10,5842.52574058,10,3.611,100,7004551.04942638,0.0834
2014,4,"2014-T4","3413","Auxiliares leigos de religião",0,26731.45632117,82,5734.97212515,16,5734.97212515,16,21.454,100,7004551.04942638,0.0819
2014,4,"2014-T4","8344","Operadores de empilhadeiras",0,220405.3583208,421,5730.06340242,12,5730.06340242,12,2.5998,100,7004551.04942638,0.0818
2014,4,"2014-T4","1411","Gerentes de hotéis",0,25616.94809169,81,5670.8020076,18,5670.8020076,18,22.1369,100,7004551.04942638,0.081
2014,4,"2014-T4","5322","Trabalhadores de cuidados pessoais a domicílios",0,350526.96416411,807,5277.05435781,13,5277.05435781,13,1.5055,100,7004551.04942638,0.0753
2014,4,"2014-T4","9211","Trabalhadores elementares da agricultura",0,2633317.97698655,11824,5197.43285969,30,5197.43285969,30,0.1974,100,7004551.04942638,0.0742
2014,4,"2014-T4","3230","Profissionais de nível médio de medicina tradicional e alternativa",0,12087.94593321,26,5018.92484583,12,5018.92484583,12,41.5201,100,7004551.04942638,0.0717
2014,4,"2014-T4","5244","Vendedores por telefone",0,38665.08621199,81,4990.98278319,14,4990.98278319,14,12.9082,100,7004551.04942638,0.0713
2014,4,"2014-T4","3521","Técnicos de radiodifusão e gravação audiovisual",0,67252.26745563,156,4943.81971092,11,4943.81971092,11,7.3512,100,7004551.04942638,0.0706
2014,4,"2014-T4","7317","Artesãos de pedra, madeira, vime e materiais semelhantes",0,101087.27073009,297,4886.41640583,13,4886.41640583,13,4.8339,100,7004551.04942638,0.0698
2014,4,"2014-T4","4229","Trabalhadores de serviços de informação ao cliente não classificados anteriormente",0,63895.39004878,145,4668.66735571,15,4668.66735571,15,7.3067,100,7004551.04942638,0.0667
2014,4,"2014-T4","7522","Marceneiros e afins",0,393386.83504559,977,4662.96428896,15,4662.96428896,15,1.1853,100,7004551.04942638,0.0666
2014,4,"2014-T4","3213","Técnicos e assistentes farmacêuticos",0,22869.02390058,51,4598.9525108,12,4598.9525108,12,20.11,100,7004551.04942638,0.0657
2014,4,"2014-T4","8321","Condutores de motocicletas",0,472736.3179413,1260,4584.72471148,10,4584.72471148,10,0.9698,100,7004551.04942638,0.0655
2014,4,"2014-T4","3153","Pilotos de aviação e afins",0,22444.89050679,43,4570.05007043,15,4570.05007043,15,20.3612,100,7004551.04942638,0.0652
2014,4,"2014-T4","2655","Atores",0,9178.54024817,19,4560.67437834,8,4560.67437834,8,49.6884,100,7004551.04942638,0.0651
2014,4,"2014-T4","3359","Agentes da administração pública para aplicação da lei e afins não classificados anteriormente",0,12438.02144326,25,4441.59750448,8,4441.59750448,8,35.7098,100,7004551.04942638,0.0634
2014,4,"2014-T4","3111","Técnicos em ciências físicas e químicas",0,25963.83758365,68,4352.04496129,13,4352.04496129,13,16.7619,100,7004551.04942638,0.0621
2014,4,"2014-T4","3256","assistentes de medicina",0,34902.63636313,75,4349.58634336,8,4349.58634336,8,12.4621,100,7004551.04942638,0.0621
2014,4,"2014-T4","7132","Lustradores",0,218998.02048642,503,4245.01267286,10,4245.01267286,10,1.9384,100,7004551.04942638,0.0606
2014,4,"2014-T4","8343","Operadores de guindastes, gruas, aparatos de elevação e afins",0,103870.40801467,209,4139.28421554,4,4139.28421554,4,3.985,100,7004551.04942638,0.0591
2014,4,"2014-T4","5329","Trabalhadores de cuidados pessoais nos serviços de saúde não classificados anteriormente",0,40052.85166709,109,4022.08411709,12,4022.08411709,12,10.0419,100,7004551.04942638,0.0574
2014,4,"2014-T4","7126","Bombeiros e encanadores",0,194816.75923142,486,3973.17089335,8,3973.17089335,8,2.0394,100,7004551.04942638,0.0567
2014,4,"2014-T4","7131","Pintores e empapeladores",0,662995.26498222,1639,3777.06212832,11,3777.06212832,11,0.5697,100,7004551.04942638,0.0539
2014,4,"2014-T4","5246","Balconistas dos serviços de alimentação",0,176163.7667642,405,3764.41555372,10,3764.41555372,10,2.1369,100,7004551.04942638,0.0537
2014,4,"2014-T4","7533","Costureiros, bordadeiros e afins",0,97393.65184041,328,3755.63740049,10,3755.63740049,10,3.8561,100,7004551.04942638,0.0536
2014,4,"2014-T4","3421","Atletas e esportistas",0,28119.60165354,59,3640.4363741,2,3640.4363741,2,12.9463,100,7004551.04942638,0.052
2014,4,"2014-T4","5165","Instrutores de autoescola",0,53647.54539898,145,3447.50707974,12,3447.50707974,12,6.4262,100,7004551.04942638,0.0492
2014,4,"2014-T4","8341","Operadores de máquinas agrícolas e florestais móveis",0,313580.83156243,1182,3444.79567942,8,3444.79567942,8,1.0985,100,7004551.04942638,0.0492
2014,4,"2014-T4","5242","Demonstradores de lojas",0,36403.49624098,67,3432.52827482,6,3432.52827482,6,9.4291,100,7004551.04942638,0.049
2014,4,"2014-T4","5113","Guias de turismo",0,16428.4922553,45,3356.73248721,9,3356.73248721,9,20.4324,100,7004551.04942638,0.0479
2014,4,"2014-T4","8182","Operadores de máquinas de vapor e caldeiras",0,66545.80127984,145,3282.63262103,4,3282.63262103,4,4.9329,100,7004551.04942638,0.0469
2014,4,"2014-T4","3154","Controladores de tráfego aéreo",0,6291.29947222,14,3277.07828085,7,3277.07828085,7,52.0891,100,7004551.04942638,0.0468
2014,4,"2014-T4","4411","Trabalhadores de bibliotecas",0,19948.18450568,53,3135.41626165,10,3135.41626165,10,15.7178,100,7004551.04942638,0.0448
2014,4,"2014-T4","9629","Outras ocupações elementares não classificadas anteriormente",0,76344.90491284,172,3022.09254092,3,3022.09254092,3,3.9585,100,7004551.04942638,0.0431
2014,4,"2014-T4","3514","Técnicos da web",0,8918.42270956,18,3004.76320921,3,3004.76320921,3,33.6916,100,7004551.04942638,0.0429
2014,4,"2014-T4","7511","Magarefes e afins",0,497270.30286863,1365,2961.37498087,11,2961.37498087,11,0.5955,100,7004551.04942638,0.0423
2014,4,"2014-T4","7313","Joalheiros e lapidadores de gemas, artesãos de metais preciosos e semipreciosos",0,39034.66512328,73,2935.42681011,5,2935.42681011,5,7.5201,100,7004551.04942638,0.0419
2014,4,"2014-T4","7234","Reparadores de bicicletas e afins",0,54942.92619854,149,2910.26317618,4,2910.26317618,4,5.2969,100,7004551.04942638,0.0415
2014,4,"2014-T4","8142","Operadores de máquinas para fabricar produtos de material plástico",0,158288.6405421,272,2899.9557227,2,2899.9557227,2,1.8321,100,7004551.04942638,0.0414
2014,4,"2014-T4","3214","Técnicos de próteses médicas e dentárias",0,43275.04563818,96,2727.25960278,11,2727.25960278,11,6.3022,100,7004551.04942638,0.0389
2014,4,"2014-T4","3251","Dentistas auxiliares e ajudantes de odontologia",0,17810.57150415,43,2715.61970591,6,2715.61970591,6,15.2472,100,7004551.04942638,0.0388
2014,4,"2014-T4","5245","Frentistas de posto de gasolina",0,278185.95670855,681,2686.28287644,9,2686.28287644,9,0.9656,100,7004551.04942638,0.0384
2014,4,"2014-T4","3433","Técnicos em galerias de arte, museus e bibliotecas",0,16765.3068012,44,2676.38326833,4,2676.38326833,4,15.9638,100,7004551.04942638,0.0382
2014,4,"2014-T4","7523","Operadores de máquinas de lavrar madeira",0,69071.94078587,213,2666.60962982,3,2666.60962982,3,3.8606,100,7004551.04942638,0.0381
2014,4,"2014-T4","8132","Operadores de máquinas para fabricar produtos fotográficos",0,16622.25970941,30,2643.70549576,5,2643.70549576,5,15.9046,100,7004551.04942638,0.0377
2014,4,"2014-T4","9329","Trabalhadores elementares da indústria de transformação não classificados anteriormente",0,181146.07170327,452,2558.01479512,5,2558.01479512,5,1.4121,100,7004551.04942638,0.0365
2014,4,"2014-T4","3315","Avaliadores",0,6949.3235161,14,2546.81685085,6,2546.81685085,6,36.6484,100,7004551.04942638,0.0364
2014,4,"2014-T4","8183","Operadores de máquinas de embalagem, engarrafamento e etiquetagem",0,101551.61312929,199,2522.51253546,6,2522.51253546,6,2.484,100,7004551.04942638,0.036
2014,4,"2014-T4","6112","Agricultores e trabalhadores qualificados no cultivo de hortas, viveiros e jardins",0,207033.98227693,779,2501.41499462,12,2501.41499462,12,1.2082,100,7004551.04942638,0.0357
2014,4,"2014-T4","1114","Dirigentes de organizações que apresentam um interesse especial",0,11566.91760275,42,2475.77264531,9,2475.77264531,9,21.4039,100,7004551.04942638,0.0353
2014,4,"2014-T4","3333","Agentes de emprego e agenciadores de mão de obra",0,5536.38654988,11,2461.21670431,3,2461.21670431,3,44.4553,100,7004551.04942638,0.0351
2014,4,"2014-T4","2653","Bailarinos e coreógrafos",0,5315.87363955,8,2414.62651428,2,2414.62651428,2,45.4229,100,7004551.04942638,0.0345
2014,4,"2014-T4","7322","Impressores",0,81403.70674413,166,2348.54397604,6,2348.54397604,6,2.8851,100,7004551.04942638,0.0335
2014,4,"2014-T4","9212","Trabalhadores elementares da pecuária",0,574958.41837777,2886,2335.71166766,12,2335.71166766,12,0.4062,100,7004551.04942638,0.0333
2014,4,"2014-T4","7318","Artesãos de tecidos, couros e materiais semelhantes",0,141653.3299994,476,2318.70265386,8,2318.70265386,8,1.6369,100,7004551.04942638,0.0331
2014,4,"2014-T4","7212","Soldadores e oxicortadores",0,378768.03483187,873,2263.41302496,6,2263.41302496,6,0.5976,100,7004551.04942638,0.0323
2014,4,"2014-T4","8141","Operadores de máquinas para fabricar produtos de borracha",0,150061.88426413,381,2234.38415813,3,2234.38415813,3,1.489,100,7004551.04942638,0.0319
2014,4,"2014-T4","7536","Sapateiros e afins",0,183740.36734012,397,2233.01479642,4,2233.01479642,4,1.2153,100,7004551.04942638,0.0319
2014,4,"2014-T4","8113","Perfuradores e sondadores de poços e afins",0,21437.10197838,52,2216.82758151,1,2216.82758151,1,10.3411,100,7004551.04942638,0.0316
2014,4,"2014-T4","5411","Bombeiros",0,23174.43987189,52,2189.90501324,10,2189.90501324,10,9.4497,100,7004551.04942638,0.0313
2014,4,"2014-T4","7413","Instaladores e reparadores de linhas elétricas",0,45997.10929383,122,2156.98882962,9,2156.98882962,9,4.6894,100,7004551.04942638,0.0308
2014,4,"2014-T4","8350","Marinheiros de coberta e afins",0,24729.71153273,87,2128.84811822,5,2128.84811822,5,8.6085,100,7004551.04942638,0.0304
2014,4,"2014-T4","5112","Fiscais e cobradores de transportes públicos",0,184849.79123783,456,2096.39075644,7,2096.39075644,7,1.1341,100,7004551.04942638,0.0299
2014,4,"2014-T4","7534","Tapeceiros, colchoeiros e afins",0,99277.97754564,245,2071.94636686,6,2071.94636686,6,2.087,100,7004551.04942638,0.0296
2014,4,"2014-T4","7115","Carpinteiros",0,268765.64614395,835,2063.62817918,6,2063.62817918,6,0.7678,100,7004551.04942638,0.0295
2014,4,"2014-T4","7122","Aplicadores de revestimentos cerâmicos, pastilhas, pedras e madeiras",0,72151.62777528,141,2035.99084379,4,2035.99084379,4,2.8218,100,7004551.04942638,0.0291
2014,4,"2014-T4","7514","Trabalhadores da conservação de frutas, legumes e similares",0,122884.01355906,349,2029.08878928,4,2029.08878928,4,1.6512,100,7004551.04942638,0.029
2014,4,"2014-T4","4313","Trabalhadores encarregados de folha de pagamento",0,3502.9359558,9,2028.58595577,4,2028.58595577,4,57.911,100,7004551.04942638,0.029
2014,4,"2014-T4","3240","Técnicos e assistentes veterinários",0,13783.84787534,42,2019.14370173,5,2019.14370173,5,14.6486,100,7004551.04942638,0.0288
2014,4,"2014-T4","3152","Capitães, oficiais de coberta e práticos",0,20475.08333606,85,2004.98270024,6,2004.98270024,6,9.7923,100,7004551.04942638,0.0286
2014,4,"2014-T4","3132","Operadores de incineradores, instalações de tratamento de água e afins",0,38587.12739482,85,1940.54536077,4,1940.54536077,4,5.029,100,7004551.04942638,0.0277
2014,4,"2014-T4","8121","Operadores de instalações de processamento de metais",0,114481.96635035,195,1864.3618324,2,1864.3618324,2,1.6285,100,7004551.04942638,0.0266
2014,4,"2014-T4","3131","Operadores de instalações de produção de energia",0,9268.67183907,28,1790.17112406,4,1790.17112406,4,19.3142,100,7004551.04942638,0.0256
2014,4,"2014-T4","9122","Lavadores de veículos",0,254166.4098919,640,1789.82556335,6,1789.82556335,6,0.7042,100,7004551.04942638,0.0256
2014,4,"2014-T4","2434","Profissionais de vendas de tecnologia da informação e comunicações",0,4062.41561193,7,1754.12659237,4,1754.12659237,4,43.1794,100,7004551.04942638,0.025
2014,4,"2014-T4","1322","Dirigentes de explorações de mineração",0,4101.46540595,11,1718.01624224,3,1718.01624224,3,41.8879,100,7004551.04942638,0.0245
2014,4,"2014-T4","8160","Operadores de máquinas para elaborar alimentos e produtos afins",0,278823.61728807,1049,1701.341542,7,1701.341542,7,0.6102,100,7004551.04942638,0.0243
2014,4,"2014-T4","7213","Chapistas e caldeireiros",0,497177.80031174,1134,1664.07982115,4,1664.07982115,4,0.3347,100,7004551.04942638,0.0238
2014,4,"2014-T4","9612","Classificadores de resíduos",0,195793.44619242,465,1654.54983998,5,1654.54983998,5,0.845,100,7004551.04942638,0.0236
2014,4,"2014-T4","9121","Lavadeiros de roupas e passadeiros manuais",0,115391.63652581,303,1638.31716069,5,1638.31716069,5,1.4198,100,7004551.04942638,0.0234
2014,4,"2014-T4","9622","Pessoas que realizam várias tarefas",0,4374.86378955,5,1637.10506218,2,1637.10506218,2,37.4207,100,7004551.04942638,0.0234
2014,4,"2014-T4","8342","Operadores de máquinas de movimentação de terras e afins",0,155426.16963827,428,1629.86228169,6,1629.86228169,6,1.0486,100,7004551.04942638,0.0233
2014,4,"2014-T4","8311","Maquinistas de locomotivas",0,15193.68063185,29,1603.90556097,4,1603.90556097,4,10.5564,100,7004551.04942638,0.0229
2014,4,"2014-T4","3259","Profissionais de nível médio da saúde não classificados anteriormente",0,21090.90241149,42,1598.76100929,3,1598.76100929,3,7.5803,100,7004551.04942638,0.0228
2014,4,"2014-T4","7127","Mecânicos-instaladores de sistemas de refrigeração e climatização",0,42833.35705787,94,1440.96408432,3,1440.96408432,3,3.3641,100,7004551.04942638,0.0206
2014,4,"2014-T4","3354","Agentes de serviços de expedição de licenças e permissões",0,3848.14118061,10,1432.10201457,3,1432.10201457,3,37.2154,100,7004551.04942638,0.0204
2014,4,"2014-T4","7123","Gesseiros",0,128085.95300507,295,1383.3733052,2,1383.3733052,2,1.08,100,7004551.04942638,0.0197
2014,4,"2014-T4","8143","Operadores de máquinas para fabricar produtos de papel",0,25526.69625873,45,1330.8456744,1,1330.8456744,1,5.2135,100,7004551.04942638,0.019
2014,4,"2014-T4","7222","Ferramenteiros e afins",0,58800.43698983,111,1299.32596244,2,1299.32596244,2,2.2097,100,7004551.04942638,0.0185
2014,4,"2014-T4","7513","Trabalhadores da pasteurização do leite e fabricação de laticínios e afins",0,67009.18115219,328,1288.32202694,5,1288.32202694,5,1.9226,100,7004551.04942638,0.0184
2014,4,"2014-T4","5241","Modelos de moda, arte e publicidade",0,3606.27638518,10,1279.10609728,2,1279.10609728,2,35.4689,100,7004551.04942638,0.0183
2014,4,"2014-T4","7312","Confeccionadores e afinadores de instrumentos musicais",0,6171.87774262,10,1260.59804185,1,1260.59804185,1,20.4249,100,7004551.04942638,0.018
2014,4,"2014-T4","8171","Operadores de instalações para a preparação de pasta de papel e papel",0,37381.92326085,76,1254.40804749,4,1254.40804749,4,3.3557,100,7004551.04942638,0.0179
2014,4,"2014-T4","7321","Trabalhadores da pré-impressão gráfica",0,29947.24516429,53,1243.35136181,3,1243.35136181,3,4.1518,100,7004551.04942638,0.0178
2014,4,"2014-T4","6122","Avicultores e trabalhadores qualificados da avicultura",0,112610.2741309,595,1217.99773586,7,1217.99773586,7,1.0816,100,7004551.04942638,0.0174
2014,4,"2014-T4","9411","Preparadores de comidas rápidas",0,105271.82950613,306,1177.71845128,5,1177.71845128,5,1.1187,100,7004551.04942638,0.0168
2014,4,"2014-T4","6123","Apicultores, sericicultores e trabalhadores qualificados da apicultura e sericicultura",0,12096.67735301,56,1113.88252051,2,1113.88252051,2,9.2082,100,7004551.04942638,0.0159
2014,4,"2014-T4","7232","Mecânicos e reparadores de motores de avião",0,14941.83351642,28,1113.70416653,2,1113.70416653,2,7.4536,100,7004551.04942638,0.0159
2014,4,"2014-T4","8156","Operadores de máquinas para fabricação de calçados e afins",0,148766.5854415,265,1036.28519446,2,1036.28519446,2,0.6966,100,7004551.04942638,0.0148
2014,4,"2014-T4","4212","Coletores de apostas e de jogos",0,47807.10918495,134,1012.3463563,3,1012.3463563,3,2.1176,100,7004551.04942638,0.0145
2014,4,"2014-T4","8172","Operadores de instalações para processamento de madeira",0,89087.43737546,301,874.65820759,4,874.65820759,4,0.9818,100,7004551.04942638,0.0125
2014,4,"2014-T4","7214","Montadores de estruturas metálicas",0,126469.12585819,283,838.63711168,3,838.63711168,3,0.6631,100,7004551.04942638,0.012
2014,4,"2014-T4","8154","Operadores de máquinas de branqueamento, tingimento e limpeza de tecidos",0,72079.71661708,177,838.45211814,1,838.45211814,1,1.1632,100,7004551.04942638,0.012
2014,4,"2014-T4","8219","Montadores não classificados anteriormente",0,208319.22581857,469,792.21254221,3,792.21254221,3,0.3803,100,7004551.04942638,0.0113
2014,4,"2014-T4","3133","Controladores de instalações de processamento de produtos químicos",0,9344.67538016,16,787.44279378,1,787.44279378,1,8.4266,100,7004551.04942638,0.0112
2014,4,"2014-T4","1431","Gerentes de centros esportivos,  de diversão e culturais",0,8236.53515542,23,773.08152628,3,773.08152628,3,9.386,100,7004551.04942638,0.011
2014,4,"2014-T4","7211","Moldadores de metal e macheiros",0,26121.60645162,50,719.51801663,1,719.51801663,1,2.7545,100,7004551.04942638,0.0103
2014,4,"2014-T4","3143","Técnicos florestais",0,4866.3913779,13,698.39383883,1,698.39383883,1,14.3514,100,7004551.04942638,0.01
2014,4,"2014-T4","3155","Técnicos em segurança aeronáutica",0,1607.93029308,8,670.21044899,4,670.21044899,4,41.6816,100,7004551.04942638,0.0096
2014,4,"2014-T4","3121","Supervisores da mineração",0,3202.92508096,11,668.82962239,1,668.82962239,1,20.8818,100,7004551.04942638,0.0095
2014,4,"2014-T4","9611","Coletores de lixo e material reciclável",0,269050.03204786,741,661.68199557,4,661.68199557,4,0.2459,100,7004551.04942638,0.0094
2014,4,"2014-T4","3435","Outros profissionais de nível médio em atividades culturais e artísticas",0,16679.71620603,26,658.52515277,1,658.52515277,1,3.9481,100,7004551.04942638,0.0094
2014,4,"2014-T4","6114","Agricultores e trabalhadores qualificados de cultivos mistos",0,68271.12075322,411,656.5763531,4,656.5763531,4,0.9617,100,7004551.04942638,0.0094
2014,4,"2014-T4","7314","Ceramistas e afins (preparação e fabricação)",0,95150.8073352,261,647.14087918,2,647.14087918,2,0.6801,100,7004551.04942638,0.0092
2014,4,"2014-T4","8112","Operadores de instalações de processamento de minerais e rochas",0,13296.19901782,31,629.69723691,2,629.69723691,2,4.7359,100,7004551.04942638,0.009
2014,4,"2014-T4","7111","Construtores de casas",0,29937.55481069,74,605.41526978,2,605.41526978,2,2.0223,100,7004551.04942638,0.0086
2014,4,"2014-T4","3324","Corretores de comercialização",0,4629.96817934,13,596.30325597,2,596.30325597,2,12.8792,100,7004551.04942638,0.0085
2014,4,"2014-T4","6210","Trabalhadores florestais qualificados e afins",0,88295.353468,393,577.27511456,3,577.27511456,3,0.6538,100,7004551.04942638,0.0082
2014,4,"2014-T4","8181","Operadores de instalações de vidraria e cerâmica",0,81554.14626368,181,569.59858366,1,569.59858366,1,0.6984,100,7004551.04942638,0.0081
2014,4,"2014-T4","7224","Polidores de metais e afiadores de ferramentas",0,43994.03016105,80,547.41421305,1,547.41421305,1,1.2443,100,7004551.04942638,0.0078
2014,4,"2014-T4","7323","Encadernadores e afins",0,32214.58926322,59,541.01756616,1,541.01756616,1,1.6794,100,7004551.04942638,0.0077
2014,4,"2014-T4","7221","Ferreiros e forjadores",0,28540.55666392,91,523.49162821,1,523.49162821,1,1.8342,100,7004551.04942638,0.0075
2014,4,"2014-T4","9510","Trabalhadores ambulantes dos serviços e afins",0,78034.4434595,198,502.26633586,3,502.26633586,3,0.6436,100,7004551.04942638,0.0072
2014,4,"2014-T4","5161","Astrólogos, adivinhos e afins",0,2706.41354976,5,494.12631685,1,494.12631685,1,18.2576,100,7004551.04942638,0.0071
2014,4,"2014-T4","7541","Trabalhadores subaquáticos",0,3023.13211248,7,452.72979675,1,452.72979675,1,14.9755,100,7004551.04942638,0.0065
2014,4,"2014-T4","9214","Trabalhadores elementares da jardinagem e horticultura",0,158871.28828356,457,443.52570732,2,443.52570732,2,0.2792,100,7004551.04942638,0.0063
2014,4,"2014-T4","5164","Cuidadores de animais",0,47594.80518088,104,437.12953058,4,437.12953058,4,0.9184,100,7004551.04942638,0.0062
2014,4,"2014-T4","3139","Técnicos em controle de processos não classificados anteriormente",0,9294.48873557,22,432.97714916,3,432.97714916,3,4.6584,100,7004551.04942638,0.0062
2014,4,"2014-T4","6225","Pescadores",0,380127.8090034,1723,431.62583215,2,431.62583215,2,0.1135,100,7004551.04942638,0.0062
2014,4,"2014-T4","4413","Codificadores de dados, revisores de provas de impressão e afins",0,1761.80846898,7,393.07170916,1,393.07170916,1,22.3107,100,7004551.04942638,0.0056
2014,4,"2014-T4","7121","Telhadores",0,17347.68449206,38,310.09114403,1,310.09114403,1,1.7875,100,7004551.04942638,0.0044
2014,4,"2014-T4","5212","Vendedores ambulantes de serviços de alimentação",0,74673.77159505,212,299.50110826,1,299.50110826,1,0.4011,100,7004551.04942638,0.0043
2014,4,"2014-T4","6221","Trabalhadores da aquicultura",0,10772.16228399,61,276.68237049,2,276.68237049,2,2.5685,100,7004551.04942638,0.004
2014,4,"2014-T4","3258","Ajudantes de ambulâncias",0,16411.16593639,47,271.50170964,1,271.50170964,1,1.6544,100,7004551.04942638,0.0039
2014,4,"2014-T4","8111","Mineiros e operadores de máquinas e de instalações em minas e pedreiras",0,10497.60612749,22,264.34071878,2,264.34071878,2,2.5181,100,7004551.04942638,0.0038
2014,4,"2014-T4","4131","Operadores de máquinas de processamento de texto e mecanógrafos",0,2420.21039331,6,245.58842377,1,245.58842377,1,10.1474,100,7004551.04942638,0.0035
2014,4,"2014-T4","3151","Oficiais maquinistas em navegação",0,1215.96188845,3,237.58398427,1,237.58398427,1,19.5388,100,7004551.04942638,0.0034
2014,4,"2014-T4","8114","Operadores de máquinas para fabricar cimento, pedras e outros produtos minerais",0,22781.80530102,80,220.10333374,1,220.10333374,1,0.9661,100,7004551.04942638,0.0031
2014,4,"2014-T4","7422","Instaladores e reparadores em tecnologias da informação e comunicações",0,62245.8524633,141,213.47196929,1,213.47196929,1,0.3429,100,7004551.04942638,0.003
2014,4,"2014-T4","7125","Vidraceiros",0,69163.55396356,178,203.36309178,1,203.36309178,1,0.294,100,7004551.04942638,0.0029
2014,4,"2014-T4","4213","Trabalhadores em escritórios de empréstimos e penhor",0,1242.11654636,7,202.72620302,2,202.72620302,2,16.321,100,7004551.04942638,0.0029
2014,4,"2014-T4","7421","Mecânicos e reparadores em eletrônica",0,53605.6950111,105,195.06988888,1,195.06988888,1,0.3639,100,7004551.04942638,0.0028
2014,4,"2014-T4","9213","Trabalhadores elementares da agropecuária",0,145201.4358446,746,157.14989067,1,157.14989067,1,0.1082,100,7004551.04942638,0.0022
2014,4,"2014-T4","7113","Canteiros, cortadores e gravadores de pedras",0,75555.95044857,204,145.03199279,1,145.03199279,1,0.192,100,7004551.04942638,0.0021
2014,4,"2014-T4","7316","Redatores de cartazes, pintores decorativos e gravadores",0,16549.85362463,39,120.2761666,1,120.2761666,1,0.7268,100,7004551.04942638,0.0017
2014,4,"2014-T4","9311","Trabalhadores elementares de minas e pedreiras",0,33965.79784668,128,73.94617228,1,73.94617228,1,0.2177,100,7004551.04942638,0.0011
2014,4,"2014-T4","5152","Governantas e mordomos domésticos",0,12082.24987952,29,52.57660415,1,52.57660415,1,0.4352,100,7004551.04942638,8e-04
2014,4,"2014-T4","0110","Oficiais das forças armadas",1,41913.74783016,119,30647.6721024,88,0,0,0,0,7004551.04942638,0
2014,4,"2014-T4","0411","Oficiais de polícia militar",1,79801.54888132,184,29626.48085649,85,0,0,0,0,7004551.04942638,0
2014,4,"2014-T4","0511","Oficiais de bombeiro militar",1,20302.3424323,56,9998.49445111,30,0,0,0,0,7004551.04942638,0
2014,4,"2014-T4","1223","Dirigentes de pesquisa e desenvolvimento",1,33058.1005629,55,29220.29691613,45,0,0,0,0,7004551.04942638,0
2014,4,"2014-T4","1312","Dirigentes de produção da aquicultura e pesca",0,1156.6315118,7,0,0,0,0,0,NA,7004551.04942638,0
2014,4,"2014-T4","1330","Dirigentes de serviços de tecnologia da informação e comunicações",1,60951.6772948,110,43128.48240973,70,0,0,0,0,7004551.04942638,0
2014,4,"2014-T4","1342","Dirigentes de serviços de saúde",1,19719.53236317,46,17571.32074656,38,0,0,0,0,7004551.04942638,0
2014,4,"2014-T4","1343","Dirigentes de serviços de cuidado a pessoas idosas",0,1419.62505217,2,0,0,0,0,0,NA,7004551.04942638,0
2014,4,"2014-T4","1344","Dirigentes de serviços de bem-estar social",1,373.41126873,2,164.96057464,1,0,0,0,0,7004551.04942638,0
2014,4,"2014-T4","1345","Dirigentes de serviços de educação",1,136633.97189655,377,122180.11101473,323,0,0,0,0,7004551.04942638,0
2014,4,"2014-T4","1349","Dirigentes e gerentes de serviços profissionais não classificados anteriormente",1,25248.28866311,58,18042.57652422,39,0,0,0,0,7004551.04942638,0
2014,4,"2014-T4","2111","Físicos e astrônomos",1,1878.93219037,4,1878.93219037,4,0,0,0,0,7004551.04942638,0
2014,4,"2014-T4","2113","Químicos",1,19372.3221271,38,19372.3221271,38,0,0,0,0,7004551.04942638,0
2014,4,"2014-T4","2114","Geólogos e geofísicos",1,5416.66113841,16,5416.66113841,16,0,0,0,0,7004551.04942638,0
2014,4,"2014-T4","2120","Matemáticos, atuários e estatísticos",1,2181.37836784,6,2181.37836784,6,0,0,0,0,7004551.04942638,0
2014,4,"2014-T4","2131","Biólogos, botânicos, zoólogos e afins",1,58411.70718156,111,58411.70718156,111,0,0,0,0,7004551.04942638,0
2014,4,"2014-T4","2132","Agrônomos e afins",1,40447.41589822,121,40447.41589822,121,0,0,0,0,7004551.04942638,0
2014,4,"2014-T4","2133","Profissionais da proteção do meio ambiente",1,23893.46840617,43,15981.00040412,25,0,0,0,0,7004551.04942638,0
2014,4,"2014-T4","2141","Engenheiros industriais e de produção",1,54149.21178089,85,54149.21178089,85,0,0,0,0,7004551.04942638,0
2014,4,"2014-T4","2142","Engenheiros civis",1,160103.60399841,362,160103.60399841,362,0,0,0,0,7004551.04942638,0
2014,4,"2014-T4","2143","Engenheiros de meio ambiente",1,25508.96604609,50,25508.96604609,50,0,0,0,0,7004551.04942638,0
2014,4,"2014-T4","2144","Engenheiros mecânicos",1,68930.79370647,112,68930.79370647,112,0,0,0,0,7004551.04942638,0
2014,4,"2014-T4","2145","Engenheiros químicos",1,25688.46078446,47,25688.46078446,47,0,0,0,0,7004551.04942638,0
2014,4,"2014-T4","2146","Engenheiros de minas, metalúrgicos e afins",1,9511.88630725,19,9511.88630725,19,0,0,0,0,7004551.04942638,0
2014,4,"2014-T4","2149","Engenheiros não classificados anteriormente",1,26642.20626882,41,26642.20626882,41,0,0,0,0,7004551.04942638,0
2014,4,"2014-T4","2151","Engenheiros eletricistas",1,33114.09444685,70,33114.09444685,70,0,0,0,0,7004551.04942638,0
2014,4,"2014-T4","2152","Engenheiros eletrônicos",1,12971.19830543,23,12971.19830543,23,0,0,0,0,7004551.04942638,0
2014,4,"2014-T4","2153","Engenheiros em telecomunicações",1,4073.87513997,9,4073.87513997,9,0,0,0,0,7004551.04942638,0
2014,4,"2014-T4","2161","Arquitetos de edificações",1,107609.81125352,200,107609.81125352,200,0,0,0,0,7004551.04942638,0
2014,4,"2014-T4","2162","Arquitetos paisagistas",1,4333.90463855,9,4333.90463855,9,0,0,0,0,7004551.04942638,0
2014,4,"2014-T4","2163","Desenhistas de produtos e  vestuário",1,102955.7926193,201,40631.75138753,81,0,0,0,0,7004551.04942638,0
2014,4,"2014-T4","2164","Urbanistas e engenheiros de trânsito",1,4782.79379203,8,3831.40026342,6,0,0,0,0,7004551.04942638,0
2014,4,"2014-T4","2165","Cartógrafos e agrimensores",1,1716.33246853,6,867.61661362,3,0,0,0,0,7004551.04942638,0
2014,4,"2014-T4","2211","Médicos gerais",1,189419.86536598,429,189419.86536598,429,0,0,0,0,7004551.04942638,0
2014,4,"2014-T4","2212","Médicos especialistas",1,176857.62198357,301,176857.62198357,301,0,0,0,0,7004551.04942638,0
2014,4,"2014-T4","2221","Profissionais de enfermagem",1,303740.57997699,720,303740.57997699,720,0,0,0,0,7004551.04942638,0
2014,4,"2014-T4","2230","Profissionais da medicina tradicional e alternativa",1,4104.64856967,8,4104.64856967,8,0,0,0,0,7004551.04942638,0
2014,4,"2014-T4","2240","Paramédicos",1,1311.05884393,6,0,0,0,0,0,NA,7004551.04942638,0
2014,4,"2014-T4","2250","Veterinários",1,61315.16470157,151,61315.16470157,151,0,0,0,0,7004551.04942638,0
2014,4,"2014-T4","2261","Dentistas",1,212333.47824015,477,212333.47824015,477,0,0,0,0,7004551.04942638,0
2014,4,"2014-T4","2262","Farmacêuticos",1,104941.52657085,257,104941.52657085,257,0,0,0,0,7004551.04942638,0
2014,4,"2014-T4","2263","Profissionais da saúde e da higiene laboral e ambiental",1,1390.09082101,5,1390.09082101,5,0,0,0,0,7004551.04942638,0
2014,4,"2014-T4","2264","Fisioterapeutas",1,136631.13301386,288,136631.13301386,288,0,0,0,0,7004551.04942638,0
2014,4,"2014-T4","2265","Dietistas e nutricionistas",1,59865.17570508,141,59865.17570508,141,0,0,0,0,7004551.04942638,0
2014,4,"2014-T4","2266","Fonoaudiólogos e logopedistas",1,22299.95700218,41,22299.95700218,41,0,0,0,0,7004551.04942638,0
2014,4,"2014-T4","2267","Optometristas",1,332.84883121,1,332.84883121,1,0,0,0,0,7004551.04942638,0
2014,4,"2014-T4","2269","Profissionais da saúde não classificados anteriormente",1,32757.90603503,59,9991.95171731,23,0,0,0,0,7004551.04942638,0
2014,4,"2014-T4","2310","Professores de universidades e do ensino superior",1,263524.54669042,653,263524.54669042,653,0,0,0,0,7004551.04942638,0
2014,4,"2014-T4","2320","Professores de formação profissional",1,107369.46815677,279,71884.46220316,179,0,0,0,0,7004551.04942638,0
2014,4,"2014-T4","2330","Professores do ensino médio",1,545887.52155379,1451,511968.626555,1358,0,0,0,0,7004551.04942638,0
2014,4,"2014-T4","2341","Professores do ensino fundamental",1,1627987.56687494,4863,1280352.94785797,3663,0,0,0,0,7004551.04942638,0
2014,4,"2014-T4","2342","Professores do ensino pré-escolar",1,492045.81561834,1352,322145.27298039,827,0,0,0,0,7004551.04942638,0
2014,4,"2014-T4","2351","Especialistas em métodos pedagógicos",1,402301.3018843,1119,292163.58067597,819,0,0,0,0,7004551.04942638,0
2014,4,"2014-T4","2352","Educadores para necessidades especiais",1,27709.19986252,93,23305.12362305,77,0,0,0,0,7004551.04942638,0
2014,4,"2014-T4","2359","Profissionais de ensino não classificados anteriormente",1,154151.54712743,401,52699.91371354,124,0,0,0,0,7004551.04942638,0
2014,4,"2014-T4","2411","Contadores",1,367924.91895141,861,367924.91895141,861,0,0,0,0,7004551.04942638,0
2014,4,"2014-T4","2412","Assessores financeiros e em investimentos",1,2320.79880613,9,2320.79880613,9,0,0,0,0,7004551.04942638,0
2014,4,"2014-T4","2413","Analistas financeiros",1,80488.47724142,153,80488.47724142,153,0,0,0,0,7004551.04942638,0
2014,4,"2014-T4","2421","Analistas de gestão e administração",1,244565.9361715,475,244565.9361715,475,0,0,0,0,7004551.04942638,0
2014,4,"2014-T4","2422","Especialistas em políticas de administração",1,2966.85360168,8,2966.85360168,8,0,0,0,0,7004551.04942638,0
2014,4,"2014-T4","2423","Especialistas em políticas e serviços de pessoal e afins",1,155387.69152215,309,96507.41724812,202,0,0,0,0,7004551.04942638,0
2014,4,"2014-T4","2424","Especialistas em formação de pessoal",1,3811.04114516,11,2094.53056381,5,0,0,0,0,7004551.04942638,0
2014,4,"2014-T4","2432","Profissionais de relações públicas",1,27739.37637566,51,13059.03155504,30,0,0,0,0,7004551.04942638,0
2014,4,"2014-T4","2511","Analistas de sistemas",1,290128.69676216,485,280642.17953988,467,0,0,0,0,7004551.04942638,0
2014,4,"2014-T4","2512","Desenvolvedores de programas e aplicativos (software)",1,27336.18108201,42,24159.48438143,39,0,0,0,0,7004551.04942638,0
2014,4,"2014-T4","2513","Desenvolvedores de páginas de internet (web) e multimídia",1,5534.03457307,8,5534.03457307,8,0,0,0,0,7004551.04942638,0
2014,4,"2014-T4","2514","Programadores de aplicações",1,48080.44004998,83,47312.11014408,81,0,0,0,0,7004551.04942638,0
2014,4,"2014-T4","2519","Desenvolvedores e analistas de programas e aplicativos (software) e multimídia não classificados anteriormente",1,9895.03641497,17,9694.00563434,16,0,0,0,0,7004551.04942638,0
2014,4,"2014-T4","2521","Desenhistas e administradores de bases de dados",1,1781.56520999,5,1781.56520999,5,0,0,0,0,7004551.04942638,0
2014,4,"2014-T4","2522","Administradores de sistemas",1,13502.58051201,26,12385.24914521,23,0,0,0,0,7004551.04942638,0
2014,4,"2014-T4","2523","Profissionais em rede de computadores",1,2149.04857041,5,2149.04857041,5,0,0,0,0,7004551.04942638,0
2014,4,"2014-T4","2529","Especialistas em base de dados e em redes de computadores não classificados anteriormente",1,2010.79866143,5,2010.79866143,5,0,0,0,0,7004551.04942638,0
2014,4,"2014-T4","2611","Advogados e juristas",1,615104.89063351,1336,615104.89063351,1336,0,0,0,0,7004551.04942638,0
2014,4,"2014-T4","2612","Juízes",1,266.50891226,1,266.50891226,1,0,0,0,0,7004551.04942638,0
2014,4,"2014-T4","2619","Profissionais em direito não classificados anteriormente",1,85862.06391669,248,76187.13605716,214,0,0,0,0,7004551.04942638,0
2014,4,"2014-T4","2621","Arquivologistas e curadores de museus",1,337.5672494,1,337.5672494,1,0,0,0,0,7004551.04942638,0
2014,4,"2014-T4","2622","Bibliotecários, documentaristas e afins",1,38544.62459618,93,22126.92778287,53,0,0,0,0,7004551.04942638,0
2014,4,"2014-T4","2631","Economistas",1,23087.90883325,60,23087.90883325,60,0,0,0,0,7004551.04942638,0
2014,4,"2014-T4","2632","Sociólogos, antropólogos e afins",1,4537.6131681,11,4537.6131681,11,0,0,0,0,7004551.04942638,0
2014,4,"2014-T4","2633","Filósofos, historiadores e especialistas em ciência política",1,751.54609966,2,751.54609966,2,0,0,0,0,7004551.04942638,0
2014,4,"2014-T4","2634","Psicólogos",1,160763.90100071,352,160763.90100071,352,0,0,0,0,7004551.04942638,0
2014,4,"2014-T4","2635","Assistentes sociais",1,182157.48010654,477,124129.39305089,315,0,0,0,0,7004551.04942638,0
2014,4,"2014-T4","2642","Jornalistas",1,101276.38853049,241,70053.64976878,160,0,0,0,0,7004551.04942638,0
2014,4,"2014-T4","2659","Artistas criativos e interpretativos não classificados anteriormente",0,3679.61296409,5,0,0,0,0,0,NA,7004551.04942638,0
2014,4,"2014-T4","3134","Operadores de instalações de refino de petróleo e gás natural",0,2419.46676096,6,0,0,0,0,0,NA,7004551.04942638,0
2014,4,"2014-T4","3135","Controladores de processos de produção de metais",0,21169.93849838,54,0,0,0,0,0,NA,7004551.04942638,0
2014,4,"2014-T4","3222","Profissionais de nível médio de partos",0,2539.97104881,5,0,0,0,0,0,NA,7004551.04942638,0
2014,4,"2014-T4","3252","Técnicos em documentação sanitária",0,636.72482682,1,0,0,0,0,0,NA,7004551.04942638,0
2014,4,"2014-T4","3351","Agentes aduaneiros e inspetores de fronteiras",0,746.26744221,2,0,0,0,0,0,NA,7004551.04942638,0
2014,4,"2014-T4","4414","Outros escreventes",0,1274.69890696,2,0,0,0,0,0,NA,7004551.04942638,0
2014,4,"2014-T4","5162","Acompanhantes e criados particulares",0,782.06098058,3,0,0,0,0,0,NA,7004551.04942638,0
2014,4,"2014-T4","5163","Trabalhadores de funerárias e embalsamadores",0,14781.87325461,38,0,0,0,0,0,NA,7004551.04942638,0
2014,4,"2014-T4","5168","Trabalhadores do sexo",0,2970.67756052,8,0,0,0,0,0,NA,7004551.04942638,0
2014,4,"2014-T4","5169","Trabalhadores de serviços pessoais não classificados anteriormente",0,450.95581004,1,0,0,0,0,0,NA,7004551.04942638,0
2014,4,"2014-T4","6129","Outros criadores e trabalhadores qualificados da pecuária não classificados anteriormente",0,7217.36434127,33,0,0,0,0,0,NA,7004551.04942638,0
2014,4,"2014-T4","6224","Caçadores",0,227.0038629,1,0,0,0,0,0,NA,7004551.04942638,0
2014,4,"2014-T4","7114","Trabalhadores em cimento e concreto armado",0,22134.65028206,64,0,0,0,0,0,NA,7004551.04942638,0
2014,4,"2014-T4","7119","Outros trabalhadores qualificados e operários da construção não classificados anteriormente",0,39320.99768593,102,0,0,0,0,0,NA,7004551.04942638,0
2014,4,"2014-T4","7124","Instaladores de material isolante térmico e acústico",0,18868.18181932,46,0,0,0,0,0,NA,7004551.04942638,0
2014,4,"2014-T4","7133","Limpadores de fachadas",0,579.57412848,1,0,0,0,0,0,NA,7004551.04942638,0
2014,4,"2014-T4","7215","Aparelhadores e emendadores de cabos",0,16726.82422379,32,0,0,0,0,0,NA,7004551.04942638,0
2014,4,"2014-T4","7311","Mecânicos e reparadores de instrumentos de precisão",0,21590.82696773,44,0,0,0,0,0,NA,7004551.04942638,0
2014,4,"2014-T4","7315","Cortadores, polidores, jateadores e gravadores de vidros e afins",0,10343.68905298,21,0,0,0,0,0,NA,7004551.04942638,0
2014,4,"2014-T4","7319","Artesãos não classificados anteriormente",0,13657.1722574,31,0,0,0,0,0,NA,7004551.04942638,0
2014,4,"2014-T4","7515","Trabalhadores da degustação e classificação de alimentos e bebidas",0,6325.38210062,22,0,0,0,0,0,NA,7004551.04942638,0
2014,4,"2014-T4","7516","Trabalhadores qualificados da preparação do fumo e seus produtos",0,6597.22456455,30,0,0,0,0,0,NA,7004551.04942638,0
2014,4,"2014-T4","7521","Trabalhadores de tratamento e preparação da madeira",0,6067.01153429,16,0,0,0,0,0,NA,7004551.04942638,0
2014,4,"2014-T4","7532","Trabalhadores qualificados da preparação da confecção de roupas",0,63497.14108662,136,0,0,0,0,0,NA,7004551.04942638,0
2014,4,"2014-T4","7535","Trabalhadores qualificados do tratamento de couros e peles",0,22947.1063607,47,0,0,0,0,0,NA,7004551.04942638,0
2014,4,"2014-T4","7542","Dinamitadores e detonadores",0,5465.99373445,20,0,0,0,0,0,NA,7004551.04942638,0
2014,4,"2014-T4","7544","Fumigadores e outros controladores de pragas e ervas daninhas",0,39381.85645831,106,0,0,0,0,0,NA,7004551.04942638,0
2014,4,"2014-T4","7549","Outros trabalhadores qualificados e operários da indústria e do artesanato não classificados anteriormente",0,6039.60778291,14,0,0,0,0,0,NA,7004551.04942638,0
2014,4,"2014-T4","8122","Operadores de máquinas polidoras, galvanizadoras e recobridoras de metais",0,56655.90424062,106,0,0,0,0,0,NA,7004551.04942638,0
2014,4,"2014-T4","8151","Operadores de máquinas de preparação de fibras, fiação e bobinamento de fios",0,26571.9002837,53,0,0,0,0,0,NA,7004551.04942638,0
2014,4,"2014-T4","8152","Operadores de teares e outras máquinas de tecelagem",0,66221.48642523,144,0,0,0,0,0,NA,7004551.04942638,0
2014,4,"2014-T4","8155","Operadores de máquinas de processamento de couros e peles",0,5596.57746104,6,0,0,0,0,0,NA,7004551.04942638,0
2014,4,"2014-T4","8157","Operadores de máquinas de lavar, tingir e passar roupas",0,21460.58213635,60,0,0,0,0,0,NA,7004551.04942638,0
2014,4,"2014-T4","8159","Operadores de máquinas para fabricar produtos têxteis e artigos de couro e pele não classificados anteriormente",0,17265.16145585,23,0,0,0,0,0,NA,7004551.04942638,0
2014,4,"2014-T4","8189","Operadores de máquinas e de instalações fixas não classificados anteriormente",0,1689.34028218,4,0,0,0,0,0,NA,7004551.04942638,0
2014,4,"2014-T4","8312","Guarda-freios e agentes de manobras",0,7548.6913955,22,0,0,0,0,0,NA,7004551.04942638,0
2014,4,"2014-T4","9123","Limpadores de janelas",0,6849.39430082,13,0,0,0,0,0,NA,7004551.04942638,0
2014,4,"2014-T4","9129","Outros trabalhadores de limpeza",0,14143.4989767,39,0,0,0,0,0,NA,7004551.04942638,0
2014,4,"2014-T4","9215","Trabalhadores florestais elementares",0,180640.92698828,997,0,0,0,0,0,NA,7004551.04942638,0
2014,4,"2014-T4","9216","Trabalhadores elementares da pesca e aquicultura",0,49037.33495844,173,0,0,0,0,0,NA,7004551.04942638,0
2014,4,"2014-T4","9312","Trabalhadores elementares de obras públicas e da manutenção de estradas, represas e similares",0,48936.35073933,135,0,0,0,0,0,NA,7004551.04942638,0
2014,4,"2014-T4","9331","Condutores de veículos acionados a pedal ou a braços",0,9304.25421898,32,0,0,0,0,0,NA,7004551.04942638,0
2014,4,"2014-T4","9332","Condutores de veículos e máquinas de tração animal",0,43551.05329742,136,0,0,0,0,0,NA,7004551.04942638,0
2014,4,"2014-T4","9613","Varredores e afins",0,9935.47452077,21,0,0,0,0,0,NA,7004551.04942638,0
2014,4,"2014-T4","9623","Coletores de dinheiro em máquinas automáticas de venda e leitores de medidores",0,21158.96747741,60,0,0,0,0,0,NA,7004551.04942638,0
2014,4,"2014-T4","9624","Carregadores de água e coletores de lenha",0,15265.75145365,44,0,0,0,0,0,NA,7004551.04942638,0
2015,4,"2015-T4","4110","Escriturários gerais",0,2751866.50584327,6612,738048.39598457,1770,738048.39598457,1770,26.8199,100,8044163.05271169,9.175
2015,4,"2015-T4","1219","Dirigentes de administração e de serviços não classificados anteriormente",0,841854.16049179,1925,396672.1332551,852,396672.1332551,852,47.1189,100,8044163.05271169,4.9312
2015,4,"2015-T4","5221","Comerciantes de lojas",0,2931739.3038528,7689,377969.50732732,772,377969.50732732,772,12.8923,100,8044163.05271169,4.6987
2015,4,"2015-T4","1221","Dirigentes de vendas e  comercialização",0,625909.14595136,1256,313912.63626583,510,313912.63626583,510,50.1531,100,8044163.05271169,3.9024
2015,4,"2015-T4","1211","Dirigentes financeiros",0,556808.59198202,1243,287632.52630775,543,287632.52630775,543,51.6573,100,8044163.05271169,3.5757
2015,4,"2015-T4","3343","Secretários executivos e administrativos",0,706661.25122224,1773,268354.51308546,644,268354.51308546,644,37.975,100,8044163.05271169,3.336
2015,4,"2015-T4","5223","Balconistas e vendedores de lojas",0,4002776.85294214,9624,252714.60782326,610,252714.60782326,610,6.3135,100,8044163.05271169,3.1416
2015,4,"2015-T4","4120","Secretários (geral)",0,883120.82092946,2208,194955.35426358,501,194955.35426358,501,22.0757,100,8044163.05271169,2.4236
2015,4,"2015-T4","1420","Gerentes de comércios atacadistas e varejistas",0,773706.27640383,1906,184493.86883951,409,184493.86883951,409,23.8455,100,8044163.05271169,2.2935
2015,4,"2015-T4","3411","Profissionais de nível médio do direito e serviços legais e afins",0,370939.65568654,816,182312.55068307,416,182312.55068307,416,49.1488,100,8044163.05271169,2.2664
2015,4,"2015-T4","1346","Gerentes de sucursais de bancos, de serviços financeiros e de seguros",0,227673.38128817,405,180112.993488,324,180112.993488,324,79.1103,100,8044163.05271169,2.2391
2015,4,"2015-T4","3423","Instrutores de educação física e atividades recreativas",0,198822.57883672,421,131909.30446602,248,131909.30446602,248,66.3452,100,8044163.05271169,1.6398
2015,4,"2015-T4","3221","Profissionais de nível médio de enfermagem",0,890488.49479373,2165,120777.73882975,290,120777.73882975,290,13.5631,100,8044163.05271169,1.5014
2015,4,"2015-T4","0412","Graduados e praças da polícia militar",0,395182.61845324,1008,117505.70376333,311,117505.70376333,311,29.7345,100,8044163.05271169,1.4608
2015,4,"2015-T4","5243","Vendedores a domicilio",0,1031642.98013564,2710,115536.03943237,244,115536.03943237,244,11.1992,100,8044163.05271169,1.4363
2015,4,"2015-T4","3341","Supervisores de secretaria",0,370502.94309351,803,115391.59639701,243,115391.59639701,243,31.1446,100,8044163.05271169,1.4345
2015,4,"2015-T4","2431","Profissionais da publicidade e da comercialização",0,178607.41317671,311,103420.01128618,177,103420.01128618,177,57.9035,100,8044163.05271169,1.2857
2015,4,"2015-T4","1120","Diretores gerais e gerentes gerais",0,172291.8473659,352,94370.8906636,169,94370.8906636,169,54.7739,100,8044163.05271169,1.1732
2015,4,"2015-T4","3334","Agentes imobiliários",0,295236.45748274,561,86256.57891952,167,86256.57891952,167,29.2161,100,8044163.05271169,1.0723
2015,4,"2015-T4","3313","Contabilistas e guarda livros",0,265036.88445582,547,84770.84340235,186,84770.84340235,186,31.9845,100,8044163.05271169,1.0538
2015,4,"2015-T4","4226","Recepcionistas em geral",0,650153.73360506,1514,73722.36954558,171,73722.36954558,171,11.3392,100,8044163.05271169,0.9165
2015,4,"2015-T4","1412","Gerentes de restaurantes",0,339482.38363151,812,72906.1347067,117,72906.1347067,117,21.4757,100,8044163.05271169,0.9063
2015,4,"2015-T4","2353","Outros professores de idiomas",0,101673.7194336,150,72095.92827449,92,72095.92827449,92,70.9091,100,8044163.05271169,0.8963
2015,4,"2015-T4","3513","Técnicos de redes e sistemas de computadores",0,271101.33829661,558,67989.43656052,126,67989.43656052,126,25.079,100,8044163.05271169,0.8452
2015,4,"2015-T4","3332","Organizadores de conferências e eventos",0,200255.13917631,415,66433.51297997,112,66433.51297997,112,33.1744,100,8044163.05271169,0.8259
2015,4,"2015-T4","1321","Dirigentes de indústria de transformação",0,241377.49631077,510,66012.73068338,119,66012.73068338,119,27.3483,100,8044163.05271169,0.8206
2015,4,"2015-T4","3253","Trabalhadores comunitários da saúde",0,453882.44238254,1528,65507.34266189,202,65507.34266189,202,14.4327,100,8044163.05271169,0.8143
2015,4,"2015-T4","8322","Condutores de automóveis, taxis e caminhonetes",0,1310963.13717479,3219,65173.45681972,137,65173.45681972,137,4.9714,100,8044163.05271169,0.8102
2015,4,"2015-T4","1212","Dirigentes de recursos humanos",0,132459.30804942,276,65012.97405472,132,65012.97405472,132,49.0815,100,8044163.05271169,0.8082
2015,4,"2015-T4","5412","Policiais",0,127788.50399428,336,61808.67044307,152,61808.67044307,152,48.3679,100,8044163.05271169,0.7684
2015,4,"2015-T4","1112","Dirigentes superiores da administração pública",0,102549.89415412,293,60548.70285943,174,60548.70285943,174,59.0432,100,8044163.05271169,0.7527
2015,4,"2015-T4","5141","Cabeleireiros",0,974633.65772652,2324,58687.87509496,111,58687.87509496,111,6.0215,100,8044163.05271169,0.7296
2015,4,"2015-T4","4211","Caixas de banco e afins",0,90288.91098867,202,56970.58383283,114,56970.58383283,114,63.0981,100,8044163.05271169,0.7082
2015,4,"2015-T4","4311","Trabalhadores de contabilidade e cálculo de custos",0,231184.76584065,497,53353.55864904,106,53353.55864904,106,23.0783,100,8044163.05271169,0.6633
2015,4,"2015-T4","5142","Especialistas em tratamento de beleza e afins",0,816215.3353409,1887,51764.84812798,101,51764.84812798,101,6.3421,100,8044163.05271169,0.6435
2015,4,"2015-T4","5414","Guardas de segurança",0,1361620.02610596,3576,51138.79365963,120,51138.79365963,120,3.7557,100,8044163.05271169,0.6357
2015,4,"2015-T4","4222","Trabalhadores de centrais de atendimento",0,509383.47079464,898,48255.38021949,92,48255.38021949,92,9.4733,100,8044163.05271169,0.5999
2015,4,"2015-T4","5230","Caixas e expedidores de bilhetes",0,1072736.04948658,2385,48226.59679233,105,48226.59679233,105,4.4957,100,8044163.05271169,0.5995
2015,4,"2015-T4","5120","Cozinheiros",0,1439723.68643275,4068,47572.84060082,129,47572.84060082,129,3.3043,100,8044163.05271169,0.5914
2015,4,"2015-T4","3342","Secretários jurídicos",0,86667.06000224,159,44810.31605429,82,44810.31605429,82,51.704,100,8044163.05271169,0.5571
2015,4,"2015-T4","3321","Agentes de seguros",0,113846.73292587,208,44613.54956507,83,44613.54956507,83,39.1874,100,8044163.05271169,0.5546
2015,4,"2015-T4","3322","Representantes comerciais",0,253396.34152593,545,44337.3703174,86,44337.3703174,86,17.4972,100,8044163.05271169,0.5512
2015,4,"2015-T4","5222","Supervisores de lojas",0,208289.30012373,427,41827.41340364,94,41827.41340364,94,20.0814,100,8044163.05271169,0.52
2015,4,"2015-T4","3323","Agentes de compras",0,78911.05109327,126,40792.61993669,52,40792.61993669,52,51.6944,100,8044163.05271169,0.5071
2015,4,"2015-T4","6111","Agricultores e trabalhadores qualificados em atividades da agricultura (exclusive hortas, viveiros e jardins)",0,2802820.50244946,14173,40436.88665575,139,40436.88665575,139,1.4427,100,8044163.05271169,0.5027
2015,4,"2015-T4","5312","Ajudantes de professores",0,221028.54495247,519,40380.46707918,90,40380.46707918,90,18.2693,100,8044163.05271169,0.502
2015,4,"2015-T4","4321","Trabalhadores de controle de abastecimento e estoques",0,769582.9855084,1601,40277.37552661,81,40277.37552661,81,5.2337,100,8044163.05271169,0.5007
2015,4,"2015-T4","2636","Ministros de cultos religiosos, missionários e afins",0,120284.95425906,344,39859.0203396,104,39859.0203396,104,33.1372,100,8044163.05271169,0.4955
2015,4,"2015-T4","6121","Criadores de gado e trabalhadores qualificados da criação de gado",0,1597648.92457961,8550,39723.83905039,154,39723.83905039,154,2.4864,100,8044163.05271169,0.4938
2015,4,"2015-T4","9520","Vendedores ambulantes (exclusive de serviços de alimentação)",0,777546.83199333,2186,39677.23764484,88,39677.23764484,88,5.1029,100,8044163.05271169,0.4932
2015,4,"2015-T4","7543","Classificadores e provadores de produtos (exceto de bebidas e alimentos)",0,190463.12649912,387,37845.58671579,57,37845.58671579,57,19.8703,100,8044163.05271169,0.4705
2015,4,"2015-T4","3352","Agentes da administração tributária",0,46879.69530629,101,36902.3701367,66,36902.3701367,66,78.7172,100,8044163.05271169,0.4587
2015,4,"2015-T4","3222","Profissionais de nível médio de partos",0,39350.70581902,97,36865.99868006,90,36865.99868006,90,93.6857,100,8044163.05271169,0.4583
2015,4,"2015-T4","2433","Profissionais de vendas técnicas e médicas (exclusive tic)",0,108423.79527213,235,36822.14809938,85,36822.14809938,85,33.9613,100,8044163.05271169,0.4577
2015,4,"2015-T4","9112","Trabalhadores de limpeza de interior de edifícios, escritórios, hotéis e outros estabelecimentos",0,2263040.13794938,5905,36207.09868444,107,36207.09868444,107,1.5999,100,8044163.05271169,0.4501
2015,4,"2015-T4","3511","Técnicos em operações de tecnologia da informação e das comunicações",0,134719.16377648,272,36001.13982489,71,36001.13982489,71,26.7231,100,8044163.05271169,0.4475
2015,4,"2015-T4","3122","Supervisores de indústrias de transformação",0,206275.52472178,411,35248.79245558,57,35248.79245558,57,17.0882,100,8044163.05271169,0.4382
2015,4,"2015-T4","0210","Graduados e praças das forças armadas",0,268892.99079445,752,35115.49565235,89,35115.49565235,89,13.0593,100,8044163.05271169,0.4365
2015,4,"2015-T4","3311","Agentes e corretores de bolsa, câmbio e outros serviços financeiros",0,45984.39564135,121,34295.28936607,88,34295.28936607,88,74.5803,100,8044163.05271169,0.4263
2015,4,"2015-T4","3431","Fotógrafos",0,116741.60773775,248,33267.45663148,60,33267.45663148,60,28.4967,100,8044163.05271169,0.4136
2015,4,"2015-T4","3512","Técnicos em assistência ao usuário de tecnologia da informação e das comunicações",0,159519.49341895,367,32503.22752285,75,32503.22752285,75,20.3757,100,8044163.05271169,0.4041
2015,4,"2015-T4","3257","Inspetores de saúde laboral, ambiental e afins",0,166100.2851787,363,32281.74201453,80,32281.74201453,80,19.4351,100,8044163.05271169,0.4013
2015,4,"2015-T4","2166","Desenhistas gráficos e de multimídia",0,64034.49523783,136,32024.82138939,59,32024.82138939,59,50.0118,100,8044163.05271169,0.3981
2015,4,"2015-T4","5311","Cuidadores de crianças",0,856905.04043331,1985,31414.14504493,63,31414.14504493,63,3.666,100,8044163.05271169,0.3905
2015,4,"2015-T4","5413","Guardiões de presídios",0,93020.52492426,214,30930.32780007,81,30930.32780007,81,33.2511,100,8044163.05271169,0.3845
2015,4,"2015-T4","7112","Pedreiros",0,3584272.71860313,9345,29847.76670857,78,29847.76670857,78,0.8327,100,8044163.05271169,0.371
2015,4,"2015-T4","7233","Mecânicos e reparadores de máquinas agrícolas e industriais",0,527679.40379469,1216,29275.23493042,67,29275.23493042,67,5.5479,100,8044163.05271169,0.3639
2015,4,"2015-T4","3112","Técnicos em engenharia civil",0,148169.89180864,348,28807.27694419,69,28807.27694419,69,19.4421,100,8044163.05271169,0.3581
2015,4,"2015-T4","3355","Inspetores de polícia e detetives",0,39543.1899831,84,27906.47670581,63,27906.47670581,63,70.5721,100,8044163.05271169,0.3469
2015,4,"2015-T4","3114","Técnicos em eletrônica",0,169916.36882405,361,27768.31479196,58,27768.31479196,58,16.3423,100,8044163.05271169,0.3452
2015,4,"2015-T4","3211","Técnicos em aparelhos de diagnóstico e tratamento médico",0,67804.20296815,130,27632.26892876,47,27632.26892876,47,40.753,100,8044163.05271169,0.3435
2015,4,"2015-T4","1324","Dirigentes de empresas de abastecimento, distribuição e afins",0,78601.84095962,157,27494.4703919,51,27494.4703919,51,34.9794,100,8044163.05271169,0.3418
2015,4,"2015-T4","3119","Técnicos em ciências físicas e da engenharia não classificados anteriormente",0,129709.76426155,256,26064.52463348,49,26064.52463348,49,20.0945,100,8044163.05271169,0.324
2015,4,"2015-T4","8332","Condutores de caminhões pesados",0,1924760.63630225,4738,25302.92910723,62,25302.92910723,62,1.3146,100,8044163.05271169,0.3146
2015,4,"2015-T4","1222","Dirigentes de publicidade e relações públicas",0,44492.73297773,77,24783.67399112,45,24783.67399112,45,55.7027,100,8044163.05271169,0.3081
2015,4,"2015-T4","1213","Dirigentes de políticas e planejamento",0,49787.80739014,110,24235.75261277,47,24235.75261277,47,48.6781,100,8044163.05271169,0.3013
2015,4,"2015-T4","3432","Desenhistas e decoradores de interiores",0,67930.49100077,173,23998.66069035,48,23998.66069035,48,35.3283,100,8044163.05271169,0.2983
2015,4,"2015-T4","0512","Graduados e praças do corpo de bombeiros",0,61643.18752976,179,23878.02907655,77,23878.02907655,77,38.7359,100,8044163.05271169,0.2968
2015,4,"2015-T4","4312","Trabalhadores de serviços estatísticos, financeiros e de seguros",0,44064.20906425,94,23403.30557288,43,23403.30557288,43,53.1118,100,8044163.05271169,0.2909
2015,4,"2015-T4","3339","Agentes de serviços comerciais não classificados anteriormente",0,92513.67845093,221,20940.66270857,45,20940.66270857,45,22.6352,100,8044163.05271169,0.2603
2015,4,"2015-T4","4221","Trabalhadores de agências de viagem",0,45038.66346333,110,20730.60477371,45,20730.60477371,45,46.0285,100,8044163.05271169,0.2577
2015,4,"2015-T4","2652","Músicos, cantores e compositores",0,124215.53389238,298,19091.66992115,37,19091.66992115,37,15.3698,100,8044163.05271169,0.2373
2015,4,"2015-T4","1323","Dirigentes de empresas de construção",0,37245.28016356,90,18252.06515756,44,18252.06515756,44,49.005,100,8044163.05271169,0.2269
2015,4,"2015-T4","7111","Construtores de casas",0,77191.24497631,182,18237.9552239,33,18237.9552239,33,23.627,100,8044163.05271169,0.2267
2015,4,"2015-T4","7412","Mecânicos e ajustadores eletricistas",0,359003.05220658,814,18148.52473644,27,18148.52473644,27,5.0553,100,8044163.05271169,0.2256
2015,4,"2015-T4","8153","Operadores de máquinas de costura",0,855493.25706001,2109,17914.94441429,39,17914.94441429,39,2.0941,100,8044163.05271169,0.2227
2015,4,"2015-T4","7231","Mecânicos e reparadores de veículos a motor",0,1201377.60428126,3079,17893.17892152,43,17893.17892152,43,1.4894,100,8044163.05271169,0.2224
2015,4,"2015-T4","3113","Eletrotécnicos",0,192103.98071934,417,17725.72171582,45,17725.72171582,45,9.2271,100,8044163.05271169,0.2204
2015,4,"2015-T4","2354","Outros professores de música",0,55374.51589802,117,17725.67568569,38,17725.67568569,38,32.0105,100,8044163.05271169,0.2204
2015,4,"2015-T4","3312","Agentes de empréstimos e financiamento",0,51510.23703398,95,17463.18527306,29,17463.18527306,29,33.9024,100,8044163.05271169,0.2171
2015,4,"2015-T4","5153","Porteiros e zeladores",0,898721.2181557,2236,16884.95234261,50,16884.95234261,50,1.8788,100,8044163.05271169,0.2099
2015,4,"2015-T4","9111","Trabalhadores dos serviços domésticos em geral",0,4924986.12483882,13334,16535.59756384,48,16535.59756384,48,0.3357,100,8044163.05271169,0.2056
2015,4,"2015-T4","7512","Padeiros, confeiteiros e afins",0,613028.6240645,1383,15601.95365545,44,15601.95365545,44,2.5451,100,8044163.05271169,0.194
2015,4,"2015-T4","3118","Desenhistas e projetistas técnicos",0,84719.32187217,147,15125.2889282,23,15125.2889282,23,17.8534,100,8044163.05271169,0.188
2015,4,"2015-T4","7223","Reguladores e operadores de máquinas-ferramentas",0,475539.47518662,868,14919.32177047,28,14919.32177047,28,3.1373,100,8044163.05271169,0.1855
2015,4,"2015-T4","2355","Outros professores de artes",0,50759.60145715,104,14768.11310317,28,14768.11310317,28,29.0942,100,8044163.05271169,0.1836
2015,4,"2015-T4","7318","Artesãos de tecidos, couros e materiais semelhantes",0,289119.96917648,864,14720.88278937,32,14720.88278937,32,5.0916,100,8044163.05271169,0.183
2015,4,"2015-T4","1411","Gerentes de hotéis",0,45250.54703898,137,14350.94453281,38,14350.94453281,38,31.7144,100,8044163.05271169,0.1784
2015,4,"2015-T4","3153","Pilotos de aviação e afins",0,21730.70533797,31,14005.0570753,18,14005.0570753,18,64.4482,100,8044163.05271169,0.1741
2015,4,"2015-T4","3412","Trabalhadores e assistentes sociais de nível médio",0,88169.76088272,232,13716.84034384,35,13716.84034384,35,15.5573,100,8044163.05271169,0.1705
2015,4,"2015-T4","3116","Técnicos em química industrial",0,52926.49352075,98,13597.59975363,25,13597.59975363,25,25.6915,100,8044163.05271169,0.169
2015,4,"2015-T4","2656","Locutores de rádio, televisão e outros meios de comunicação",0,46257.40825509,111,13593.28949483,26,13593.28949483,26,29.3862,100,8044163.05271169,0.169
2015,4,"2015-T4","5151","Supervisores de manutenção e limpeza de edifícios em escritórios, hotéis e estabelecimentos",0,28057.16195798,65,13331.88619564,27,13331.88619564,27,47.5169,100,8044163.05271169,0.1657
2015,4,"2015-T4","5322","Trabalhadores de cuidados pessoais a domicílios",0,496286.69406259,1251,13221.5291639,28,13221.5291639,28,2.6641,100,8044163.05271169,0.1644
2015,4,"2015-T4","9412","Ajudantes de cozinha",0,587643.3024469,1415,13091.18630805,25,13091.18630805,25,2.2277,100,8044163.05271169,0.1627
2015,4,"2015-T4","1111","Legisladores",0,34566.29956673,117,12750.02646393,36,12750.02646393,36,36.8857,100,8044163.05271169,0.1585
2015,4,"2015-T4","3142","Técnicos agropecuários",0,45250.68747746,139,12633.25919028,41,12633.25919028,41,27.9184,100,8044163.05271169,0.157
2015,4,"2015-T4","4223","Telefonistas",0,97995.5620555,227,12188.49479981,32,12188.49479981,32,12.4378,100,8044163.05271169,0.1515
2015,4,"2015-T4","5419","Trabalhadores dos serviços de proteção e segurança não classificados anteriormente",0,63875.01530589,135,12153.70619812,27,12153.70619812,27,19.0273,100,8044163.05271169,0.1511
2015,4,"2015-T4","7533","Costureiros, bordadeiros e afins",0,160291.15638823,489,12093.81609742,30,12093.81609742,30,7.5449,100,8044163.05271169,0.1503
2015,4,"2015-T4","8331","Condutores de ônibus e bondes",0,590838.85241287,1499,12058.15277297,35,12058.15277297,35,2.0409,100,8044163.05271169,0.1499
2015,4,"2015-T4","3115","Técnicos em engenharia mecânica",0,133667.08776772,302,12028.08474686,25,12028.08474686,25,8.9985,100,8044163.05271169,0.1495
2015,4,"2015-T4","3422","Treinadores, instrutores e árbitros de atividades esportivas",0,26017.16112992,53,11808.3851698,23,11808.3851698,23,45.3869,100,8044163.05271169,0.1468
2015,4,"2015-T4","5131","Garçons",0,491500.23451672,1219,11771.13804836,25,11771.13804836,25,2.3949,100,8044163.05271169,0.1463
2015,4,"2015-T4","5321","Trabalhadores de cuidados pessoais em instituições",0,111957.30247301,271,11734.95632196,33,11734.95632196,33,10.4816,100,8044163.05271169,0.1459
2015,4,"2015-T4","2651","Artistas plásticos",0,38935.12988727,80,11616.88716634,22,11616.88716634,22,29.8365,100,8044163.05271169,0.1444
2015,4,"2015-T4","1311","Dirigentes de produção agropecuária e silvicultura",0,64674.38222212,307,11117.61414506,36,11117.61414506,36,17.1901,100,8044163.05271169,0.1382
2015,4,"2015-T4","5329","Trabalhadores de cuidados pessoais nos serviços de saúde não classificados anteriormente",0,92772.35051074,227,10841.67523445,30,10841.67523445,30,11.6863,100,8044163.05271169,0.1348
2015,4,"2015-T4","3251","Dentistas auxiliares e ajudantes de odontologia",0,90906.93128241,214,10796.62110748,23,10796.62110748,23,11.8766,100,8044163.05271169,0.1342
2015,4,"2015-T4","4412","Trabalhadores de serviços de correios",0,63481.07811907,154,10224.23341067,32,10224.23341067,32,16.106,100,8044163.05271169,0.1271
2015,4,"2015-T4","7131","Pintores e empapeladores",0,770033.42422549,1873,10204.53689034,15,10204.53689034,15,1.3252,100,8044163.05271169,0.1269
2015,4,"2015-T4","9313","Trabalhadores elementares da construção de edifícios",0,1893698.65820268,5202,10164.49620479,22,10164.49620479,22,0.5368,100,8044163.05271169,0.1264
2015,4,"2015-T4","3521","Técnicos de radiodifusão e gravação audiovisual",0,66092.83711704,149,10148.64673015,20,10148.64673015,20,15.3551,100,8044163.05271169,0.1262
2015,4,"2015-T4","5211","Vendedores de quiosques e postos de mercados",0,445709.74010673,1333,10112.15166242,25,10112.15166242,25,2.2688,100,8044163.05271169,0.1257
2015,4,"2015-T4","3522","Técnicos de engenharia de telecomunicações",0,63437.69138758,144,10102.51938464,27,10102.51938464,27,15.9251,100,8044163.05271169,0.1256
2015,4,"2015-T4","5246","Balconistas dos serviços de alimentação",0,407925.28747181,970,9910.94578848,23,9910.94578848,23,2.4296,100,8044163.05271169,0.1232
2015,4,"2015-T4","5165","Instrutores de autoescola",0,57031.31568739,129,9791.67137805,14,9791.67137805,14,17.1689,100,8044163.05271169,0.1217
2015,4,"2015-T4","2356","Instrutores em tecnologias da informação",0,37067.0655994,84,9701.56971328,20,9701.56971328,20,26.173,100,8044163.05271169,0.1206
2015,4,"2015-T4","7531","Alfaiates, modistas, chapeleiros e peleteiros",0,422364.37209431,1177,9678.16961094,31,9678.16961094,31,2.2914,100,8044163.05271169,0.1203
2015,4,"2015-T4","2641","Escritores",0,17865.00620672,39,9555.06237087,23,9555.06237087,23,53.4848,100,8044163.05271169,0.1188
2015,4,"2015-T4","3434","Chefes de cozinha",0,44046.11845266,102,9177.7701598,18,9177.7701598,18,20.8367,100,8044163.05271169,0.1141
2015,4,"2015-T4","4323","Trabalhadores de serviços de transporte",0,32698.45019102,63,9165.94431873,20,9165.94431873,20,28.0317,100,8044163.05271169,0.1139
2015,4,"2015-T4","4132","Operadores de entrada de dados",0,48581.91136821,126,8975.99176672,23,8975.99176672,23,18.476,100,8044163.05271169,0.1116
2015,4,"2015-T4","4225","Trabalhadores dos serviços de informações",0,51614.24187909,110,8955.16314062,15,8955.16314062,15,17.3502,100,8044163.05271169,0.1113
2015,4,"2015-T4","3255","Técnicos e assistentes fisioterapeutas",0,55135.77711567,122,8854.49029618,16,8854.49029618,16,16.0594,100,8044163.05271169,0.1101
2015,4,"2015-T4","4224","Recepcionistas de hotéis",0,79505.89085603,193,8740.33868837,19,8740.33868837,19,10.9933,100,8044163.05271169,0.1087
2015,4,"2015-T4","2655","Atores",0,15547.87711351,24,8565.22874258,14,8565.22874258,14,55.0894,100,8044163.05271169,0.1065
2015,4,"2015-T4","9334","Repositores de prateleiras",0,597565.53977565,1352,8485.78633876,19,8485.78633876,19,1.4201,100,8044163.05271169,0.1055
2015,4,"2015-T4","2643","Tradutores, intérpretes e linguistas",0,18021.21343879,28,8336.10353236,14,8336.10353236,14,46.2572,100,8044163.05271169,0.1036
2015,4,"2015-T4","2654","Diretores de cinema, de teatro e afins",0,19359.33912164,38,8096.49806781,15,8096.49806781,15,41.8222,100,8044163.05271169,0.1007
2015,4,"2015-T4","7319","Artesãos não classificados anteriormente",0,35983.83022328,81,8008.10714184,14,8008.10714184,14,22.2547,100,8044163.05271169,0.0996
2015,4,"2015-T4","7411","Eletricistas de obras e afins",0,445646.4853739,1071,7997.11493115,22,7997.11493115,22,1.7945,100,8044163.05271169,0.0994
2015,4,"2015-T4","1341","Dirigentes de serviços de cuidados infantis",0,9696.68216218,23,7727.34754916,18,7727.34754916,18,79.6906,100,8044163.05271169,0.0961
2015,4,"2015-T4","5244","Vendedores por telefone",0,38260.35924856,82,7712.14630448,12,7712.14630448,12,20.157,100,8044163.05271169,0.0959
2015,4,"2015-T4","8321","Condutores de motocicletas",0,518418.27554909,1376,7318.67317474,12,7318.67317474,12,1.4117,100,8044163.05271169,0.091
2015,4,"2015-T4","4227","Entrevistadores de pesquisas de mercado",0,16431.23875686,50,7313.52931866,19,7313.52931866,19,44.5099,100,8044163.05271169,0.0909
2015,4,"2015-T4","3123","Supervisores da construção",0,140183.4760485,323,7063.3920287,15,7063.3920287,15,5.0387,100,8044163.05271169,0.0878
2015,4,"2015-T4","5249","Vendedores não classificados anteriormente",0,57179.6951761,154,6808.31314086,16,6808.31314086,16,11.9069,100,8044163.05271169,0.0846
2015,4,"2015-T4","5132","atendentes de bar",0,174212.87439433,457,6783.12999887,14,6783.12999887,14,3.8936,100,8044163.05271169,0.0843
2015,4,"2015-T4","5113","Guias de turismo",0,18226.66733617,52,6711.56053587,16,6711.56053587,16,36.8228,100,8044163.05271169,0.0834
2015,4,"2015-T4","5111","Auxiliares de serviço de bordo",0,17677.58934294,29,6671.31842965,8,6671.31842965,8,37.7388,100,8044163.05271169,0.0829
2015,4,"2015-T4","7213","Chapistas e caldeireiros",0,401089.1107914,892,6535.41715419,16,6535.41715419,16,1.6294,100,8044163.05271169,0.0812
2015,4,"2015-T4","4415","Trabalhadores de arquivos",0,58202.3416596,121,6524.13032575,9,6524.13032575,9,11.2094,100,8044163.05271169,0.0811
2015,4,"2015-T4","4416","Trabalhadores do serviço de pessoal",0,27234.67360426,66,6410.33630002,13,6410.33630002,13,23.5374,100,8044163.05271169,0.0797
2015,4,"2015-T4","9333","Carregadores",0,763932.24760534,1884,6267.01495558,15,6267.01495558,15,0.8204,100,8044163.05271169,0.0779
2015,4,"2015-T4","3111","Técnicos em ciências físicas e químicas",0,37982.23619968,76,6070.77246165,17,6070.77246165,17,15.9832,100,8044163.05271169,0.0755
2015,4,"2015-T4","4229","Trabalhadores de serviços de informação ao cliente não classificados anteriormente",0,58728.33414254,134,5918.12664558,11,5918.12664558,11,10.0771,100,8044163.05271169,0.0736
2015,4,"2015-T4","3353","Agentes de serviços de seguridade social",0,7163.1264062,21,5899.16540855,15,5899.16540855,15,82.3546,100,8044163.05271169,0.0733
2015,4,"2015-T4","3314","Profissionais de nível médio de serviços estatísticos, matemáticos e afins",0,72846.27581433,155,5845.04463586,12,5845.04463586,12,8.0238,100,8044163.05271169,0.0727
2015,4,"2015-T4","4411","Trabalhadores de bibliotecas",0,13111.9237268,29,5689.95756494,8,5689.95756494,8,43.3953,100,8044163.05271169,0.0707
2015,4,"2015-T4","4214","Cobradores e afins",0,73255.91039408,170,5625.73949517,13,5625.73949517,13,7.6796,100,8044163.05271169,0.0699
2015,4,"2015-T4","8212","Montadores de equipamentos elétricos e eletrônicos",0,113670.30154739,236,5429.0491309,9,5429.0491309,9,4.7761,100,8044163.05271169,0.0675
2015,4,"2015-T4","3212","Técnicos de laboratórios médicos",0,36792.05593721,86,5314.47297737,17,5314.47297737,17,14.4446,100,8044163.05271169,0.0661
2015,4,"2015-T4","3141","Técnicos e profissionais de nível médio em ciências biológicas (exclusive da medicina)",0,12189.18937271,38,5232.67924427,19,5232.67924427,19,42.9289,100,8044163.05271169,0.065
2015,4,"2015-T4","7132","Lustradores",0,161970.81434824,379,5197.79470844,9,5197.79470844,9,3.2091,100,8044163.05271169,0.0646
2015,4,"2015-T4","8344","Operadores de empilhadeiras",0,198199.32693662,382,5132.48408055,7,5132.48408055,7,2.5896,100,8044163.05271169,0.0638
2015,4,"2015-T4","7522","Marceneiros e afins",0,313106.42106029,764,4990.10784778,16,4990.10784778,16,1.5937,100,8044163.05271169,0.062
2015,4,"2015-T4","3117","Técnicos em engenharia de minas e metalurgia",0,35591.54356284,69,4911.79544084,11,4911.79544084,11,13.8005,100,8044163.05271169,0.0611
2015,4,"2015-T4","5112","Fiscais e cobradores de transportes públicos",0,190032.58545895,453,4901.2755222,10,4901.2755222,10,2.5792,100,8044163.05271169,0.0609
2015,4,"2015-T4","3230","Profissionais de nível médio de medicina tradicional e alternativa",0,15432.21813141,15,4747.42704237,5,4747.42704237,5,30.7631,100,8044163.05271169,0.059
2015,4,"2015-T4","1439","Gerentes de serviços não classificados anteriormente",0,24486.4176193,45,4718.13732413,11,4718.13732413,11,19.2684,100,8044163.05271169,0.0587
2015,4,"2015-T4","7317","Artesãos de pedra, madeira, vime e materiais semelhantes",0,87122.759786,283,4595.54315914,13,4595.54315914,13,5.2748,100,8044163.05271169,0.0571
2015,4,"2015-T4","8131","Operadores de instalações e máquinas de produtos químicos",0,56712.02137691,109,4548.61759026,5,4548.61759026,5,8.0206,100,8044163.05271169,0.0565
2015,4,"2015-T4","7314","Ceramistas e afins (preparação e fabricação)",0,88822.2205801,267,4435.44115248,8,4435.44115248,8,4.9936,100,8044163.05271169,0.0551
2015,4,"2015-T4","5242","Demonstradores de lojas",0,62656.66913127,117,4405.28252342,8,4405.28252342,8,7.0308,100,8044163.05271169,0.0548
2015,4,"2015-T4","1114","Dirigentes de organizações que apresentam um interesse especial",0,11335.43196292,41,4218.78681022,10,4218.78681022,10,37.2177,100,8044163.05271169,0.0524
2015,4,"2015-T4","6112","Agricultores e trabalhadores qualificados no cultivo de hortas, viveiros e jardins",0,387135.94926494,1561,4214.30471075,20,4214.30471075,20,1.0886,100,8044163.05271169,0.0524
2015,4,"2015-T4","7322","Impressores",0,77969.86556412,182,4165.85167873,8,4165.85167873,8,5.3429,100,8044163.05271169,0.0518
2015,4,"2015-T4","8121","Operadores de instalações de processamento de metais",0,115035.73162648,178,4093.15566063,5,4093.15566063,5,3.5582,100,8044163.05271169,0.0509
2015,4,"2015-T4","7222","Ferramenteiros e afins",0,43166.15580376,83,4070.5624265,7,4070.5624265,7,9.43,100,8044163.05271169,0.0506
2015,4,"2015-T4","8183","Operadores de máquinas de embalagem, engarrafamento e etiquetagem",0,94123.23905318,181,4029.38516186,5,4029.38516186,5,4.281,100,8044163.05271169,0.0501
2015,4,"2015-T4","3344","Secretários de medicina",0,44299.15607643,113,3993.55354883,10,3993.55354883,10,9.015,100,8044163.05271169,0.0496
2015,4,"2015-T4","8142","Operadores de máquinas para fabricar produtos de material plástico",0,140244.10313661,246,3875.75948751,7,3875.75948751,7,2.7636,100,8044163.05271169,0.0482
2015,4,"2015-T4","3331","Despachantes aduaneiros",0,9562.06895953,23,3768.60018367,10,3768.60018367,10,39.412,100,8044163.05271169,0.0468
2015,4,"2015-T4","3258","Ajudantes de ambulâncias",0,15317.84566186,43,3664.64115804,10,3664.64115804,10,23.924,100,8044163.05271169,0.0456
2015,4,"2015-T4","7212","Soldadores e oxicortadores",0,316885.85350283,704,3629.5265077,5,3629.5265077,5,1.1454,100,8044163.05271169,0.0451
2015,4,"2015-T4","4313","Trabalhadores encarregados de folha de pagamento",0,9927.24636472,19,3560.17820881,3,3560.17820881,3,35.8627,100,8044163.05271169,0.0443
2015,4,"2015-T4","5152","Governantas e mordomos domésticos",0,15860.64556799,47,3555.05801417,7,3555.05801417,7,22.4143,100,8044163.05271169,0.0442
2015,4,"2015-T4","7536","Sapateiros e afins",0,127689.93670128,292,3509.81622344,7,3509.81622344,7,2.7487,100,8044163.05271169,0.0436
2015,4,"2015-T4","8122","Operadores de máquinas polidoras, galvanizadoras e recobridoras de metais",0,57249.39032014,93,3462.46499086,4,3462.46499086,4,6.048,100,8044163.05271169,0.043
2015,4,"2015-T4","6122","Avicultores e trabalhadores qualificados da avicultura",0,97751.68749701,468,3453.78589757,12,3453.78589757,12,3.5332,100,8044163.05271169,0.0429
2015,4,"2015-T4","3214","Técnicos de próteses médicas e dentárias",0,41941.02528996,107,3341.21722754,7,3341.21722754,7,7.9665,100,8044163.05271169,0.0415
2015,4,"2015-T4","7511","Magarefes e afins",0,379730.89095239,1030,3296.70076403,10,3296.70076403,10,0.8682,100,8044163.05271169,0.041
2015,4,"2015-T4","3354","Agentes de serviços de expedição de licenças e permissões",0,5812.85543627,17,3289.064161,9,3289.064161,9,56.5826,100,8044163.05271169,0.0409
2015,4,"2015-T4","9211","Trabalhadores elementares da agricultura",0,2012008.47277062,8603,3263.74462354,16,3263.74462354,16,0.1622,100,8044163.05271169,0.0406
2015,4,"2015-T4","3359","Agentes da administração pública para aplicação da lei e afins não classificados anteriormente",0,10464.22316612,18,3170.68747593,5,3170.68747593,5,30.3003,100,8044163.05271169,0.0394
2015,4,"2015-T4","8141","Operadores de máquinas para fabricar produtos de borracha",0,137565.42265537,359,2871.29392937,4,2871.29392937,4,2.0872,100,8044163.05271169,0.0357
2015,4,"2015-T4","5245","Frentistas de posto de gasolina",0,282391.82257635,706,2865.66825296,11,2865.66825296,11,1.0148,100,8044163.05271169,0.0356
2015,4,"2015-T4","9321","empacotadores manuais",0,196512.5093896,451,2819.43512968,9,2819.43512968,9,1.4347,100,8044163.05271169,0.035
2015,4,"2015-T4","7313","Joalheiros e lapidadores de gemas, artesãos de metais preciosos e semipreciosos",0,30063.18578762,62,2790.04852004,7,2790.04852004,7,9.2806,100,8044163.05271169,0.0347
2015,4,"2015-T4","8341","Operadores de máquinas agrícolas e florestais móveis",0,291556.29360472,1092,2789.68498941,10,2789.68498941,10,0.9568,100,8044163.05271169,0.0347
2015,4,"2015-T4","9122","Lavadores de veículos",0,224451.66800606,593,2788.17912125,4,2788.17912125,4,1.2422,100,8044163.05271169,0.0347
2015,4,"2015-T4","7126","Bombeiros e encanadores",0,172797.20449155,420,2765.69646052,8,2765.69646052,8,1.6005,100,8044163.05271169,0.0344
2015,4,"2015-T4","3152","Capitães, oficiais de coberta e práticos",0,17254.87580188,49,2740.14327973,8,2740.14327973,8,15.8804,100,8044163.05271169,0.0341
2015,4,"2015-T4","1431","Gerentes de centros esportivos,  de diversão e culturais",0,7496.75572346,15,2679.34229967,4,2679.34229967,4,35.74,100,8044163.05271169,0.0333
2015,4,"2015-T4","8160","Operadores de máquinas para elaborar alimentos e produtos afins",0,294081.37971207,991,2586.87138363,12,2586.87138363,12,0.8796,100,8044163.05271169,0.0322
2015,4,"2015-T4","9629","Outras ocupações elementares não classificadas anteriormente",0,180090.30704014,432,2384.44023269,3,2384.44023269,3,1.324,100,8044163.05271169,0.0296
2015,4,"2015-T4","4322","Trabalhadores de serviços de apoio à produção",0,109523.82948598,283,2324.87876187,7,2324.87876187,7,2.1227,100,8044163.05271169,0.0289
2015,4,"2015-T4","3213","Técnicos e assistentes farmacêuticos",0,24260.70814617,48,2307.61887041,6,2307.61887041,6,9.5118,100,8044163.05271169,0.0287
2015,4,"2015-T4","7124","Instaladores de material isolante térmico e acústico",0,16741.73434784,41,2306.11732786,3,2306.11732786,3,13.7747,100,8044163.05271169,0.0287
2015,4,"2015-T4","3514","Técnicos da web",0,7787.11212335,17,2219.79123347,6,2219.79123347,6,28.506,100,8044163.05271169,0.0276
2015,4,"2015-T4","8219","Montadores não classificados anteriormente",0,157630.07481234,369,2181.82456666,4,2181.82456666,4,1.3841,100,8044163.05271169,0.0271
2015,4,"2015-T4","8211","Mecânicos montadores de maquinaria mecânica",0,97011.12248728,193,2125.28108363,5,2125.28108363,5,2.1908,100,8044163.05271169,0.0264
2015,4,"2015-T4","8342","Operadores de máquinas de movimentação de terras e afins",0,153390.03281711,414,2059.47038272,5,2059.47038272,5,1.3426,100,8044163.05271169,0.0256
2015,4,"2015-T4","7321","Trabalhadores da pré-impressão gráfica",0,24344.80640668,47,2055.33576938,4,2055.33576938,4,8.4426,100,8044163.05271169,0.0256
2015,4,"2015-T4","8156","Operadores de máquinas para fabricação de calçados e afins",0,117997.85473354,215,1971.46480303,3,1971.46480303,3,1.6708,100,8044163.05271169,0.0245
2015,4,"2015-T4","7421","Mecânicos e reparadores em eletrônica",0,67921.29269151,194,1970.29198723,8,1970.29198723,8,2.9008,100,8044163.05271169,0.0245
2015,4,"2015-T4","7232","Mecânicos e reparadores de motores de avião",0,12326.58882935,27,1838.45893805,5,1838.45893805,5,14.9146,100,8044163.05271169,0.0229
2015,4,"2015-T4","9621","Mensageiros, carregadores de bagagens e entregadores de encomendas",0,221995.13257462,552,1822.58099238,6,1822.58099238,6,0.821,100,8044163.05271169,0.0227
2015,4,"2015-T4","9622","Pessoas que realizam várias tarefas",0,9616.11435982,24,1808.50734136,3,1808.50734136,3,18.807,100,8044163.05271169,0.0225
2015,4,"2015-T4","9329","Trabalhadores elementares da indústria de transformação não classificados anteriormente",0,226606.57155459,524,1797.62441981,6,1797.62441981,6,0.7933,100,8044163.05271169,0.0223
2015,4,"2015-T4","5164","Cuidadores de animais",0,42827.47958047,88,1786.95435433,5,1786.95435433,5,4.1724,100,8044163.05271169,0.0222
2015,4,"2015-T4","5411","Bombeiros",0,29570.03384951,59,1760.97151452,6,1760.97151452,6,5.9553,100,8044163.05271169,0.0219
2015,4,"2015-T4","8154","Operadores de máquinas de branqueamento, tingimento e limpeza de tecidos",0,42007.41317696,111,1751.37973337,3,1751.37973337,3,4.1692,100,8044163.05271169,0.0218
2015,4,"2015-T4","8143","Operadores de máquinas para fabricar produtos de papel",0,56829.02081042,113,1733.46685422,2,1733.46685422,2,3.0503,100,8044163.05271169,0.0215
2015,4,"2015-T4","7211","Moldadores de metal e macheiros",0,21241.24432233,46,1732.01286184,2,1732.01286184,2,8.154,100,8044163.05271169,0.0215
2015,4,"2015-T4","6130","Produtores e trabalhadores qualificados de exploração agropecuária mista",0,19271.40054897,105,1726.26531076,5,1726.26531076,5,8.9577,100,8044163.05271169,0.0215
2015,4,"2015-T4","3435","Outros profissionais de nível médio em atividades culturais e artísticas",0,17637.38312355,40,1689.8884183,2,1689.8884183,2,9.5813,100,8044163.05271169,0.021
2015,4,"2015-T4","7123","Gesseiros",0,136321.56070541,333,1650.40884248,2,1650.40884248,2,1.2107,100,8044163.05271169,0.0205
2015,4,"2015-T4","7541","Trabalhadores subaquáticos",0,2818.6249699,5,1628.81227729,2,1628.81227729,2,57.7875,100,8044163.05271169,0.0202
2015,4,"2015-T4","7532","Trabalhadores qualificados da preparação da confecção de roupas",0,51371.65638865,146,1623.17212334,6,1623.17212334,6,3.1597,100,8044163.05271169,0.0202
2015,4,"2015-T4","7514","Trabalhadores da conservação de frutas, legumes e similares",0,97908.47994533,325,1621.23585502,4,1621.23585502,4,1.6559,100,8044163.05271169,0.0202
2015,4,"2015-T4","3132","Operadores de incineradores, instalações de tratamento de água e afins",0,13883.53629236,38,1607.14081817,5,1607.14081817,5,11.5759,100,8044163.05271169,0.02
2015,4,"2015-T4","2434","Profissionais de vendas de tecnologia da informação e comunicações",0,6002.90880359,12,1524.93858391,3,1524.93858391,3,25.4033,100,8044163.05271169,0.019
2015,4,"2015-T4","8350","Marinheiros de coberta e afins",0,38132.79157535,120,1405.70897881,2,1405.70897881,2,3.6864,100,8044163.05271169,0.0175
2015,4,"2015-T4","7513","Trabalhadores da pasteurização do leite e fabricação de laticínios e afins",0,59808.79685443,278,1401.43344713,6,1401.43344713,6,2.3432,100,8044163.05271169,0.0174
2015,4,"2015-T4","6225","Pescadores",0,435674.79075629,1864,1399.21815353,8,1399.21815353,8,0.3212,100,8044163.05271169,0.0174
2015,4,"2015-T4","3134","Operadores de instalações de refino de petróleo e gás natural",0,2619.27039481,4,1395.11249675,2,1395.11249675,2,53.2634,100,8044163.05271169,0.0173
2015,4,"2015-T4","8113","Perfuradores e sondadores de poços e afins",0,13733.35309398,45,1370.58938269,5,1370.58938269,5,9.98,100,8044163.05271169,0.017
2015,4,"2015-T4","1322","Dirigentes de explorações de mineração",0,4969.21544862,9,1361.92982099,4,1361.92982099,4,27.4073,100,8044163.05271169,0.0169
2015,4,"2015-T4","3413","Auxiliares leigos de religião",0,8062.49991126,19,1342.86118464,3,1342.86118464,3,16.6556,100,8044163.05271169,0.0167
2015,4,"2015-T4","9612","Classificadores de resíduos",0,190188.67929836,500,1316.6875253,4,1316.6875253,4,0.6923,100,8044163.05271169,0.0164
2015,4,"2015-T4","9212","Trabalhadores elementares da pecuária",0,628027.49809793,3279,1275.2187496,9,1275.2187496,9,0.2031,100,8044163.05271169,0.0159
2015,4,"2015-T4","3315","Avaliadores",0,1632.04423574,6,1255.68660825,4,1255.68660825,4,76.9395,100,8044163.05271169,0.0156
2015,4,"2015-T4","3256","assistentes de medicina",0,26680.86033696,66,1211.55896427,6,1211.55896427,6,4.5409,100,8044163.05271169,0.0151
2015,4,"2015-T4","3240","Técnicos e assistentes veterinários",0,13225.55432913,32,1179.59755447,4,1179.59755447,4,8.9191,100,8044163.05271169,0.0147
2015,4,"2015-T4","8311","Maquinistas de locomotivas",0,6668.54433858,14,1079.97031178,2,1079.97031178,2,16.195,100,8044163.05271169,0.0134
2015,4,"2015-T4","8172","Operadores de instalações para processamento de madeira",0,140677.12396555,454,1066.80186204,4,1066.80186204,4,0.7583,100,8044163.05271169,0.0133
2015,4,"2015-T4","3324","Corretores de comercialização",0,7011.49821506,13,1059.05095698,1,1059.05095698,1,15.1045,100,8044163.05271169,0.0132
2015,4,"2015-T4","5212","Vendedores ambulantes de serviços de alimentação",0,86626.31809606,248,1047.31250468,2,1047.31250468,2,1.209,100,8044163.05271169,0.013
2015,4,"2015-T4","9214","Trabalhadores elementares da jardinagem e horticultura",0,49321.22986474,140,964.65013497,1,964.65013497,1,1.9559,100,8044163.05271169,0.012
2015,4,"2015-T4","9121","Lavadeiros de roupas e passadeiros manuais",0,87814.55889224,207,951.14407595,3,951.14407595,3,1.0831,100,8044163.05271169,0.0118
2015,4,"2015-T4","7115","Carpinteiros",0,284435.36342315,809,940.35838005,4,940.35838005,4,0.3306,100,8044163.05271169,0.0117
2015,4,"2015-T4","9623","Coletores de dinheiro em máquinas automáticas de venda e leitores de medidores",0,27178.77299367,65,935.68568708,2,935.68568708,2,3.4427,100,8044163.05271169,0.0116
2015,4,"2015-T4","8181","Operadores de instalações de vidraria e cerâmica",0,76449.89837554,169,924.50488394,1,924.50488394,1,1.2093,100,8044163.05271169,0.0115
2015,4,"2015-T4","5241","Modelos de moda, arte e publicidade",0,8332.92158399,14,800.40418859,2,800.40418859,2,9.6053,100,8044163.05271169,0.01
2015,4,"2015-T4","5161","Astrólogos, adivinhos e afins",0,2954.91241713,7,769.93089191,1,769.93089191,1,26.056,100,8044163.05271169,0.0096
2015,4,"2015-T4","3135","Controladores de processos de produção de metais",0,17785.86447019,27,727.38281357,2,727.38281357,2,4.0897,100,8044163.05271169,0.009
2015,4,"2015-T4","3433","Técnicos em galerias de arte, museus e bibliotecas",0,7954.75956717,25,690.63737438,2,690.63737438,2,8.6821,100,8044163.05271169,0.0086
2015,4,"2015-T4","3143","Técnicos florestais",0,2410.52237545,10,687.4841403,3,687.4841403,3,28.5201,100,8044163.05271169,0.0085
2015,4,"2015-T4","8132","Operadores de máquinas para fabricar produtos fotográficos",0,2089.68567056,7,655.43809177,1,655.43809177,1,31.3654,100,8044163.05271169,0.0081
2015,4,"2015-T4","4212","Coletores de apostas e de jogos",0,40789.82206277,122,633.35764171,2,633.35764171,2,1.5527,100,8044163.05271169,0.0079
2015,4,"2015-T4","8114","Operadores de máquinas para fabricar cimento, pedras e outros produtos minerais",0,30819.10872902,66,614.88247883,1,614.88247883,1,1.9951,100,8044163.05271169,0.0076
2015,4,"2015-T4","3139","Técnicos em controle de processos não classificados anteriormente",0,10872.40863872,21,589.39964657,3,589.39964657,3,5.4211,100,8044163.05271169,0.0073
2015,4,"2015-T4","8343","Operadores de guindastes, gruas, aparatos de elevação e afins",0,56257.97140029,137,588.6844683,2,588.6844683,2,1.0464,100,8044163.05271169,0.0073
2015,4,"2015-T4","3333","Agentes de emprego e agenciadores de mão de obra",0,3959.49234897,10,588.22948167,2,588.22948167,2,14.8562,100,8044163.05271169,0.0073
2015,4,"2015-T4","3421","Atletas e esportistas",0,16467.10220635,40,570.26633089,3,570.26633089,3,3.4631,100,8044163.05271169,0.0071
2015,4,"2015-T4","3252","Técnicos em documentação sanitária",0,3767.46648571,4,554.58763864,1,554.58763864,1,14.7204,100,8044163.05271169,0.0069
2015,4,"2015-T4","5163","Trabalhadores de funerárias e embalsamadores",0,20764.13722363,37,530.64838901,1,530.64838901,1,2.5556,100,8044163.05271169,0.0066
2015,4,"2015-T4","8182","Operadores de máquinas de vapor e caldeiras",0,43974.16266173,119,529.85922635,2,529.85922635,2,1.2049,100,8044163.05271169,0.0066
2015,4,"2015-T4","3121","Supervisores da mineração",0,2571.27113767,10,524.19178644,1,524.19178644,1,20.3865,100,8044163.05271169,0.0065
2015,4,"2015-T4","7422","Instaladores e reparadores em tecnologias da informação e comunicações",0,48233.01971338,111,514.4912087,3,514.4912087,3,1.0667,100,8044163.05271169,0.0064
2015,4,"2015-T4","8112","Operadores de instalações de processamento de minerais e rochas",0,10624.47302643,30,503.11836075,3,503.11836075,3,4.7355,100,8044163.05271169,0.0063
2015,4,"2015-T4","4131","Operadores de máquinas de processamento de texto e mecanógrafos",0,1695.40786112,4,491.73682927,1,491.73682927,1,29.004,100,8044163.05271169,0.0061
2015,4,"2015-T4","8151","Operadores de máquinas de preparação de fibras, fiação e bobinamento de fios",0,15322.83994763,39,481.22807838,1,481.22807838,1,3.1406,100,8044163.05271169,0.006
2015,4,"2015-T4","9213","Trabalhadores elementares da agropecuária",0,19001.59965061,89,468.82157866,1,468.82157866,1,2.4673,100,8044163.05271169,0.0058
2015,4,"2015-T4","3131","Operadores de instalações de produção de energia",0,5108.31052585,18,464.95918435,3,464.95918435,3,9.102,100,8044163.05271169,0.0058
2015,4,"2015-T4","7234","Reparadores de bicicletas e afins",0,41898.33656326,123,448.81723192,2,448.81723192,2,1.0712,100,8044163.05271169,0.0056
2015,4,"2015-T4","8152","Operadores de teares e outras máquinas de tecelagem",0,44800.99044386,124,447.66843552,2,447.66843552,2,0.9992,100,8044163.05271169,0.0056
2015,4,"2015-T4","7516","Trabalhadores qualificados da preparação do fumo e seus produtos",0,3547.38328942,13,447.47980088,1,447.47980088,1,12.6144,100,8044163.05271169,0.0056
2015,4,"2015-T4","2659","Artistas criativos e interpretativos não classificados anteriormente",0,2669.25013837,7,404.547398,1,404.547398,1,15.1558,100,8044163.05271169,0.005
2015,4,"2015-T4","8189","Operadores de máquinas e de instalações fixas não classificados anteriormente",0,13716.43321292,38,404.25763281,1,404.25763281,1,2.9473,100,8044163.05271169,0.005
2015,4,"2015-T4","7315","Cortadores, polidores, jateadores e gravadores de vidros e afins",0,6666.99584439,14,400.33033716,1,400.33033716,1,6.0047,100,8044163.05271169,0.005
2015,4,"2015-T4","7125","Vidraceiros",0,70068.38908085,169,398.69766496,1,398.69766496,1,0.569,100,8044163.05271169,0.005
2015,4,"2015-T4","7114","Trabalhadores em cimento e concreto armado",0,9220.56000948,30,394.44756346,2,394.44756346,2,4.2779,100,8044163.05271169,0.0049
2015,4,"2015-T4","7113","Canteiros, cortadores e gravadores de pedras",0,63291.17993608,176,376.17057161,1,376.17057161,1,0.5943,100,8044163.05271169,0.0047
2015,4,"2015-T4","9611","Coletores de lixo e material reciclável",0,251141.29838493,689,357.42247299,2,357.42247299,2,0.1423,100,8044163.05271169,0.0044
2015,4,"2015-T4","6210","Trabalhadores florestais qualificados e afins",0,59766.05080324,267,346.50464759,2,346.50464759,2,0.5798,100,8044163.05271169,0.0043
2015,4,"2015-T4","7312","Confeccionadores e afinadores de instrumentos musicais",0,4170.96230899,7,346.08907382,1,346.08907382,1,8.2976,100,8044163.05271169,0.0043
2015,4,"2015-T4","1312","Dirigentes de produção da aquicultura e pesca",0,2069.74225736,8,340.92168791,1,340.92168791,1,16.4717,100,8044163.05271169,0.0042
2015,4,"2015-T4","7323","Encadernadores e afins",0,16783.0162223,30,320.87715236,1,320.87715236,1,1.9119,100,8044163.05271169,0.004
2015,4,"2015-T4","8171","Operadores de instalações para a preparação de pasta de papel e papel",0,11034.21026321,24,315.25260801,1,315.25260801,1,2.857,100,8044163.05271169,0.0039
2015,4,"2015-T4","7413","Instaladores e reparadores de linhas elétricas",0,27785.50941483,68,285.80675439,2,285.80675439,2,1.0286,100,8044163.05271169,0.0036
2015,4,"2015-T4","7544","Fumigadores e outros controladores de pragas e ervas daninhas",0,30010.20487559,62,284.46009063,1,284.46009063,1,0.9479,100,8044163.05271169,0.0035
2015,4,"2015-T4","4414","Outros escreventes",0,2590.6151666,5,254.9860112,1,254.9860112,1,9.8427,100,8044163.05271169,0.0032
2015,4,"2015-T4","7215","Aparelhadores e emendadores de cabos",0,8224.38603996,16,244.96426308,1,244.96426308,1,2.9785,100,8044163.05271169,0.003
2015,4,"2015-T4","4419","Trabalhadores de apoio administrativo não classificados anteriormente",0,10253.82612586,30,237.2597559,1,237.2597559,1,2.3139,100,8044163.05271169,0.0029
2015,4,"2015-T4","3155","Técnicos em segurança aeronáutica",0,1573.19289587,7,217.58395053,2,217.58395053,2,13.8307,100,8044163.05271169,0.0027
2015,4,"2015-T4","9312","Trabalhadores elementares de obras públicas e da manutenção de estradas, represas e similares",0,41431.38684305,113,202.19095145,1,202.19095145,1,0.488,100,8044163.05271169,0.0025
2015,4,"2015-T4","7523","Operadores de máquinas de lavrar madeira",0,61461.39697916,200,201.97279538,1,201.97279538,1,0.3286,100,8044163.05271169,0.0025
2015,4,"2015-T4","7534","Tapeceiros, colchoeiros e afins",0,83649.71724929,187,199.59945339,1,199.59945339,1,0.2386,100,8044163.05271169,0.0025
2015,4,"2015-T4","6221","Trabalhadores da aquicultura",0,10574.51389647,55,173.62593038,2,173.62593038,2,1.6419,100,8044163.05271169,0.0022
2015,4,"2015-T4","9129","Outros trabalhadores de limpeza",0,19642.23663973,49,159.84930187,1,159.84930187,1,0.8138,100,8044163.05271169,0.002
2015,4,"2015-T4","3151","Oficiais maquinistas em navegação",0,383.98158973,3,158.18297572,1,158.18297572,1,41.1955,100,8044163.05271169,0.002
2015,4,"2015-T4","9411","Preparadores de comidas rápidas",0,94948.44061265,177,153.97074207,1,153.97074207,1,0.1622,100,8044163.05271169,0.0019
2015,4,"2015-T4","7214","Montadores de estruturas metálicas",0,156134.57548754,386,144.48761057,1,144.48761057,1,0.0925,100,8044163.05271169,0.0018
2015,4,"2015-T4","7119","Outros trabalhadores qualificados e operários da construção não classificados anteriormente",0,24892.38090511,95,139.27984312,1,139.27984312,1,0.5595,100,8044163.05271169,0.0017
2015,4,"2015-T4","3259","Profissionais de nível médio da saúde não classificados anteriormente",0,12976.33887637,20,129.14186405,1,129.14186405,1,0.9952,100,8044163.05271169,0.0016
2015,4,"2015-T4","3254","Técnicos em optometria e ópticos",0,444.98889084,4,111.24722271,1,111.24722271,1,25,100,8044163.05271169,0.0014
2015,4,"2015-T4","7311","Mecânicos e reparadores de instrumentos de precisão",0,16275.7674899,37,102.54242711,1,102.54242711,1,0.63,100,8044163.05271169,0.0013
2015,4,"2015-T4","3154","Controladores de tráfego aéreo",0,4277.57541091,9,64.88826478,1,64.88826478,1,1.5169,100,8044163.05271169,8e-04
2015,4,"2015-T4","0110","Oficiais das forças armadas",1,57066.54431137,144,45984.0823198,117,0,0,0,0,8044163.05271169,0
2015,4,"2015-T4","0411","Oficiais de polícia militar",1,27479.77920273,93,18843.3634304,64,0,0,0,0,8044163.05271169,0
2015,4,"2015-T4","0511","Oficiais de bombeiro militar",1,11740.87627795,28,7077.25754971,18,0,0,0,0,8044163.05271169,0
2015,4,"2015-T4","1223","Dirigentes de pesquisa e desenvolvimento",1,30109.2515351,45,23930.77599708,33,0,0,0,0,8044163.05271169,0
2015,4,"2015-T4","1330","Dirigentes de serviços de tecnologia da informação e comunicações",1,61590.71244416,108,45156.17689279,78,0,0,0,0,8044163.05271169,0
2015,4,"2015-T4","1342","Dirigentes de serviços de saúde",1,32392.9669033,74,21798.33520357,49,0,0,0,0,8044163.05271169,0
2015,4,"2015-T4","1343","Dirigentes de serviços de cuidado a pessoas idosas",0,825.18434491,2,0,0,0,0,0,NA,8044163.05271169,0
2015,4,"2015-T4","1345","Dirigentes de serviços de educação",1,125732.18429579,333,114413.82330358,286,0,0,0,0,8044163.05271169,0
2015,4,"2015-T4","1349","Dirigentes e gerentes de serviços profissionais não classificados anteriormente",1,28480.84856776,53,10806.10518598,22,0,0,0,0,8044163.05271169,0
2015,4,"2015-T4","2111","Físicos e astrônomos",1,6975.25017945,13,6975.25017945,13,0,0,0,0,8044163.05271169,0
2015,4,"2015-T4","2112","Meteorologistas",1,533.61131365,1,533.61131365,1,0,0,0,0,8044163.05271169,0
2015,4,"2015-T4","2113","Químicos",1,28155.36926501,53,28155.36926501,53,0,0,0,0,8044163.05271169,0
2015,4,"2015-T4","2114","Geólogos e geofísicos",1,7388.60532753,18,7388.60532753,18,0,0,0,0,8044163.05271169,0
2015,4,"2015-T4","2120","Matemáticos, atuários e estatísticos",1,5533.63670608,11,5533.63670608,11,0,0,0,0,8044163.05271169,0
2015,4,"2015-T4","2131","Biólogos, botânicos, zoólogos e afins",1,34953.29526733,73,34953.29526733,73,0,0,0,0,8044163.05271169,0
2015,4,"2015-T4","2132","Agrônomos e afins",1,36885.30633898,88,36885.30633898,88,0,0,0,0,8044163.05271169,0
2015,4,"2015-T4","2133","Profissionais da proteção do meio ambiente",1,21073.39413085,42,16592.49345406,32,0,0,0,0,8044163.05271169,0
2015,4,"2015-T4","2141","Engenheiros industriais e de produção",1,50244.02277968,61,50244.02277968,61,0,0,0,0,8044163.05271169,0
2015,4,"2015-T4","2142","Engenheiros civis",1,156410.9757206,320,156410.9757206,320,0,0,0,0,8044163.05271169,0
2015,4,"2015-T4","2143","Engenheiros de meio ambiente",1,18529.15209075,60,18529.15209075,60,0,0,0,0,8044163.05271169,0
2015,4,"2015-T4","2144","Engenheiros mecânicos",1,72630.53228465,120,72630.53228465,120,0,0,0,0,8044163.05271169,0
2015,4,"2015-T4","2145","Engenheiros químicos",1,30313.01513143,45,30313.01513143,45,0,0,0,0,8044163.05271169,0
2015,4,"2015-T4","2146","Engenheiros de minas, metalúrgicos e afins",1,12296.17089221,24,12296.17089221,24,0,0,0,0,8044163.05271169,0
2015,4,"2015-T4","2149","Engenheiros não classificados anteriormente",1,23457.89274338,39,23457.89274338,39,0,0,0,0,8044163.05271169,0
2015,4,"2015-T4","2151","Engenheiros eletricistas",1,54065.42269331,94,54065.42269331,94,0,0,0,0,8044163.05271169,0
2015,4,"2015-T4","2152","Engenheiros eletrônicos",1,16170.99526371,16,16170.99526371,16,0,0,0,0,8044163.05271169,0
2015,4,"2015-T4","2153","Engenheiros em telecomunicações",1,5707.47081889,11,5707.47081889,11,0,0,0,0,8044163.05271169,0
2015,4,"2015-T4","2161","Arquitetos de edificações",1,93391.60969565,190,93391.60969565,190,0,0,0,0,8044163.05271169,0
2015,4,"2015-T4","2162","Arquitetos paisagistas",1,2631.84988728,3,2631.84988728,3,0,0,0,0,8044163.05271169,0
2015,4,"2015-T4","2163","Desenhistas de produtos e  vestuário",1,23911.29559495,51,23911.29559495,51,0,0,0,0,8044163.05271169,0
2015,4,"2015-T4","2164","Urbanistas e engenheiros de trânsito",1,2531.32230761,6,2531.32230761,6,0,0,0,0,8044163.05271169,0
2015,4,"2015-T4","2165","Cartógrafos e agrimensores",1,2427.19439987,7,2427.19439987,7,0,0,0,0,8044163.05271169,0
2015,4,"2015-T4","2211","Médicos gerais",1,117668.30739972,258,117668.30739972,258,0,0,0,0,8044163.05271169,0
2015,4,"2015-T4","2212","Médicos especialistas",1,214114.08480318,432,214114.08480318,432,0,0,0,0,8044163.05271169,0
2015,4,"2015-T4","2221","Profissionais de enfermagem",1,263452.91606692,592,263452.91606692,592,0,0,0,0,8044163.05271169,0
2015,4,"2015-T4","2230","Profissionais da medicina tradicional e alternativa",1,2467.56171582,7,2467.56171582,7,0,0,0,0,8044163.05271169,0
2015,4,"2015-T4","2250","Veterinários",1,58223.07737478,134,58223.07737478,134,0,0,0,0,8044163.05271169,0
2015,4,"2015-T4","2261","Dentistas",1,210112.82956369,482,210112.82956369,482,0,0,0,0,8044163.05271169,0
2015,4,"2015-T4","2262","Farmacêuticos",1,153946.72254552,273,153946.72254552,273,0,0,0,0,8044163.05271169,0
2015,4,"2015-T4","2263","Profissionais da saúde e da higiene laboral e ambiental",1,3328.76039868,5,3328.76039868,5,0,0,0,0,8044163.05271169,0
2015,4,"2015-T4","2264","Fisioterapeutas",1,159021.05496421,312,159021.05496421,312,0,0,0,0,8044163.05271169,0
2015,4,"2015-T4","2265","Dietistas e nutricionistas",1,65675.79130732,145,65675.79130732,145,0,0,0,0,8044163.05271169,0
2015,4,"2015-T4","2266","Fonoaudiólogos e logopedistas",1,29404.22235571,56,29404.22235571,56,0,0,0,0,8044163.05271169,0
2015,4,"2015-T4","2267","Optometristas",1,2097.82890039,3,2097.82890039,3,0,0,0,0,8044163.05271169,0
2015,4,"2015-T4","2269","Profissionais da saúde não classificados anteriormente",1,29921.78142891,46,14272.08886378,27,0,0,0,0,8044163.05271169,0
2015,4,"2015-T4","2310","Professores de universidades e do ensino superior",1,304071.83117144,689,304071.83117144,689,0,0,0,0,8044163.05271169,0
2015,4,"2015-T4","2320","Professores de formação profissional",1,33211.37218896,80,15688.39179716,33,0,0,0,0,8044163.05271169,0
2015,4,"2015-T4","2330","Professores do ensino médio",1,709240.68466829,1849,663856.47701246,1736,0,0,0,0,8044163.05271169,0
2015,4,"2015-T4","2341","Professores do ensino fundamental",1,1505302.58740253,4306,1270325.93221948,3505,0,0,0,0,8044163.05271169,0
2015,4,"2015-T4","2342","Professores do ensino pré-escolar",1,687321.25131278,1845,458314.47211647,1180,0,0,0,0,8044163.05271169,0
2015,4,"2015-T4","2351","Especialistas em métodos pedagógicos",1,240634.33179698,649,202324.33281953,554,0,0,0,0,8044163.05271169,0
2015,4,"2015-T4","2352","Educadores para necessidades especiais",1,21610.51347199,60,18539.79404842,52,0,0,0,0,8044163.05271169,0
2015,4,"2015-T4","2359","Profissionais de ensino não classificados anteriormente",1,141082.86075091,363,39812.68901663,92,0,0,0,0,8044163.05271169,0
2015,4,"2015-T4","2411","Contadores",1,335717.84735426,786,335717.84735426,786,0,0,0,0,8044163.05271169,0
2015,4,"2015-T4","2412","Assessores financeiros e em investimentos",1,6375.18883637,11,6375.18883637,11,0,0,0,0,8044163.05271169,0
2015,4,"2015-T4","2413","Analistas financeiros",1,97280.22085303,169,97280.22085303,169,0,0,0,0,8044163.05271169,0
2015,4,"2015-T4","2421","Analistas de gestão e administração",1,268662.93949295,528,268662.93949295,528,0,0,0,0,8044163.05271169,0
2015,4,"2015-T4","2422","Especialistas em políticas de administração",1,1756.57994347,4,1756.57994347,4,0,0,0,0,8044163.05271169,0
2015,4,"2015-T4","2423","Especialistas em políticas e serviços de pessoal e afins",1,146273.87296401,295,100349.52071568,197,0,0,0,0,8044163.05271169,0
2015,4,"2015-T4","2424","Especialistas em formação de pessoal",1,4401.37738954,5,3425.30206415,3,0,0,0,0,8044163.05271169,0
2015,4,"2015-T4","2432","Profissionais de relações públicas",1,23055.61145108,51,14712.08433855,27,0,0,0,0,8044163.05271169,0
2015,4,"2015-T4","2511","Analistas de sistemas",1,215872.62479335,383,215872.62479335,383,0,0,0,0,8044163.05271169,0
2015,4,"2015-T4","2512","Desenvolvedores de programas e aplicativos (software)",1,30459.62041897,54,30459.62041897,54,0,0,0,0,8044163.05271169,0
2015,4,"2015-T4","2513","Desenvolvedores de páginas de internet (web) e multimídia",1,5051.2274223,9,5051.2274223,9,0,0,0,0,8044163.05271169,0
2015,4,"2015-T4","2514","Programadores de aplicações",1,39179.71122881,61,39179.71122881,61,0,0,0,0,8044163.05271169,0
2015,4,"2015-T4","2519","Desenvolvedores e analistas de programas e aplicativos (software) e multimídia não classificados anteriormente",1,4966.98696074,9,4966.98696074,9,0,0,0,0,8044163.05271169,0
2015,4,"2015-T4","2521","Desenhistas e administradores de bases de dados",1,3102.89381997,5,3102.89381997,5,0,0,0,0,8044163.05271169,0
2015,4,"2015-T4","2522","Administradores de sistemas",1,14746.49271336,16,14746.49271336,16,0,0,0,0,8044163.05271169,0
2015,4,"2015-T4","2523","Profissionais em rede de computadores",1,2919.20014389,6,2919.20014389,6,0,0,0,0,8044163.05271169,0
2015,4,"2015-T4","2529","Especialistas em base de dados e em redes de computadores não classificados anteriormente",1,1106.881997,3,1106.881997,3,0,0,0,0,8044163.05271169,0
2015,4,"2015-T4","2611","Advogados e juristas",1,638280.72225549,1358,633297.77453515,1354,0,0,0,0,8044163.05271169,0
2015,4,"2015-T4","2612","Juízes",1,4719.14658453,5,4719.14658453,5,0,0,0,0,8044163.05271169,0
2015,4,"2015-T4","2619","Profissionais em direito não classificados anteriormente",1,90717.21059436,242,80905.75457886,215,0,0,0,0,8044163.05271169,0
2015,4,"2015-T4","2621","Arquivologistas e curadores de museus",1,1310.63066303,3,585.30824257,1,0,0,0,0,8044163.05271169,0
2015,4,"2015-T4","2622","Bibliotecários, documentaristas e afins",1,43930.02466946,109,24796.17729863,61,0,0,0,0,8044163.05271169,0
2015,4,"2015-T4","2631","Economistas",1,24503.52904513,55,24503.52904513,55,0,0,0,0,8044163.05271169,0
2015,4,"2015-T4","2632","Sociólogos, antropólogos e afins",1,3407.801634,7,3407.801634,7,0,0,0,0,8044163.05271169,0
2015,4,"2015-T4","2633","Filósofos, historiadores e especialistas em ciência política",1,1787.21635716,3,1787.21635716,3,0,0,0,0,8044163.05271169,0
2015,4,"2015-T4","2634","Psicólogos",1,176387.69925526,367,175346.76383218,365,0,0,0,0,8044163.05271169,0
2015,4,"2015-T4","2635","Assistentes sociais",1,104669.5830565,283,104471.78201902,281,0,0,0,0,8044163.05271169,0
2015,4,"2015-T4","2642","Jornalistas",1,98845.66512151,203,68904.707812,134,0,0,0,0,8044163.05271169,0
2015,4,"2015-T4","2653","Bailarinos e coreógrafos",0,2347.96271051,7,0,0,0,0,0,NA,8044163.05271169,0
2015,4,"2015-T4","3133","Controladores de instalações de processamento de produtos químicos",0,3001.33546421,4,0,0,0,0,0,NA,8044163.05271169,0
2015,4,"2015-T4","5162","Acompanhantes e criados particulares",0,749.61431187,2,0,0,0,0,0,NA,8044163.05271169,0
2015,4,"2015-T4","5168","Trabalhadores do sexo",0,2268.40635678,3,0,0,0,0,0,NA,8044163.05271169,0
2015,4,"2015-T4","5169","Trabalhadores de serviços pessoais não classificados anteriormente",0,1673.81493891,2,0,0,0,0,0,NA,8044163.05271169,0
2015,4,"2015-T4","6114","Agricultores e trabalhadores qualificados de cultivos mistos",0,189.1333166,2,0,0,0,0,0,NA,8044163.05271169,0
2015,4,"2015-T4","6123","Apicultores, sericicultores e trabalhadores qualificados da apicultura e sericicultura",0,9821.33474521,43,0,0,0,0,0,NA,8044163.05271169,0
2015,4,"2015-T4","6129","Outros criadores e trabalhadores qualificados da pecuária não classificados anteriormente",0,6501.71115167,24,0,0,0,0,0,NA,8044163.05271169,0
2015,4,"2015-T4","7121","Telhadores",0,10404.08648816,35,0,0,0,0,0,NA,8044163.05271169,0
2015,4,"2015-T4","7122","Aplicadores de revestimentos cerâmicos, pastilhas, pedras e madeiras",0,74836.91046497,149,0,0,0,0,0,NA,8044163.05271169,0
2015,4,"2015-T4","7127","Mecânicos-instaladores de sistemas de refrigeração e climatização",0,54053.44254973,152,0,0,0,0,0,NA,8044163.05271169,0
2015,4,"2015-T4","7133","Limpadores de fachadas",0,1392.51117125,4,0,0,0,0,0,NA,8044163.05271169,0
2015,4,"2015-T4","7221","Ferreiros e forjadores",0,20810.34257312,46,0,0,0,0,0,NA,8044163.05271169,0
2015,4,"2015-T4","7224","Polidores de metais e afiadores de ferramentas",0,21390.7951642,46,0,0,0,0,0,NA,8044163.05271169,0
2015,4,"2015-T4","7316","Redatores de cartazes, pintores decorativos e gravadores",0,14081.99264341,38,0,0,0,0,0,NA,8044163.05271169,0
2015,4,"2015-T4","7515","Trabalhadores da degustação e classificação de alimentos e bebidas",0,4903.71294661,12,0,0,0,0,0,NA,8044163.05271169,0
2015,4,"2015-T4","7521","Trabalhadores de tratamento e preparação da madeira",0,719.72951696,4,0,0,0,0,0,NA,8044163.05271169,0
2015,4,"2015-T4","7535","Trabalhadores qualificados do tratamento de couros e peles",0,16722.67036752,33,0,0,0,0,0,NA,8044163.05271169,0
2015,4,"2015-T4","7542","Dinamitadores e detonadores",0,3016.87977318,9,0,0,0,0,0,NA,8044163.05271169,0
2015,4,"2015-T4","7549","Outros trabalhadores qualificados e operários da indústria e do artesanato não classificados anteriormente",0,8466.48853776,17,0,0,0,0,0,NA,8044163.05271169,0
2015,4,"2015-T4","8111","Mineiros e operadores de máquinas e de instalações em minas e pedreiras",0,7273.46074433,18,0,0,0,0,0,NA,8044163.05271169,0
2015,4,"2015-T4","8155","Operadores de máquinas de processamento de couros e peles",0,2196.13918811,6,0,0,0,0,0,NA,8044163.05271169,0
2015,4,"2015-T4","8157","Operadores de máquinas de lavar, tingir e passar roupas",0,18291.11916979,47,0,0,0,0,0,NA,8044163.05271169,0
2015,4,"2015-T4","8159","Operadores de máquinas para fabricar produtos têxteis e artigos de couro e pele não classificados anteriormente",0,9223.3963164,14,0,0,0,0,0,NA,8044163.05271169,0
2015,4,"2015-T4","8312","Guarda-freios e agentes de manobras",0,564.49821311,4,0,0,0,0,0,NA,8044163.05271169,0
2015,4,"2015-T4","9123","Limpadores de janelas",0,4125.60630212,6,0,0,0,0,0,NA,8044163.05271169,0
2015,4,"2015-T4","9215","Trabalhadores florestais elementares",0,196644.78955806,1138,0,0,0,0,0,NA,8044163.05271169,0
2015,4,"2015-T4","9216","Trabalhadores elementares da pesca e aquicultura",0,32910.42285633,119,0,0,0,0,0,NA,8044163.05271169,0
2015,4,"2015-T4","9311","Trabalhadores elementares de minas e pedreiras",0,43990.17177765,153,0,0,0,0,0,NA,8044163.05271169,0
2015,4,"2015-T4","9331","Condutores de veículos acionados a pedal ou a braços",0,5389.86844513,18,0,0,0,0,0,NA,8044163.05271169,0
2015,4,"2015-T4","9332","Condutores de veículos e máquinas de tração animal",0,36071.36060998,114,0,0,0,0,0,NA,8044163.05271169,0
2015,4,"2015-T4","9510","Trabalhadores ambulantes dos serviços e afins",0,60763.84106029,120,0,0,0,0,0,NA,8044163.05271169,0
2015,4,"2015-T4","9613","Varredores e afins",0,3755.62803478,10,0,0,0,0,0,NA,8044163.05271169,0
2015,4,"2015-T4","9624","Carregadores de água e coletores de lenha",0,17510.64727562,48,0,0,0,0,0,NA,8044163.05271169,0
2016,4,"2016-T4","4110","Escriturários gerais",0,2906811.13491253,7081,853872.94292559,2104,853872.94292559,2104,29.3749,100,8514727.16938448,10.0282
2016,4,"2016-T4","1219","Dirigentes de administração e de serviços não classificados anteriormente",0,767751.37940231,1716,413843.2402266,845,413843.2402266,845,53.9033,100,8514727.16938448,4.8603
2016,4,"2016-T4","5221","Comerciantes de lojas",0,2654965.82773382,7401,350238.6987487,781,350238.6987487,781,13.1918,100,8514727.16938448,4.1133
2016,4,"2016-T4","5223","Balconistas e vendedores de lojas",0,4001439.31085732,9654,329397.20146699,702,329397.20146699,702,8.232,100,8514727.16938448,3.8686
2016,4,"2016-T4","1221","Dirigentes de vendas e  comercialização",0,546044.43222855,1029,315075.67826196,509,315075.67826196,509,57.7015,100,8514727.16938448,3.7004
2016,4,"2016-T4","1211","Dirigentes financeiros",0,543408.06982641,1233,264625.71790173,533,264625.71790173,533,48.6974,100,8514727.16938448,3.1079
2016,4,"2016-T4","3411","Profissionais de nível médio do direito e serviços legais e afins",0,425399.37128548,903,222250.67612037,464,222250.67612037,464,52.2452,100,8514727.16938448,2.6102
2016,4,"2016-T4","1346","Gerentes de sucursais de bancos, de serviços financeiros e de seguros",0,246314.40269444,413,200831.57076968,323,200831.57076968,323,81.5346,100,8514727.16938448,2.3586
2016,4,"2016-T4","3343","Secretários executivos e administrativos",0,511305.48391857,1320,198182.45225679,505,198182.45225679,505,38.7601,100,8514727.16938448,2.3275
2016,4,"2016-T4","1420","Gerentes de comércios atacadistas e varejistas",0,744822.98529947,1780,190227.83085082,446,190227.83085082,446,25.54,100,8514727.16938448,2.2341
2016,4,"2016-T4","4120","Secretários (geral)",0,593168.36280443,1581,166684.52976687,431,166684.52976687,431,28.1007,100,8514727.16938448,1.9576
2016,4,"2016-T4","3423","Instrutores de educação física e atividades recreativas",0,222346.78562961,499,146131.75952148,310,146131.75952148,310,65.7225,100,8514727.16938448,1.7162
2016,4,"2016-T4","0412","Graduados e praças da polícia militar",0,405205.31125166,1027,138071.54123097,335,138071.54123097,335,34.0745,100,8514727.16938448,1.6216
2016,4,"2016-T4","5243","Vendedores a domicilio",0,1211320.39613104,3081,129971.04730535,282,129971.04730535,282,10.7297,100,8514727.16938448,1.5264
2016,4,"2016-T4","3221","Profissionais de nível médio de enfermagem",0,921808.20518162,2264,128833.17688935,374,128833.17688935,374,13.9761,100,8514727.16938448,1.5131
2016,4,"2016-T4","2431","Profissionais da publicidade e da comercialização",0,178613.0806146,323,126525.61828799,198,126525.61828799,198,70.8378,100,8514727.16938448,1.486
2016,4,"2016-T4","3341","Supervisores de secretaria",0,344424.82991439,734,126233.28177991,249,126233.28177991,249,36.6505,100,8514727.16938448,1.4825
2016,4,"2016-T4","3334","Agentes imobiliários",0,276898.77772279,614,111485.8522704,222,111485.8522704,222,40.2623,100,8514727.16938448,1.3093
2016,4,"2016-T4","4226","Recepcionistas em geral",0,727201.9611785,1675,95778.82203642,224,95778.82203642,224,13.1709,100,8514727.16938448,1.1249
2016,4,"2016-T4","1212","Dirigentes de recursos humanos",0,145468.76849753,279,85943.63755445,154,85943.63755445,154,59.0805,100,8514727.16938448,1.0094
2016,4,"2016-T4","8322","Condutores de automóveis, taxis e caminhonetes",0,1393461.57689538,3370,78120.04827765,154,78120.04827765,154,5.6062,100,8514727.16938448,0.9175
2016,4,"2016-T4","1120","Diretores gerais e gerentes gerais",0,131749.04552211,289,77310.93645471,156,77310.93645471,156,58.6805,100,8514727.16938448,0.908
2016,4,"2016-T4","1321","Dirigentes de indústria de transformação",0,219257.62425496,468,75123.38170214,142,75123.38170214,142,34.2626,100,8514727.16938448,0.8823
2016,4,"2016-T4","3253","Trabalhadores comunitários da saúde",0,472664.62418885,1552,72477.71646946,223,72477.71646946,223,15.3339,100,8514727.16938448,0.8512
2016,4,"2016-T4","5414","Guardas de segurança",0,1375015.4658262,3515,66815.91044745,154,66815.91044745,154,4.8593,100,8514727.16938448,0.7847
2016,4,"2016-T4","5412","Policiais",0,141629.52545427,374,65481.51349925,194,65481.51349925,194,46.2344,100,8514727.16938448,0.769
2016,4,"2016-T4","3332","Organizadores de conferências e eventos",0,199667.20723769,416,61610.18989393,116,61610.18989393,116,30.8564,100,8514727.16938448,0.7236
2016,4,"2016-T4","4222","Trabalhadores de centrais de atendimento",0,485365.91631391,940,60733.33696192,112,60733.33696192,112,12.5129,100,8514727.16938448,0.7133
2016,4,"2016-T4","5142","Especialistas em tratamento de beleza e afins",0,896568.67265051,1945,58419.4876088,129,58419.4876088,129,6.5159,100,8514727.16938448,0.6861
2016,4,"2016-T4","3355","Inspetores de polícia e detetives",0,63464.98502882,106,58371.45148366,88,58371.45148366,88,91.9743,100,8514727.16938448,0.6855
2016,4,"2016-T4","5230","Caixas e expedidores de bilhetes",0,1033882.57153884,2395,57380.02643128,148,57380.02643128,148,5.55,100,8514727.16938448,0.6739
2016,4,"2016-T4","3513","Técnicos de redes e sistemas de computadores",0,240316.51134626,506,57003.16048823,122,57003.16048823,122,23.72,100,8514727.16938448,0.6695
2016,4,"2016-T4","2433","Profissionais de vendas técnicas e médicas (exclusive tic)",0,132938.40418499,254,56580.11691071,80,56580.11691071,80,42.5612,100,8514727.16938448,0.6645
2016,4,"2016-T4","3313","Contabilistas e guarda livros",0,207826.85987924,448,56145.23183529,127,56145.23183529,127,27.0154,100,8514727.16938448,0.6594
2016,4,"2016-T4","4211","Caixas de banco e afins",0,95692.58307447,199,56038.44603265,113,56038.44603265,113,58.5609,100,8514727.16938448,0.6581
2016,4,"2016-T4","4311","Trabalhadores de contabilidade e cálculo de custos",0,241274.88167157,534,54781.49112601,135,54781.49112601,135,22.705,100,8514727.16938448,0.6434
2016,4,"2016-T4","2353","Outros professores de idiomas",0,96108.59788348,172,54512.57505529,112,54512.57505529,112,56.7198,100,8514727.16938448,0.6402
2016,4,"2016-T4","3322","Representantes comerciais",0,201293.88689852,431,54490.74766126,100,54490.74766126,100,27.0702,100,8514727.16938448,0.64
2016,4,"2016-T4","3321","Agentes de seguros",0,127648.08095652,249,53425.33224341,97,53425.33224341,97,41.8536,100,8514727.16938448,0.6274
2016,4,"2016-T4","3257","Inspetores de saúde laboral, ambiental e afins",0,167053.2506574,381,53383.70608355,124,53383.70608355,124,31.9561,100,8514727.16938448,0.627
2016,4,"2016-T4","5120","Cozinheiros",0,1402619.95452117,3852,53181.2458685,143,53181.2458685,143,3.7916,100,8514727.16938448,0.6246
2016,4,"2016-T4","9112","Trabalhadores de limpeza de interior de edifícios, escritórios, hotéis e outros estabelecimentos",0,2284035.96693076,6002,52409.22331401,158,52409.22331401,158,2.2946,100,8514727.16938448,0.6155
2016,4,"2016-T4","1112","Dirigentes superiores da administração pública",0,81248.72848551,258,50233.60802571,152,50233.60802571,152,61.8269,100,8514727.16938448,0.59
2016,4,"2016-T4","4321","Trabalhadores de controle de abastecimento e estoques",0,729304.15463637,1583,48854.51551126,103,48854.51551126,103,6.6988,100,8514727.16938448,0.5738
2016,4,"2016-T4","5312","Ajudantes de professores",0,223909.56112969,510,47279.89541893,94,47279.89541893,94,21.1156,100,8514727.16938448,0.5553
2016,4,"2016-T4","1412","Gerentes de restaurantes",0,335374.23135634,840,45300.33194092,109,45300.33194092,109,13.5074,100,8514727.16938448,0.532
2016,4,"2016-T4","3114","Técnicos em eletrônica",0,192142.24641435,403,45076.10978954,77,45076.10978954,77,23.4598,100,8514727.16938448,0.5294
2016,4,"2016-T4","9520","Vendedores ambulantes (exclusive de serviços de alimentação)",0,781468.87561034,1971,44423.24811388,82,44423.24811388,82,5.6846,100,8514727.16938448,0.5217
2016,4,"2016-T4","6121","Criadores de gado e trabalhadores qualificados da criação de gado",0,1423352.75329476,7874,43251.544924,161,43251.544924,161,3.0387,100,8514727.16938448,0.508
2016,4,"2016-T4","3431","Fotógrafos",0,132333.5147887,271,42735.15848245,74,42735.15848245,74,32.2935,100,8514727.16938448,0.5019
2016,4,"2016-T4","5311","Cuidadores de crianças",0,826600.84055813,1926,42550.90467156,93,42550.90467156,93,5.1477,100,8514727.16938448,0.4997
2016,4,"2016-T4","5141","Cabeleireiros",0,971520.92251017,2370,42414.60580292,109,42414.60580292,109,4.3658,100,8514727.16938448,0.4981
2016,4,"2016-T4","6111","Agricultores e trabalhadores qualificados em atividades da agricultura (exclusive hortas, viveiros e jardins)",0,2693533.42008134,13232,41579.34570969,160,41579.34570969,160,1.5437,100,8514727.16938448,0.4883
2016,4,"2016-T4","3311","Agentes e corretores de bolsa, câmbio e outros serviços financeiros",0,54150.56465312,139,39460.12076478,99,39460.12076478,99,72.8711,100,8514727.16938448,0.4634
2016,4,"2016-T4","0210","Graduados e praças das forças armadas",0,266956.04608453,741,38496.51896646,97,38496.51896646,97,14.4205,100,8514727.16938448,0.4521
2016,4,"2016-T4","1222","Dirigentes de publicidade e relações públicas",0,63313.17169889,102,37781.6390558,62,37781.6390558,62,59.6742,100,8514727.16938448,0.4437
2016,4,"2016-T4","5413","Guardiões de presídios",0,106321.22232452,250,36570.8636608,99,36570.8636608,99,34.3966,100,8514727.16938448,0.4295
2016,4,"2016-T4","8332","Condutores de caminhões pesados",0,1873538.05360276,4517,36310.78046331,83,36310.78046331,83,1.9381,100,8514727.16938448,0.4264
2016,4,"2016-T4","2636","Ministros de cultos religiosos, missionários e afins",0,117278.52138655,335,35741.31844936,100,35741.31844936,100,30.4756,100,8514727.16938448,0.4198
2016,4,"2016-T4","2166","Desenhistas gráficos e de multimídia",0,80822.1512218,153,35595.79599334,62,35595.79599334,62,44.0421,100,8514727.16938448,0.418
2016,4,"2016-T4","5222","Supervisores de lojas",0,185498.74958469,373,35228.89798968,80,35228.89798968,80,18.9914,100,8514727.16938448,0.4137
2016,4,"2016-T4","3112","Técnicos em engenharia civil",0,132260.45471173,282,34220.70944864,62,34220.70944864,62,25.8737,100,8514727.16938448,0.4019
2016,4,"2016-T4","3323","Agentes de compras",0,73864.8346709,138,34038.65887534,64,34038.65887534,64,46.0824,100,8514727.16938448,0.3998
2016,4,"2016-T4","3511","Técnicos em operações de tecnologia da informação e das comunicações",0,110938.89217593,234,32646.03410104,58,32646.03410104,58,29.427,100,8514727.16938448,0.3834
2016,4,"2016-T4","3512","Técnicos em assistência ao usuário de tecnologia da informação e das comunicações",0,132642.61402844,315,32376.72158518,77,32376.72158518,77,24.409,100,8514727.16938448,0.3802
2016,4,"2016-T4","7112","Pedreiros",0,3153908.5133775,8223,29292.39611433,72,29292.39611433,72,0.9288,100,8514727.16938448,0.344
2016,4,"2016-T4","1324","Dirigentes de empresas de abastecimento, distribuição e afins",0,69259.48727523,127,29098.79775231,44,29098.79775231,44,42.0142,100,8514727.16938448,0.3417
2016,4,"2016-T4","7512","Padeiros, confeiteiros e afins",0,683436.23017835,1618,28135.46113238,59,28135.46113238,59,4.1168,100,8514727.16938448,0.3304
2016,4,"2016-T4","7233","Mecânicos e reparadores de máquinas agrícolas e industriais",0,469789.80836782,1080,27891.81857268,63,27891.81857268,63,5.9371,100,8514727.16938448,0.3276
2016,4,"2016-T4","0512","Graduados e praças do corpo de bombeiros",0,69300.76127413,181,27006.24495396,86,27006.24495396,86,38.9696,100,8514727.16938448,0.3172
2016,4,"2016-T4","3412","Trabalhadores e assistentes sociais de nível médio",0,94678.00975656,224,26396.83552863,64,26396.83552863,64,27.8806,100,8514727.16938448,0.31
2016,4,"2016-T4","3339","Agentes de serviços comerciais não classificados anteriormente",0,87373.56358046,198,25269.8880271,47,25269.8880271,47,28.9217,100,8514727.16938448,0.2968
2016,4,"2016-T4","4312","Trabalhadores de serviços estatísticos, financeiros e de seguros",0,48087.92409953,101,25123.18350254,53,25123.18350254,53,52.2443,100,8514727.16938448,0.2951
2016,4,"2016-T4","4221","Trabalhadores de agências de viagem",0,52973.07285543,115,24711.23743278,48,24711.23743278,48,46.6487,100,8514727.16938448,0.2902
2016,4,"2016-T4","7231","Mecânicos e reparadores de veículos a motor",0,1095981.08194216,2813,24611.31244766,54,24611.31244766,54,2.2456,100,8514727.16938448,0.289
2016,4,"2016-T4","1439","Gerentes de serviços não classificados anteriormente",0,58983.10240177,109,21999.86520353,33,21999.86520353,33,37.2986,100,8514727.16938448,0.2584
2016,4,"2016-T4","3122","Supervisores de indústrias de transformação",0,167806.74400762,348,21373.27483602,47,21373.27483602,47,12.7368,100,8514727.16938448,0.251
2016,4,"2016-T4","7543","Classificadores e provadores de produtos (exceto de bebidas e alimentos)",0,143412.37365876,332,21318.63171923,46,21318.63171923,46,14.8653,100,8514727.16938448,0.2504
2016,4,"2016-T4","3119","Técnicos em ciências físicas e da engenharia não classificados anteriormente",0,113756.62919001,220,21162.02912967,36,21162.02912967,36,18.6029,100,8514727.16938448,0.2485
2016,4,"2016-T4","7531","Alfaiates, modistas, chapeleiros e peleteiros",0,616667.7934041,1663,20868.01827079,51,20868.01827079,51,3.384,100,8514727.16938448,0.2451
2016,4,"2016-T4","5153","Porteiros e zeladores",0,869409.90949359,2211,20576.28314535,63,20576.28314535,63,2.3667,100,8514727.16938448,0.2417
2016,4,"2016-T4","3352","Agentes da administração tributária",0,34805.14313158,103,19689.47491188,59,19689.47491188,59,56.5706,100,8514727.16938448,0.2312
2016,4,"2016-T4","9111","Trabalhadores dos serviços domésticos em geral",0,4667626.04076462,12778,19461.79853969,59,19461.79853969,59,0.417,100,8514727.16938448,0.2286
2016,4,"2016-T4","3115","Técnicos em engenharia mecânica",0,143324.57495111,305,18973.24576205,30,18973.24576205,30,13.238,100,8514727.16938448,0.2228
2016,4,"2016-T4","3434","Chefes de cozinha",0,48530.57241834,94,18574.30397535,20,18574.30397535,20,38.2734,100,8514727.16938448,0.2181
2016,4,"2016-T4","2355","Outros professores de artes",0,49453.13737615,104,18555.2351916,38,18555.2351916,38,37.5208,100,8514727.16938448,0.2179
2016,4,"2016-T4","5419","Trabalhadores dos serviços de proteção e segurança não classificados anteriormente",0,68357.59767921,157,18022.74806725,40,18022.74806725,40,26.3654,100,8514727.16938448,0.2117
2016,4,"2016-T4","3342","Secretários jurídicos",0,33392.15166581,68,17710.6022418,41,17710.6022418,41,53.0382,100,8514727.16938448,0.208
2016,4,"2016-T4","2643","Tradutores, intérpretes e linguistas",0,23674.36362664,32,17379.21692279,22,17379.21692279,22,73.4094,100,8514727.16938448,0.2041
2016,4,"2016-T4","2652","Músicos, cantores e compositores",0,120307.89514508,299,17341.82700367,35,17341.82700367,35,14.4145,100,8514727.16938448,0.2037
2016,4,"2016-T4","2354","Outros professores de música",0,56954.5265285,120,16945.69234123,39,16945.69234123,39,29.753,100,8514727.16938448,0.199
2016,4,"2016-T4","3113","Eletrotécnicos",0,165008.59966865,366,16899.33798674,38,16899.33798674,38,10.2415,100,8514727.16938448,0.1985
2016,4,"2016-T4","3211","Técnicos em aparelhos de diagnóstico e tratamento médico",0,50942.00916878,126,16019.44884851,42,16019.44884851,42,31.4464,100,8514727.16938448,0.1881
2016,4,"2016-T4","2654","Diretores de cinema, de teatro e afins",0,19695.38584635,30,15613.30047543,21,15613.30047543,21,79.2739,100,8514727.16938448,0.1834
2016,4,"2016-T4","1213","Dirigentes de políticas e planejamento",0,32074.81484335,89,15608.72000239,40,15608.72000239,40,48.6635,100,8514727.16938448,0.1833
2016,4,"2016-T4","7411","Eletricistas de obras e afins",0,457254.76894994,1078,15596.07115167,28,15596.07115167,28,3.4108,100,8514727.16938448,0.1832
2016,4,"2016-T4","7318","Artesãos de tecidos, couros e materiais semelhantes",0,228722.1538228,676,15561.75814775,45,15561.75814775,45,6.8038,100,8514727.16938448,0.1828
2016,4,"2016-T4","3432","Desenhistas e decoradores de interiores",0,56799.50670686,125,15405.31696094,36,15405.31696094,36,27.1223,100,8514727.16938448,0.1809
2016,4,"2016-T4","4223","Telefonistas",0,90812.83331812,210,15090.82280836,33,15090.82280836,33,16.6175,100,8514727.16938448,0.1772
2016,4,"2016-T4","3312","Agentes de empréstimos e financiamento",0,35296.87271896,78,14493.96815761,24,14493.96815761,24,41.063,100,8514727.16938448,0.1702
2016,4,"2016-T4","3522","Técnicos de engenharia de telecomunicações",0,72278.07895604,143,14388.38076537,26,14388.38076537,26,19.907,100,8514727.16938448,0.169
2016,4,"2016-T4","3422","Treinadores, instrutores e árbitros de atividades esportivas",0,35763.08002357,71,14280.8291017,28,14280.8291017,28,39.9318,100,8514727.16938448,0.1677
2016,4,"2016-T4","5329","Trabalhadores de cuidados pessoais nos serviços de saúde não classificados anteriormente",0,74339.11040737,189,14109.49788365,36,14109.49788365,36,18.9799,100,8514727.16938448,0.1657
2016,4,"2016-T4","4412","Trabalhadores de serviços de correios",0,69634.20329114,171,14066.60646492,40,14066.60646492,40,20.2007,100,8514727.16938448,0.1652
2016,4,"2016-T4","3116","Técnicos em química industrial",0,31820.69795257,69,13808.99117969,30,13808.99117969,30,43.3963,100,8514727.16938448,0.1622
2016,4,"2016-T4","9313","Trabalhadores elementares da construção de edifícios",0,1635752.48934361,4440,13730.60736462,27,13730.60736462,27,0.8394,100,8514727.16938448,0.1613
2016,4,"2016-T4","1111","Legisladores",0,37646.62559919,147,13402.6733279,41,13402.6733279,41,35.6013,100,8514727.16938448,0.1574
2016,4,"2016-T4","1311","Dirigentes de produção agropecuária e silvicultura",0,59623.75946102,282,13318.55885187,36,13318.55885187,36,22.3377,100,8514727.16938448,0.1564
2016,4,"2016-T4","1323","Dirigentes de empresas de construção",0,32000.83492955,83,13271.50464683,32,13271.50464683,32,41.4724,100,8514727.16938448,0.1559
2016,4,"2016-T4","4323","Trabalhadores de serviços de transporte",0,69748.41634592,100,13192.67790123,26,13192.67790123,26,18.9147,100,8514727.16938448,0.1549
2016,4,"2016-T4","8153","Operadores de máquinas de costura",0,650693.63619905,1625,12746.9300091,36,12746.9300091,36,1.959,100,8514727.16938448,0.1497
2016,4,"2016-T4","5131","Garçons",0,460232.18953864,1091,12659.4920527,22,12659.4920527,22,2.7507,100,8514727.16938448,0.1487
2016,4,"2016-T4","5322","Trabalhadores de cuidados pessoais a domicílios",0,513083.09842445,1253,12504.16362246,35,12504.16362246,35,2.4371,100,8514727.16938448,0.1469
2016,4,"2016-T4","2655","Atores",0,19192.73452044,23,12461.90507312,12,12461.90507312,12,64.9303,100,8514727.16938448,0.1464
2016,4,"2016-T4","5244","Vendedores por telefone",0,61915.72243765,120,12051.3733452,26,12051.3733452,26,19.4642,100,8514727.16938448,0.1415
2016,4,"2016-T4","7131","Pintores e empapeladores",0,689280.45080377,1622,11838.26033702,25,11838.26033702,25,1.7175,100,8514727.16938448,0.139
2016,4,"2016-T4","8344","Operadores de empilhadeiras",0,166833.75030861,331,11445.88688328,14,11445.88688328,14,6.8607,100,8514727.16938448,0.1344
2016,4,"2016-T4","5246","Balconistas dos serviços de alimentação",0,472530.559035,1035,11437.3462633,20,11437.3462633,20,2.4204,100,8514727.16938448,0.1343
2016,4,"2016-T4","9334","Repositores de prateleiras",0,574734.16562725,1330,11378.11039586,25,11378.11039586,25,1.9797,100,8514727.16938448,0.1336
2016,4,"2016-T4","3521","Técnicos de radiodifusão e gravação audiovisual",0,73753.45094299,151,11358.10136283,22,11358.10136283,22,15.4001,100,8514727.16938448,0.1334
2016,4,"2016-T4","4225","Trabalhadores dos serviços de informações",0,57150.35792459,114,11307.92067472,22,11307.92067472,22,19.7863,100,8514727.16938448,0.1328
2016,4,"2016-T4","3118","Desenhistas e projetistas técnicos",0,70946.7484001,151,11062.70750178,24,11062.70750178,24,15.593,100,8514727.16938448,0.1299
2016,4,"2016-T4","4132","Operadores de entrada de dados",0,36568.70260266,108,10939.51542267,26,10939.51542267,26,29.915,100,8514727.16938448,0.1285
2016,4,"2016-T4","1411","Gerentes de hotéis",0,33559.28015701,117,10798.61825572,33,10798.61825572,33,32.1777,100,8514727.16938448,0.1268
2016,4,"2016-T4","3142","Técnicos agropecuários",0,34850.70149101,112,10635.4643752,39,10635.4643752,39,30.5172,100,8514727.16938448,0.1249
2016,4,"2016-T4","7223","Reguladores e operadores de máquinas-ferramentas",0,416210.30163234,755,10623.3567183,29,10623.3567183,29,2.5524,100,8514727.16938448,0.1248
2016,4,"2016-T4","5211","Vendedores de quiosques e postos de mercados",0,440277.64168165,1285,10606.47797352,28,10606.47797352,28,2.409,100,8514727.16938448,0.1246
2016,4,"2016-T4","2641","Escritores",0,13997.32565456,34,10467.3835905,26,10467.3835905,26,74.7813,100,8514727.16938448,0.1229
2016,4,"2016-T4","6112","Agricultores e trabalhadores qualificados no cultivo de hortas, viveiros e jardins",0,598702.21536879,2213,10197.39858656,35,10197.39858656,35,1.7033,100,8514727.16938448,0.1198
2016,4,"2016-T4","5249","Vendedores não classificados anteriormente",0,89742.9434856,251,10018.50054615,29,10018.50054615,29,11.1636,100,8514727.16938448,0.1177
2016,4,"2016-T4","9412","Ajudantes de cozinha",0,622633.81603262,1514,9979.32884246,24,9979.32884246,24,1.6028,100,8514727.16938448,0.1172
2016,4,"2016-T4","7412","Mecânicos e ajustadores eletricistas",0,344192.16963806,787,9863.36166235,25,9863.36166235,25,2.8657,100,8514727.16938448,0.1158
2016,4,"2016-T4","3344","Secretários de medicina",0,72346.10520138,178,9743.29388142,26,9743.29388142,26,13.4676,100,8514727.16938448,0.1144
2016,4,"2016-T4","5165","Instrutores de autoescola",0,53440.88491266,145,9736.47922541,27,9736.47922541,27,18.2192,100,8514727.16938448,0.1143
2016,4,"2016-T4","4415","Trabalhadores de arquivos",0,66372.95365928,135,9722.44049708,22,9722.44049708,22,14.6482,100,8514727.16938448,0.1142
2016,4,"2016-T4","4416","Trabalhadores do serviço de pessoal",0,33794.56068703,74,9646.2922495,16,9646.2922495,16,28.5439,100,8514727.16938448,0.1133
2016,4,"2016-T4","7522","Marceneiros e afins",0,301845.15169202,811,9641.02259492,24,9641.02259492,24,3.194,100,8514727.16938448,0.1132
2016,4,"2016-T4","8331","Condutores de ônibus e bondes",0,511757.57486134,1319,9628.57512828,32,9628.57512828,32,1.8815,100,8514727.16938448,0.1131
2016,4,"2016-T4","9333","Carregadores",0,726725.97270819,1801,9545.96466515,23,9545.96466515,23,1.3136,100,8514727.16938448,0.1121
2016,4,"2016-T4","5111","Auxiliares de serviço de bordo",0,18147.29726604,25,9510.10934875,9,9510.10934875,9,52.4051,100,8514727.16938448,0.1117
2016,4,"2016-T4","3331","Despachantes aduaneiros",0,16253.12349684,29,9355.1613142,12,9355.1613142,12,57.5592,100,8514727.16938448,0.1099
2016,4,"2016-T4","8321","Condutores de motocicletas",0,527091.0575046,1372,9345.06231443,19,9345.06231443,19,1.773,100,8514727.16938448,0.1098
2016,4,"2016-T4","5242","Demonstradores de lojas",0,113555.92682359,235,9325.77701967,16,9325.77701967,16,8.2125,100,8514727.16938448,0.1095
2016,4,"2016-T4","5212","Vendedores ambulantes de serviços de alimentação",0,352724.65037764,1001,9087.28376661,24,9087.28376661,24,2.5763,100,8514727.16938448,0.1067
2016,4,"2016-T4","3123","Supervisores da construção",0,116529.92691089,270,9084.90773725,16,9084.90773725,16,7.7962,100,8514727.16938448,0.1067
2016,4,"2016-T4","3212","Técnicos de laboratórios médicos",0,30370.8234322,83,9059.68528074,23,9059.68528074,23,29.8302,100,8514727.16938448,0.1064
2016,4,"2016-T4","7317","Artesãos de pedra, madeira, vime e materiais semelhantes",0,104168.0352883,285,8560.21670066,19,8560.21670066,19,8.2177,100,8514727.16938448,0.1005
2016,4,"2016-T4","3353","Agentes de serviços de seguridade social",0,10947.36942763,26,8557.28934978,18,8557.28934978,18,78.1675,100,8514727.16938448,0.1005
2016,4,"2016-T4","3251","Dentistas auxiliares e ajudantes de odontologia",0,67898.59366525,194,8200.24395754,22,8200.24395754,22,12.0772,100,8514727.16938448,0.0963
2016,4,"2016-T4","3111","Técnicos em ciências físicas e químicas",0,37035.93653204,74,7906.12632407,21,7906.12632407,21,21.3472,100,8514727.16938448,0.0929
2016,4,"2016-T4","5321","Trabalhadores de cuidados pessoais em instituições",0,77955.66531586,216,7901.59194988,20,7901.59194988,20,10.136,100,8514727.16938448,0.0928
2016,4,"2016-T4","4214","Cobradores e afins",0,74493.11075498,181,7801.34886648,15,7801.34886648,15,10.4726,100,8514727.16938448,0.0916
2016,4,"2016-T4","4229","Trabalhadores de serviços de informação ao cliente não classificados anteriormente",0,60967.21581121,137,7548.97129007,18,7548.97129007,18,12.382,100,8514727.16938448,0.0887
2016,4,"2016-T4","2651","Artistas plásticos",0,34528.59589245,70,7485.65620478,14,7485.65620478,14,21.6796,100,8514727.16938448,0.0879
2016,4,"2016-T4","8212","Montadores de equipamentos elétricos e eletrônicos",0,101643.65178142,207,7246.7077074,12,7246.7077074,12,7.1295,100,8514727.16938448,0.0851
2016,4,"2016-T4","2356","Instrutores em tecnologias da informação",0,21852.93766188,62,7042.42299982,18,7042.42299982,18,32.2264,100,8514727.16938448,0.0827
2016,4,"2016-T4","4227","Entrevistadores de pesquisas de mercado",0,14092.52574508,38,6962.06496881,16,6962.06496881,16,49.4025,100,8514727.16938448,0.0818
2016,4,"2016-T4","9329","Trabalhadores elementares da indústria de transformação não classificados anteriormente",0,276150.07506324,640,6942.81791659,12,6942.81791659,12,2.5141,100,8514727.16938448,0.0815
2016,4,"2016-T4","5132","atendentes de bar",0,197834.99113757,500,6852.81144063,13,6852.81144063,13,3.4639,100,8514727.16938448,0.0805
2016,4,"2016-T4","2656","Locutores de rádio, televisão e outros meios de comunicação",0,29253.70090477,86,6681.46835362,16,6681.46835362,16,22.8397,100,8514727.16938448,0.0785
2016,4,"2016-T4","7111","Construtores de casas",0,63034.60744724,166,6406.24452293,16,6406.24452293,16,10.1631,100,8514727.16938448,0.0752
2016,4,"2016-T4","7533","Costureiros, bordadeiros e afins",0,83277.51333658,279,6287.96079324,17,6287.96079324,17,7.5506,100,8514727.16938448,0.0738
2016,4,"2016-T4","4224","Recepcionistas de hotéis",0,74584.26308334,198,6224.36242346,19,6224.36242346,19,8.3454,100,8514727.16938448,0.0731
2016,4,"2016-T4","5161","Astrólogos, adivinhos e afins",0,10760.67560795,12,6210.51402156,4,6210.51402156,4,57.7149,100,8514727.16938448,0.0729
2016,4,"2016-T4","3255","Técnicos e assistentes fisioterapeutas",0,36322.10605507,98,5887.40343068,17,5887.40343068,17,16.2089,100,8514727.16938448,0.0691
2016,4,"2016-T4","4411","Trabalhadores de bibliotecas",0,18874.50876853,49,5705.13477983,13,5705.13477983,13,30.2267,100,8514727.16938448,0.067
2016,4,"2016-T4","3314","Profissionais de nível médio de serviços estatísticos, matemáticos e afins",0,60938.15855247,130,5502.32624496,15,5502.32624496,15,9.0294,100,8514727.16938448,0.0646
2016,4,"2016-T4","7213","Chapistas e caldeireiros",0,447550.13972515,989,5430.7694546,14,5430.7694546,14,1.2134,100,8514727.16938448,0.0638
2016,4,"2016-T4","3141","Técnicos e profissionais de nível médio em ciências biológicas (exclusive da medicina)",0,16648.14486596,40,5323.58017929,9,5323.58017929,9,31.977,100,8514727.16938448,0.0625
2016,4,"2016-T4","1114","Dirigentes de organizações que apresentam um interesse especial",0,10703.40726638,28,5098.44687889,10,5098.44687889,10,47.6339,100,8514727.16938448,0.0599
2016,4,"2016-T4","3324","Corretores de comercialização",0,16148.65930699,22,4515.6214172,4,4515.6214172,4,27.9628,100,8514727.16938448,0.053
2016,4,"2016-T4","7126","Bombeiros e encanadores",0,186250.43408688,433,4510.35080627,14,4510.35080627,14,2.4217,100,8514727.16938448,0.053
2016,4,"2016-T4","7421","Mecânicos e reparadores em eletrônica",0,79101.91936931,178,4465.92748747,9,4465.92748747,9,5.6458,100,8514727.16938448,0.0524
2016,4,"2016-T4","7222","Ferramenteiros e afins",0,52684.90411594,104,4384.40079027,6,4384.40079027,6,8.3219,100,8514727.16938448,0.0515
2016,4,"2016-T4","8141","Operadores de máquinas para fabricar produtos de borracha",0,152621.61522606,404,4224.89369422,7,4224.89369422,7,2.7682,100,8514727.16938448,0.0496
2016,4,"2016-T4","7232","Mecânicos e reparadores de motores de avião",0,12096.07571856,23,4126.31127279,6,4126.31127279,6,34.1128,100,8514727.16938448,0.0485
2016,4,"2016-T4","7132","Lustradores",0,152219.21052842,383,4121.10469513,9,4121.10469513,9,2.7073,100,8514727.16938448,0.0484
2016,4,"2016-T4","9211","Trabalhadores elementares da agricultura",0,1775803.35624511,7559,4036.39645082,17,4036.39645082,17,0.2273,100,8514727.16938448,0.0474
2016,4,"2016-T4","8160","Operadores de máquinas para elaborar alimentos e produtos afins",0,227082.38970945,885,3940.87432423,11,3940.87432423,11,1.7354,100,8514727.16938448,0.0463
2016,4,"2016-T4","5112","Fiscais e cobradores de transportes públicos",0,175168.37612272,407,3925.11224218,8,3925.11224218,8,2.2408,100,8514727.16938448,0.0461
2016,4,"2016-T4","7514","Trabalhadores da conservação de frutas, legumes e similares",0,103164.86421663,338,3909.51717884,14,3909.51717884,14,3.7896,100,8514727.16938448,0.0459
2016,4,"2016-T4","9212","Trabalhadores elementares da pecuária",0,712411.15955104,3636,3873.15379675,15,3873.15379675,15,0.5437,100,8514727.16938448,0.0455
2016,4,"2016-T4","4322","Trabalhadores de serviços de apoio à produção",0,115128.90893361,299,3865.91692539,11,3865.91692539,11,3.3579,100,8514727.16938448,0.0454
2016,4,"2016-T4","7413","Instaladores e reparadores de linhas elétricas",0,42326.75559659,96,3858.90803198,6,3858.90803198,6,9.1169,100,8514727.16938448,0.0453
2016,4,"2016-T4","3359","Agentes da administração pública para aplicação da lei e afins não classificados anteriormente",0,8518.88945841,26,3804.4067644,13,3804.4067644,13,44.6585,100,8514727.16938448,0.0447
2016,4,"2016-T4","5164","Cuidadores de animais",0,46594.31720303,103,3798.24383357,7,3798.24383357,7,8.1517,100,8514727.16938448,0.0446
2016,4,"2016-T4","1341","Dirigentes de serviços de cuidados infantis",0,6651.93893975,21,3747.65481828,13,3747.65481828,13,56.3393,100,8514727.16938448,0.044
2016,4,"2016-T4","8121","Operadores de instalações de processamento de metais",0,106144.9363495,183,3742.19390443,4,3742.19390443,4,3.5256,100,8514727.16938448,0.0439
2016,4,"2016-T4","9621","Mensageiros, carregadores de bagagens e entregadores de encomendas",0,267273.84490993,666,3658.62620649,11,3658.62620649,11,1.3689,100,8514727.16938448,0.043
2016,4,"2016-T4","7511","Magarefes e afins",0,413767.63982232,1070,3645.20115535,11,3645.20115535,11,0.881,100,8514727.16938448,0.0428
2016,4,"2016-T4","8142","Operadores de máquinas para fabricar produtos de material plástico",0,139462.41209972,260,3624.50954196,6,3624.50954196,6,2.5989,100,8514727.16938448,0.0426
2016,4,"2016-T4","8211","Mecânicos montadores de maquinaria mecânica",0,88876.15594247,172,3574.18039492,6,3574.18039492,6,4.0215,100,8514727.16938448,0.042
2016,4,"2016-T4","3152","Capitães, oficiais de coberta e práticos",0,17358.01688278,46,3557.77990372,10,3557.77990372,10,20.4965,100,8514727.16938448,0.0418
2016,4,"2016-T4","3134","Operadores de instalações de refino de petróleo e gás natural",0,4930.6354935,6,3509.84211593,1,3509.84211593,1,71.1844,100,8514727.16938448,0.0412
2016,4,"2016-T4","7322","Impressores",0,88834.54242758,175,3472.44768579,8,3472.44768579,8,3.9089,100,8514727.16938448,0.0408
2016,4,"2016-T4","7122","Aplicadores de revestimentos cerâmicos, pastilhas, pedras e madeiras",0,61421.80105119,148,3467.10130571,6,3467.10130571,6,5.6447,100,8514727.16938448,0.0407
2016,4,"2016-T4","7319","Artesãos não classificados anteriormente",0,27127.36903496,61,3412.4871238,7,3412.4871238,7,12.5795,100,8514727.16938448,0.0401
2016,4,"2016-T4","8156","Operadores de máquinas para fabricação de calçados e afins",0,93369.06893013,170,3385.98373537,4,3385.98373537,4,3.6265,100,8514727.16938448,0.0398
2016,4,"2016-T4","9411","Preparadores de comidas rápidas",0,107817.48356213,238,3323.4462652,10,3323.4462652,10,3.0825,100,8514727.16938448,0.039
2016,4,"2016-T4","6130","Produtores e trabalhadores qualificados de exploração agropecuária mista",0,18892.47332769,107,3131.8477425,8,3131.8477425,8,16.5772,100,8514727.16938448,0.0368
2016,4,"2016-T4","8343","Operadores de guindastes, gruas, aparatos de elevação e afins",0,66883.32332443,146,3113.29746745,8,3113.29746745,8,4.6548,100,8514727.16938448,0.0366
2016,4,"2016-T4","5245","Frentistas de posto de gasolina",0,279049.59784668,731,3072.4928565,11,3072.4928565,11,1.1011,100,8514727.16938448,0.0361
2016,4,"2016-T4","3153","Pilotos de aviação e afins",0,5926.6466441,19,3021.12491867,10,3021.12491867,10,50.9753,100,8514727.16938448,0.0355
2016,4,"2016-T4","4212","Coletores de apostas e de jogos",0,57563.33181313,162,3006.84235247,5,3006.84235247,5,5.2235,100,8514727.16938448,0.0353
2016,4,"2016-T4","7311","Mecânicos e reparadores de instrumentos de precisão",0,19896.2527308,43,2986.29331756,5,2986.29331756,5,15.0093,100,8514727.16938448,0.0351
2016,4,"2016-T4","5113","Guias de turismo",0,13037.43801775,40,2956.23627487,6,2956.23627487,6,22.675,100,8514727.16938448,0.0347
2016,4,"2016-T4","3256","assistentes de medicina",0,28608.34300677,75,2884.96082846,9,2884.96082846,9,10.0843,100,8514727.16938448,0.0339
2016,4,"2016-T4","8154","Operadores de máquinas de branqueamento, tingimento e limpeza de tecidos",0,74278.81322443,155,2884.8327472,4,2884.8327472,4,3.8838,100,8514727.16938448,0.0339
2016,4,"2016-T4","9629","Outras ocupações elementares não classificadas anteriormente",0,157580.30042872,407,2833.05752848,6,2833.05752848,6,1.7979,100,8514727.16938448,0.0333
2016,4,"2016-T4","9611","Coletores de lixo e material reciclável",0,253049.84010026,641,2814.97315969,12,2814.97315969,12,1.1124,100,8514727.16938448,0.0331
2016,4,"2016-T4","3213","Técnicos e assistentes farmacêuticos",0,29672.01523563,63,2808.62370553,7,2808.62370553,7,9.4656,100,8514727.16938448,0.033
2016,4,"2016-T4","9311","Trabalhadores elementares de minas e pedreiras",0,35711.51977196,129,2731.13759765,2,2731.13759765,2,7.6478,100,8514727.16938448,0.0321
2016,4,"2016-T4","3132","Operadores de incineradores, instalações de tratamento de água e afins",0,22541.41691851,55,2726.31365938,10,2726.31365938,10,12.0947,100,8514727.16938448,0.032
2016,4,"2016-T4","7321","Trabalhadores da pré-impressão gráfica",0,18893.51448551,41,2698.53951002,4,2698.53951002,4,14.2829,100,8514727.16938448,0.0317
2016,4,"2016-T4","3354","Agentes de serviços de expedição de licenças e permissões",0,4088.33567681,16,2574.3738339,9,2574.3738339,9,62.9687,100,8514727.16938448,0.0302
2016,4,"2016-T4","3259","Profissionais de nível médio da saúde não classificados anteriormente",0,9816.37088483,24,2518.804837,3,2518.804837,3,25.6592,100,8514727.16938448,0.0296
2016,4,"2016-T4","7313","Joalheiros e lapidadores de gemas, artesãos de metais preciosos e semipreciosos",0,38090.32536592,73,2471.59298092,5,2471.59298092,5,6.4888,100,8514727.16938448,0.029
2016,4,"2016-T4","3230","Profissionais de nível médio de medicina tradicional e alternativa",0,13582.00603169,20,2444.36087859,5,2444.36087859,5,17.9971,100,8514727.16938448,0.0287
2016,4,"2016-T4","7212","Soldadores e oxicortadores",0,265793.39036769,624,2434.10343492,8,2434.10343492,8,0.9158,100,8514727.16938448,0.0286
2016,4,"2016-T4","7536","Sapateiros e afins",0,117521.83965233,273,2430.28766472,5,2430.28766472,5,2.0679,100,8514727.16938448,0.0285
2016,4,"2016-T4","6225","Pescadores",0,416208.18292894,1844,2296.34241976,11,2296.34241976,11,0.5517,100,8514727.16938448,0.027
2016,4,"2016-T4","8219","Montadores não classificados anteriormente",0,126382.46379829,312,2287.14142199,5,2287.14142199,5,1.8097,100,8514727.16938448,0.0269
2016,4,"2016-T4","3117","Técnicos em engenharia de minas e metalurgia",0,32855.54721149,73,2273.39874024,5,2273.39874024,5,6.9194,100,8514727.16938448,0.0267
2016,4,"2016-T4","3514","Técnicos da web",0,8079.23395866,14,2245.08403008,4,2245.08403008,4,27.7883,100,8514727.16938448,0.0264
2016,4,"2016-T4","7544","Fumigadores e outros controladores de pragas e ervas daninhas",0,24923.04098336,66,2226.57228579,4,2226.57228579,4,8.9338,100,8514727.16938448,0.0261
2016,4,"2016-T4","3433","Técnicos em galerias de arte, museus e bibliotecas",0,8812.92127718,28,2225.57819278,5,2225.57819278,5,25.2536,100,8514727.16938448,0.0261
2016,4,"2016-T4","6122","Avicultores e trabalhadores qualificados da avicultura",0,124224.73479122,613,2192.06797197,13,2192.06797197,13,1.7646,100,8514727.16938448,0.0257
2016,4,"2016-T4","5163","Trabalhadores de funerárias e embalsamadores",0,18963.27889378,43,2151.34813698,3,2151.34813698,3,11.3448,100,8514727.16938448,0.0253
2016,4,"2016-T4","7422","Instaladores e reparadores em tecnologias da informação e comunicações",0,75636.53597643,177,2093.39639635,7,2093.39639635,7,2.7677,100,8514727.16938448,0.0246
2016,4,"2016-T4","3222","Profissionais de nível médio de partos",0,6281.59112039,11,2060.82425308,4,2060.82425308,4,32.8074,100,8514727.16938448,0.0242
2016,4,"2016-T4","9612","Classificadores de resíduos",0,233517.17162093,501,1989.41236695,4,1989.41236695,4,0.8519,100,8514727.16938448,0.0234
2016,4,"2016-T4","9321","empacotadores manuais",0,176595.95001576,435,1924.48230239,4,1924.48230239,4,1.0898,100,8514727.16938448,0.0226
2016,4,"2016-T4","3131","Operadores de instalações de produção de energia",0,4174.88026422,12,1914.70042297,3,1914.70042297,3,45.8624,100,8514727.16938448,0.0225
2016,4,"2016-T4","8113","Perfuradores e sondadores de poços e afins",0,23848.81308132,64,1891.98596453,5,1891.98596453,5,7.9333,100,8514727.16938448,0.0222
2016,4,"2016-T4","8311","Maquinistas de locomotivas",0,8599.21102493,14,1830.90758634,3,1830.90758634,3,21.2916,100,8514727.16938448,0.0215
2016,4,"2016-T4","8183","Operadores de máquinas de embalagem, engarrafamento e etiquetagem",0,90614.2683578,187,1819.18864983,3,1819.18864983,3,2.0076,100,8514727.16938448,0.0214
2016,4,"2016-T4","3139","Técnicos em controle de processos não classificados anteriormente",0,14696.95070951,38,1807.63025645,5,1807.63025645,5,12.2994,100,8514727.16938448,0.0212
2016,4,"2016-T4","7115","Carpinteiros",0,246622.43582502,666,1729.70958976,4,1729.70958976,4,0.7014,100,8514727.16938448,0.0203
2016,4,"2016-T4","3435","Outros profissionais de nível médio em atividades culturais e artísticas",0,18305.57995559,40,1686.79377159,2,1686.79377159,2,9.2146,100,8514727.16938448,0.0198
2016,4,"2016-T4","8131","Operadores de instalações e máquinas de produtos químicos",0,61618.80854341,112,1574.92790501,5,1574.92790501,5,2.5559,100,8514727.16938448,0.0185
2016,4,"2016-T4","8341","Operadores de máquinas agrícolas e florestais móveis",0,274538.04185973,1050,1568.80454868,6,1568.80454868,6,0.5714,100,8514727.16938448,0.0184
2016,4,"2016-T4","9623","Coletores de dinheiro em máquinas automáticas de venda e leitores de medidores",0,24157.82729839,59,1565.71972387,4,1565.71972387,4,6.4812,100,8514727.16938448,0.0184
2016,4,"2016-T4","7125","Vidraceiros",0,68561.07158282,146,1551.88235797,5,1551.88235797,5,2.2635,100,8514727.16938448,0.0182
2016,4,"2016-T4","3240","Técnicos e assistentes veterinários",0,7777.37836929,19,1546.48070361,2,1546.48070361,2,19.8843,100,8514727.16938448,0.0182
2016,4,"2016-T4","2434","Profissionais de vendas de tecnologia da informação e comunicações",0,7159.32172547,10,1511.0703685,5,1511.0703685,5,21.1063,100,8514727.16938448,0.0177
2016,4,"2016-T4","4419","Trabalhadores de apoio administrativo não classificados anteriormente",0,11124.44974712,34,1505.57598535,3,1505.57598535,3,13.5339,100,8514727.16938448,0.0177
2016,4,"2016-T4","8132","Operadores de máquinas para fabricar produtos fotográficos",0,7781.66428243,18,1489.68553792,3,1489.68553792,3,19.1435,100,8514727.16938448,0.0175
2016,4,"2016-T4","3315","Avaliadores",0,2856.15421507,10,1464.14031882,6,1464.14031882,6,51.2626,100,8514727.16938448,0.0172
2016,4,"2016-T4","4313","Trabalhadores encarregados de folha de pagamento",0,5808.32000284,15,1400.68751281,5,1400.68751281,5,24.1152,100,8514727.16938448,0.0165
2016,4,"2016-T4","1322","Dirigentes de explorações de mineração",0,3364.96198735,13,1395.08903736,5,1395.08903736,5,41.4593,100,8514727.16938448,0.0164
2016,4,"2016-T4","3421","Atletas e esportistas",0,11991.10541148,27,1384.62405093,2,1384.62405093,2,11.5471,100,8514727.16938448,0.0163
2016,4,"2016-T4","7323","Encadernadores e afins",0,14128.12777077,28,1366.2470719,2,1366.2470719,2,9.6704,100,8514727.16938448,0.016
2016,4,"2016-T4","3333","Agentes de emprego e agenciadores de mão de obra",0,3244.86466537,8,1348.52859131,2,1348.52859131,2,41.5589,100,8514727.16938448,0.0158
2016,4,"2016-T4","1431","Gerentes de centros esportivos,  de diversão e culturais",0,6964.88831464,19,1298.59211366,5,1298.59211366,5,18.6448,100,8514727.16938448,0.0153
2016,4,"2016-T4","9122","Lavadores de veículos",0,244986.65822747,600,1279.64883597,4,1279.64883597,4,0.5223,100,8514727.16938448,0.015
2016,4,"2016-T4","7515","Trabalhadores da degustação e classificação de alimentos e bebidas",0,9255.33485539,22,1242.59564817,2,1242.59564817,2,13.4257,100,8514727.16938448,0.0146
2016,4,"2016-T4","3121","Supervisores da mineração",0,3644.46986018,13,1190.5854376,2,1190.5854376,2,32.6683,100,8514727.16938448,0.014
2016,4,"2016-T4","7523","Operadores de máquinas de lavrar madeira",0,60568.18703606,181,1182.09291282,2,1182.09291282,2,1.9517,100,8514727.16938448,0.0139
2016,4,"2016-T4","5241","Modelos de moda, arte e publicidade",0,6906.50147021,12,1177.90026877,3,1177.90026877,3,17.0549,100,8514727.16938448,0.0138
2016,4,"2016-T4","1343","Dirigentes de serviços de cuidado a pessoas idosas",0,1176.37444688,2,1176.37444688,2,1176.37444688,2,100,100,8514727.16938448,0.0138
2016,4,"2016-T4","5411","Bombeiros",0,22082.63739173,56,1171.44664081,4,1171.44664081,4,5.3048,100,8514727.16938448,0.0138
2016,4,"2016-T4","8189","Operadores de máquinas e de instalações fixas não classificados anteriormente",0,24590.12184174,54,1168.33144344,1,1168.33144344,1,4.7512,100,8514727.16938448,0.0137
2016,4,"2016-T4","9121","Lavadeiros de roupas e passadeiros manuais",0,64712.97396387,195,1154.1955756,3,1154.1955756,3,1.7836,100,8514727.16938448,0.0136
2016,4,"2016-T4","8152","Operadores de teares e outras máquinas de tecelagem",0,49149.38991812,118,1122.62685112,2,1122.62685112,2,2.2841,100,8514727.16938448,0.0132
2016,4,"2016-T4","3413","Auxiliares leigos de religião",0,4757.15779308,18,1077.80429625,5,1077.80429625,5,22.6565,100,8514727.16938448,0.0127
2016,4,"2016-T4","7127","Mecânicos-instaladores de sistemas de refrigeração e climatização",0,44707.34261981,126,1070.36117397,3,1070.36117397,3,2.3942,100,8514727.16938448,0.0126
2016,4,"2016-T4","8350","Marinheiros de coberta e afins",0,34364.83415432,117,1039.03036949,2,1039.03036949,2,3.0235,100,8514727.16938448,0.0122
2016,4,"2016-T4","7123","Gesseiros",0,115317.70270356,254,1024.76477331,4,1024.76477331,4,0.8886,100,8514727.16938448,0.012
2016,4,"2016-T4","6129","Outros criadores e trabalhadores qualificados da pecuária não classificados anteriormente",0,7384.27148556,26,1010.69461415,3,1010.69461415,3,13.6871,100,8514727.16938448,0.0119
2016,4,"2016-T4","8171","Operadores de instalações para a preparação de pasta de papel e papel",0,25338.47164699,54,980.06028676,3,980.06028676,3,3.8679,100,8514727.16938448,0.0115
2016,4,"2016-T4","3214","Técnicos de próteses médicas e dentárias",0,41270.30359055,104,910.71685094,5,910.71685094,5,2.2067,100,8514727.16938448,0.0107
2016,4,"2016-T4","7314","Ceramistas e afins (preparação e fabricação)",0,76342.71351249,200,881.38636164,5,881.38636164,5,1.1545,100,8514727.16938448,0.0104
2016,4,"2016-T4","6221","Trabalhadores da aquicultura",0,13444.07019749,61,872.59155572,4,872.59155572,4,6.4905,100,8514727.16938448,0.0102
2016,4,"2016-T4","3154","Controladores de tráfego aéreo",0,1595.36694376,3,819.60674514,2,819.60674514,2,51.3742,100,8514727.16938448,0.0096
2016,4,"2016-T4","1312","Dirigentes de produção da aquicultura e pesca",0,3836.32858286,8,795.43273818,1,795.43273818,1,20.7342,100,8514727.16938448,0.0093
2016,4,"2016-T4","6210","Trabalhadores florestais qualificados e afins",0,61254.70449186,259,762.92844723,2,762.92844723,2,1.2455,100,8514727.16938448,0.009
2016,4,"2016-T4","7534","Tapeceiros, colchoeiros e afins",0,72310.30804317,182,750.0103056,2,750.0103056,2,1.0372,100,8514727.16938448,0.0088
2016,4,"2016-T4","5169","Trabalhadores de serviços pessoais não classificados anteriormente",0,7565.13747911,21,745.7505953,3,745.7505953,3,9.8577,100,8514727.16938448,0.0088
2016,4,"2016-T4","7541","Trabalhadores subaquáticos",0,955.25719477,3,720.385111,1,720.385111,1,75.4127,100,8514727.16938448,0.0085
2016,4,"2016-T4","3155","Técnicos em segurança aeronáutica",0,4469.41750056,6,703.06300724,2,703.06300724,2,15.7305,100,8514727.16938448,0.0083
2016,4,"2016-T4","3135","Controladores de processos de produção de metais",0,13851.60311338,29,683.98531787,1,683.98531787,1,4.938,100,8514727.16938448,0.008
2016,4,"2016-T4","4131","Operadores de máquinas de processamento de texto e mecanógrafos",0,3174.44475863,10,673.57905916,3,673.57905916,3,21.2188,100,8514727.16938448,0.0079
2016,4,"2016-T4","7513","Trabalhadores da pasteurização do leite e fabricação de laticínios e afins",0,53862.89229803,242,667.23520587,3,667.23520587,3,1.2388,100,8514727.16938448,0.0078
2016,4,"2016-T4","8151","Operadores de máquinas de preparação de fibras, fiação e bobinamento de fios",0,16594.50685967,47,653.15445726,2,653.15445726,2,3.936,100,8514727.16938448,0.0077
2016,4,"2016-T4","5152","Governantas e mordomos domésticos",0,9585.56602563,29,619.27431371,2,619.27431371,2,6.4605,100,8514727.16938448,0.0073
2016,4,"2016-T4","3143","Técnicos florestais",0,2621.77456604,9,611.38714382,3,611.38714382,3,23.3196,100,8514727.16938448,0.0072
2016,4,"2016-T4","9213","Trabalhadores elementares da agropecuária",0,21661.01237972,98,559.97098568,2,559.97098568,2,2.5852,100,8514727.16938448,0.0066
2016,4,"2016-T4","6123","Apicultores, sericicultores e trabalhadores qualificados da apicultura e sericicultura",0,12444.52006096,51,550.11154214,2,550.11154214,2,4.4205,100,8514727.16938448,0.0065
2016,4,"2016-T4","7532","Trabalhadores qualificados da preparação da confecção de roupas",0,41854.64993441,88,547.45568865,2,547.45568865,2,1.308,100,8514727.16938448,0.0064
2016,4,"2016-T4","8172","Operadores de instalações para processamento de madeira",0,95523.64571788,319,482.80020687,2,482.80020687,2,0.5054,100,8514727.16938448,0.0057
2016,4,"2016-T4","8143","Operadores de máquinas para fabricar produtos de papel",0,41142.70706839,98,395.6084278,2,395.6084278,2,0.9616,100,8514727.16938448,0.0046
2016,4,"2016-T4","9510","Trabalhadores ambulantes dos serviços e afins",0,52154.86349973,134,386.45459148,1,386.45459148,1,0.741,100,8514727.16938448,0.0045
2016,4,"2016-T4","7211","Moldadores de metal e macheiros",0,22697.46629469,43,386.35753858,1,386.35753858,1,1.7022,100,8514727.16938448,0.0045
2016,4,"2016-T4","7234","Reparadores de bicicletas e afins",0,52380.75554037,148,370.25988745,1,370.25988745,1,0.7069,100,8514727.16938448,0.0043
2016,4,"2016-T4","3254","Técnicos em optometria e ópticos",0,1858.39048195,7,367.9035506,1,367.9035506,1,19.7969,100,8514727.16938448,0.0043
2016,4,"2016-T4","3258","Ajudantes de ambulâncias",0,15368.8472389,26,248.37512989,1,248.37512989,1,1.6161,100,8514727.16938448,0.0029
2016,4,"2016-T4","4414","Outros escreventes",0,1631.43030758,2,234.74947267,1,234.74947267,1,14.3892,100,8514727.16938448,0.0028
2016,4,"2016-T4","8181","Operadores de instalações de vidraria e cerâmica",0,52906.49944529,123,228.28908328,1,228.28908328,1,0.4315,100,8514727.16938448,0.0027
2016,4,"2016-T4","8342","Operadores de máquinas de movimentação de terras e afins",0,127576.25929787,356,216.22479302,2,216.22479302,2,0.1695,100,8514727.16938448,0.0025
2016,4,"2016-T4","9215","Trabalhadores florestais elementares",0,188507.05260391,1023,214.48919784,1,214.48919784,1,0.1138,100,8514727.16938448,0.0025
2016,4,"2016-T4","7221","Ferreiros e forjadores",0,11464.73254857,36,212.87758871,1,212.87758871,1,1.8568,100,8514727.16938448,0.0025
2016,4,"2016-T4","7114","Trabalhadores em cimento e concreto armado",0,12658.30922496,38,184.45918155,1,184.45918155,1,1.4572,100,8514727.16938448,0.0022
2016,4,"2016-T4","7113","Canteiros, cortadores e gravadores de pedras",0,67541.33759023,208,179.90222238,1,179.90222238,1,0.2664,100,8514727.16938448,0.0021
2016,4,"2016-T4","7312","Confeccionadores e afinadores de instrumentos musicais",0,3373.60952696,11,170.49282029,1,170.49282029,1,5.0537,100,8514727.16938448,0.002
2016,4,"2016-T4","8182","Operadores de máquinas de vapor e caldeiras",0,57257.25858125,133,109.56113494,1,109.56113494,1,0.1913,100,8514727.16938448,0.0013
2016,4,"2016-T4","0110","Oficiais das forças armadas",1,66757.17997325,145,59302.70080277,121,0,0,0,0,8514727.16938448,0
2016,4,"2016-T4","0411","Oficiais de polícia militar",1,32433.00495586,90,20741.91546234,59,0,0,0,0,8514727.16938448,0
2016,4,"2016-T4","0511","Oficiais de bombeiro militar",1,13238.62185285,40,9195.50114777,27,0,0,0,0,8514727.16938448,0
2016,4,"2016-T4","1223","Dirigentes de pesquisa e desenvolvimento",1,33858.20276905,53,29196.61662311,41,0,0,0,0,8514727.16938448,0
2016,4,"2016-T4","1330","Dirigentes de serviços de tecnologia da informação e comunicações",1,55925.06796358,101,41979.76711104,71,0,0,0,0,8514727.16938448,0
2016,4,"2016-T4","1342","Dirigentes de serviços de saúde",1,31102.87593995,53,29252.842791,47,0,0,0,0,8514727.16938448,0
2016,4,"2016-T4","1344","Dirigentes de serviços de bem-estar social",1,466.04203342,2,0,0,0,0,0,NA,8514727.16938448,0
2016,4,"2016-T4","1345","Dirigentes de serviços de educação",1,127381.36732993,320,115236.33684122,286,0,0,0,0,8514727.16938448,0
2016,4,"2016-T4","1349","Dirigentes e gerentes de serviços profissionais não classificados anteriormente",1,24332.96824479,60,9938.59858428,24,0,0,0,0,8514727.16938448,0
2016,4,"2016-T4","2111","Físicos e astrônomos",1,2751.1669198,5,2751.1669198,5,0,0,0,0,8514727.16938448,0
2016,4,"2016-T4","2112","Meteorologistas",1,2205.25185495,3,2205.25185495,3,0,0,0,0,8514727.16938448,0
2016,4,"2016-T4","2113","Químicos",1,22339.95133148,40,22339.95133148,40,0,0,0,0,8514727.16938448,0
2016,4,"2016-T4","2114","Geólogos e geofísicos",1,4277.61802495,11,4277.61802495,11,0,0,0,0,8514727.16938448,0
2016,4,"2016-T4","2120","Matemáticos, atuários e estatísticos",1,4029.55830704,8,4029.55830704,8,0,0,0,0,8514727.16938448,0
2016,4,"2016-T4","2131","Biólogos, botânicos, zoólogos e afins",1,36805.77128239,84,36805.77128239,84,0,0,0,0,8514727.16938448,0
2016,4,"2016-T4","2132","Agrônomos e afins",1,45404.38053815,129,45404.38053815,129,0,0,0,0,8514727.16938448,0
2016,4,"2016-T4","2133","Profissionais da proteção do meio ambiente",1,9715.18967617,27,6385.1227194,16,0,0,0,0,8514727.16938448,0
2016,4,"2016-T4","2141","Engenheiros industriais e de produção",1,30157.79510364,48,30157.79510364,48,0,0,0,0,8514727.16938448,0
2016,4,"2016-T4","2142","Engenheiros civis",1,154768.83669976,322,154768.83669976,322,0,0,0,0,8514727.16938448,0
2016,4,"2016-T4","2143","Engenheiros de meio ambiente",1,32240.6025661,65,32240.6025661,65,0,0,0,0,8514727.16938448,0
2016,4,"2016-T4","2144","Engenheiros mecânicos",1,67658.08105675,114,67658.08105675,114,0,0,0,0,8514727.16938448,0
2016,4,"2016-T4","2145","Engenheiros químicos",1,26795.90135105,38,26795.90135105,38,0,0,0,0,8514727.16938448,0
2016,4,"2016-T4","2146","Engenheiros de minas, metalúrgicos e afins",1,11587.59835729,13,11587.59835729,13,0,0,0,0,8514727.16938448,0
2016,4,"2016-T4","2149","Engenheiros não classificados anteriormente",1,27454.19785078,49,27454.19785078,49,0,0,0,0,8514727.16938448,0
2016,4,"2016-T4","2151","Engenheiros eletricistas",1,53605.79696323,91,53605.79696323,91,0,0,0,0,8514727.16938448,0
2016,4,"2016-T4","2152","Engenheiros eletrônicos",1,11662.80693857,23,11662.80693857,23,0,0,0,0,8514727.16938448,0
2016,4,"2016-T4","2153","Engenheiros em telecomunicações",1,7036.54456669,10,7036.54456669,10,0,0,0,0,8514727.16938448,0
2016,4,"2016-T4","2161","Arquitetos de edificações",1,118141.00689253,216,118141.00689253,216,0,0,0,0,8514727.16938448,0
2016,4,"2016-T4","2162","Arquitetos paisagistas",1,2720.92604739,5,2720.92604739,5,0,0,0,0,8514727.16938448,0
2016,4,"2016-T4","2163","Desenhistas de produtos e  vestuário",1,34937.61761502,64,34937.61761502,64,0,0,0,0,8514727.16938448,0
2016,4,"2016-T4","2164","Urbanistas e engenheiros de trânsito",1,2896.17521916,8,2896.17521916,8,0,0,0,0,8514727.16938448,0
2016,4,"2016-T4","2165","Cartógrafos e agrimensores",1,3048.44493149,9,3048.44493149,9,0,0,0,0,8514727.16938448,0
2016,4,"2016-T4","2211","Médicos gerais",1,151021.76696816,309,151021.76696816,309,0,0,0,0,8514727.16938448,0
2016,4,"2016-T4","2212","Médicos especialistas",1,228672.63289113,409,228672.63289113,409,0,0,0,0,8514727.16938448,0
2016,4,"2016-T4","2221","Profissionais de enfermagem",1,328956.58838973,777,328956.58838973,777,0,0,0,0,8514727.16938448,0
2016,4,"2016-T4","2230","Profissionais da medicina tradicional e alternativa",1,4215.17014468,8,4215.17014468,8,0,0,0,0,8514727.16938448,0
2016,4,"2016-T4","2240","Paramédicos",1,787.67197722,2,787.67197722,2,0,0,0,0,8514727.16938448,0
2016,4,"2016-T4","2250","Veterinários",1,65300.38543033,142,65300.38543033,142,0,0,0,0,8514727.16938448,0
2016,4,"2016-T4","2261","Dentistas",1,244649.34761889,535,244649.34761889,535,0,0,0,0,8514727.16938448,0
2016,4,"2016-T4","2262","Farmacêuticos",1,137629.40201068,279,137629.40201068,279,0,0,0,0,8514727.16938448,0
2016,4,"2016-T4","2263","Profissionais da saúde e da higiene laboral e ambiental",1,5104.2921207,8,5104.2921207,8,0,0,0,0,8514727.16938448,0
2016,4,"2016-T4","2264","Fisioterapeutas",1,146766.59540672,335,146766.59540672,335,0,0,0,0,8514727.16938448,0
2016,4,"2016-T4","2265","Dietistas e nutricionistas",1,89536.47370555,183,89536.47370555,183,0,0,0,0,8514727.16938448,0
2016,4,"2016-T4","2266","Fonoaudiólogos e logopedistas",1,29378.86636117,52,29378.86636117,52,0,0,0,0,8514727.16938448,0
2016,4,"2016-T4","2267","Optometristas",1,1687.1923676,3,1687.1923676,3,0,0,0,0,8514727.16938448,0
2016,4,"2016-T4","2269","Profissionais da saúde não classificados anteriormente",1,28108.63068329,55,15228.55076554,27,0,0,0,0,8514727.16938448,0
2016,4,"2016-T4","2310","Professores de universidades e do ensino superior",1,276248.26788728,693,276248.26788728,693,0,0,0,0,8514727.16938448,0
2016,4,"2016-T4","2320","Professores de formação profissional",1,40134.68120481,99,17066.99905294,41,0,0,0,0,8514727.16938448,0
2016,4,"2016-T4","2330","Professores do ensino médio",1,690536.89840597,1785,648499.88380442,1680,0,0,0,0,8514727.16938448,0
2016,4,"2016-T4","2341","Professores do ensino fundamental",1,1308401.34324545,3881,1140971.18304722,3294,0,0,0,0,8514727.16938448,0
2016,4,"2016-T4","2342","Professores do ensino pré-escolar",1,686939.34485582,1832,466172.01952342,1215,0,0,0,0,8514727.16938448,0
2016,4,"2016-T4","2351","Especialistas em métodos pedagógicos",1,222844.26407414,615,193270.30409864,540,0,0,0,0,8514727.16938448,0
2016,4,"2016-T4","2352","Educadores para necessidades especiais",1,24057.08980829,67,18064.38878161,48,0,0,0,0,8514727.16938448,0
2016,4,"2016-T4","2359","Profissionais de ensino não classificados anteriormente",1,166318.41025975,381,56535.78635849,117,0,0,0,0,8514727.16938448,0
2016,4,"2016-T4","2411","Contadores",1,383498.09611698,857,383498.09611698,857,0,0,0,0,8514727.16938448,0
2016,4,"2016-T4","2412","Assessores financeiros e em investimentos",1,4391.98723858,7,4391.98723858,7,0,0,0,0,8514727.16938448,0
2016,4,"2016-T4","2413","Analistas financeiros",1,94410.18891557,153,94410.18891557,153,0,0,0,0,8514727.16938448,0
2016,4,"2016-T4","2421","Analistas de gestão e administração",1,303270.7830867,520,303270.7830867,520,0,0,0,0,8514727.16938448,0
2016,4,"2016-T4","2422","Especialistas em políticas de administração",1,6447.5789275,12,6447.5789275,12,0,0,0,0,8514727.16938448,0
2016,4,"2016-T4","2423","Especialistas em políticas e serviços de pessoal e afins",1,153671.00876809,295,120050.77678787,212,0,0,0,0,8514727.16938448,0
2016,4,"2016-T4","2424","Especialistas em formação de pessoal",1,3088.81849139,4,1625.9954112,2,0,0,0,0,8514727.16938448,0
2016,4,"2016-T4","2432","Profissionais de relações públicas",1,22115.21175064,50,12631.7680228,28,0,0,0,0,8514727.16938448,0
2016,4,"2016-T4","2511","Analistas de sistemas",1,274299.82120687,448,273491.67364285,446,0,0,0,0,8514727.16938448,0
2016,4,"2016-T4","2512","Desenvolvedores de programas e aplicativos (software)",1,41516.51042101,68,41516.51042101,68,0,0,0,0,8514727.16938448,0
2016,4,"2016-T4","2513","Desenvolvedores de páginas de internet (web) e multimídia",1,4068.68473738,10,4068.68473738,10,0,0,0,0,8514727.16938448,0
2016,4,"2016-T4","2514","Programadores de aplicações",1,30049.6421939,50,30049.6421939,50,0,0,0,0,8514727.16938448,0
2016,4,"2016-T4","2519","Desenvolvedores e analistas de programas e aplicativos (software) e multimídia não classificados anteriormente",1,1530.84280978,5,1530.84280978,5,0,0,0,0,8514727.16938448,0
2016,4,"2016-T4","2521","Desenhistas e administradores de bases de dados",1,3633.72730327,6,3633.72730327,6,0,0,0,0,8514727.16938448,0
2016,4,"2016-T4","2522","Administradores de sistemas",1,15374.08506844,22,15374.08506844,22,0,0,0,0,8514727.16938448,0
2016,4,"2016-T4","2523","Profissionais em rede de computadores",1,3917.20571567,10,3917.20571567,10,0,0,0,0,8514727.16938448,0
2016,4,"2016-T4","2529","Especialistas em base de dados e em redes de computadores não classificados anteriormente",1,1175.31909356,2,1175.31909356,2,0,0,0,0,8514727.16938448,0
2016,4,"2016-T4","2611","Advogados e juristas",1,710246.59319609,1473,708171.92366293,1468,0,0,0,0,8514727.16938448,0
2016,4,"2016-T4","2612","Juízes",1,134.97340387,1,134.97340387,1,0,0,0,0,8514727.16938448,0
2016,4,"2016-T4","2619","Profissionais em direito não classificados anteriormente",1,94070.27992727,276,85587.24113831,244,0,0,0,0,8514727.16938448,0
2016,4,"2016-T4","2621","Arquivologistas e curadores de museus",1,2441.41748984,5,2206.90394442,4,0,0,0,0,8514727.16938448,0
2016,4,"2016-T4","2622","Bibliotecários, documentaristas e afins",1,36848.35085604,105,27747.35725649,70,0,0,0,0,8514727.16938448,0
2016,4,"2016-T4","2631","Economistas",1,25962.61688821,54,25962.61688821,54,0,0,0,0,8514727.16938448,0
2016,4,"2016-T4","2632","Sociólogos, antropólogos e afins",1,2994.55217849,8,2994.55217849,8,0,0,0,0,8514727.16938448,0
2016,4,"2016-T4","2633","Filósofos, historiadores e especialistas em ciência política",1,2364.4930612,5,2364.4930612,5,0,0,0,0,8514727.16938448,0
2016,4,"2016-T4","2634","Psicólogos",1,140091.62532005,331,139972.93495037,330,0,0,0,0,8514727.16938448,0
2016,4,"2016-T4","2635","Assistentes sociais",1,89335.89045307,274,89220.29565209,273,0,0,0,0,8514727.16938448,0
2016,4,"2016-T4","2642","Jornalistas",1,114726.64982675,236,86337.90898239,165,0,0,0,0,8514727.16938448,0
2016,4,"2016-T4","2653","Bailarinos e coreógrafos",0,837.54610563,3,0,0,0,0,0,NA,8514727.16938448,0
2016,4,"2016-T4","2659","Artistas criativos e interpretativos não classificados anteriormente",0,1496.98892108,8,0,0,0,0,0,NA,8514727.16938448,0
2016,4,"2016-T4","3133","Controladores de instalações de processamento de produtos químicos",0,4209.89968707,6,0,0,0,0,0,NA,8514727.16938448,0
2016,4,"2016-T4","3151","Oficiais maquinistas em navegação",0,546.83747527,1,0,0,0,0,0,NA,8514727.16938448,0
2016,4,"2016-T4","3252","Técnicos em documentação sanitária",0,1067.81346081,3,0,0,0,0,0,NA,8514727.16938448,0
2016,4,"2016-T4","3351","Agentes aduaneiros e inspetores de fronteiras",0,280.68831505,1,0,0,0,0,0,NA,8514727.16938448,0
2016,4,"2016-T4","4413","Codificadores de dados, revisores de provas de impressão e afins",0,1755.1175152,3,0,0,0,0,0,NA,8514727.16938448,0
2016,4,"2016-T4","5151","Supervisores de manutenção e limpeza de edifícios em escritórios, hotéis e estabelecimentos",0,1774.61442733,4,0,0,0,0,0,NA,8514727.16938448,0
2016,4,"2016-T4","5162","Acompanhantes e criados particulares",0,1573.3162451,4,0,0,0,0,0,NA,8514727.16938448,0
2016,4,"2016-T4","5168","Trabalhadores do sexo",0,4430.53391447,14,0,0,0,0,0,NA,8514727.16938448,0
2016,4,"2016-T4","6114","Agricultores e trabalhadores qualificados de cultivos mistos",0,1146.06320416,5,0,0,0,0,0,NA,8514727.16938448,0
2016,4,"2016-T4","6224","Caçadores",0,53.96861613,1,0,0,0,0,0,NA,8514727.16938448,0
2016,4,"2016-T4","7119","Outros trabalhadores qualificados e operários da construção não classificados anteriormente",0,21474.69483421,74,0,0,0,0,0,NA,8514727.16938448,0
2016,4,"2016-T4","7121","Telhadores",0,18551.65380317,39,0,0,0,0,0,NA,8514727.16938448,0
2016,4,"2016-T4","7124","Instaladores de material isolante térmico e acústico",0,14066.8857339,40,0,0,0,0,0,NA,8514727.16938448,0
2016,4,"2016-T4","7133","Limpadores de fachadas",0,467.07133865,2,0,0,0,0,0,NA,8514727.16938448,0
2016,4,"2016-T4","7214","Montadores de estruturas metálicas",0,105130.05641986,268,0,0,0,0,0,NA,8514727.16938448,0
2016,4,"2016-T4","7215","Aparelhadores e emendadores de cabos",0,4384.68775641,10,0,0,0,0,0,NA,8514727.16938448,0
2016,4,"2016-T4","7224","Polidores de metais e afiadores de ferramentas",0,15389.40073745,37,0,0,0,0,0,NA,8514727.16938448,0
2016,4,"2016-T4","7315","Cortadores, polidores, jateadores e gravadores de vidros e afins",0,5922.48587353,15,0,0,0,0,0,NA,8514727.16938448,0
2016,4,"2016-T4","7316","Redatores de cartazes, pintores decorativos e gravadores",0,16203.65174704,34,0,0,0,0,0,NA,8514727.16938448,0
2016,4,"2016-T4","7516","Trabalhadores qualificados da preparação do fumo e seus produtos",0,1578.06361173,9,0,0,0,0,0,NA,8514727.16938448,0
2016,4,"2016-T4","7521","Trabalhadores de tratamento e preparação da madeira",0,2908.96339293,10,0,0,0,0,0,NA,8514727.16938448,0
2016,4,"2016-T4","7535","Trabalhadores qualificados do tratamento de couros e peles",0,18544.13739489,40,0,0,0,0,0,NA,8514727.16938448,0
2016,4,"2016-T4","7542","Dinamitadores e detonadores",0,2167.03600286,9,0,0,0,0,0,NA,8514727.16938448,0
2016,4,"2016-T4","7549","Outros trabalhadores qualificados e operários da indústria e do artesanato não classificados anteriormente",0,4613.84122227,9,0,0,0,0,0,NA,8514727.16938448,0
2016,4,"2016-T4","8111","Mineiros e operadores de máquinas e de instalações em minas e pedreiras",0,7198.21514073,16,0,0,0,0,0,NA,8514727.16938448,0
2016,4,"2016-T4","8112","Operadores de instalações de processamento de minerais e rochas",0,13075.84409668,34,0,0,0,0,0,NA,8514727.16938448,0
2016,4,"2016-T4","8114","Operadores de máquinas para fabricar cimento, pedras e outros produtos minerais",0,20619.15715852,46,0,0,0,0,0,NA,8514727.16938448,0
2016,4,"2016-T4","8122","Operadores de máquinas polidoras, galvanizadoras e recobridoras de metais",0,45975.62685613,90,0,0,0,0,0,NA,8514727.16938448,0
2016,4,"2016-T4","8155","Operadores de máquinas de processamento de couros e peles",0,1551.17202571,4,0,0,0,0,0,NA,8514727.16938448,0
2016,4,"2016-T4","8157","Operadores de máquinas de lavar, tingir e passar roupas",0,16848.61572787,43,0,0,0,0,0,NA,8514727.16938448,0
2016,4,"2016-T4","8159","Operadores de máquinas para fabricar produtos têxteis e artigos de couro e pele não classificados anteriormente",0,5182.89130643,12,0,0,0,0,0,NA,8514727.16938448,0
2016,4,"2016-T4","8312","Guarda-freios e agentes de manobras",0,3004.7914645,4,0,0,0,0,0,NA,8514727.16938448,0
2016,4,"2016-T4","9123","Limpadores de janelas",0,1323.78661555,5,0,0,0,0,0,NA,8514727.16938448,0
2016,4,"2016-T4","9129","Outros trabalhadores de limpeza",0,17977.00109375,38,0,0,0,0,0,NA,8514727.16938448,0
2016,4,"2016-T4","9214","Trabalhadores elementares da jardinagem e horticultura",0,47005.83521577,126,0,0,0,0,0,NA,8514727.16938448,0
2016,4,"2016-T4","9216","Trabalhadores elementares da pesca e aquicultura",0,21875.41395571,92,0,0,0,0,0,NA,8514727.16938448,0
2016,4,"2016-T4","9312","Trabalhadores elementares de obras públicas e da manutenção de estradas, represas e similares",0,35122.84243362,100,0,0,0,0,0,NA,8514727.16938448,0
2016,4,"2016-T4","9331","Condutores de veículos acionados a pedal ou a braços",0,3215.43393757,13,0,0,0,0,0,NA,8514727.16938448,0
2016,4,"2016-T4","9332","Condutores de veículos e máquinas de tração animal",0,28396.88185193,87,0,0,0,0,0,NA,8514727.16938448,0
2016,4,"2016-T4","9613","Varredores e afins",0,6885.5396854,13,0,0,0,0,0,NA,8514727.16938448,0
2016,4,"2016-T4","9622","Pessoas que realizam várias tarefas",0,17576.74289488,39,0,0,0,0,0,NA,8514727.16938448,0
2016,4,"2016-T4","9624","Carregadores de água e coletores de lenha",0,3640.11260747,10,0,0,0,0,0,NA,8514727.16938448,0
2017,4,"2017-T4","4110","Escriturários gerais",0,3523718.61250685,8456,1073314.49720962,2711,1073314.49720962,2711,30.4597,100,8885601.06139261,12.0793
2017,4,"2017-T4","5221","Comerciantes de lojas",0,2991374.50956077,8137,389578.62660828,894,389578.62660828,894,13.0234,100,8885601.06139261,4.3844
2017,4,"2017-T4","1219","Dirigentes de administração e de serviços não classificados anteriormente",0,681054.47408837,1394,352086.14340102,677,352086.14340102,677,51.6972,100,8885601.06139261,3.9624
2017,4,"2017-T4","5223","Balconistas e vendedores de lojas",0,3833924.68530411,8902,313134.02584305,679,313134.02584305,679,8.1675,100,8885601.06139261,3.5241
2017,4,"2017-T4","1221","Dirigentes de vendas e  comercialização",0,532909.98075957,967,296789.65650213,479,296789.65650213,479,55.6923,100,8885601.06139261,3.3401
2017,4,"2017-T4","1211","Dirigentes financeiros",0,513708.00868816,1081,273229.28572143,531,273229.28572143,531,53.1877,100,8885601.06139261,3.075
2017,4,"2017-T4","1420","Gerentes de comércios atacadistas e varejistas",0,664589.80212957,1612,199307.41515724,470,199307.41515724,470,29.9895,100,8885601.06139261,2.243
2017,4,"2017-T4","3411","Profissionais de nível médio do direito e serviços legais e afins",0,400817.1868614,899,198415.73153382,443,198415.73153382,443,49.5028,100,8885601.06139261,2.233
2017,4,"2017-T4","4120","Secretários (geral)",0,591889.09202876,1486,177558.37972798,460,177558.37972798,460,29.9986,100,8885601.06139261,1.9983
2017,4,"2017-T4","1346","Gerentes de sucursais de bancos, de serviços financeiros e de seguros",0,202391.61669614,383,176613.95616909,333,176613.95616909,333,87.2635,100,8885601.06139261,1.9876
2017,4,"2017-T4","5243","Vendedores a domicilio",0,1617198.42072221,4267,159652.27084663,389,159652.27084663,389,9.8722,100,8885601.06139261,1.7968
2017,4,"2017-T4","3423","Instrutores de educação física e atividades recreativas",0,193858.35226296,451,133891.08465664,293,133891.08465664,293,69.0665,100,8885601.06139261,1.5068
2017,4,"2017-T4","2431","Profissionais da publicidade e da comercialização",0,185411.21176535,334,132723.95543747,219,132723.95543747,219,71.5836,100,8885601.06139261,1.4937
2017,4,"2017-T4","0412","Graduados e praças da polícia militar",0,365676.25912905,929,128142.06267188,349,128142.06267188,349,35.0425,100,8885601.06139261,1.4421
2017,4,"2017-T4","3221","Profissionais de nível médio de enfermagem",0,939934.47193775,2247,110604.70702318,323,110604.70702318,323,11.7673,100,8885601.06139261,1.2448
2017,4,"2017-T4","4226","Recepcionistas em geral",0,914841.35324651,2074,109046.19266736,282,109046.19266736,282,11.9197,100,8885601.06139261,1.2272
2017,4,"2017-T4","8322","Condutores de automóveis, taxis e caminhonetes",0,1618614.59150044,3839,108995.88900714,234,108995.88900714,234,6.7339,100,8885601.06139261,1.2267
2017,4,"2017-T4","3341","Supervisores de secretaria",0,289098.581862,647,98367.34885573,236,98367.34885573,236,34.0255,100,8885601.06139261,1.107
2017,4,"2017-T4","3343","Secretários executivos e administrativos",0,176331.82212727,428,96320.69426013,233,96320.69426013,233,54.6247,100,8885601.06139261,1.084
2017,4,"2017-T4","1120","Diretores gerais e gerentes gerais",0,129456.23731485,250,90277.13204088,156,90277.13204088,156,69.7356,100,8885601.06139261,1.016
2017,4,"2017-T4","3334","Agentes imobiliários",0,222718.12337016,526,86981.66632466,198,86981.66632466,198,39.0546,100,8885601.06139261,0.9789
2017,4,"2017-T4","1321","Dirigentes de indústria de transformação",0,255217.28738624,521,83203.83362336,140,83203.83362336,140,32.6012,100,8885601.06139261,0.9364
2017,4,"2017-T4","5414","Guardas de segurança",0,1384022.03949703,3518,81967.99632209,187,81967.99632209,187,5.9224,100,8885601.06139261,0.9225
2017,4,"2017-T4","5142","Especialistas em tratamento de beleza e afins",0,973850.91629887,2136,79347.41849088,176,79347.41849088,176,8.1478,100,8885601.06139261,0.893
2017,4,"2017-T4","5120","Cozinheiros",0,1467328.53055844,3913,77342.97874887,183,77342.97874887,183,5.271,100,8885601.06139261,0.8704
2017,4,"2017-T4","3253","Trabalhadores comunitários da saúde",0,420576.72242379,1402,70346.87433751,229,70346.87433751,229,16.7263,100,8885601.06139261,0.7917
2017,4,"2017-T4","5311","Cuidadores de crianças",0,933467.12902104,2158,69850.14127368,142,69850.14127368,142,7.4829,100,8885601.06139261,0.7861
2017,4,"2017-T4","1412","Gerentes de restaurantes",0,280961.68711944,675,69493.29704547,148,69493.29704547,148,24.7341,100,8885601.06139261,0.7821
2017,4,"2017-T4","9112","Trabalhadores de limpeza de interior de edifícios, escritórios, hotéis e outros estabelecimentos",0,2458356.57469025,6190,67103.468722,163,67103.468722,163,2.7296,100,8885601.06139261,0.7552
2017,4,"2017-T4","4222","Trabalhadores de centrais de atendimento",0,510152.57226379,959,65706.65546723,115,65706.65546723,115,12.8798,100,8885601.06139261,0.7395
2017,4,"2017-T4","3313","Contabilistas e guarda livros",0,200559.18000608,448,63923.96496554,142,63923.96496554,142,31.8729,100,8885601.06139261,0.7194
2017,4,"2017-T4","4311","Trabalhadores de contabilidade e cálculo de custos",0,239837.16388675,496,63023.39327255,140,63023.39327255,140,26.2776,100,8885601.06139261,0.7093
2017,4,"2017-T4","2636","Ministros de cultos religiosos, missionários e afins",0,139687.82380269,356,61873.15409044,135,61873.15409044,135,44.2939,100,8885601.06139261,0.6963
2017,4,"2017-T4","3513","Técnicos de redes e sistemas de computadores",0,214296.48404465,427,61308.34851731,126,61308.34851731,126,28.6091,100,8885601.06139261,0.69
2017,4,"2017-T4","3332","Organizadores de conferências e eventos",0,216996.59202421,477,61269.54659895,127,61269.54659895,127,28.2353,100,8885601.06139261,0.6895
2017,4,"2017-T4","5230","Caixas e expedidores de bilhetes",0,1024419.9753354,2284,59432.96332688,143,59432.96332688,143,5.8016,100,8885601.06139261,0.6689
2017,4,"2017-T4","1112","Dirigentes superiores da administração pública",0,108384.05813852,325,56844.01126468,181,56844.01126468,181,52.4468,100,8885601.06139261,0.6397
2017,4,"2017-T4","4211","Caixas de banco e afins",0,97667.32973606,205,56360.11265957,128,56360.11265957,128,57.7062,100,8885601.06139261,0.6343
2017,4,"2017-T4","4321","Trabalhadores de controle de abastecimento e estoques",0,749077.40999685,1601,55752.10882805,116,55752.10882805,116,7.4428,100,8885601.06139261,0.6274
2017,4,"2017-T4","5412","Policiais",0,137014.28221976,326,55448.01344912,164,55448.01344912,164,40.4688,100,8885601.06139261,0.624
2017,4,"2017-T4","3322","Representantes comerciais",0,251018.57899438,548,54899.31779439,102,54899.31779439,102,21.8706,100,8885601.06139261,0.6178
2017,4,"2017-T4","1212","Dirigentes de recursos humanos",0,91910.26023845,193,54368.69186677,99,54368.69186677,99,59.1541,100,8885601.06139261,0.6119
2017,4,"2017-T4","2433","Profissionais de vendas técnicas e médicas (exclusive tic)",0,130838.08667333,273,53915.55328667,97,53915.55328667,97,41.2078,100,8885601.06139261,0.6068
2017,4,"2017-T4","2353","Outros professores de idiomas",0,89072.94131861,147,51126.811902,91,51126.811902,91,57.3988,100,8885601.06139261,0.5754
2017,4,"2017-T4","3321","Agentes de seguros",0,134893.16637067,247,50858.7411969,97,50858.7411969,97,37.703,100,8885601.06139261,0.5724
2017,4,"2017-T4","5141","Cabeleireiros",0,1143152.98269187,2663,49807.81895972,128,49807.81895972,128,4.3571,100,8885601.06139261,0.5605
2017,4,"2017-T4","3323","Agentes de compras",0,96767.91087115,166,48579.12015519,82,48579.12015519,82,50.2017,100,8885601.06139261,0.5467
2017,4,"2017-T4","5312","Ajudantes de professores",0,250145.809233,624,47047.4103143,127,47047.4103143,127,18.808,100,8885601.06139261,0.5295
2017,4,"2017-T4","3257","Inspetores de saúde laboral, ambiental e afins",0,153504.86005641,341,45848.46901928,105,45848.46901928,105,29.8678,100,8885601.06139261,0.516
2017,4,"2017-T4","6111","Agricultores e trabalhadores qualificados em atividades da agricultura (exclusive hortas, viveiros e jardins)",0,2772715.98837457,13047,43581.83331543,162,43581.83331543,162,1.5718,100,8885601.06139261,0.4905
2017,4,"2017-T4","3311","Agentes e corretores de bolsa, câmbio e outros serviços financeiros",0,62889.1485464,143,42651.63875058,95,42651.63875058,95,67.8203,100,8885601.06139261,0.48
2017,4,"2017-T4","5222","Supervisores de lojas",0,179443.57881032,389,42333.94091697,85,42333.94091697,85,23.5918,100,8885601.06139261,0.4764
2017,4,"2017-T4","6121","Criadores de gado e trabalhadores qualificados da criação de gado",0,1515167.57511317,8448,40773.73080611,154,40773.73080611,154,2.691,100,8885601.06139261,0.4589
2017,4,"2017-T4","3355","Inspetores de polícia e detetives",0,50931.45775818,129,39731.06442239,97,39731.06442239,97,78.0089,100,8885601.06139261,0.4471
2017,4,"2017-T4","2166","Desenhistas gráficos e de multimídia",0,85042.75556518,184,39336.39124564,73,39336.39124564,73,46.2548,100,8885601.06139261,0.4427
2017,4,"2017-T4","5413","Guardiões de presídios",0,93014.69412415,233,38114.84539835,107,38114.84539835,107,40.9772,100,8885601.06139261,0.429
2017,4,"2017-T4","2354","Outros professores de música",0,70434.26030575,134,35516.72808646,59,35516.72808646,59,50.4254,100,8885601.06139261,0.3997
2017,4,"2017-T4","7512","Padeiros, confeiteiros e afins",0,777983.39935691,1803,34516.72351922,84,34516.72351922,84,4.4367,100,8885601.06139261,0.3885
2017,4,"2017-T4","4312","Trabalhadores de serviços estatísticos, financeiros e de seguros",0,62092.99466459,108,34193.08224265,59,34193.08224265,59,55.0675,100,8885601.06139261,0.3848
2017,4,"2017-T4","7233","Mecânicos e reparadores de máquinas agrícolas e industriais",0,452332.60666215,1033,34165.59941622,72,34165.59941622,72,7.5532,100,8885601.06139261,0.3845
2017,4,"2017-T4","0210","Graduados e praças das forças armadas",0,264767.43291431,685,34155.09069453,83,34155.09069453,83,12.9,100,8885601.06139261,0.3844
2017,4,"2017-T4","7231","Mecânicos e reparadores de veículos a motor",0,1149011.99556417,2872,33568.67368548,73,33568.67368548,73,2.9215,100,8885601.06139261,0.3778
2017,4,"2017-T4","5249","Vendedores não classificados anteriormente",0,199165.47511679,522,31082.18089959,80,31082.18089959,80,15.6062,100,8885601.06139261,0.3498
2017,4,"2017-T4","3122","Supervisores de indústrias de transformação",0,159239.50929235,340,30585.77754385,57,30585.77754385,57,19.2074,100,8885601.06139261,0.3442
2017,4,"2017-T4","7543","Classificadores e provadores de produtos (exceto de bebidas e alimentos)",0,176993.93831143,307,29413.86305719,46,29413.86305719,46,16.6186,100,8885601.06139261,0.331
2017,4,"2017-T4","3112","Técnicos em engenharia civil",0,131207.9336454,305,29316.66622166,64,29316.66622166,64,22.3437,100,8885601.06139261,0.3299
2017,4,"2017-T4","7112","Pedreiros",0,3078211.79965774,7602,29170.99469941,72,29170.99469941,72,0.9477,100,8885601.06139261,0.3283
2017,4,"2017-T4","0512","Graduados e praças do corpo de bombeiros",0,65839.10437625,175,28916.43823785,84,28916.43823785,84,43.9199,100,8885601.06139261,0.3254
2017,4,"2017-T4","1213","Dirigentes de políticas e planejamento",0,39662.63472445,71,28777.8941896,44,28777.8941896,44,72.5567,100,8885601.06139261,0.3239
2017,4,"2017-T4","1324","Dirigentes de empresas de abastecimento, distribuição e afins",0,73152.1099305,150,28751.7722799,56,28751.7722799,56,39.3041,100,8885601.06139261,0.3236
2017,4,"2017-T4","5244","Vendedores por telefone",0,98261.74241693,179,28624.50835364,45,28624.50835364,45,29.1309,100,8885601.06139261,0.3221
2017,4,"2017-T4","8332","Condutores de caminhões pesados",0,1651718.36557718,3901,28275.89758334,71,28275.89758334,71,1.7119,100,8885601.06139261,0.3182
2017,4,"2017-T4","7531","Alfaiates, modistas, chapeleiros e peleteiros",0,594804.57223341,1615,28189.39018608,65,28189.39018608,65,4.7393,100,8885601.06139261,0.3172
2017,4,"2017-T4","3512","Técnicos em assistência ao usuário de tecnologia da informação e das comunicações",0,113399.59822697,234,27973.78038575,52,27973.78038575,52,24.6683,100,8885601.06139261,0.3148
2017,4,"2017-T4","3431","Fotógrafos",0,105421.41283461,255,27947.89578164,60,27947.89578164,60,26.5106,100,8885601.06139261,0.3145
2017,4,"2017-T4","3119","Técnicos em ciências físicas e da engenharia não classificados anteriormente",0,115006.16189235,217,26997.86960206,51,26997.86960206,51,23.4752,100,8885601.06139261,0.3038
2017,4,"2017-T4","5153","Porteiros e zeladores",0,884981.07115601,2029,26975.56849792,73,26975.56849792,73,3.0482,100,8885601.06139261,0.3036
2017,4,"2017-T4","3114","Técnicos em eletrônica",0,150142.89532844,300,26799.34975408,51,26799.34975408,51,17.8492,100,8885601.06139261,0.3016
2017,4,"2017-T4","4221","Trabalhadores de agências de viagem",0,50164.16866042,113,26099.47718126,55,26099.47718126,55,52.0281,100,8885601.06139261,0.2937
2017,4,"2017-T4","2652","Músicos, cantores e compositores",0,127549.66536637,307,25696.05658475,46,25696.05658475,46,20.1459,100,8885601.06139261,0.2892
2017,4,"2017-T4","3511","Técnicos em operações de tecnologia da informação e das comunicações",0,126956.1689153,282,25079.09967763,66,25079.09967763,66,19.7541,100,8885601.06139261,0.2822
2017,4,"2017-T4","3352","Agentes da administração tributária",0,39968.80662793,96,23588.15125262,59,23588.15125262,59,59.0164,100,8885601.06139261,0.2655
2017,4,"2017-T4","3339","Agentes de serviços comerciais não classificados anteriormente",0,93088.34414447,210,23579.49459343,50,23579.49459343,50,25.3302,100,8885601.06139261,0.2654
2017,4,"2017-T4","3312","Agentes de empréstimos e financiamento",0,46964.53385598,95,23099.01542748,41,23099.01542748,41,49.184,100,8885601.06139261,0.26
2017,4,"2017-T4","3113","Eletrotécnicos",0,171915.26343756,382,23014.60187073,56,23014.60187073,56,13.3872,100,8885601.06139261,0.259
2017,4,"2017-T4","9111","Trabalhadores dos serviços domésticos em geral",0,4719354.07681838,12623,22367.48043525,65,22367.48043525,65,0.474,100,8885601.06139261,0.2517
2017,4,"2017-T4","5322","Trabalhadores de cuidados pessoais a domicílios",0,613758.30163311,1397,22073.95028675,43,22073.95028675,43,3.5965,100,8885601.06139261,0.2484
2017,4,"2017-T4","7422","Instaladores e reparadores em tecnologias da informação e comunicações",0,173606.75335121,379,21735.31838208,50,21735.31838208,50,12.5199,100,8885601.06139261,0.2446
2017,4,"2017-T4","1323","Dirigentes de empresas de construção",0,50341.79483465,114,21188.74272534,47,21188.74272534,47,42.0898,100,8885601.06139261,0.2385
2017,4,"2017-T4","7318","Artesãos de tecidos, couros e materiais semelhantes",0,266881.78814702,708,21040.86444723,39,21040.86444723,39,7.884,100,8885601.06139261,0.2368
2017,4,"2017-T4","2643","Tradutores, intérpretes e linguistas",0,28380.24263813,45,20819.99250003,31,20819.99250003,31,73.3609,100,8885601.06139261,0.2343
2017,4,"2017-T4","3412","Trabalhadores e assistentes sociais de nível médio",0,84890.43624817,248,20675.11584084,65,20675.11584084,65,24.3551,100,8885601.06139261,0.2327
2017,4,"2017-T4","8331","Condutores de ônibus e bondes",0,532522.61125152,1223,19380.98133942,34,19380.98133942,34,3.6395,100,8885601.06139261,0.2181
2017,4,"2017-T4","7223","Reguladores e operadores de máquinas-ferramentas",0,347005.15310841,575,19320.02814281,28,19320.02814281,28,5.5676,100,8885601.06139261,0.2174
2017,4,"2017-T4","1222","Dirigentes de publicidade e relações públicas",0,32552.07722214,66,18777.87503543,37,18777.87503543,37,57.6856,100,8885601.06139261,0.2113
2017,4,"2017-T4","3342","Secretários jurídicos",0,31612.35664894,58,18491.83274701,31,18491.83274701,31,58.4956,100,8885601.06139261,0.2081
2017,4,"2017-T4","3521","Técnicos de radiodifusão e gravação audiovisual",0,89973.04751153,186,18417.92114716,33,18417.92114716,33,20.4705,100,8885601.06139261,0.2073
2017,4,"2017-T4","7412","Mecânicos e ajustadores eletricistas",0,356256.16063252,808,18417.12449632,41,18417.12449632,41,5.1696,100,8885601.06139261,0.2073
2017,4,"2017-T4","3211","Técnicos em aparelhos de diagnóstico e tratamento médico",0,58241.23604015,134,18398.32806888,39,18398.32806888,39,31.5899,100,8885601.06139261,0.2071
2017,4,"2017-T4","1311","Dirigentes de produção agropecuária e silvicultura",0,74313.96306563,310,17878.74719485,60,17878.74719485,60,24.0584,100,8885601.06139261,0.2012
2017,4,"2017-T4","2355","Outros professores de artes",0,52469.51766068,123,17585.72186857,39,17585.72186857,39,33.5161,100,8885601.06139261,0.1979
2017,4,"2017-T4","1439","Gerentes de serviços não classificados anteriormente",0,47102.36557543,110,17533.00649411,40,17533.00649411,40,37.2232,100,8885601.06139261,0.1973
2017,4,"2017-T4","9334","Repositores de prateleiras",0,548881.10911954,1272,17219.59041323,32,17219.59041323,32,3.1372,100,8885601.06139261,0.1938
2017,4,"2017-T4","3432","Desenhistas e decoradores de interiores",0,35737.15773788,80,17067.93886381,37,17067.93886381,37,47.7596,100,8885601.06139261,0.1921
2017,4,"2017-T4","3115","Técnicos em engenharia mecânica",0,137845.36854621,327,16497.19716233,42,16497.19716233,42,11.9679,100,8885601.06139261,0.1857
2017,4,"2017-T4","6112","Agricultores e trabalhadores qualificados no cultivo de hortas, viveiros e jardins",0,674120.09118966,2393,16244.05675556,38,16244.05675556,38,2.4097,100,8885601.06139261,0.1828
2017,4,"2017-T4","2641","Escritores",0,22035.09237463,54,16135.96701566,35,16135.96701566,35,73.2285,100,8885601.06139261,0.1816
2017,4,"2017-T4","7411","Eletricistas de obras e afins",0,444694.07535796,996,15806.28876955,30,15806.28876955,30,3.5544,100,8885601.06139261,0.1779
2017,4,"2017-T4","9412","Ajudantes de cozinha",0,577008.23063515,1407,15595.53532772,40,15595.53532772,40,2.7028,100,8885601.06139261,0.1755
2017,4,"2017-T4","5419","Trabalhadores dos serviços de proteção e segurança não classificados anteriormente",0,47979.60710823,126,15584.78422807,40,15584.78422807,40,32.4821,100,8885601.06139261,0.1754
2017,4,"2017-T4","4225","Trabalhadores dos serviços de informações",0,54400.42402989,121,15458.9557771,26,15458.9557771,26,28.417,100,8885601.06139261,0.174
2017,4,"2017-T4","9520","Vendedores ambulantes (exclusive de serviços de alimentação)",0,410404.25166396,1103,15105.22984332,49,15105.22984332,49,3.6806,100,8885601.06139261,0.17
2017,4,"2017-T4","3116","Técnicos em química industrial",0,42968.75514722,75,14966.7982009,27,14966.7982009,27,34.8318,100,8885601.06139261,0.1684
2017,4,"2017-T4","3142","Técnicos agropecuários",0,37000.71393862,112,14964.92486427,44,14964.92486427,44,40.445,100,8885601.06139261,0.1684
2017,4,"2017-T4","8344","Operadores de empilhadeiras",0,214558.24402894,425,14785.50673746,18,14785.50673746,18,6.8911,100,8885601.06139261,0.1664
2017,4,"2017-T4","3118","Desenhistas e projetistas técnicos",0,69212.50324997,130,14589.76553915,27,14589.76553915,27,21.0797,100,8885601.06139261,0.1642
2017,4,"2017-T4","3434","Chefes de cozinha",0,45880.8743101,105,13819.45155933,29,13819.45155933,29,30.1203,100,8885601.06139261,0.1555
2017,4,"2017-T4","3522","Técnicos de engenharia de telecomunicações",0,56115.81522204,125,13731.21327283,23,13731.21327283,23,24.4694,100,8885601.06139261,0.1545
2017,4,"2017-T4","8321","Condutores de motocicletas",0,604744.99339221,1522,13716.98391767,24,13716.98391767,24,2.2682,100,8885601.06139261,0.1544
2017,4,"2017-T4","4227","Entrevistadores de pesquisas de mercado",0,35168.52900993,98,13592.885547,35,13592.885547,35,38.6507,100,8885601.06139261,0.153
2017,4,"2017-T4","5212","Vendedores ambulantes de serviços de alimentação",0,439059.34244502,1202,12930.45637462,32,12930.45637462,32,2.945,100,8885601.06139261,0.1455
2017,4,"2017-T4","7522","Marceneiros e afins",0,341808.72091843,818,12742.86032163,22,12742.86032163,22,3.7281,100,8885601.06139261,0.1434
2017,4,"2017-T4","4412","Trabalhadores de serviços de correios",0,60299.33769263,148,12354.81032803,32,12354.81032803,32,20.4891,100,8885601.06139261,0.139
2017,4,"2017-T4","4223","Telefonistas",0,61230.14583693,139,12281.77528682,27,12281.77528682,27,20.0584,100,8885601.06139261,0.1382
2017,4,"2017-T4","5164","Cuidadores de animais",0,86730.42100308,166,11897.30556553,19,11897.30556553,19,13.7176,100,8885601.06139261,0.1339
2017,4,"2017-T4","3111","Técnicos em ciências físicas e químicas",0,26006.82921999,66,11624.06256398,22,11624.06256398,22,44.6962,100,8885601.06139261,0.1308
2017,4,"2017-T4","1111","Legisladores",0,37647.89041126,126,11620.94437554,38,11620.94437554,38,30.8675,100,8885601.06139261,0.1308
2017,4,"2017-T4","5246","Balconistas dos serviços de alimentação",0,490239.29908063,1061,11519.40211963,23,11519.40211963,23,2.3498,100,8885601.06139261,0.1296
2017,4,"2017-T4","1411","Gerentes de hotéis",0,42965.0746365,140,11518.96953269,35,11518.96953269,35,26.8101,100,8885601.06139261,0.1296
2017,4,"2017-T4","7319","Artesãos não classificados anteriormente",0,53912.31872456,117,11419.87282754,22,11419.87282754,22,21.1823,100,8885601.06139261,0.1285
2017,4,"2017-T4","3344","Secretários de medicina",0,58319.26414745,140,11366.56815603,25,11366.56815603,25,19.4902,100,8885601.06139261,0.1279
2017,4,"2017-T4","5131","Garçons",0,443023.15192457,1039,11347.09455587,22,11347.09455587,22,2.5613,100,8885601.06139261,0.1277
2017,4,"2017-T4","3123","Supervisores da construção",0,88868.96146618,216,11085.38784823,13,11085.38784823,13,12.4739,100,8885601.06139261,0.1248
2017,4,"2017-T4","3255","Técnicos e assistentes fisioterapeutas",0,42653.63585519,107,10616.6883018,22,10616.6883018,22,24.8905,100,8885601.06139261,0.1195
2017,4,"2017-T4","7111","Construtores de casas",0,46311.11149003,118,10597.70102626,15,10597.70102626,15,22.8837,100,8885601.06139261,0.1193
2017,4,"2017-T4","3212","Técnicos de laboratórios médicos",0,40490.72323847,102,10597.27721903,31,10597.27721903,31,26.1721,100,8885601.06139261,0.1193
2017,4,"2017-T4","3331","Despachantes aduaneiros",0,15978.30881614,28,10555.63261951,14,10555.63261951,14,66.0623,100,8885601.06139261,0.1188
2017,4,"2017-T4","2654","Diretores de cinema, de teatro e afins",0,24477.50945094,55,10372.77648105,25,10372.77648105,25,42.3768,100,8885601.06139261,0.1167
2017,4,"2017-T4","9333","Carregadores",0,753766.22071857,1798,10318.45349416,27,10318.45349416,27,1.3689,100,8885601.06139261,0.1161
2017,4,"2017-T4","4229","Trabalhadores de serviços de informação ao cliente não classificados anteriormente",0,82194.1731007,176,9896.42691637,26,9896.42691637,26,12.0403,100,8885601.06139261,0.1114
2017,4,"2017-T4","1431","Gerentes de centros esportivos,  de diversão e culturais",0,24988.87944443,67,9730.2401915,30,9730.2401915,30,38.9383,100,8885601.06139261,0.1095
2017,4,"2017-T4","3251","Dentistas auxiliares e ajudantes de odontologia",0,80167.96813934,227,9671.68996937,28,9671.68996937,28,12.0643,100,8885601.06139261,0.1088
2017,4,"2017-T4","2656","Locutores de rádio, televisão e outros meios de comunicação",0,34374.04897755,91,9571.02786528,19,9571.02786528,19,27.8438,100,8885601.06139261,0.1077
2017,4,"2017-T4","9329","Trabalhadores elementares da indústria de transformação não classificados anteriormente",0,447809.68829732,919,9301.75389305,20,9301.75389305,20,2.0772,100,8885601.06139261,0.1047
2017,4,"2017-T4","8153","Operadores de máquinas de costura",0,702112.12755129,1636,9263.76800183,28,9263.76800183,28,1.3194,100,8885601.06139261,0.1043
2017,4,"2017-T4","5329","Trabalhadores de cuidados pessoais nos serviços de saúde não classificados anteriormente",0,65240.48582337,186,9228.07748633,31,9228.07748633,31,14.1447,100,8885601.06139261,0.1039
2017,4,"2017-T4","3422","Treinadores, instrutores e árbitros de atividades esportivas",0,25073.69135554,57,9143.85319539,22,9143.85319539,22,36.4679,100,8885601.06139261,0.1029
2017,4,"2017-T4","4415","Trabalhadores de arquivos",0,41711.11264239,97,8999.63654173,16,8999.63654173,16,21.5761,100,8885601.06139261,0.1013
2017,4,"2017-T4","3353","Agentes de serviços de seguridade social",0,12873.33006407,41,8856.97613155,29,8856.97613155,29,68.801,100,8885601.06139261,0.0997
2017,4,"2017-T4","3141","Técnicos e profissionais de nível médio em ciências biológicas (exclusive da medicina)",0,22676.51699311,55,8690.30741006,22,8690.30741006,22,38.3229,100,8885601.06139261,0.0978
2017,4,"2017-T4","9313","Trabalhadores elementares da construção de edifícios",0,1604352.34707563,4080,8419.52569496,24,8419.52569496,24,0.5248,100,8885601.06139261,0.0948
2017,4,"2017-T4","5211","Vendedores de quiosques e postos de mercados",0,445326.22494242,1258,8039.33272898,17,8039.33272898,17,1.8053,100,8885601.06139261,0.0905
2017,4,"2017-T4","7131","Pintores e empapeladores",0,668344.91831596,1523,8012.14419272,18,8012.14419272,18,1.1988,100,8885601.06139261,0.0902
2017,4,"2017-T4","1341","Dirigentes de serviços de cuidados infantis",0,8609.17202378,22,7983.06412827,19,7983.06412827,19,92.7274,100,8885601.06139261,0.0898
2017,4,"2017-T4","4416","Trabalhadores do serviço de pessoal",0,23236.36161457,48,7979.57025064,13,7979.57025064,13,34.3409,100,8885601.06139261,0.0898
2017,4,"2017-T4","9621","Mensageiros, carregadores de bagagens e entregadores de encomendas",0,296066.99491956,730,7731.47979089,14,7731.47979089,14,2.6114,100,8885601.06139261,0.087
2017,4,"2017-T4","5242","Demonstradores de lojas",0,111260.165796,202,7720.89161566,14,7720.89161566,14,6.9395,100,8885601.06139261,0.0869
2017,4,"2017-T4","4323","Trabalhadores de serviços de transporte",0,48607.81806981,95,7649.29158092,16,7649.29158092,16,15.7368,100,8885601.06139261,0.0861
2017,4,"2017-T4","3153","Pilotos de aviação e afins",0,10998.53039663,28,7330.12827099,16,7330.12827099,16,66.6464,100,8885601.06139261,0.0825
2017,4,"2017-T4","4313","Trabalhadores encarregados de folha de pagamento",0,13870.90239193,21,7268.97066696,10,7268.97066696,10,52.4045,100,8885601.06139261,0.0818
2017,4,"2017-T4","2651","Artistas plásticos",0,29919.69238969,78,7212.86084035,21,7212.86084035,21,24.1074,100,8885601.06139261,0.0812
2017,4,"2017-T4","1322","Dirigentes de explorações de mineração",0,7661.68531591,15,7020.15333195,12,7020.15333195,12,91.6268,100,8885601.06139261,0.079
2017,4,"2017-T4","4132","Operadores de entrada de dados",0,30281.27124203,85,6495.10641594,21,6495.10641594,21,21.4493,100,8885601.06139261,0.0731
2017,4,"2017-T4","4411","Trabalhadores de bibliotecas",0,14639.82531153,40,6160.41226076,15,6160.41226076,15,42.0798,100,8885601.06139261,0.0693
2017,4,"2017-T4","5132","atendentes de bar",0,281073.04058036,687,6156.5166166,20,6156.5166166,20,2.1904,100,8885601.06139261,0.0693
2017,4,"2017-T4","3314","Profissionais de nível médio de serviços estatísticos, matemáticos e afins",0,84882.57483045,160,6067.29842666,11,6067.29842666,11,7.1479,100,8885601.06139261,0.0683
2017,4,"2017-T4","7213","Chapistas e caldeireiros",0,448336.71187048,977,6037.03197901,14,6037.03197901,14,1.3465,100,8885601.06139261,0.0679
2017,4,"2017-T4","4214","Cobradores e afins",0,65587.3731734,175,5906.14291072,14,5906.14291072,14,9.005,100,8885601.06139261,0.0665
2017,4,"2017-T4","9122","Lavadores de veículos",0,290545.94241222,685,5878.94595593,9,5878.94595593,9,2.0234,100,8885601.06139261,0.0662
2017,4,"2017-T4","8142","Operadores de máquinas para fabricar produtos de material plástico",0,129513.29332386,247,5791.74587602,10,5791.74587602,10,4.4719,100,8885601.06139261,0.0652
2017,4,"2017-T4","4322","Trabalhadores de serviços de apoio à produção",0,101948.20753503,224,5632.33613476,10,5632.33613476,10,5.5247,100,8885601.06139261,0.0634
2017,4,"2017-T4","8212","Montadores de equipamentos elétricos e eletrônicos",0,83555.45895508,148,5614.92736749,9,5614.92736749,9,6.72,100,8885601.06139261,0.0632
2017,4,"2017-T4","3359","Agentes da administração pública para aplicação da lei e afins não classificados anteriormente",0,12734.06177811,37,5581.88331611,16,5581.88331611,16,43.8343,100,8885601.06139261,0.0628
2017,4,"2017-T4","3256","assistentes de medicina",0,26973.12396875,59,5556.48763963,9,5556.48763963,9,20.6001,100,8885601.06139261,0.0625
2017,4,"2017-T4","2655","Atores",0,12383.23586285,22,5167.15197824,11,5167.15197824,11,41.727,100,8885601.06139261,0.0582
2017,4,"2017-T4","7511","Magarefes e afins",0,480187.16690372,1212,5136.07298558,13,5136.07298558,13,1.0696,100,8885601.06139261,0.0578
2017,4,"2017-T4","5111","Auxiliares de serviço de bordo",0,17840.85209897,25,5127.72788585,8,5127.72788585,8,28.7415,100,8885601.06139261,0.0577
2017,4,"2017-T4","5112","Fiscais e cobradores de transportes públicos",0,160694.2537357,377,4955.15439334,11,4955.15439334,11,3.0836,100,8885601.06139261,0.0558
2017,4,"2017-T4","3132","Operadores de incineradores, instalações de tratamento de água e afins",0,17755.43695931,42,4866.07975065,14,4866.07975065,14,27.4061,100,8885601.06139261,0.0548
2017,4,"2017-T4","5245","Frentistas de posto de gasolina",0,259244.14230085,645,4782.2338785,14,4782.2338785,14,1.8447,100,8885601.06139261,0.0538
2017,4,"2017-T4","8121","Operadores de instalações de processamento de metais",0,79047.89484135,134,4774.18577082,7,4774.18577082,7,6.0396,100,8885601.06139261,0.0537
2017,4,"2017-T4","9321","empacotadores manuais",0,187138.50973457,415,4713.87648064,7,4713.87648064,7,2.5189,100,8885601.06139261,0.0531
2017,4,"2017-T4","1114","Dirigentes de organizações que apresentam um interesse especial",0,13512.35825366,47,4650.52036207,13,4650.52036207,13,34.4168,100,8885601.06139261,0.0523
2017,4,"2017-T4","3230","Profissionais de nível médio de medicina tradicional e alternativa",0,10720.43144564,21,4557.90352189,11,4557.90352189,11,42.516,100,8885601.06139261,0.0513
2017,4,"2017-T4","4224","Recepcionistas de hotéis",0,71702.44724387,162,4447.28455596,14,4447.28455596,14,6.2024,100,8885601.06139261,0.0501
2017,4,"2017-T4","8211","Mecânicos montadores de maquinaria mecânica",0,79914.17127994,158,4435.33716648,7,4435.33716648,7,5.5501,100,8885601.06139261,0.0499
2017,4,"2017-T4","7317","Artesãos de pedra, madeira, vime e materiais semelhantes",0,88173.5704181,311,4337.58781898,16,4337.58781898,16,4.9194,100,8885601.06139261,0.0488
2017,4,"2017-T4","5113","Guias de turismo",0,15177.80858003,42,4207.48868461,11,4207.48868461,11,27.7213,100,8885601.06139261,0.0474
2017,4,"2017-T4","3514","Técnicos da web",0,13214.97523297,21,4109.22230925,6,4109.22230925,6,31.0952,100,8885601.06139261,0.0462
2017,4,"2017-T4","2356","Instrutores em tecnologias da informação",0,20469.40712583,52,4075.80297098,11,4075.80297098,11,19.9117,100,8885601.06139261,0.0459
2017,4,"2017-T4","3213","Técnicos e assistentes farmacêuticos",0,26913.35024016,63,4000.56413456,7,4000.56413456,7,14.8646,100,8885601.06139261,0.045
2017,4,"2017-T4","7222","Ferramenteiros e afins",0,48062.40398213,102,3900.31757932,4,3900.31757932,4,8.1151,100,8885601.06139261,0.0439
2017,4,"2017-T4","3117","Técnicos em engenharia de minas e metalurgia",0,29458.0593123,52,3854.81343171,8,3854.81343171,8,13.0858,100,8885601.06139261,0.0434
2017,4,"2017-T4","9611","Coletores de lixo e material reciclável",0,290397.89095197,698,3806.85185873,11,3806.85185873,11,1.3109,100,8885601.06139261,0.0428
2017,4,"2017-T4","8141","Operadores de máquinas para fabricar produtos de borracha",0,142301.13515551,377,3655.62764804,5,3655.62764804,5,2.5689,100,8885601.06139261,0.0411
2017,4,"2017-T4","7421","Mecânicos e reparadores em eletrônica",0,86838.67217816,198,3576.65494369,7,3576.65494369,7,4.1187,100,8885601.06139261,0.0403
2017,4,"2017-T4","7322","Impressores",0,62883.47177163,145,3471.85018173,8,3471.85018173,8,5.5211,100,8885601.06139261,0.0391
2017,4,"2017-T4","3333","Agentes de emprego e agenciadores de mão de obra",0,7931.28759329,20,3455.72158574,8,3455.72158574,8,43.5708,100,8885601.06139261,0.0389
2017,4,"2017-T4","3259","Profissionais de nível médio da saúde não classificados anteriormente",0,18898.34920427,39,3418.90432972,6,3418.90432972,6,18.091,100,8885601.06139261,0.0385
2017,4,"2017-T4","8160","Operadores de máquinas para elaborar alimentos e produtos afins",0,311261.70575686,1206,3382.54605366,8,3382.54605366,8,1.0867,100,8885601.06139261,0.0381
2017,4,"2017-T4","9212","Trabalhadores elementares da pecuária",0,568410.57359246,2863,3359.38635238,12,3359.38635238,12,0.591,100,8885601.06139261,0.0378
2017,4,"2017-T4","8219","Montadores não classificados anteriormente",0,154332.14308288,351,3233.6013276,8,3233.6013276,8,2.0952,100,8885601.06139261,0.0364
2017,4,"2017-T4","7314","Ceramistas e afins (preparação e fabricação)",0,89532.36144785,223,3214.11940281,9,3214.11940281,9,3.5899,100,8885601.06139261,0.0362
2017,4,"2017-T4","3131","Operadores de instalações de produção de energia",0,7755.55737341,18,3165.94820013,8,3165.94820013,8,40.8217,100,8885601.06139261,0.0356
2017,4,"2017-T4","4419","Trabalhadores de apoio administrativo não classificados anteriormente",0,17654.03779944,54,3143.9096584,5,3143.9096584,5,17.8084,100,8885601.06139261,0.0354
2017,4,"2017-T4","9211","Trabalhadores elementares da agricultura",0,1365741.30854487,5475,3098.89439459,14,3098.89439459,14,0.2269,100,8885601.06139261,0.0349
2017,4,"2017-T4","4212","Coletores de apostas e de jogos",0,65388.16577272,163,3083.81178406,7,3083.81178406,7,4.7162,100,8885601.06139261,0.0347
2017,4,"2017-T4","7232","Mecânicos e reparadores de motores de avião",0,13723.93572372,34,3069.51803473,7,3069.51803473,7,22.3662,100,8885601.06139261,0.0345
2017,4,"2017-T4","5165","Instrutores de autoescola",0,39932.30587216,94,3048.42651991,8,3048.42651991,8,7.634,100,8885601.06139261,0.0343
2017,4,"2017-T4","3214","Técnicos de próteses médicas e dentárias",0,30367.33908135,70,3046.44428576,5,3046.44428576,5,10.032,100,8885601.06139261,0.0343
2017,4,"2017-T4","9623","Coletores de dinheiro em máquinas automáticas de venda e leitores de medidores",0,26836.30213567,64,2980.76262708,8,2980.76262708,8,11.1072,100,8885601.06139261,0.0335
2017,4,"2017-T4","3152","Capitães, oficiais de coberta e práticos",0,7615.12805066,28,2829.6939213,9,2829.6939213,9,37.1588,100,8885601.06139261,0.0318
2017,4,"2017-T4","9612","Classificadores de resíduos",0,226764.96379449,499,2689.61374234,4,2689.61374234,4,1.1861,100,8885601.06139261,0.0303
2017,4,"2017-T4","7132","Lustradores",0,153526.78711636,339,2655.64073061,4,2655.64073061,4,1.7298,100,8885601.06139261,0.0299
2017,4,"2017-T4","7533","Costureiros, bordadeiros e afins",0,147630.36718518,373,2653.40590563,10,2653.40590563,10,1.7973,100,8885601.06139261,0.0299
2017,4,"2017-T4","8183","Operadores de máquinas de embalagem, engarrafamento e etiquetagem",0,113625.45473551,233,2628.46708094,8,2628.46708094,8,2.3133,100,8885601.06139261,0.0296
2017,4,"2017-T4","7113","Canteiros, cortadores e gravadores de pedras",0,81912.75703611,210,2569.18607929,5,2569.18607929,5,3.1365,100,8885601.06139261,0.0289
2017,4,"2017-T4","8343","Operadores de guindastes, gruas, aparatos de elevação e afins",0,74159.49653155,150,2518.19874698,7,2518.19874698,7,3.3957,100,8885601.06139261,0.0283
2017,4,"2017-T4","7212","Soldadores e oxicortadores",0,265930.26469817,552,2404.21074845,8,2404.21074845,8,0.9041,100,8885601.06139261,0.0271
2017,4,"2017-T4","3315","Avaliadores",0,3479.34735386,8,2378.57921692,4,2378.57921692,4,68.3628,100,8885601.06139261,0.0268
2017,4,"2017-T4","9510","Trabalhadores ambulantes dos serviços e afins",0,60684.7283674,141,2345.35813216,4,2345.35813216,4,3.8648,100,8885601.06139261,0.0264
2017,4,"2017-T4","7126","Bombeiros e encanadores",0,136202.19134539,317,2326.227189,8,2326.227189,8,1.7079,100,8885601.06139261,0.0262
2017,4,"2017-T4","9411","Preparadores de comidas rápidas",0,115263.80586045,267,2222.7048866,8,2222.7048866,8,1.9284,100,8885601.06139261,0.025
2017,4,"2017-T4","3435","Outros profissionais de nível médio em atividades culturais e artísticas",0,23034.08914944,51,2182.30798467,10,2182.30798467,10,9.4743,100,8885601.06139261,0.0246
2017,4,"2017-T4","9121","Lavadeiros de roupas e passadeiros manuais",0,68543.8922959,151,2048.80016645,1,2048.80016645,1,2.989,100,8885601.06139261,0.0231
2017,4,"2017-T4","5321","Trabalhadores de cuidados pessoais em instituições",0,60199.2618249,145,2025.76391537,7,2025.76391537,7,3.3651,100,8885601.06139261,0.0228
2017,4,"2017-T4","3354","Agentes de serviços de expedição de licenças e permissões",0,5228.16989042,18,1966.83105496,9,1966.83105496,9,37.6199,100,8885601.06139261,0.0221
2017,4,"2017-T4","7313","Joalheiros e lapidadores de gemas, artesãos de metais preciosos e semipreciosos",0,30808.67055564,77,1928.06315726,6,1928.06315726,6,6.2582,100,8885601.06139261,0.0217
2017,4,"2017-T4","4413","Codificadores de dados, revisores de provas de impressão e afins",0,1843.7538626,3,1843.7538626,3,1843.7538626,3,100,100,8885601.06139261,0.0207
2017,4,"2017-T4","8341","Operadores de máquinas agrícolas e florestais móveis",0,299584.9544532,1073,1769.91838191,9,1769.91838191,9,0.5908,100,8885601.06139261,0.0199
2017,4,"2017-T4","2434","Profissionais de vendas de tecnologia da informação e comunicações",0,4999.45071609,12,1768.55261685,4,1768.55261685,4,35.3749,100,8885601.06139261,0.0199
2017,4,"2017-T4","3139","Técnicos em controle de processos não classificados anteriormente",0,22088.00086818,67,1761.25995826,5,1761.25995826,5,7.9738,100,8885601.06139261,0.0198
2017,4,"2017-T4","8113","Perfuradores e sondadores de poços e afins",0,20031.88503869,59,1722.67777373,4,1722.67777373,4,8.5997,100,8885601.06139261,0.0194
2017,4,"2017-T4","5411","Bombeiros",0,26354.30352304,59,1676.64747503,5,1676.64747503,5,6.3619,100,8885601.06139261,0.0189
2017,4,"2017-T4","8131","Operadores de instalações e máquinas de produtos químicos",0,42177.9199102,86,1614.87950289,4,1614.87950289,4,3.8287,100,8885601.06139261,0.0182
2017,4,"2017-T4","3433","Técnicos em galerias de arte, museus e bibliotecas",0,10750.78235772,29,1611.22169341,8,1611.22169341,8,14.987,100,8885601.06139261,0.0181
2017,4,"2017-T4","7115","Carpinteiros",0,206187.42586894,612,1588.78015679,6,1588.78015679,6,0.7706,100,8885601.06139261,0.0179
2017,4,"2017-T4","7515","Trabalhadores da degustação e classificação de alimentos e bebidas",0,14665.63943761,43,1500.55974526,4,1500.55974526,4,10.2318,100,8885601.06139261,0.0169
2017,4,"2017-T4","9215","Trabalhadores florestais elementares",0,263961.81040683,1312,1492.7203976,6,1492.7203976,6,0.5655,100,8885601.06139261,0.0168
2017,4,"2017-T4","7523","Operadores de máquinas de lavrar madeira",0,51482.74366559,136,1487.50185534,3,1487.50185534,3,2.8893,100,8885601.06139261,0.0167
2017,4,"2017-T4","9629","Outras ocupações elementares não classificadas anteriormente",0,146483.58428141,358,1383.79212649,4,1383.79212649,4,0.9447,100,8885601.06139261,0.0156
2017,4,"2017-T4","6122","Avicultores e trabalhadores qualificados da avicultura",0,113883.13930525,599,1352.40114391,8,1352.40114391,8,1.1875,100,8885601.06139261,0.0152
2017,4,"2017-T4","7211","Moldadores de metal e macheiros",0,20618.86639687,39,1182.38262338,1,1182.38262338,1,5.7345,100,8885601.06139261,0.0133
2017,4,"2017-T4","7127","Mecânicos-instaladores de sistemas de refrigeração e climatização",0,59861.46201713,155,1180.27413905,4,1180.27413905,4,1.9717,100,8885601.06139261,0.0133
2017,4,"2017-T4","4213","Trabalhadores em escritórios de empréstimos e penhor",0,1166.52949512,1,1166.52949512,1,1166.52949512,1,100,100,8885601.06139261,0.0131
2017,4,"2017-T4","7513","Trabalhadores da pasteurização do leite e fabricação de laticínios e afins",0,88960.98050045,372,1161.8915331,5,1161.8915331,5,1.3061,100,8885601.06139261,0.0131
2017,4,"2017-T4","7544","Fumigadores e outros controladores de pragas e ervas daninhas",0,17098.42718957,54,1091.64616919,1,1091.64616919,1,6.3845,100,8885601.06139261,0.0123
2017,4,"2017-T4","3155","Técnicos em segurança aeronáutica",0,1308.92137997,4,1082.48277099,3,1082.48277099,3,82.7004,100,8885601.06139261,0.0122
2017,4,"2017-T4","7534","Tapeceiros, colchoeiros e afins",0,62632.02802932,157,1072.46671621,4,1072.46671621,4,1.7123,100,8885601.06139261,0.0121
2017,4,"2017-T4","3222","Profissionais de nível médio de partos",0,3177.89085589,9,1058.80801802,2,1058.80801802,2,33.3179,100,8885601.06139261,0.0119
2017,4,"2017-T4","5169","Trabalhadores de serviços pessoais não classificados anteriormente",0,4125.62012714,14,1055.66520648,3,1055.66520648,3,25.588,100,8885601.06139261,0.0119
2017,4,"2017-T4","6123","Apicultores, sericicultores e trabalhadores qualificados da apicultura e sericicultura",0,21527.98821884,99,1050.13418188,3,1050.13418188,3,4.878,100,8885601.06139261,0.0118
2017,4,"2017-T4","2653","Bailarinos e coreógrafos",0,2191.86894708,5,1039.21988195,1,1039.21988195,1,47.4125,100,8885601.06139261,0.0117
2017,4,"2017-T4","8350","Marinheiros de coberta e afins",0,37435.49310465,119,1029.97613258,3,1029.97613258,3,2.7513,100,8885601.06139261,0.0116
2017,4,"2017-T4","7221","Ferreiros e forjadores",0,12113.65373252,26,976.54926128,1,976.54926128,1,8.0616,100,8885601.06139261,0.011
2017,4,"2017-T4","7321","Trabalhadores da pré-impressão gráfica",0,22039.10230754,43,975.3139564,2,975.3139564,2,4.4254,100,8885601.06139261,0.011
2017,4,"2017-T4","6221","Trabalhadores da aquicultura",0,12449.01622542,83,928.41652569,6,928.41652569,6,7.4578,100,8885601.06139261,0.0104
2017,4,"2017-T4","7125","Vidraceiros",0,54682.5202892,131,911.41519443,3,911.41519443,3,1.6667,100,8885601.06139261,0.0103
2017,4,"2017-T4","7535","Trabalhadores qualificados do tratamento de couros e peles",0,16028.13426526,37,874.07979192,1,874.07979192,1,5.4534,100,8885601.06139261,0.0098
2017,4,"2017-T4","7413","Instaladores e reparadores de linhas elétricas",0,37654.81211073,99,864.82830648,3,864.82830648,3,2.2967,100,8885601.06139261,0.0097
2017,4,"2017-T4","5241","Modelos de moda, arte e publicidade",0,5403.25544086,11,858.44117516,3,858.44117516,3,15.8875,100,8885601.06139261,0.0097
2017,4,"2017-T4","5151","Supervisores de manutenção e limpeza de edifícios em escritórios, hotéis e estabelecimentos",0,18978.05042929,41,850.70117668,3,850.70117668,3,4.4826,100,8885601.06139261,0.0096
2017,4,"2017-T4","5152","Governantas e mordomos domésticos",0,14179.29480574,36,819.88096557,3,819.88096557,3,5.7822,100,8885601.06139261,0.0092
2017,4,"2017-T4","8154","Operadores de máquinas de branqueamento, tingimento e limpeza de tecidos",0,65858.13835638,144,799.76825433,1,799.76825433,1,1.2144,100,8885601.06139261,0.009
2017,4,"2017-T4","3258","Ajudantes de ambulâncias",0,9808.90628725,27,776.02534719,4,776.02534719,4,7.9114,100,8885601.06139261,0.0087
2017,4,"2017-T4","8143","Operadores de máquinas para fabricar produtos de papel",0,35138.80731264,78,775.86984288,3,775.86984288,3,2.208,100,8885601.06139261,0.0087
2017,4,"2017-T4","9129","Outros trabalhadores de limpeza",0,12465.35215621,31,770.94298875,1,770.94298875,1,6.1847,100,8885601.06139261,0.0087
2017,4,"2017-T4","7514","Trabalhadores da conservação de frutas, legumes e similares",0,41212.68517365,150,769.36022271,2,769.36022271,2,1.8668,100,8885601.06139261,0.0087
2017,4,"2017-T4","8156","Operadores de máquinas para fabricação de calçados e afins",0,110031.58101408,197,753.08805793,1,753.08805793,1,0.6844,100,8885601.06139261,0.0085
2017,4,"2017-T4","3421","Atletas e esportistas",0,14453.24778563,32,667.34533137,3,667.34533137,3,4.6173,100,8885601.06139261,0.0075
2017,4,"2017-T4","3135","Controladores de processos de produção de metais",0,12305.24683292,26,666.6353439,1,666.6353439,1,5.4175,100,8885601.06139261,0.0075
2017,4,"2017-T4","3154","Controladores de tráfego aéreo",0,4981.87607218,9,665.84465521,3,665.84465521,3,13.3653,100,8885601.06139261,0.0075
2017,4,"2017-T4","3324","Corretores de comercialização",0,3325.90303522,10,643.7586836,2,643.7586836,2,19.3559,100,8885601.06139261,0.0072
2017,4,"2017-T4","7516","Trabalhadores qualificados da preparação do fumo e seus produtos",0,6281.54574064,18,622.20903208,2,622.20903208,2,9.9053,100,8885601.06139261,0.007
2017,4,"2017-T4","8152","Operadores de teares e outras máquinas de tecelagem",0,32919.38823904,90,617.82279392,2,617.82279392,2,1.8768,100,8885601.06139261,0.007
2017,4,"2017-T4","8311","Maquinistas de locomotivas",0,5582.12828443,13,612.00824367,2,612.00824367,2,10.9637,100,8885601.06139261,0.0069
2017,4,"2017-T4","7122","Aplicadores de revestimentos cerâmicos, pastilhas, pedras e madeiras",0,69469.53321593,156,600.02115272,3,600.02115272,3,0.8637,100,8885601.06139261,0.0068
2017,4,"2017-T4","9213","Trabalhadores elementares da agropecuária",0,19220.81985644,80,599.35922562,1,599.35922562,1,3.1183,100,8885601.06139261,0.0067
2017,4,"2017-T4","5163","Trabalhadores de funerárias e embalsamadores",0,16377.46504217,44,593.57276404,2,593.57276404,2,3.6243,100,8885601.06139261,0.0067
2017,4,"2017-T4","9312","Trabalhadores elementares de obras públicas e da manutenção de estradas, represas e similares",0,35505.4880325,95,584.70929893,1,584.70929893,1,1.6468,100,8885601.06139261,0.0066
2017,4,"2017-T4","8172","Operadores de instalações para processamento de madeira",0,93383.77296411,322,568.26399264,1,568.26399264,1,0.6085,100,8885601.06139261,0.0064
2017,4,"2017-T4","3240","Técnicos e assistentes veterinários",0,10547.62163958,26,556.55230282,2,556.55230282,2,5.2766,100,8885601.06139261,0.0063
2017,4,"2017-T4","3121","Supervisores da mineração",0,5296.80782041,10,538.8788293,1,538.8788293,1,10.1737,100,8885601.06139261,0.0061
2017,4,"2017-T4","6210","Trabalhadores florestais qualificados e afins",0,48489.51636456,200,535.65691529,3,535.65691529,3,1.1047,100,8885601.06139261,0.006
2017,4,"2017-T4","9613","Varredores e afins",0,6958.48791849,13,531.79749704,1,531.79749704,1,7.6424,100,8885601.06139261,0.006
2017,4,"2017-T4","1312","Dirigentes de produção da aquicultura e pesca",0,519.73351438,2,519.73351438,2,519.73351438,2,100,100,8885601.06139261,0.0058
2017,4,"2017-T4","3143","Técnicos florestais",0,1891.07468317,6,518.77943809,2,518.77943809,2,27.433,100,8885601.06139261,0.0058
2017,4,"2017-T4","3134","Operadores de instalações de refino de petróleo e gás natural",0,1907.36998826,4,500.92647783,1,500.92647783,1,26.2627,100,8885601.06139261,0.0056
2017,4,"2017-T4","7536","Sapateiros e afins",0,132594.08925573,292,481.00238157,2,481.00238157,2,0.3628,100,8885601.06139261,0.0054
2017,4,"2017-T4","7119","Outros trabalhadores qualificados e operários da construção não classificados anteriormente",0,59195.47488789,179,473.06086271,3,473.06086271,3,0.7992,100,8885601.06139261,0.0053
2017,4,"2017-T4","8181","Operadores de instalações de vidraria e cerâmica",0,53489.76323228,124,457.88931745,1,457.88931745,1,0.856,100,8885601.06139261,0.0052
2017,4,"2017-T4","7311","Mecânicos e reparadores de instrumentos de precisão",0,29854.62150632,61,455.07084225,3,455.07084225,3,1.5243,100,8885601.06139261,0.0051
2017,4,"2017-T4","3413","Auxiliares leigos de religião",0,4053.20292999,14,431.27841174,2,431.27841174,2,10.6404,100,8885601.06139261,0.0049
2017,4,"2017-T4","3151","Oficiais maquinistas em navegação",0,1167.93948042,3,430.71152121,1,430.71152121,1,36.8779,100,8885601.06139261,0.0048
2017,4,"2017-T4","4131","Operadores de máquinas de processamento de texto e mecanógrafos",0,3182.12783559,7,414.55194424,2,414.55194424,2,13.0275,100,8885601.06139261,0.0047
2017,4,"2017-T4","8342","Operadores de máquinas de movimentação de terras e afins",0,136013.00321284,350,405.18447457,2,405.18447457,2,0.2979,100,8885601.06139261,0.0046
2017,4,"2017-T4","7549","Outros trabalhadores qualificados e operários da indústria e do artesanato não classificados anteriormente",0,8716.74938211,21,401.94550048,1,401.94550048,1,4.6112,100,8885601.06139261,0.0045
2017,4,"2017-T4","8151","Operadores de máquinas de preparação de fibras, fiação e bobinamento de fios",0,18431.98315731,46,387.53270612,1,387.53270612,1,2.1025,100,8885601.06139261,0.0044
2017,4,"2017-T4","8122","Operadores de máquinas polidoras, galvanizadoras e recobridoras de metais",0,31905.26712088,72,341.50506039,1,341.50506039,1,1.0704,100,8885601.06139261,0.0038
2017,4,"2017-T4","7316","Redatores de cartazes, pintores decorativos e gravadores",0,22459.24596245,43,307.28712884,1,307.28712884,1,1.3682,100,8885601.06139261,0.0035
2017,4,"2017-T4","7123","Gesseiros",0,121319.51370514,280,274.00144109,1,274.00144109,1,0.2259,100,8885601.06139261,0.0031
2017,4,"2017-T4","8189","Operadores de máquinas e de instalações fixas não classificados anteriormente",0,26740.12875333,69,263.77861459,2,263.77861459,2,0.9865,100,8885601.06139261,0.003
2017,4,"2017-T4","9311","Trabalhadores elementares de minas e pedreiras",0,37370.27203177,135,258.82757513,1,258.82757513,1,0.6926,100,8885601.06139261,0.0029
2017,4,"2017-T4","7312","Confeccionadores e afinadores de instrumentos musicais",0,2079.11952982,7,214.59142254,1,214.59142254,1,10.3213,100,8885601.06139261,0.0024
2017,4,"2017-T4","7532","Trabalhadores qualificados da preparação da confecção de roupas",0,46518.39387495,119,202.20580349,1,202.20580349,1,0.4347,100,8885601.06139261,0.0023
2017,4,"2017-T4","1343","Dirigentes de serviços de cuidado a pessoas idosas",0,605.79968587,2,198.13547062,1,198.13547062,1,32.7064,100,8885601.06139261,0.0022
2017,4,"2017-T4","8171","Operadores de instalações para a preparação de pasta de papel e papel",0,30241.34801688,54,173.01105354,1,173.01105354,1,0.5721,100,8885601.06139261,0.0019
2017,4,"2017-T4","3351","Agentes aduaneiros e inspetores de fronteiras",0,162.55815616,1,162.55815616,1,162.55815616,1,100,100,8885601.06139261,0.0018
2017,4,"2017-T4","8112","Operadores de instalações de processamento de minerais e rochas",0,16273.3177507,31,161.37400888,1,161.37400888,1,0.9916,100,8885601.06139261,0.0018
2017,4,"2017-T4","7323","Encadernadores e afins",0,22337.46606133,35,154.63095647,1,154.63095647,1,0.6922,100,8885601.06139261,0.0017
2017,4,"2017-T4","9622","Pessoas que realizam várias tarefas",0,23364.92035541,47,137.88352893,1,137.88352893,1,0.5901,100,8885601.06139261,0.0016
2017,4,"2017-T4","9216","Trabalhadores elementares da pesca e aquicultura",0,20260.58022725,96,102.81251799,1,102.81251799,1,0.5075,100,8885601.06139261,0.0012
2017,4,"2017-T4","0110","Oficiais das forças armadas",1,70817.94378086,164,62042.95373487,139,0,0,0,0,8885601.06139261,0
2017,4,"2017-T4","0411","Oficiais de polícia militar",1,34083.72832457,94,25939.24581554,72,0,0,0,0,8885601.06139261,0
2017,4,"2017-T4","0511","Oficiais de bombeiro militar",1,10917.71481545,36,8598.21765134,28,0,0,0,0,8885601.06139261,0
2017,4,"2017-T4","1223","Dirigentes de pesquisa e desenvolvimento",1,32938.61242765,56,26199.57942769,42,0,0,0,0,8885601.06139261,0
2017,4,"2017-T4","1330","Dirigentes de serviços de tecnologia da informação e comunicações",1,91053.53687846,133,77961.25267458,102,0,0,0,0,8885601.06139261,0
2017,4,"2017-T4","1342","Dirigentes de serviços de saúde",1,40487.51764187,76,34156.30303499,59,0,0,0,0,8885601.06139261,0
2017,4,"2017-T4","1344","Dirigentes de serviços de bem-estar social",1,678.82718231,2,493.51869532,1,0,0,0,0,8885601.06139261,0
2017,4,"2017-T4","1345","Dirigentes de serviços de educação",1,128357.10163323,356,114813.39398752,317,0,0,0,0,8885601.06139261,0
2017,4,"2017-T4","1349","Dirigentes e gerentes de serviços profissionais não classificados anteriormente",1,27312.93244593,59,15309.72547238,38,0,0,0,0,8885601.06139261,0
2017,4,"2017-T4","2111","Físicos e astrônomos",1,851.26925277,2,851.26925277,2,0,0,0,0,8885601.06139261,0
2017,4,"2017-T4","2112","Meteorologistas",1,835.82376338,3,835.82376338,3,0,0,0,0,8885601.06139261,0
2017,4,"2017-T4","2113","Químicos",1,21877.73356109,41,21877.73356109,41,0,0,0,0,8885601.06139261,0
2017,4,"2017-T4","2114","Geólogos e geofísicos",1,8784.30805991,21,8784.30805991,21,0,0,0,0,8885601.06139261,0
2017,4,"2017-T4","2120","Matemáticos, atuários e estatísticos",1,4661.8373194,7,4661.8373194,7,0,0,0,0,8885601.06139261,0
2017,4,"2017-T4","2131","Biólogos, botânicos, zoólogos e afins",1,45656.75091715,104,45656.75091715,104,0,0,0,0,8885601.06139261,0
2017,4,"2017-T4","2132","Agrônomos e afins",1,42611.43649802,125,42611.43649802,125,0,0,0,0,8885601.06139261,0
2017,4,"2017-T4","2133","Profissionais da proteção do meio ambiente",1,15539.46765646,37,12327.5128502,31,0,0,0,0,8885601.06139261,0
2017,4,"2017-T4","2141","Engenheiros industriais e de produção",1,31252.30017209,56,31252.30017209,56,0,0,0,0,8885601.06139261,0
2017,4,"2017-T4","2142","Engenheiros civis",1,163932.39507074,364,163932.39507074,364,0,0,0,0,8885601.06139261,0
2017,4,"2017-T4","2143","Engenheiros de meio ambiente",1,15643.9055607,37,15643.9055607,37,0,0,0,0,8885601.06139261,0
2017,4,"2017-T4","2144","Engenheiros mecânicos",1,66547.84948897,109,66547.84948897,109,0,0,0,0,8885601.06139261,0
2017,4,"2017-T4","2145","Engenheiros químicos",1,12876.17585409,33,12876.17585409,33,0,0,0,0,8885601.06139261,0
2017,4,"2017-T4","2146","Engenheiros de minas, metalúrgicos e afins",1,6636.93103719,14,6636.93103719,14,0,0,0,0,8885601.06139261,0
2017,4,"2017-T4","2149","Engenheiros não classificados anteriormente",1,34642.26818104,54,34642.26818104,54,0,0,0,0,8885601.06139261,0
2017,4,"2017-T4","2151","Engenheiros eletricistas",1,51129.32085272,101,51129.32085272,101,0,0,0,0,8885601.06139261,0
2017,4,"2017-T4","2152","Engenheiros eletrônicos",1,9849.26236436,15,9849.26236436,15,0,0,0,0,8885601.06139261,0
2017,4,"2017-T4","2153","Engenheiros em telecomunicações",1,11647.39963646,20,11647.39963646,20,0,0,0,0,8885601.06139261,0
2017,4,"2017-T4","2161","Arquitetos de edificações",1,130917.67275201,238,130917.67275201,238,0,0,0,0,8885601.06139261,0
2017,4,"2017-T4","2162","Arquitetos paisagistas",1,1302.36126413,4,1302.36126413,4,0,0,0,0,8885601.06139261,0
2017,4,"2017-T4","2163","Desenhistas de produtos e  vestuário",1,16057.50613519,36,16057.50613519,36,0,0,0,0,8885601.06139261,0
2017,4,"2017-T4","2164","Urbanistas e engenheiros de trânsito",1,4214.53504766,9,4214.53504766,9,0,0,0,0,8885601.06139261,0
2017,4,"2017-T4","2165","Cartógrafos e agrimensores",1,5465.46695496,12,5465.46695496,12,0,0,0,0,8885601.06139261,0
2017,4,"2017-T4","2211","Médicos gerais",1,118020.56385687,265,118020.56385687,265,0,0,0,0,8885601.06139261,0
2017,4,"2017-T4","2212","Médicos especialistas",1,264774.14943646,495,264774.14943646,495,0,0,0,0,8885601.06139261,0
2017,4,"2017-T4","2221","Profissionais de enfermagem",1,344649.76658109,802,344649.76658109,802,0,0,0,0,8885601.06139261,0
2017,4,"2017-T4","2230","Profissionais da medicina tradicional e alternativa",1,3836.78974174,8,3836.78974174,8,0,0,0,0,8885601.06139261,0
2017,4,"2017-T4","2250","Veterinários",1,63840.38078978,147,63840.38078978,147,0,0,0,0,8885601.06139261,0
2017,4,"2017-T4","2261","Dentistas",1,240441.40701955,519,240441.40701955,519,0,0,0,0,8885601.06139261,0
2017,4,"2017-T4","2262","Farmacêuticos",1,129461.67342214,319,129461.67342214,319,0,0,0,0,8885601.06139261,0
2017,4,"2017-T4","2263","Profissionais da saúde e da higiene laboral e ambiental",1,5343.28792732,8,5343.28792732,8,0,0,0,0,8885601.06139261,0
2017,4,"2017-T4","2264","Fisioterapeutas",1,185807.27872062,402,185807.27872062,402,0,0,0,0,8885601.06139261,0
2017,4,"2017-T4","2265","Dietistas e nutricionistas",1,82113.6835239,194,82113.6835239,194,0,0,0,0,8885601.06139261,0
2017,4,"2017-T4","2266","Fonoaudiólogos e logopedistas",1,30126.21010831,59,30126.21010831,59,0,0,0,0,8885601.06139261,0
2017,4,"2017-T4","2267","Optometristas",1,851.88589602,3,851.88589602,3,0,0,0,0,8885601.06139261,0
2017,4,"2017-T4","2269","Profissionais da saúde não classificados anteriormente",1,30729.88750263,64,15949.9750261,35,0,0,0,0,8885601.06139261,0
2017,4,"2017-T4","2310","Professores de universidades e do ensino superior",1,263651.413349,668,262748.83874817,666,0,0,0,0,8885601.06139261,0
2017,4,"2017-T4","2320","Professores de formação profissional",1,79423.82842163,185,41553.54936995,92,0,0,0,0,8885601.06139261,0
2017,4,"2017-T4","2330","Professores do ensino médio",1,660295.95181596,1747,625845.10917241,1659,0,0,0,0,8885601.06139261,0
2017,4,"2017-T4","2341","Professores do ensino fundamental",1,1293118.24907138,3875,1128435.93552006,3307,0,0,0,0,8885601.06139261,0
2017,4,"2017-T4","2342","Professores do ensino pré-escolar",1,622253.00383162,1710,467612.57868735,1242,0,0,0,0,8885601.06139261,0
2017,4,"2017-T4","2351","Especialistas em métodos pedagógicos",1,282625.27471791,711,256219.98276435,651,0,0,0,0,8885601.06139261,0
2017,4,"2017-T4","2352","Educadores para necessidades especiais",1,24904.55911351,75,19238.53088338,58,0,0,0,0,8885601.06139261,0
2017,4,"2017-T4","2359","Profissionais de ensino não classificados anteriormente",1,190729.13921856,496,66193.87571811,162,0,0,0,0,8885601.06139261,0
2017,4,"2017-T4","2411","Contadores",1,437841.15627979,982,437841.15627979,982,0,0,0,0,8885601.06139261,0
2017,4,"2017-T4","2412","Assessores financeiros e em investimentos",1,7355.40442691,16,7355.40442691,16,0,0,0,0,8885601.06139261,0
2017,4,"2017-T4","2413","Analistas financeiros",1,116753.73919018,182,116753.73919018,182,0,0,0,0,8885601.06139261,0
2017,4,"2017-T4","2421","Analistas de gestão e administração",1,251262.12309394,473,251262.12309394,473,0,0,0,0,8885601.06139261,0
2017,4,"2017-T4","2422","Especialistas em políticas de administração",1,4122.55467867,13,4122.55467867,13,0,0,0,0,8885601.06139261,0
2017,4,"2017-T4","2423","Especialistas em políticas e serviços de pessoal e afins",1,175074.54162462,309,130434.06904477,223,0,0,0,0,8885601.06139261,0
2017,4,"2017-T4","2424","Especialistas em formação de pessoal",1,17643.81747479,31,9089.53262662,19,0,0,0,0,8885601.06139261,0
2017,4,"2017-T4","2432","Profissionais de relações públicas",1,26623.90576346,52,18297.55491682,33,0,0,0,0,8885601.06139261,0
2017,4,"2017-T4","2511","Analistas de sistemas",1,269273.01194552,418,268430.80188027,416,0,0,0,0,8885601.06139261,0
2017,4,"2017-T4","2512","Desenvolvedores de programas e aplicativos (software)",1,38905.62606652,61,38905.62606652,61,0,0,0,0,8885601.06139261,0
2017,4,"2017-T4","2513","Desenvolvedores de páginas de internet (web) e multimídia",1,3343.12640859,8,3343.12640859,8,0,0,0,0,8885601.06139261,0
2017,4,"2017-T4","2514","Programadores de aplicações",1,33207.93364999,71,32895.51847361,70,0,0,0,0,8885601.06139261,0
2017,4,"2017-T4","2519","Desenvolvedores e analistas de programas e aplicativos (software) e multimídia não classificados anteriormente",1,3912.59596821,9,3912.59596821,9,0,0,0,0,8885601.06139261,0
2017,4,"2017-T4","2521","Desenhistas e administradores de bases de dados",1,3605.25996641,9,3605.25996641,9,0,0,0,0,8885601.06139261,0
2017,4,"2017-T4","2522","Administradores de sistemas",1,19739.52827103,28,19739.52827103,28,0,0,0,0,8885601.06139261,0
2017,4,"2017-T4","2523","Profissionais em rede de computadores",1,4717.76102563,7,4717.76102563,7,0,0,0,0,8885601.06139261,0
2017,4,"2017-T4","2529","Especialistas em base de dados e em redes de computadores não classificados anteriormente",1,2550.36323437,4,2550.36323437,4,0,0,0,0,8885601.06139261,0
2017,4,"2017-T4","2611","Advogados e juristas",1,726788.83108579,1646,724631.89898917,1638,0,0,0,0,8885601.06139261,0
2017,4,"2017-T4","2612","Juízes",1,787.98450149,3,787.98450149,3,0,0,0,0,8885601.06139261,0
2017,4,"2017-T4","2619","Profissionais em direito não classificados anteriormente",1,98874.00432112,262,88196.35436084,235,0,0,0,0,8885601.06139261,0
2017,4,"2017-T4","2621","Arquivologistas e curadores de museus",1,168.93357682,1,0,0,0,0,0,NA,8885601.06139261,0
2017,4,"2017-T4","2622","Bibliotecários, documentaristas e afins",1,33010.85826787,95,23262.28349543,66,0,0,0,0,8885601.06139261,0
2017,4,"2017-T4","2631","Economistas",1,14714.76248509,35,14714.76248509,35,0,0,0,0,8885601.06139261,0
2017,4,"2017-T4","2632","Sociólogos, antropólogos e afins",1,6998.27208608,14,6998.27208608,14,0,0,0,0,8885601.06139261,0
2017,4,"2017-T4","2633","Filósofos, historiadores e especialistas em ciência política",1,902.95104619,2,902.95104619,2,0,0,0,0,8885601.06139261,0
2017,4,"2017-T4","2634","Psicólogos",1,174777.66641969,410,171892.94741528,405,0,0,0,0,8885601.06139261,0
2017,4,"2017-T4","2635","Assistentes sociais",1,87591.06196183,257,87591.06196183,257,0,0,0,0,8885601.06139261,0
2017,4,"2017-T4","2642","Jornalistas",1,114581.12407422,248,79938.79087237,166,0,0,0,0,8885601.06139261,0
2017,4,"2017-T4","2659","Artistas criativos e interpretativos não classificados anteriormente",0,1139.84803646,4,0,0,0,0,0,NA,8885601.06139261,0
2017,4,"2017-T4","3133","Controladores de instalações de processamento de produtos químicos",0,1258.5397878,2,0,0,0,0,0,NA,8885601.06139261,0
2017,4,"2017-T4","3252","Técnicos em documentação sanitária",0,450.90001108,1,0,0,0,0,0,NA,8885601.06139261,0
2017,4,"2017-T4","3254","Técnicos em optometria e ópticos",0,3451.27824062,5,0,0,0,0,0,NA,8885601.06139261,0
2017,4,"2017-T4","4414","Outros escreventes",0,126.78726921,1,0,0,0,0,0,NA,8885601.06139261,0
2017,4,"2017-T4","5161","Astrólogos, adivinhos e afins",0,1568.22630977,3,0,0,0,0,0,NA,8885601.06139261,0
2017,4,"2017-T4","5162","Acompanhantes e criados particulares",0,323.19279815,2,0,0,0,0,0,NA,8885601.06139261,0
2017,4,"2017-T4","5168","Trabalhadores do sexo",0,5907.26631788,16,0,0,0,0,0,NA,8885601.06139261,0
2017,4,"2017-T4","6129","Outros criadores e trabalhadores qualificados da pecuária não classificados anteriormente",0,2765.21973147,9,0,0,0,0,0,NA,8885601.06139261,0
2017,4,"2017-T4","6130","Produtores e trabalhadores qualificados de exploração agropecuária mista",0,15816.43888253,92,0,0,0,0,0,NA,8885601.06139261,0
2017,4,"2017-T4","6225","Pescadores",0,342363.84831293,1577,0,0,0,0,0,NA,8885601.06139261,0
2017,4,"2017-T4","7114","Trabalhadores em cimento e concreto armado",0,15337.04317632,35,0,0,0,0,0,NA,8885601.06139261,0
2017,4,"2017-T4","7121","Telhadores",0,38128.43425316,58,0,0,0,0,0,NA,8885601.06139261,0
2017,4,"2017-T4","7124","Instaladores de material isolante térmico e acústico",0,7921.75860524,23,0,0,0,0,0,NA,8885601.06139261,0
2017,4,"2017-T4","7133","Limpadores de fachadas",0,887.32522943,1,0,0,0,0,0,NA,8885601.06139261,0
2017,4,"2017-T4","7214","Montadores de estruturas metálicas",0,121448.88381913,267,0,0,0,0,0,NA,8885601.06139261,0
2017,4,"2017-T4","7215","Aparelhadores e emendadores de cabos",0,4536.31487917,14,0,0,0,0,0,NA,8885601.06139261,0
2017,4,"2017-T4","7224","Polidores de metais e afiadores de ferramentas",0,19271.49630105,49,0,0,0,0,0,NA,8885601.06139261,0
2017,4,"2017-T4","7234","Reparadores de bicicletas e afins",0,48450.65399548,125,0,0,0,0,0,NA,8885601.06139261,0
2017,4,"2017-T4","7315","Cortadores, polidores, jateadores e gravadores de vidros e afins",0,7827.80139209,15,0,0,0,0,0,NA,8885601.06139261,0
2017,4,"2017-T4","7521","Trabalhadores de tratamento e preparação da madeira",0,931.106913,4,0,0,0,0,0,NA,8885601.06139261,0
2017,4,"2017-T4","7541","Trabalhadores subaquáticos",0,1232.68902734,5,0,0,0,0,0,NA,8885601.06139261,0
2017,4,"2017-T4","7542","Dinamitadores e detonadores",0,4151.42864539,13,0,0,0,0,0,NA,8885601.06139261,0
2017,4,"2017-T4","8111","Mineiros e operadores de máquinas e de instalações em minas e pedreiras",0,4116.80412585,10,0,0,0,0,0,NA,8885601.06139261,0
2017,4,"2017-T4","8114","Operadores de máquinas para fabricar cimento, pedras e outros produtos minerais",0,16548.90933432,41,0,0,0,0,0,NA,8885601.06139261,0
2017,4,"2017-T4","8132","Operadores de máquinas para fabricar produtos fotográficos",0,1967.90009094,8,0,0,0,0,0,NA,8885601.06139261,0
2017,4,"2017-T4","8155","Operadores de máquinas de processamento de couros e peles",0,4056.38482863,10,0,0,0,0,0,NA,8885601.06139261,0
2017,4,"2017-T4","8157","Operadores de máquinas de lavar, tingir e passar roupas",0,22716.43536741,53,0,0,0,0,0,NA,8885601.06139261,0
2017,4,"2017-T4","8159","Operadores de máquinas para fabricar produtos têxteis e artigos de couro e pele não classificados anteriormente",0,3466.48926561,11,0,0,0,0,0,NA,8885601.06139261,0
2017,4,"2017-T4","8182","Operadores de máquinas de vapor e caldeiras",0,44844.11685903,94,0,0,0,0,0,NA,8885601.06139261,0
2017,4,"2017-T4","8312","Guarda-freios e agentes de manobras",0,4415.1439689,9,0,0,0,0,0,NA,8885601.06139261,0
2017,4,"2017-T4","9123","Limpadores de janelas",0,1617.18148249,2,0,0,0,0,0,NA,8885601.06139261,0
2017,4,"2017-T4","9214","Trabalhadores elementares da jardinagem e horticultura",0,48826.19121852,124,0,0,0,0,0,NA,8885601.06139261,0
2017,4,"2017-T4","9331","Condutores de veículos acionados a pedal ou a braços",0,27233.61962645,65,0,0,0,0,0,NA,8885601.06139261,0
2017,4,"2017-T4","9332","Condutores de veículos e máquinas de tração animal",0,20117.79527452,66,0,0,0,0,0,NA,8885601.06139261,0
2017,4,"2017-T4","9624","Carregadores de água e coletores de lenha",0,4446.6918646,9,0,0,0,0,0,NA,8885601.06139261,0
2018,4,"2018-T4","4110","Escriturários gerais",0,3580881.98085562,8583,1164231.09474395,2906,1164231.09474395,2906,32.5124,100,9411822.18910423,12.3699
2018,4,"2018-T4","5221","Comerciantes de lojas",0,3166959.32558548,8439,456191.40225206,1010,456191.40225206,1010,14.4047,100,9411822.18910423,4.847
2018,4,"2018-T4","5223","Balconistas e vendedores de lojas",0,3477609.84828793,7777,306818.46348216,694,306818.46348216,694,8.8227,100,9411822.18910423,3.2599
2018,4,"2018-T4","1219","Dirigentes de administração e de serviços não classificados anteriormente",0,565858.13797732,1227,297676.13903204,655,297676.13903204,655,52.6061,100,9411822.18910423,3.1628
2018,4,"2018-T4","1221","Dirigentes de vendas e  comercialização",0,530577.71547199,941,289891.75597225,468,289891.75597225,468,54.637,100,9411822.18910423,3.0801
2018,4,"2018-T4","5243","Vendedores a domicilio",0,1691681.64127204,4416,213194.59033212,488,213194.59033212,488,12.6025,100,9411822.18910423,2.2652
2018,4,"2018-T4","3411","Profissionais de nível médio do direito e serviços legais e afins",0,402198.19283249,909,197059.38231329,462,197059.38231329,462,48.9956,100,9411822.18910423,2.0937
2018,4,"2018-T4","1211","Dirigentes financeiros",0,391667.27881964,896,195166.31037794,435,195166.31037794,435,49.8296,100,9411822.18910423,2.0736
2018,4,"2018-T4","1420","Gerentes de comércios atacadistas e varejistas",0,618050.69312708,1447,169549.62963797,388,169549.62963797,388,27.433,100,9411822.18910423,1.8015
2018,4,"2018-T4","1346","Gerentes de sucursais de bancos, de serviços financeiros e de seguros",0,199164.60732981,366,162377.42699321,300,162377.42699321,300,81.5293,100,9411822.18910423,1.7252
2018,4,"2018-T4","4120","Secretários (geral)",0,521916.97041261,1289,157394.00557068,404,157394.00557068,404,30.1569,100,9411822.18910423,1.6723
2018,4,"2018-T4","2431","Profissionais da publicidade e da comercialização",0,210032.17933709,374,153221.97487441,248,153221.97487441,248,72.9517,100,9411822.18910423,1.628
2018,4,"2018-T4","3423","Instrutores de educação física e atividades recreativas",0,215078.77321019,485,148918.32612528,321,148918.32612528,321,69.239,100,9411822.18910423,1.5822
2018,4,"2018-T4","4226","Recepcionistas em geral",0,948890.27925379,2093,143535.24384308,335,143535.24384308,335,15.1266,100,9411822.18910423,1.5251
2018,4,"2018-T4","0412","Graduados e praças da polícia militar",0,386482.48845005,931,137428.32806851,342,137428.32806851,342,35.5587,100,9411822.18910423,1.4602
2018,4,"2018-T4","3221","Profissionais de nível médio de enfermagem",0,911873.85463332,2156,128507.91083097,354,128507.91083097,354,14.0927,100,9411822.18910423,1.3654
2018,4,"2018-T4","8322","Condutores de automóveis, taxis e caminhonetes",0,1757819.12528413,4177,121482.17368322,269,121482.17368322,269,6.911,100,9411822.18910423,1.2907
2018,4,"2018-T4","3334","Agentes imobiliários",0,272177.33481258,626,111551.16695069,229,111551.16695069,229,40.9847,100,9411822.18910423,1.1852
2018,4,"2018-T4","3341","Supervisores de secretaria",0,269386.27449085,579,102565.71400051,219,102565.71400051,219,38.0738,100,9411822.18910423,1.0898
2018,4,"2018-T4","1120","Diretores gerais e gerentes gerais",0,149761.38696839,283,93028.71335473,164,93028.71335473,164,62.118,100,9411822.18910423,0.9884
2018,4,"2018-T4","5142","Especialistas em tratamento de beleza e afins",0,1048813.18991545,2284,91760.88731316,193,91760.88731316,193,8.749,100,9411822.18910423,0.975
2018,4,"2018-T4","3513","Técnicos de redes e sistemas de computadores",0,206455.84775421,440,77692.92628654,143,77692.92628654,143,37.6317,100,9411822.18910423,0.8255
2018,4,"2018-T4","3253","Trabalhadores comunitários da saúde",0,429167.31328341,1377,76271.75550451,225,76271.75550451,225,17.772,100,9411822.18910423,0.8104
2018,4,"2018-T4","5230","Caixas e expedidores de bilhetes",0,1069452.25182421,2320,76169.03390514,181,76169.03390514,181,7.1222,100,9411822.18910423,0.8093
2018,4,"2018-T4","1321","Dirigentes de indústria de transformação",0,210730.72212344,467,76046.26176153,152,76046.26176153,152,36.0869,100,9411822.18910423,0.808
2018,4,"2018-T4","3343","Secretários executivos e administrativos",0,159545.83202792,417,75527.93539235,200,75527.93539235,200,47.3393,100,9411822.18910423,0.8025
2018,4,"2018-T4","4321","Trabalhadores de controle de abastecimento e estoques",0,779577.08417191,1593,75066.50239599,132,75066.50239599,132,9.6291,100,9411822.18910423,0.7976
2018,4,"2018-T4","1212","Dirigentes de recursos humanos",0,109495.49373179,241,74158.738259,153,74158.738259,153,67.7277,100,9411822.18910423,0.7879
2018,4,"2018-T4","5120","Cozinheiros",0,1455656.04999594,3760,73094.90553885,200,73094.90553885,200,5.0214,100,9411822.18910423,0.7766
2018,4,"2018-T4","4311","Trabalhadores de contabilidade e cálculo de custos",0,220826.98052307,451,69559.69025159,155,69559.69025159,155,31.4996,100,9411822.18910423,0.7391
2018,4,"2018-T4","1412","Gerentes de restaurantes",0,269288.30883892,581,69547.99992806,142,69547.99992806,142,25.8266,100,9411822.18910423,0.7389
2018,4,"2018-T4","3322","Representantes comerciais",0,298755.61895314,605,69298.0148574,142,69298.0148574,142,23.1956,100,9411822.18910423,0.7363
2018,4,"2018-T4","5141","Cabeleireiros",0,1182694.352312,2703,68193.23721618,158,68193.23721618,158,5.7659,100,9411822.18910423,0.7245
2018,4,"2018-T4","4211","Caixas de banco e afins",0,94665.68756303,182,66072.26239894,126,66072.26239894,126,69.7954,100,9411822.18910423,0.702
2018,4,"2018-T4","3332","Organizadores de conferências e eventos",0,216623.70110566,441,64510.07989698,124,64510.07989698,124,29.7798,100,9411822.18910423,0.6854
2018,4,"2018-T4","9112","Trabalhadores de limpeza de interior de edifícios, escritórios, hotéis e outros estabelecimentos",0,2469965.35256491,6161,63794.38714611,186,63794.38714611,186,2.5828,100,9411822.18910423,0.6778
2018,4,"2018-T4","5311","Cuidadores de crianças",0,932779.51194842,2123,63504.87938993,138,63504.87938993,138,6.8081,100,9411822.18910423,0.6747
2018,4,"2018-T4","4222","Trabalhadores de centrais de atendimento",0,501189.72034686,921,62746.63101503,121,62746.63101503,121,12.5195,100,9411822.18910423,0.6667
2018,4,"2018-T4","5312","Ajudantes de professores",0,295695.00647346,704,61859.37613006,139,61859.37613006,139,20.92,100,9411822.18910423,0.6573
2018,4,"2018-T4","5414","Guardas de segurança",0,1324058.67669923,3258,61714.62776864,146,61714.62776864,146,4.661,100,9411822.18910423,0.6557
2018,4,"2018-T4","7512","Padeiros, confeiteiros e afins",0,890498.50320304,2077,61594.7805325,129,61594.7805325,129,6.9169,100,9411822.18910423,0.6544
2018,4,"2018-T4","5412","Policiais",0,131728.01228347,348,59079.6464483,174,59079.6464483,174,44.8497,100,9411822.18910423,0.6277
2018,4,"2018-T4","2636","Ministros de cultos religiosos, missionários e afins",0,130551.11850303,322,58281.64856894,122,58281.64856894,122,44.6428,100,9411822.18910423,0.6192
2018,4,"2018-T4","6111","Agricultores e trabalhadores qualificados em atividades da agricultura (exclusive hortas, viveiros e jardins)",0,2603778.25842913,11677,57737.45504258,188,57737.45504258,188,2.2174,100,9411822.18910423,0.6135
2018,4,"2018-T4","3321","Agentes de seguros",0,127809.40851377,223,57609.42424573,90,57609.42424573,90,45.0745,100,9411822.18910423,0.6121
2018,4,"2018-T4","3313","Contabilistas e guarda livros",0,192010.87692494,410,55529.02759669,112,55529.02759669,112,28.9197,100,9411822.18910423,0.59
2018,4,"2018-T4","7112","Pedreiros",0,2890626.44431014,7142,54650.30546832,96,54650.30546832,96,1.8906,100,9411822.18910423,0.5807
2018,4,"2018-T4","2353","Outros professores de idiomas",0,87942.86903836,162,54616.70586497,101,54616.70586497,101,62.1048,100,9411822.18910423,0.5803
2018,4,"2018-T4","3257","Inspetores de saúde laboral, ambiental e afins",0,142855.77651662,319,53868.77569015,112,53868.77569015,112,37.7085,100,9411822.18910423,0.5724
2018,4,"2018-T4","6121","Criadores de gado e trabalhadores qualificados da criação de gado",0,1489496.56522623,8274,52700.11344558,215,52700.11344558,215,3.5381,100,9411822.18910423,0.5599
2018,4,"2018-T4","0210","Graduados e praças das forças armadas",0,285782.04502369,723,49183.84518786,116,49183.84518786,116,17.2103,100,9411822.18910423,0.5226
2018,4,"2018-T4","1112","Dirigentes superiores da administração pública",0,89218.76790696,249,47967.82575952,133,47967.82575952,133,53.7643,100,9411822.18910423,0.5097
2018,4,"2018-T4","5249","Vendedores não classificados anteriormente",0,374576.11671307,970,47176.47258397,101,47176.47258397,101,12.5946,100,9411822.18910423,0.5012
2018,4,"2018-T4","3355","Inspetores de polícia e detetives",0,54872.06911119,138,45535.27583445,110,45535.27583445,110,82.9844,100,9411822.18910423,0.4838
2018,4,"2018-T4","3323","Agentes de compras",0,93977.94567463,168,45110.14039274,77,45110.14039274,77,48.0008,100,9411822.18910423,0.4793
2018,4,"2018-T4","2433","Profissionais de vendas técnicas e médicas (exclusive tic)",0,102155.44537133,198,44561.28119681,83,44561.28119681,83,43.6211,100,9411822.18910423,0.4735
2018,4,"2018-T4","5413","Guardiões de presídios",0,95139.46437527,233,42837.99744935,110,42837.99744935,110,45.0265,100,9411822.18910423,0.4552
2018,4,"2018-T4","2166","Desenhistas gráficos e de multimídia",0,95068.29405785,207,42277.94357085,94,42277.94357085,94,44.4711,100,9411822.18910423,0.4492
2018,4,"2018-T4","3311","Agentes e corretores de bolsa, câmbio e outros serviços financeiros",0,67743.06593863,149,41773.20912643,94,41773.20912643,94,61.6642,100,9411822.18910423,0.4438
2018,4,"2018-T4","3112","Técnicos em engenharia civil",0,132702.19095126,291,40562.31704614,75,40562.31704614,75,30.5664,100,9411822.18910423,0.431
2018,4,"2018-T4","2354","Outros professores de música",0,84118.04526298,139,37467.0858265,49,37467.0858265,49,44.5411,100,9411822.18910423,0.3981
2018,4,"2018-T4","5222","Supervisores de lojas",0,174992.73708787,378,36543.43497675,73,36543.43497675,73,20.8828,100,9411822.18910423,0.3883
2018,4,"2018-T4","3431","Fotógrafos",0,122093.10847545,282,35335.15527297,72,35335.15527297,72,28.9412,100,9411822.18910423,0.3754
2018,4,"2018-T4","1213","Dirigentes de políticas e planejamento",0,45305.99851552,71,35043.42407979,47,35043.42407979,47,77.3483,100,9411822.18910423,0.3723
2018,4,"2018-T4","4312","Trabalhadores de serviços estatísticos, financeiros e de seguros",0,65262.33678242,110,34599.91766873,69,34599.91766873,69,53.0167,100,9411822.18910423,0.3676
2018,4,"2018-T4","5153","Porteiros e zeladores",0,797659.10860045,1767,33540.07220046,72,33540.07220046,72,4.2048,100,9411822.18910423,0.3564
2018,4,"2018-T4","3512","Técnicos em assistência ao usuário de tecnologia da informação e das comunicações",0,106696.60274399,239,32508.29248818,68,32508.29248818,68,30.468,100,9411822.18910423,0.3454
2018,4,"2018-T4","7231","Mecânicos e reparadores de veículos a motor",0,1151950.82510402,2831,31723.11967377,67,31723.11967377,67,2.7539,100,9411822.18910423,0.3371
2018,4,"2018-T4","4221","Trabalhadores de agências de viagem",0,60805.59710159,133,31557.361425,57,31557.361425,57,51.8988,100,9411822.18910423,0.3353
2018,4,"2018-T4","5244","Vendedores por telefone",0,90125.69169649,171,31114.63246509,50,31114.63246509,50,34.5236,100,9411822.18910423,0.3306
2018,4,"2018-T4","9111","Trabalhadores dos serviços domésticos em geral",0,4594927.63018409,12167,31033.59987285,93,31033.59987285,93,0.6754,100,9411822.18910423,0.3297
2018,4,"2018-T4","7543","Classificadores e provadores de produtos (exceto de bebidas e alimentos)",0,151486.22211986,323,29692.59634318,58,29692.59634318,58,19.6009,100,9411822.18910423,0.3155
2018,4,"2018-T4","1439","Gerentes de serviços não classificados anteriormente",0,69513.08124204,134,29622.72201178,57,29622.72201178,57,42.6146,100,9411822.18910423,0.3147
2018,4,"2018-T4","3511","Técnicos em operações de tecnologia da informação e das comunicações",0,132306.08712714,270,29149.64450815,60,29149.64450815,60,22.032,100,9411822.18910423,0.3097
2018,4,"2018-T4","7318","Artesãos de tecidos, couros e materiais semelhantes",0,291998.23618631,733,29138.65274697,62,29138.65274697,62,9.9791,100,9411822.18910423,0.3096
2018,4,"2018-T4","3113","Eletrotécnicos",0,184246.78525931,401,28256.05367627,63,28256.05367627,63,15.336,100,9411822.18910423,0.3002
2018,4,"2018-T4","2652","Músicos, cantores e compositores",0,133924.21297364,286,27881.02789829,49,27881.02789829,49,20.8185,100,9411822.18910423,0.2962
2018,4,"2018-T4","3122","Supervisores de indústrias de transformação",0,154060.71254245,329,27382.32573382,56,27382.32573382,56,17.7737,100,9411822.18910423,0.2909
2018,4,"2018-T4","7233","Mecânicos e reparadores de máquinas agrícolas e industriais",0,439783.90706933,1030,27223.77391278,64,27223.77391278,64,6.1903,100,9411822.18910423,0.2893
2018,4,"2018-T4","3119","Técnicos em ciências físicas e da engenharia não classificados anteriormente",0,99667.63172417,209,25982.15472952,59,25982.15472952,59,26.0688,100,9411822.18910423,0.2761
2018,4,"2018-T4","1324","Dirigentes de empresas de abastecimento, distribuição e afins",0,70847.90838298,130,25467.28310421,49,25467.28310421,49,35.9464,100,9411822.18910423,0.2706
2018,4,"2018-T4","3123","Supervisores da construção",0,133615.82433056,286,25248.52421592,34,25248.52421592,34,18.8964,100,9411822.18910423,0.2683
2018,4,"2018-T4","0512","Graduados e praças do corpo de bombeiros",0,55017.62967567,145,25006.50062909,68,25006.50062909,68,45.4518,100,9411822.18910423,0.2657
2018,4,"2018-T4","3412","Trabalhadores e assistentes sociais de nível médio",0,87575.15100086,234,24025.29349505,67,24025.29349505,67,27.4339,100,9411822.18910423,0.2553
2018,4,"2018-T4","7522","Marceneiros e afins",0,347056.89533597,809,23894.13159767,46,23894.13159767,46,6.8848,100,9411822.18910423,0.2539
2018,4,"2018-T4","3352","Agentes da administração tributária",0,34369.5949813,87,23807.77543596,60,23807.77543596,60,69.2699,100,9411822.18910423,0.253
2018,4,"2018-T4","8332","Condutores de caminhões pesados",0,1531292.52026071,3692,23741.49996862,72,23741.49996862,72,1.5504,100,9411822.18910423,0.2523
2018,4,"2018-T4","3339","Agentes de serviços comerciais não classificados anteriormente",0,87672.51099539,204,23200.67243793,48,23200.67243793,48,26.4629,100,9411822.18910423,0.2465
2018,4,"2018-T4","5322","Trabalhadores de cuidados pessoais a domicílios",0,578880.14978616,1352,22887.37246955,53,22887.37246955,53,3.9537,100,9411822.18910423,0.2432
2018,4,"2018-T4","2641","Escritores",0,33001.43637775,72,22721.82009005,47,22721.82009005,47,68.851,100,9411822.18910423,0.2414
2018,4,"2018-T4","1222","Dirigentes de publicidade e relações públicas",0,31309.91676123,60,22669.78493745,40,22669.78493745,40,72.4045,100,9411822.18910423,0.2409
2018,4,"2018-T4","3211","Técnicos em aparelhos de diagnóstico e tratamento médico",0,63581.84528086,148,21764.90963226,55,21764.90963226,55,34.2313,100,9411822.18910423,0.2313
2018,4,"2018-T4","7531","Alfaiates, modistas, chapeleiros e peleteiros",0,569171.81743827,1534,21625.77966131,67,21625.77966131,67,3.7995,100,9411822.18910423,0.2298
2018,4,"2018-T4","3114","Técnicos em eletrônica",0,168412.12662831,339,21612.93305242,47,21612.93305242,47,12.8334,100,9411822.18910423,0.2296
2018,4,"2018-T4","3432","Desenhistas e decoradores de interiores",0,45012.93757536,85,20960.24747877,35,20960.24747877,35,46.5649,100,9411822.18910423,0.2227
2018,4,"2018-T4","3521","Técnicos de radiodifusão e gravação audiovisual",0,72080.04793837,155,20740.19417677,40,20740.19417677,40,28.7738,100,9411822.18910423,0.2204
2018,4,"2018-T4","5211","Vendedores de quiosques e postos de mercados",0,648898.18110663,1805,20625.85488528,53,20625.85488528,53,3.1786,100,9411822.18910423,0.2191
2018,4,"2018-T4","3115","Técnicos em engenharia mecânica",0,148455.62897809,369,20152.5125079,45,20152.5125079,45,13.5748,100,9411822.18910423,0.2141
2018,4,"2018-T4","5246","Balconistas dos serviços de alimentação",0,447061.73839527,946,19570.52572274,32,19570.52572274,32,4.3776,100,9411822.18910423,0.2079
2018,4,"2018-T4","1311","Dirigentes de produção agropecuária e silvicultura",0,76647.56588491,295,19421.9003018,56,19421.9003018,56,25.3392,100,9411822.18910423,0.2064
2018,4,"2018-T4","9329","Trabalhadores elementares da indústria de transformação não classificados anteriormente",0,551577.48874028,1075,19379.49387438,26,19379.49387438,26,3.5135,100,9411822.18910423,0.2059
2018,4,"2018-T4","2355","Outros professores de artes",0,46711.09642479,116,18811.81390782,40,18811.81390782,40,40.2727,100,9411822.18910423,0.1999
2018,4,"2018-T4","3116","Técnicos em química industrial",0,55834.49647112,93,18462.02977739,29,18462.02977739,29,33.0656,100,9411822.18910423,0.1962
2018,4,"2018-T4","3212","Técnicos de laboratórios médicos",0,49151.21051771,131,18252.77349393,42,18252.77349393,42,37.136,100,9411822.18910423,0.1939
2018,4,"2018-T4","9520","Vendedores ambulantes (exclusive de serviços de alimentação)",0,388890.86825709,972,18072.94143765,50,18072.94143765,50,4.6473,100,9411822.18910423,0.192
2018,4,"2018-T4","3255","Técnicos e assistentes fisioterapeutas",0,51123.47781362,111,17433.30450312,34,17433.30450312,34,34.1004,100,9411822.18910423,0.1852
2018,4,"2018-T4","7223","Reguladores e operadores de máquinas-ferramentas",0,287465.5330403,517,17042.27888959,22,17042.27888959,22,5.9285,100,9411822.18910423,0.1811
2018,4,"2018-T4","3342","Secretários jurídicos",0,26940.70581888,50,16818.18670354,33,16818.18670354,33,62.4267,100,9411822.18910423,0.1787
2018,4,"2018-T4","3522","Técnicos de engenharia de telecomunicações",0,72275.03412566,136,16626.908496,29,16626.908496,29,23.0051,100,9411822.18910423,0.1767
2018,4,"2018-T4","4412","Trabalhadores de serviços de correios",0,58649.59672729,144,16373.82860487,35,16373.82860487,35,27.9181,100,9411822.18910423,0.174
2018,4,"2018-T4","7422","Instaladores e reparadores em tecnologias da informação e comunicações",0,163152.60249054,368,15824.67941944,36,15824.67941944,36,9.6993,100,9411822.18910423,0.1681
2018,4,"2018-T4","7317","Artesãos de pedra, madeira, vime e materiais semelhantes",0,108206.44428269,310,15780.77833932,25,15780.77833932,25,14.584,100,9411822.18910423,0.1677
2018,4,"2018-T4","2654","Diretores de cinema, de teatro e afins",0,25733.86756834,44,15706.75534869,28,15706.75534869,28,61.0353,100,9411822.18910423,0.1669
2018,4,"2018-T4","3118","Desenhistas e projetistas técnicos",0,75848.11040348,137,15694.87212291,26,15694.87212291,26,20.6925,100,9411822.18910423,0.1668
2018,4,"2018-T4","3312","Agentes de empréstimos e financiamento",0,29648.4564891,63,15360.97601612,29,15360.97601612,29,51.8104,100,9411822.18910423,0.1632
2018,4,"2018-T4","1431","Gerentes de centros esportivos,  de diversão e culturais",0,28052.05511189,63,15121.87687018,33,15121.87687018,33,53.9065,100,9411822.18910423,0.1607
2018,4,"2018-T4","7533","Costureiros, bordadeiros e afins",0,144719.59704165,381,14934.88767956,30,14934.88767956,30,10.3199,100,9411822.18910423,0.1587
2018,4,"2018-T4","8331","Condutores de ônibus e bondes",0,498136.87737161,1181,14925.29899764,38,14925.29899764,38,2.9962,100,9411822.18910423,0.1586
2018,4,"2018-T4","6112","Agricultores e trabalhadores qualificados no cultivo de hortas, viveiros e jardins",0,597296.19500159,2187,14796.5200926,40,14796.5200926,40,2.4773,100,9411822.18910423,0.1572
2018,4,"2018-T4","4225","Trabalhadores dos serviços de informações",0,68100.1659759,158,14787.26810745,33,14787.26810745,33,21.714,100,9411822.18910423,0.1571
2018,4,"2018-T4","9334","Repositores de prateleiras",0,553371.20383096,1210,14786.59347566,29,14786.59347566,29,2.6721,100,9411822.18910423,0.1571
2018,4,"2018-T4","3142","Técnicos agropecuários",0,37057.81090861,116,14768.68869658,41,14768.68869658,41,39.8531,100,9411822.18910423,0.1569
2018,4,"2018-T4","7412","Mecânicos e ajustadores eletricistas",0,313090.18304246,722,14225.0827006,35,14225.0827006,35,4.5434,100,9411822.18910423,0.1511
2018,4,"2018-T4","2643","Tradutores, intérpretes e linguistas",0,18099.06342527,43,13679.15347081,29,13679.15347081,29,75.5793,100,9411822.18910423,0.1453
2018,4,"2018-T4","7319","Artesãos não classificados anteriormente",0,47512.29574372,120,13290.56578058,24,13290.56578058,24,27.9729,100,9411822.18910423,0.1412
2018,4,"2018-T4","1323","Dirigentes de empresas de construção",0,40007.80613001,70,13205.33524933,24,13205.33524933,24,33.0069,100,9411822.18910423,0.1403
2018,4,"2018-T4","1411","Gerentes de hotéis",0,40168.61730106,119,13191.88626221,43,13191.88626221,43,32.8413,100,9411822.18910423,0.1402
2018,4,"2018-T4","8153","Operadores de máquinas de costura",0,721703.32796817,1683,13000.31653168,35,13000.31653168,35,1.8013,100,9411822.18910423,0.1381
2018,4,"2018-T4","9412","Ajudantes de cozinha",0,616989.90005604,1386,12977.27551494,38,12977.27551494,38,2.1033,100,9411822.18910423,0.1379
2018,4,"2018-T4","5164","Cuidadores de animais",0,112292.10411031,265,12644.54767321,23,12644.54767321,23,11.2604,100,9411822.18910423,0.1343
2018,4,"2018-T4","8321","Condutores de motocicletas",0,663760.29477359,1551,12583.55981071,23,12583.55981071,23,1.8958,100,9411822.18910423,0.1337
2018,4,"2018-T4","5419","Trabalhadores dos serviços de proteção e segurança não classificados anteriormente",0,68145.7246485,120,12271.66364367,31,12271.66364367,31,18.008,100,9411822.18910423,0.1304
2018,4,"2018-T4","1111","Legisladores",0,43348.72749846,140,12042.41502646,38,12042.41502646,38,27.7803,100,9411822.18910423,0.1279
2018,4,"2018-T4","2651","Artistas plásticos",0,27156.95504613,57,11937.99444766,19,11937.99444766,19,43.9593,100,9411822.18910423,0.1268
2018,4,"2018-T4","7111","Construtores de casas",0,59271.80088401,139,11809.39763581,28,11809.39763581,28,19.9241,100,9411822.18910423,0.1255
2018,4,"2018-T4","3153","Pilotos de aviação e afins",0,16969.18122072,34,11592.8295518,24,11592.8295518,24,68.317,100,9411822.18910423,0.1232
2018,4,"2018-T4","7411","Eletricistas de obras e afins",0,403352.15178746,875,11540.83244119,30,11540.83244119,30,2.8612,100,9411822.18910423,0.1226
2018,4,"2018-T4","3331","Despachantes aduaneiros",0,19678.73233614,31,11518.64141859,14,11518.64141859,14,58.5335,100,9411822.18910423,0.1224
2018,4,"2018-T4","3344","Secretários de medicina",0,76511.44287985,162,11138.07759222,26,11138.07759222,26,14.5574,100,9411822.18910423,0.1183
2018,4,"2018-T4","4229","Trabalhadores de serviços de informação ao cliente não classificados anteriormente",0,69092.89306013,168,11110.81649306,30,11110.81649306,30,16.081,100,9411822.18910423,0.1181
2018,4,"2018-T4","1341","Dirigentes de serviços de cuidados infantis",0,13637.83023597,34,11019.57042078,28,11019.57042078,28,80.8015,100,9411822.18910423,0.1171
2018,4,"2018-T4","5131","Garçons",0,471516.12414098,1100,10886.05744257,33,10886.05744257,33,2.3087,100,9411822.18910423,0.1157
2018,4,"2018-T4","8344","Operadores de empilhadeiras",0,239139.84377102,431,10875.97452221,17,10875.97452221,17,4.548,100,9411822.18910423,0.1156
2018,4,"2018-T4","3422","Treinadores, instrutores e árbitros de atividades esportivas",0,31130.6174691,66,10847.3460488,23,10847.3460488,23,34.8446,100,9411822.18910423,0.1153
2018,4,"2018-T4","3434","Chefes de cozinha",0,34868.79564817,82,10501.17698235,24,10501.17698235,24,30.1163,100,9411822.18910423,0.1116
2018,4,"2018-T4","9333","Carregadores",0,707600.00142353,1706,10077.20234585,27,10077.20234585,27,1.4241,100,9411822.18910423,0.1071
2018,4,"2018-T4","7131","Pintores e empapeladores",0,704221.44109869,1520,9760.42966934,20,9760.42966934,20,1.386,100,9411822.18910423,0.1037
2018,4,"2018-T4","9313","Trabalhadores elementares da construção de edifícios",0,1629018.79609113,4054,9673.29202673,24,9673.29202673,24,0.5938,100,9411822.18910423,0.1028
2018,4,"2018-T4","8212","Montadores de equipamentos elétricos e eletrônicos",0,87993.73454794,173,9361.42729187,7,9361.42729187,7,10.6387,100,9411822.18910423,0.0995
2018,4,"2018-T4","5329","Trabalhadores de cuidados pessoais nos serviços de saúde não classificados anteriormente",0,52557.48728542,124,9061.31664383,18,9061.31664383,18,17.2408,100,9411822.18910423,0.0963
2018,4,"2018-T4","3117","Técnicos em engenharia de minas e metalurgia",0,35525.20323707,63,8950.52944804,13,8950.52944804,13,25.1949,100,9411822.18910423,0.0951
2018,4,"2018-T4","4416","Trabalhadores do serviço de pessoal",0,26224.73775572,57,8772.52640161,20,8772.52640161,20,33.4513,100,9411822.18910423,0.0932
2018,4,"2018-T4","3359","Agentes da administração pública para aplicação da lei e afins não classificados anteriormente",0,16219.22112767,52,8698.35384669,25,8698.35384669,25,53.6299,100,9411822.18910423,0.0924
2018,4,"2018-T4","5212","Vendedores ambulantes de serviços de alimentação",0,421052.69250818,1087,8600.82308568,24,8600.82308568,24,2.0427,100,9411822.18910423,0.0914
2018,4,"2018-T4","5242","Demonstradores de lojas",0,90064.66730669,190,8357.97440873,15,8357.97440873,15,9.28,100,9411822.18910423,0.0888
2018,4,"2018-T4","7314","Ceramistas e afins (preparação e fabricação)",0,109476.31387223,281,8326.73482609,11,8326.73482609,11,7.606,100,9411822.18910423,0.0885
2018,4,"2018-T4","3353","Agentes de serviços de seguridade social",0,10447.89438247,31,8284.04625728,24,8284.04625728,24,79.2891,100,9411822.18910423,0.088
2018,4,"2018-T4","3251","Dentistas auxiliares e ajudantes de odontologia",0,92195.26616634,218,8175.00819979,23,8175.00819979,23,8.8671,100,9411822.18910423,0.0869
2018,4,"2018-T4","8160","Operadores de máquinas para elaborar alimentos e produtos afins",0,268768.75874751,990,8059.66996797,18,8059.66996797,18,2.9987,100,9411822.18910423,0.0856
2018,4,"2018-T4","4323","Trabalhadores de serviços de transporte",0,51274.98630547,94,7806.58860713,17,7806.58860713,17,15.2249,100,9411822.18910423,0.0829
2018,4,"2018-T4","5245","Frentistas de posto de gasolina",0,294545.91196942,689,7758.38223099,13,7758.38223099,13,2.634,100,9411822.18910423,0.0824
2018,4,"2018-T4","7213","Chapistas e caldeireiros",0,438213.1812248,967,7546.17769369,21,7546.17769369,21,1.722,100,9411822.18910423,0.0802
2018,4,"2018-T4","4224","Recepcionistas de hotéis",0,59977.88757358,136,7138.00832748,14,7138.00832748,14,11.9011,100,9411822.18910423,0.0758
2018,4,"2018-T4","4214","Cobradores e afins",0,62713.95122626,144,7089.95817199,13,7089.95817199,13,11.3052,100,9411822.18910423,0.0753
2018,4,"2018-T4","3230","Profissionais de nível médio de medicina tradicional e alternativa",0,16602.44383421,39,6952.34807566,16,6952.34807566,16,41.8755,100,9411822.18910423,0.0739
2018,4,"2018-T4","3111","Técnicos em ciências físicas e químicas",0,26539.33494865,59,6947.85272637,14,6947.85272637,14,26.1795,100,9411822.18910423,0.0738
2018,4,"2018-T4","3141","Técnicos e profissionais de nível médio em ciências biológicas (exclusive da medicina)",0,17032.58228392,37,6939.40571903,12,6939.40571903,12,40.7419,100,9411822.18910423,0.0737
2018,4,"2018-T4","3213","Técnicos e assistentes farmacêuticos",0,41114.12171711,93,6870.2287007,16,6870.2287007,16,16.7101,100,9411822.18910423,0.073
2018,4,"2018-T4","5112","Fiscais e cobradores de transportes públicos",0,165208.10046704,355,6781.72505431,16,6781.72505431,16,4.105,100,9411822.18910423,0.0721
2018,4,"2018-T4","4415","Trabalhadores de arquivos",0,37515.10484188,81,6523.46690729,15,6523.46690729,15,17.3889,100,9411822.18910423,0.0693
2018,4,"2018-T4","9621","Mensageiros, carregadores de bagagens e entregadores de encomendas",0,252668.61951933,594,6278.40622812,13,6278.40622812,13,2.4848,100,9411822.18910423,0.0667
2018,4,"2018-T4","4411","Trabalhadores de bibliotecas",0,14594.81101049,37,6187.00878581,14,6187.00878581,14,42.3918,100,9411822.18910423,0.0657
2018,4,"2018-T4","5321","Trabalhadores de cuidados pessoais em instituições",0,62462.87962219,129,6064.49881306,12,6064.49881306,12,9.709,100,9411822.18910423,0.0644
2018,4,"2018-T4","5113","Guias de turismo",0,17603.18556306,57,5953.82055623,20,5953.82055623,20,33.8224,100,9411822.18910423,0.0633
2018,4,"2018-T4","4132","Operadores de entrada de dados",0,30527.57010566,80,5897.07801851,20,5897.07801851,20,19.3172,100,9411822.18910423,0.0627
2018,4,"2018-T4","5132","atendentes de bar",0,264651.40552614,645,5740.54083359,17,5740.54083359,17,2.1691,100,9411822.18910423,0.061
2018,4,"2018-T4","5165","Instrutores de autoescola",0,56253.07131692,102,5677.56676941,16,5677.56676941,16,10.0929,100,9411822.18910423,0.0603
2018,4,"2018-T4","7322","Impressores",0,81332.34631343,149,5490.14541913,12,5490.14541913,12,6.7503,100,9411822.18910423,0.0583
2018,4,"2018-T4","4223","Telefonistas",0,48888.93748617,117,5367.85832618,18,5367.85832618,18,10.9797,100,9411822.18910423,0.057
2018,4,"2018-T4","3314","Profissionais de nível médio de serviços estatísticos, matemáticos e afins",0,78818.79992624,154,5313.61083059,15,5313.61083059,15,6.7416,100,9411822.18910423,0.0565
2018,4,"2018-T4","8142","Operadores de máquinas para fabricar produtos de material plástico",0,137391.25339721,246,5248.14680599,9,5248.14680599,9,3.8199,100,9411822.18910423,0.0558
2018,4,"2018-T4","7511","Magarefes e afins",0,455731.46030248,1128,5098.76440031,16,5098.76440031,16,1.1188,100,9411822.18910423,0.0542
2018,4,"2018-T4","4227","Entrevistadores de pesquisas de mercado",0,21497.93129482,42,5065.93492124,10,5065.93492124,10,23.5648,100,9411822.18910423,0.0538
2018,4,"2018-T4","7126","Bombeiros e encanadores",0,138067.07250879,320,4976.06575175,9,4976.06575175,9,3.6041,100,9411822.18910423,0.0529
2018,4,"2018-T4","3152","Capitães, oficiais de coberta e práticos",0,13317.39272681,42,4776.7599207,11,4776.7599207,11,35.8686,100,9411822.18910423,0.0508
2018,4,"2018-T4","9629","Outras ocupações elementares não classificadas anteriormente",0,195710.28508175,539,4757.08954415,9,4757.08954415,9,2.4307,100,9411822.18910423,0.0505
2018,4,"2018-T4","5111","Auxiliares de serviço de bordo",0,11619.86737366,22,4600.29814595,9,4600.29814595,9,39.5899,100,9411822.18910423,0.0489
2018,4,"2018-T4","6122","Avicultores e trabalhadores qualificados da avicultura",0,144396.64990499,710,4547.86075242,15,4547.86075242,15,3.1496,100,9411822.18910423,0.0483
2018,4,"2018-T4","2434","Profissionais de vendas de tecnologia da informação e comunicações",0,15451.21959264,25,4482.28983071,7,4482.28983071,7,29.0093,100,9411822.18910423,0.0476
2018,4,"2018-T4","8211","Mecânicos montadores de maquinaria mecânica",0,111720.06018657,194,4429.19920601,8,4429.19920601,8,3.9646,100,9411822.18910423,0.0471
2018,4,"2018-T4","2656","Locutores de rádio, televisão e outros meios de comunicação",0,28268.64808781,84,4347.67651361,9,4347.67651361,9,15.3799,100,9411822.18910423,0.0462
2018,4,"2018-T4","7212","Soldadores e oxicortadores",0,254974.970337,528,4261.66193225,7,4261.66193225,7,1.6714,100,9411822.18910423,0.0453
2018,4,"2018-T4","4419","Trabalhadores de apoio administrativo não classificados anteriormente",0,20616.35031199,48,4215.77837853,7,4215.77837853,7,20.4487,100,9411822.18910423,0.0448
2018,4,"2018-T4","3214","Técnicos de próteses médicas e dentárias",0,40048.4261769,101,4205.25664652,11,4205.25664652,11,10.5004,100,9411822.18910423,0.0447
2018,4,"2018-T4","7421","Mecânicos e reparadores em eletrônica",0,90814.89026073,196,4102.94806626,7,4102.94806626,7,4.5179,100,9411822.18910423,0.0436
2018,4,"2018-T4","9211","Trabalhadores elementares da agricultura",0,1472978.94422465,5671,3969.17564245,18,3969.17564245,18,0.2695,100,9411822.18910423,0.0422
2018,4,"2018-T4","2655","Atores",0,10579.17398579,19,3950.66703628,8,3950.66703628,8,37.3438,100,9411822.18910423,0.042
2018,4,"2018-T4","4212","Coletores de apostas e de jogos",0,73863.67049099,182,3908.41845315,9,3908.41845315,9,5.2914,100,9411822.18910423,0.0415
2018,4,"2018-T4","7234","Reparadores de bicicletas e afins",0,47306.44627462,140,3883.84978623,6,3883.84978623,6,8.21,100,9411822.18910423,0.0413
2018,4,"2018-T4","3258","Ajudantes de ambulâncias",0,23070.82567956,45,3828.83640489,7,3828.83640489,7,16.596,100,9411822.18910423,0.0407
2018,4,"2018-T4","2653","Bailarinos e coreógrafos",0,7088.67061595,11,3750.63707434,5,3750.63707434,5,52.9103,100,9411822.18910423,0.0399
2018,4,"2018-T4","7119","Outros trabalhadores qualificados e operários da construção não classificados anteriormente",0,126515.56227286,372,3693.7224789,12,3693.7224789,12,2.9196,100,9411822.18910423,0.0392
2018,4,"2018-T4","8341","Operadores de máquinas agrícolas e florestais móveis",0,278486.64792745,1033,3643.91240896,9,3643.91240896,9,1.3085,100,9411822.18910423,0.0387
2018,4,"2018-T4","4322","Trabalhadores de serviços de apoio à produção",0,79528.62183395,162,3552.26467921,7,3552.26467921,7,4.4666,100,9411822.18910423,0.0377
2018,4,"2018-T4","8141","Operadores de máquinas para fabricar produtos de borracha",0,169513.57433686,384,3535.18990779,5,3535.18990779,5,2.0855,100,9411822.18910423,0.0376
2018,4,"2018-T4","9411","Preparadores de comidas rápidas",0,101542.40745704,250,3532.60399736,9,3532.60399736,9,3.4789,100,9411822.18910423,0.0375
2018,4,"2018-T4","3132","Operadores de incineradores, instalações de tratamento de água e afins",0,19897.71070309,43,3301.87953877,9,3301.87953877,9,16.5943,100,9411822.18910423,0.0351
2018,4,"2018-T4","3354","Agentes de serviços de expedição de licenças e permissões",0,5372.51429114,13,3268.28721874,8,3268.28721874,8,60.8335,100,9411822.18910423,0.0347
2018,4,"2018-T4","9611","Coletores de lixo e material reciclável",0,244976.01081364,617,3174.65233044,5,3174.65233044,5,1.2959,100,9411822.18910423,0.0337
2018,4,"2018-T4","3324","Corretores de comercialização",0,6976.48435385,11,3103.33577757,2,3103.33577757,2,44.4828,100,9411822.18910423,0.033
2018,4,"2018-T4","9321","empacotadores manuais",0,195446.44814155,415,3021.41781479,4,3021.41781479,4,1.5459,100,9411822.18910423,0.0321
2018,4,"2018-T4","7515","Trabalhadores da degustação e classificação de alimentos e bebidas",0,16438.52030594,32,2990.25293761,6,2990.25293761,6,18.1905,100,9411822.18910423,0.0318
2018,4,"2018-T4","3259","Profissionais de nível médio da saúde não classificados anteriormente",0,20548.63132618,46,2987.29292396,6,2987.29292396,6,14.5377,100,9411822.18910423,0.0317
2018,4,"2018-T4","3413","Auxiliares leigos de religião",0,7351.26030365,19,2945.09188721,5,2945.09188721,5,40.0624,100,9411822.18910423,0.0313
2018,4,"2018-T4","2356","Instrutores em tecnologias da informação",0,11718.69445313,32,2931.76912071,13,2931.76912071,13,25.0179,100,9411822.18910423,0.0311
2018,4,"2018-T4","3151","Oficiais maquinistas em navegação",0,3397.31221341,5,2886.04582314,3,2886.04582314,3,84.9509,100,9411822.18910423,0.0307
2018,4,"2018-T4","8181","Operadores de instalações de vidraria e cerâmica",0,48687.08648573,104,2852.18995497,3,2852.18995497,3,5.8582,100,9411822.18910423,0.0303
2018,4,"2018-T4","1322","Dirigentes de explorações de mineração",0,5945.92941537,14,2848.42163746,5,2848.42163746,5,47.9054,100,9411822.18910423,0.0303
2018,4,"2018-T4","7313","Joalheiros e lapidadores de gemas, artesãos de metais preciosos e semipreciosos",0,35092.72306563,73,2745.64382463,7,2745.64382463,7,7.824,100,9411822.18910423,0.0292
2018,4,"2018-T4","9612","Classificadores de resíduos",0,255199.20009405,535,2676.39570797,4,2676.39570797,4,1.0487,100,9411822.18910423,0.0284
2018,4,"2018-T4","7413","Instaladores e reparadores de linhas elétricas",0,41635.06485658,93,2615.02236036,5,2615.02236036,5,6.2808,100,9411822.18910423,0.0278
2018,4,"2018-T4","9212","Trabalhadores elementares da pecuária",0,617081.02579748,2958,2490.750147,12,2490.750147,12,0.4036,100,9411822.18910423,0.0265
2018,4,"2018-T4","8311","Maquinistas de locomotivas",0,13039.90264904,19,2457.2804249,3,2457.2804249,3,18.8443,100,9411822.18910423,0.0261
2018,4,"2018-T4","8342","Operadores de máquinas de movimentação de terras e afins",0,195211.96307063,551,2447.81971661,8,2447.81971661,8,1.2539,100,9411822.18910423,0.026
2018,4,"2018-T4","3154","Controladores de tráfego aéreo",0,4405.6332777,7,2436.8636531,2,2436.8636531,2,55.3124,100,9411822.18910423,0.0259
2018,4,"2018-T4","5163","Trabalhadores de funerárias e embalsamadores",0,19813.02107511,48,2435.64781218,5,2435.64781218,5,12.2932,100,9411822.18910423,0.0259
2018,4,"2018-T4","7513","Trabalhadores da pasteurização do leite e fabricação de laticínios e afins",0,85846.95649614,330,2424.47206638,8,2424.47206638,8,2.8242,100,9411822.18910423,0.0258
2018,4,"2018-T4","5241","Modelos de moda, arte e publicidade",0,7100.04460124,17,2382.73591109,3,2382.73591109,3,33.5594,100,9411822.18910423,0.0253
2018,4,"2018-T4","1114","Dirigentes de organizações que apresentam um interesse especial",0,17108.2346514,40,2360.00625477,9,2360.00625477,9,13.7946,100,9411822.18910423,0.0251
2018,4,"2018-T4","8183","Operadores de máquinas de embalagem, engarrafamento e etiquetagem",0,101310.93449324,188,2324.61615015,4,2324.61615015,4,2.2945,100,9411822.18910423,0.0247
2018,4,"2018-T4","6221","Trabalhadores da aquicultura",0,16736.57311629,73,2318.21250696,9,2318.21250696,9,13.8512,100,9411822.18910423,0.0246
2018,4,"2018-T4","3433","Técnicos em galerias de arte, museus e bibliotecas",0,9286.17641048,22,2201.01844785,8,2201.01844785,8,23.7021,100,9411822.18910423,0.0234
2018,4,"2018-T4","8131","Operadores de instalações e máquinas de produtos químicos",0,49931.17478667,88,2168.88942723,3,2168.88942723,3,4.3438,100,9411822.18910423,0.023
2018,4,"2018-T4","4313","Trabalhadores encarregados de folha de pagamento",0,7417.23342469,18,2091.74598688,6,2091.74598688,6,28.2012,100,9411822.18910423,0.0222
2018,4,"2018-T4","8132","Operadores de máquinas para fabricar produtos fotográficos",0,4703.27398788,11,2080.4987847,3,2080.4987847,3,44.2351,100,9411822.18910423,0.0221
2018,4,"2018-T4","7232","Mecânicos e reparadores de motores de avião",0,6295.9714022,16,2034.75734267,4,2034.75734267,4,32.3184,100,9411822.18910423,0.0216
2018,4,"2018-T4","3514","Técnicos da web",0,10298.56212471,21,2008.8316279,4,2008.8316279,4,19.5059,100,9411822.18910423,0.0213
2018,4,"2018-T4","5411","Bombeiros",0,33524.31629747,71,2002.53554441,7,2002.53554441,7,5.9734,100,9411822.18910423,0.0213
2018,4,"2018-T4","9510","Trabalhadores ambulantes dos serviços e afins",0,77369.82556106,194,1986.86255368,5,1986.86255368,5,2.568,100,9411822.18910423,0.0211
2018,4,"2018-T4","7544","Fumigadores e outros controladores de pragas e ervas daninhas",0,26320.53336439,66,1961.35221269,5,1961.35221269,5,7.4518,100,9411822.18910423,0.0208
2018,4,"2018-T4","7312","Confeccionadores e afinadores de instrumentos musicais",0,5316.45518274,9,1946.59530347,1,1946.59530347,1,36.6145,100,9411822.18910423,0.0207
2018,4,"2018-T4","9121","Lavadeiros de roupas e passadeiros manuais",0,69018.44537887,149,1939.2866055,4,1939.2866055,4,2.8098,100,9411822.18910423,0.0206
2018,4,"2018-T4","9122","Lavadores de veículos",0,263578.81776654,620,1937.80528969,8,1937.80528969,8,0.7352,100,9411822.18910423,0.0206
2018,4,"2018-T4","7514","Trabalhadores da conservação de frutas, legumes e similares",0,48020.49104426,174,1899.22913411,7,1899.22913411,7,3.955,100,9411822.18910423,0.0202
2018,4,"2018-T4","8113","Perfuradores e sondadores de poços e afins",0,30305.05616755,54,1880.92173853,3,1880.92173853,3,6.2066,100,9411822.18910423,0.02
2018,4,"2018-T4","1343","Dirigentes de serviços de cuidado a pessoas idosas",0,2416.910684,3,1807.31480447,2,1807.31480447,2,74.7779,100,9411822.18910423,0.0192
2018,4,"2018-T4","8219","Montadores não classificados anteriormente",0,161772.25138869,364,1798.67080112,6,1798.67080112,6,1.1119,100,9411822.18910423,0.0191
2018,4,"2018-T4","3315","Avaliadores",0,3319.96542438,11,1796.12146719,6,1796.12146719,6,54.1006,100,9411822.18910423,0.0191
2018,4,"2018-T4","7125","Vidraceiros",0,63130.64438604,135,1752.80042528,2,1752.80042528,2,2.7765,100,9411822.18910423,0.0186
2018,4,"2018-T4","6210","Trabalhadores florestais qualificados e afins",0,55506.6360043,243,1724.6127576,3,1724.6127576,3,3.107,100,9411822.18910423,0.0183
2018,4,"2018-T4","8182","Operadores de máquinas de vapor e caldeiras",0,50093.65905315,103,1717.9453002,5,1717.9453002,5,3.4295,100,9411822.18910423,0.0183
2018,4,"2018-T4","7132","Lustradores",0,161276.27490491,361,1711.60815016,4,1711.60815016,4,1.0613,100,9411822.18910423,0.0182
2018,4,"2018-T4","7311","Mecânicos e reparadores de instrumentos de precisão",0,29494.02269189,51,1507.65422584,5,1507.65422584,5,5.1117,100,9411822.18910423,0.016
2018,4,"2018-T4","7534","Tapeceiros, colchoeiros e afins",0,69710.704942,156,1490.0634415,4,1490.0634415,4,2.1375,100,9411822.18910423,0.0158
2018,4,"2018-T4","9623","Coletores de dinheiro em máquinas automáticas de venda e leitores de medidores",0,28525.81377386,59,1390.97108918,3,1390.97108918,3,4.8762,100,9411822.18910423,0.0148
2018,4,"2018-T4","7222","Ferramenteiros e afins",0,46360.47886267,96,1372.46488275,3,1372.46488275,3,2.9604,100,9411822.18910423,0.0146
2018,4,"2018-T4","3131","Operadores de instalações de produção de energia",0,3908.83517675,14,1344.67353338,5,1344.67353338,5,34.4009,100,9411822.18910423,0.0143
2018,4,"2018-T4","7122","Aplicadores de revestimentos cerâmicos, pastilhas, pedras e madeiras",0,43482.8101795,100,1338.98936634,1,1338.98936634,1,3.0794,100,9411822.18910423,0.0142
2018,4,"2018-T4","8172","Operadores de instalações para processamento de madeira",0,94615.17130753,291,1332.41373848,3,1332.41373848,3,1.4082,100,9411822.18910423,0.0142
2018,4,"2018-T4","3139","Técnicos em controle de processos não classificados anteriormente",0,9198.478323,27,1301.1417728,5,1301.1417728,5,14.1452,100,9411822.18910423,0.0138
2018,4,"2018-T4","5152","Governantas e mordomos domésticos",0,18239.3691656,42,1265.88216351,2,1265.88216351,2,6.9404,100,9411822.18910423,0.0134
2018,4,"2018-T4","7123","Gesseiros",0,110936.55283854,234,1248.63525083,1,1248.63525083,1,1.1255,100,9411822.18910423,0.0133
2018,4,"2018-T4","7536","Sapateiros e afins",0,109035.33733166,234,1234.48303005,4,1234.48303005,4,1.1322,100,9411822.18910423,0.0131
2018,4,"2018-T4","3240","Técnicos e assistentes veterinários",0,13987.19977894,36,1217.45626506,2,1217.45626506,2,8.7041,100,9411822.18910423,0.0129
2018,4,"2018-T4","7127","Mecânicos-instaladores de sistemas de refrigeração e climatização",0,60500.36427043,149,1189.23460229,4,1189.23460229,4,1.9657,100,9411822.18910423,0.0126
2018,4,"2018-T4","8121","Operadores de instalações de processamento de metais",0,96737.55194843,173,1184.4823976,4,1184.4823976,4,1.2244,100,9411822.18910423,0.0126
2018,4,"2018-T4","7323","Encadernadores e afins",0,20474.70544174,32,1177.20368851,4,1177.20368851,4,5.7496,100,9411822.18910423,0.0125
2018,4,"2018-T4","8154","Operadores de máquinas de branqueamento, tingimento e limpeza de tecidos",0,51573.66404603,127,1108.96376774,2,1108.96376774,2,2.1503,100,9411822.18910423,0.0118
2018,4,"2018-T4","8343","Operadores de guindastes, gruas, aparatos de elevação e afins",0,61622.50764451,138,1077.27864071,6,1077.27864071,6,1.7482,100,9411822.18910423,0.0114
2018,4,"2018-T4","7214","Montadores de estruturas metálicas",0,108241.65858673,240,1053.30137886,1,1053.30137886,1,0.9731,100,9411822.18910423,0.0112
2018,4,"2018-T4","7321","Trabalhadores da pré-impressão gráfica",0,24035.50257547,45,1027.10223427,5,1027.10223427,5,4.2733,100,9411822.18910423,0.0109
2018,4,"2018-T4","3256","assistentes de medicina",0,29660.8167964,60,1012.56988494,6,1012.56988494,6,3.4138,100,9411822.18910423,0.0108
2018,4,"2018-T4","7516","Trabalhadores qualificados da preparação do fumo e seus produtos",0,5134.77475667,15,1009.10251111,3,1009.10251111,3,19.6523,100,9411822.18910423,0.0107
2018,4,"2018-T4","8350","Marinheiros de coberta e afins",0,37134.55215737,159,999.16624751,4,999.16624751,4,2.6907,100,9411822.18910423,0.0106
2018,4,"2018-T4","8143","Operadores de máquinas para fabricar produtos de papel",0,46313.64102626,96,912.46733902,4,912.46733902,4,1.9702,100,9411822.18910423,0.0097
2018,4,"2018-T4","3421","Atletas e esportistas",0,15928.68342365,36,877.59398452,3,877.59398452,3,5.5095,100,9411822.18910423,0.0093
2018,4,"2018-T4","6225","Pescadores",0,354058.98204778,1522,851.81376643,5,851.81376643,5,0.2406,100,9411822.18910423,0.0091
2018,4,"2018-T4","7532","Trabalhadores qualificados da preparação da confecção de roupas",0,53574.162724,136,757.85265059,2,757.85265059,2,1.4146,100,9411822.18910423,0.0081
2018,4,"2018-T4","7115","Carpinteiros",0,200381.70092815,511,756.26781671,4,756.26781671,4,0.3774,100,9411822.18910423,0.008
2018,4,"2018-T4","4131","Operadores de máquinas de processamento de texto e mecanógrafos",0,3801.57965639,10,725.46424004,2,725.46424004,2,19.0832,100,9411822.18910423,0.0077
2018,4,"2018-T4","3435","Outros profissionais de nível médio em atividades culturais e artísticas",0,19648.05620758,52,669.48159298,2,669.48159298,2,3.4074,100,9411822.18910423,0.0071
2018,4,"2018-T4","9215","Trabalhadores florestais elementares",0,273529.86250797,1250,619.87388802,3,619.87388802,3,0.2266,100,9411822.18910423,0.0066
2018,4,"2018-T4","6130","Produtores e trabalhadores qualificados de exploração agropecuária mista",0,14332.29180888,87,607.20422066,4,607.20422066,4,4.2366,100,9411822.18910423,0.0065
2018,4,"2018-T4","2659","Artistas criativos e interpretativos não classificados anteriormente",0,1847.08093794,4,571.11702072,1,571.11702072,1,30.92,100,9411822.18910423,0.0061
2018,4,"2018-T4","7211","Moldadores de metal e macheiros",0,18309.38325996,32,507.98065166,1,507.98065166,1,2.7744,100,9411822.18910423,0.0054
2018,4,"2018-T4","5151","Supervisores de manutenção e limpeza de edifícios em escritórios, hotéis e estabelecimentos",0,14607.22932038,37,505.86572625,3,505.86572625,3,3.4631,100,9411822.18910423,0.0054
2018,4,"2018-T4","8111","Mineiros e operadores de máquinas e de instalações em minas e pedreiras",0,8956.98546531,22,504.86158394,1,504.86158394,1,5.6365,100,9411822.18910423,0.0054
2018,4,"2018-T4","7316","Redatores de cartazes, pintores decorativos e gravadores",0,16176.00703215,38,502.01792968,2,502.01792968,2,3.1035,100,9411822.18910423,0.0053
2018,4,"2018-T4","6123","Apicultores, sericicultores e trabalhadores qualificados da apicultura e sericicultura",0,21272.33726223,94,500.25907025,3,500.25907025,3,2.3517,100,9411822.18910423,0.0053
2018,4,"2018-T4","4413","Codificadores de dados, revisores de provas de impressão e afins",0,808.25819674,2,488.51279384,1,488.51279384,1,60.4402,100,9411822.18910423,0.0052
2018,4,"2018-T4","7523","Operadores de máquinas de lavrar madeira",0,63887.20727342,174,484.06689236,1,484.06689236,1,0.7577,100,9411822.18910423,0.0051
2018,4,"2018-T4","9216","Trabalhadores elementares da pesca e aquicultura",0,30252.48784496,118,449.42521139,1,449.42521139,1,1.4856,100,9411822.18910423,0.0048
2018,4,"2018-T4","7541","Trabalhadores subaquáticos",0,2020.40014711,6,404.60654836,1,404.60654836,1,20.0261,100,9411822.18910423,0.0043
2018,4,"2018-T4","8312","Guarda-freios e agentes de manobras",0,1312.99567494,4,378.91490682,1,378.91490682,1,28.8588,100,9411822.18910423,0.004
2018,4,"2018-T4","8152","Operadores de teares e outras máquinas de tecelagem",0,37262.87944315,92,350.68015265,1,350.68015265,1,0.9411,100,9411822.18910423,0.0037
2018,4,"2018-T4","3134","Operadores de instalações de refino de petróleo e gás natural",0,722.73410665,4,272.33799171,2,272.33799171,2,37.6816,100,9411822.18910423,0.0029
2018,4,"2018-T4","9129","Outros trabalhadores de limpeza",0,16684.02691554,44,249.21019207,1,249.21019207,1,1.4937,100,9411822.18910423,0.0026
2018,4,"2018-T4","1312","Dirigentes de produção da aquicultura e pesca",0,2316.44792435,10,243.66120318,1,243.66120318,1,10.5187,100,9411822.18910423,0.0026
2018,4,"2018-T4","6114","Agricultores e trabalhadores qualificados de cultivos mistos",0,17114.51094151,83,206.3238118,1,206.3238118,1,1.2055,100,9411822.18910423,0.0022
2018,4,"2018-T4","8171","Operadores de instalações para a preparação de pasta de papel e papel",0,23935.94815499,34,179.33534028,1,179.33534028,1,0.7492,100,9411822.18910423,0.0019
2018,4,"2018-T4","3333","Agentes de emprego e agenciadores de mão de obra",0,1902.75786732,7,173.18744959,1,173.18744959,1,9.1019,100,9411822.18910423,0.0018
2018,4,"2018-T4","5169","Trabalhadores de serviços pessoais não classificados anteriormente",0,12689.32490645,23,168.3233202,1,168.3233202,1,1.3265,100,9411822.18910423,0.0018
2018,4,"2018-T4","3252","Técnicos em documentação sanitária",0,469.34298008,2,159.12581225,1,159.12581225,1,33.904,100,9411822.18910423,0.0017
2018,4,"2018-T4","8189","Operadores de máquinas e de instalações fixas não classificados anteriormente",0,19343.37004082,83,152.34878607,1,152.34878607,1,0.7876,100,9411822.18910423,0.0016
2018,4,"2018-T4","7114","Trabalhadores em cimento e concreto armado",0,8676.68819974,25,149.17928503,1,149.17928503,1,1.7193,100,9411822.18910423,0.0016
2018,4,"2018-T4","9311","Trabalhadores elementares de minas e pedreiras",0,30291.57973133,132,107.33546248,1,107.33546248,1,0.3543,100,9411822.18910423,0.0011
2018,4,"2018-T4","3135","Controladores de processos de produção de metais",0,12077.56470666,26,99.82056767,1,99.82056767,1,0.8265,100,9411822.18910423,0.0011
2018,4,"2018-T4","0110","Oficiais das forças armadas",1,86470.3505604,193,76063.30414274,168,0,0,0,0,9411822.18910423,0
2018,4,"2018-T4","0411","Oficiais de polícia militar",1,39795.82188336,101,29686.70945961,79,0,0,0,0,9411822.18910423,0
2018,4,"2018-T4","0511","Oficiais de bombeiro militar",1,10223.10416545,31,7786.54219962,24,0,0,0,0,9411822.18910423,0
2018,4,"2018-T4","1223","Dirigentes de pesquisa e desenvolvimento",1,44750.96433692,78,39032.99919274,67,0,0,0,0,9411822.18910423,0
2018,4,"2018-T4","1330","Dirigentes de serviços de tecnologia da informação e comunicações",1,83293.73480678,140,63879.08125495,107,0,0,0,0,9411822.18910423,0
2018,4,"2018-T4","1342","Dirigentes de serviços de saúde",1,43189.18371207,98,33024.52748007,68,0,0,0,0,9411822.18910423,0
2018,4,"2018-T4","1344","Dirigentes de serviços de bem-estar social",1,1308.14965933,3,1144.89388423,2,0,0,0,0,9411822.18910423,0
2018,4,"2018-T4","1345","Dirigentes de serviços de educação",1,147111.32535161,361,132384.63664959,321,0,0,0,0,9411822.18910423,0
2018,4,"2018-T4","1349","Dirigentes e gerentes de serviços profissionais não classificados anteriormente",1,15637.96915048,38,10893.66766244,24,0,0,0,0,9411822.18910423,0
2018,4,"2018-T4","2111","Físicos e astrônomos",1,3186.0889683,7,3186.0889683,7,0,0,0,0,9411822.18910423,0
2018,4,"2018-T4","2112","Meteorologistas",1,144.28711116,1,144.28711116,1,0,0,0,0,9411822.18910423,0
2018,4,"2018-T4","2113","Químicos",1,24648.3752155,40,24648.3752155,40,0,0,0,0,9411822.18910423,0
2018,4,"2018-T4","2114","Geólogos e geofísicos",1,7239.43506745,16,7239.43506745,16,0,0,0,0,9411822.18910423,0
2018,4,"2018-T4","2120","Matemáticos, atuários e estatísticos",1,4229.68337116,12,4229.68337116,12,0,0,0,0,9411822.18910423,0
2018,4,"2018-T4","2131","Biólogos, botânicos, zoólogos e afins",1,41874.82461412,95,41874.82461412,95,0,0,0,0,9411822.18910423,0
2018,4,"2018-T4","2132","Agrônomos e afins",1,38287.21949898,104,38287.21949898,104,0,0,0,0,9411822.18910423,0
2018,4,"2018-T4","2133","Profissionais da proteção do meio ambiente",1,22090.75396264,52,16882.07688752,41,0,0,0,0,9411822.18910423,0
2018,4,"2018-T4","2141","Engenheiros industriais e de produção",1,42421.77363856,51,42421.77363856,51,0,0,0,0,9411822.18910423,0
2018,4,"2018-T4","2142","Engenheiros civis",1,220675.96331334,427,220675.96331334,427,0,0,0,0,9411822.18910423,0
2018,4,"2018-T4","2143","Engenheiros de meio ambiente",1,26888.1571803,44,26888.1571803,44,0,0,0,0,9411822.18910423,0
2018,4,"2018-T4","2144","Engenheiros mecânicos",1,46171.00149034,99,46171.00149034,99,0,0,0,0,9411822.18910423,0
2018,4,"2018-T4","2145","Engenheiros químicos",1,15687.62414205,33,15687.62414205,33,0,0,0,0,9411822.18910423,0
2018,4,"2018-T4","2146","Engenheiros de minas, metalúrgicos e afins",1,7180.02475507,22,7180.02475507,22,0,0,0,0,9411822.18910423,0
2018,4,"2018-T4","2149","Engenheiros não classificados anteriormente",1,39123.84395188,55,39123.84395188,55,0,0,0,0,9411822.18910423,0
2018,4,"2018-T4","2151","Engenheiros eletricistas",1,57521.3489354,102,57521.3489354,102,0,0,0,0,9411822.18910423,0
2018,4,"2018-T4","2152","Engenheiros eletrônicos",1,14911.17344304,15,14911.17344304,15,0,0,0,0,9411822.18910423,0
2018,4,"2018-T4","2153","Engenheiros em telecomunicações",1,12895.33755876,13,12895.33755876,13,0,0,0,0,9411822.18910423,0
2018,4,"2018-T4","2161","Arquitetos de edificações",1,131491.09731366,260,131491.09731366,260,0,0,0,0,9411822.18910423,0
2018,4,"2018-T4","2162","Arquitetos paisagistas",1,491.27111937,2,491.27111937,2,0,0,0,0,9411822.18910423,0
2018,4,"2018-T4","2163","Desenhistas de produtos e  vestuário",1,25972.4074114,56,25972.4074114,56,0,0,0,0,9411822.18910423,0
2018,4,"2018-T4","2164","Urbanistas e engenheiros de trânsito",1,1207.82991617,5,1207.82991617,5,0,0,0,0,9411822.18910423,0
2018,4,"2018-T4","2165","Cartógrafos e agrimensores",1,1932.96567702,4,1932.96567702,4,0,0,0,0,9411822.18910423,0
2018,4,"2018-T4","2211","Médicos gerais",1,124455.41010356,254,124455.41010356,254,0,0,0,0,9411822.18910423,0
2018,4,"2018-T4","2212","Médicos especialistas",1,324854.42030896,607,324854.42030896,607,0,0,0,0,9411822.18910423,0
2018,4,"2018-T4","2221","Profissionais de enfermagem",1,384666.85542628,879,384666.85542628,879,0,0,0,0,9411822.18910423,0
2018,4,"2018-T4","2230","Profissionais da medicina tradicional e alternativa",1,3726.35057077,7,3726.35057077,7,0,0,0,0,9411822.18910423,0
2018,4,"2018-T4","2250","Veterinários",1,81779.87822749,158,81779.87822749,158,0,0,0,0,9411822.18910423,0
2018,4,"2018-T4","2261","Dentistas",1,265439.5242757,526,265439.5242757,526,0,0,0,0,9411822.18910423,0
2018,4,"2018-T4","2262","Farmacêuticos",1,126306.76090849,290,126306.76090849,290,0,0,0,0,9411822.18910423,0
2018,4,"2018-T4","2263","Profissionais da saúde e da higiene laboral e ambiental",1,458.13667596,1,458.13667596,1,0,0,0,0,9411822.18910423,0
2018,4,"2018-T4","2264","Fisioterapeutas",1,187072.6306267,390,187072.6306267,390,0,0,0,0,9411822.18910423,0
2018,4,"2018-T4","2265","Dietistas e nutricionistas",1,92922.0489239,193,92922.0489239,193,0,0,0,0,9411822.18910423,0
2018,4,"2018-T4","2266","Fonoaudiólogos e logopedistas",1,31162.7079064,71,31162.7079064,71,0,0,0,0,9411822.18910423,0
2018,4,"2018-T4","2267","Optometristas",1,1884.61445381,2,1884.61445381,2,0,0,0,0,9411822.18910423,0
2018,4,"2018-T4","2269","Profissionais da saúde não classificados anteriormente",1,39396.78915135,79,20063.13291839,44,0,0,0,0,9411822.18910423,0
2018,4,"2018-T4","2310","Professores de universidades e do ensino superior",1,319562.71852438,761,319228.8947033,759,0,0,0,0,9411822.18910423,0
2018,4,"2018-T4","2320","Professores de formação profissional",1,93200.71128924,227,52166.96200095,129,0,0,0,0,9411822.18910423,0
2018,4,"2018-T4","2330","Professores do ensino médio",1,725827.42292458,1814,700049.96196608,1742,0,0,0,0,9411822.18910423,0
2018,4,"2018-T4","2341","Professores do ensino fundamental",1,1402345.46976194,4091,1252839.44148771,3566,0,0,0,0,9411822.18910423,0
2018,4,"2018-T4","2342","Professores do ensino pré-escolar",1,648022.44886812,1652,503275.6849175,1243,0,0,0,0,9411822.18910423,0
2018,4,"2018-T4","2351","Especialistas em métodos pedagógicos",1,284991.8397916,751,265762.12975614,693,0,0,0,0,9411822.18910423,0
2018,4,"2018-T4","2352","Educadores para necessidades especiais",1,25615.96508766,70,20967.35770684,58,0,0,0,0,9411822.18910423,0
2018,4,"2018-T4","2359","Profissionais de ensino não classificados anteriormente",1,239102.32939394,594,82424.51544301,197,0,0,0,0,9411822.18910423,0
2018,4,"2018-T4","2411","Contadores",1,476802.9329741,1056,476802.9329741,1056,0,0,0,0,9411822.18910423,0
2018,4,"2018-T4","2412","Assessores financeiros e em investimentos",1,7827.20131318,14,7827.20131318,14,0,0,0,0,9411822.18910423,0
2018,4,"2018-T4","2413","Analistas financeiros",1,95810.27945034,155,95810.27945034,155,0,0,0,0,9411822.18910423,0
2018,4,"2018-T4","2421","Analistas de gestão e administração",1,335451.73716694,688,335451.73716694,688,0,0,0,0,9411822.18910423,0
2018,4,"2018-T4","2422","Especialistas em políticas de administração",1,6720.5611048,11,6720.5611048,11,0,0,0,0,9411822.18910423,0
2018,4,"2018-T4","2423","Especialistas em políticas e serviços de pessoal e afins",1,169470.78796779,288,127266.60425325,210,0,0,0,0,9411822.18910423,0
2018,4,"2018-T4","2424","Especialistas em formação de pessoal",1,14814.20117516,31,11533.58371065,21,0,0,0,0,9411822.18910423,0
2018,4,"2018-T4","2432","Profissionais de relações públicas",1,25590.76897268,53,18714.84136986,40,0,0,0,0,9411822.18910423,0
2018,4,"2018-T4","2511","Analistas de sistemas",1,232654.91455846,419,232654.91455846,419,0,0,0,0,9411822.18910423,0
2018,4,"2018-T4","2512","Desenvolvedores de programas e aplicativos (software)",1,72647.71236222,104,72647.71236222,104,0,0,0,0,9411822.18910423,0
2018,4,"2018-T4","2513","Desenvolvedores de páginas de internet (web) e multimídia",1,4308.01872891,9,4308.01872891,9,0,0,0,0,9411822.18910423,0
2018,4,"2018-T4","2514","Programadores de aplicações",1,39090.63393023,79,38739.43149516,78,0,0,0,0,9411822.18910423,0
2018,4,"2018-T4","2519","Desenvolvedores e analistas de programas e aplicativos (software) e multimídia não classificados anteriormente",1,4024.89971271,7,4024.89971271,7,0,0,0,0,9411822.18910423,0
2018,4,"2018-T4","2521","Desenhistas e administradores de bases de dados",1,8082.32425224,7,8082.32425224,7,0,0,0,0,9411822.18910423,0
2018,4,"2018-T4","2522","Administradores de sistemas",1,12481.55576779,26,12481.55576779,26,0,0,0,0,9411822.18910423,0
2018,4,"2018-T4","2523","Profissionais em rede de computadores",1,3656.33417425,6,3656.33417425,6,0,0,0,0,9411822.18910423,0
2018,4,"2018-T4","2529","Especialistas em base de dados e em redes de computadores não classificados anteriormente",1,5096.31647185,7,5096.31647185,7,0,0,0,0,9411822.18910423,0
2018,4,"2018-T4","2611","Advogados e juristas",1,790596.28235444,1735,788775.21546928,1728,0,0,0,0,9411822.18910423,0
2018,4,"2018-T4","2612","Juízes",1,138.63994984,1,138.63994984,1,0,0,0,0,9411822.18910423,0
2018,4,"2018-T4","2619","Profissionais em direito não classificados anteriormente",1,91146.93919853,255,80188.69614624,231,0,0,0,0,9411822.18910423,0
2018,4,"2018-T4","2621","Arquivologistas e curadores de museus",1,638.60405519,2,0,0,0,0,0,NA,9411822.18910423,0
2018,4,"2018-T4","2622","Bibliotecários, documentaristas e afins",1,40848.07461521,94,32320.7756956,72,0,0,0,0,9411822.18910423,0
2018,4,"2018-T4","2631","Economistas",1,22156.57060087,43,22156.57060087,43,0,0,0,0,9411822.18910423,0
2018,4,"2018-T4","2632","Sociólogos, antropólogos e afins",1,3251.52065969,7,3251.52065969,7,0,0,0,0,9411822.18910423,0
2018,4,"2018-T4","2633","Filósofos, historiadores e especialistas em ciência política",1,1222.98506034,4,1222.98506034,4,0,0,0,0,9411822.18910423,0
2018,4,"2018-T4","2634","Psicólogos",1,224446.92950407,450,224021.98831282,449,0,0,0,0,9411822.18910423,0
2018,4,"2018-T4","2635","Assistentes sociais",1,118577.94423049,303,118435.18223346,302,0,0,0,0,9411822.18910423,0
2018,4,"2018-T4","2642","Jornalistas",1,114740.66185463,255,73702.72794651,164,0,0,0,0,9411822.18910423,0
2018,4,"2018-T4","3121","Supervisores da mineração",0,4209.90758449,10,0,0,0,0,0,NA,9411822.18910423,0
2018,4,"2018-T4","3133","Controladores de instalações de processamento de produtos químicos",0,4787.79704158,9,0,0,0,0,0,NA,9411822.18910423,0
2018,4,"2018-T4","3143","Técnicos florestais",0,1132.96076214,4,0,0,0,0,0,NA,9411822.18910423,0
2018,4,"2018-T4","3155","Técnicos em segurança aeronáutica",0,1220.48835321,3,0,0,0,0,0,NA,9411822.18910423,0
2018,4,"2018-T4","3222","Profissionais de nível médio de partos",0,2609.34187033,3,0,0,0,0,0,NA,9411822.18910423,0
2018,4,"2018-T4","3254","Técnicos em optometria e ópticos",0,1928.18367824,3,0,0,0,0,0,NA,9411822.18910423,0
2018,4,"2018-T4","4414","Outros escreventes",0,590.30245017,1,0,0,0,0,0,NA,9411822.18910423,0
2018,4,"2018-T4","5161","Astrólogos, adivinhos e afins",0,5599.77035144,10,0,0,0,0,0,NA,9411822.18910423,0
2018,4,"2018-T4","5162","Acompanhantes e criados particulares",0,2956.57803843,6,0,0,0,0,0,NA,9411822.18910423,0
2018,4,"2018-T4","5168","Trabalhadores do sexo",0,1462.01090342,4,0,0,0,0,0,NA,9411822.18910423,0
2018,4,"2018-T4","6129","Outros criadores e trabalhadores qualificados da pecuária não classificados anteriormente",0,1122.24483335,3,0,0,0,0,0,NA,9411822.18910423,0
2018,4,"2018-T4","7113","Canteiros, cortadores e gravadores de pedras",0,64408.45563632,163,0,0,0,0,0,NA,9411822.18910423,0
2018,4,"2018-T4","7121","Telhadores",0,22124.42150684,41,0,0,0,0,0,NA,9411822.18910423,0
2018,4,"2018-T4","7124","Instaladores de material isolante térmico e acústico",0,6540.99233658,15,0,0,0,0,0,NA,9411822.18910423,0
2018,4,"2018-T4","7133","Limpadores de fachadas",0,993.49323648,3,0,0,0,0,0,NA,9411822.18910423,0
2018,4,"2018-T4","7215","Aparelhadores e emendadores de cabos",0,11846.12103822,15,0,0,0,0,0,NA,9411822.18910423,0
2018,4,"2018-T4","7221","Ferreiros e forjadores",0,14694.3119913,31,0,0,0,0,0,NA,9411822.18910423,0
2018,4,"2018-T4","7224","Polidores de metais e afiadores de ferramentas",0,18238.73856653,41,0,0,0,0,0,NA,9411822.18910423,0
2018,4,"2018-T4","7315","Cortadores, polidores, jateadores e gravadores de vidros e afins",0,12931.40463695,14,0,0,0,0,0,NA,9411822.18910423,0
2018,4,"2018-T4","7521","Trabalhadores de tratamento e preparação da madeira",0,931.69966819,5,0,0,0,0,0,NA,9411822.18910423,0
2018,4,"2018-T4","7535","Trabalhadores qualificados do tratamento de couros e peles",0,18035.77452772,34,0,0,0,0,0,NA,9411822.18910423,0
2018,4,"2018-T4","7542","Dinamitadores e detonadores",0,3702.6447146,14,0,0,0,0,0,NA,9411822.18910423,0
2018,4,"2018-T4","7549","Outros trabalhadores qualificados e operários da indústria e do artesanato não classificados anteriormente",0,2627.64231477,8,0,0,0,0,0,NA,9411822.18910423,0
2018,4,"2018-T4","8112","Operadores de instalações de processamento de minerais e rochas",0,12956.74542996,38,0,0,0,0,0,NA,9411822.18910423,0
2018,4,"2018-T4","8114","Operadores de máquinas para fabricar cimento, pedras e outros produtos minerais",0,23018.44273701,47,0,0,0,0,0,NA,9411822.18910423,0
2018,4,"2018-T4","8122","Operadores de máquinas polidoras, galvanizadoras e recobridoras de metais",0,51191.81633874,86,0,0,0,0,0,NA,9411822.18910423,0
2018,4,"2018-T4","8151","Operadores de máquinas de preparação de fibras, fiação e bobinamento de fios",0,18384.36713857,41,0,0,0,0,0,NA,9411822.18910423,0
2018,4,"2018-T4","8155","Operadores de máquinas de processamento de couros e peles",0,2539.85876607,4,0,0,0,0,0,NA,9411822.18910423,0
2018,4,"2018-T4","8156","Operadores de máquinas para fabricação de calçados e afins",0,128691.83670338,227,0,0,0,0,0,NA,9411822.18910423,0
2018,4,"2018-T4","8157","Operadores de máquinas de lavar, tingir e passar roupas",0,18428.80097671,38,0,0,0,0,0,NA,9411822.18910423,0
2018,4,"2018-T4","8159","Operadores de máquinas para fabricar produtos têxteis e artigos de couro e pele não classificados anteriormente",0,8364.97726409,18,0,0,0,0,0,NA,9411822.18910423,0
2018,4,"2018-T4","9123","Limpadores de janelas",0,3974.0210791,6,0,0,0,0,0,NA,9411822.18910423,0
2018,4,"2018-T4","9213","Trabalhadores elementares da agropecuária",0,35083.76075597,131,0,0,0,0,0,NA,9411822.18910423,0
2018,4,"2018-T4","9214","Trabalhadores elementares da jardinagem e horticultura",0,64632.48300677,174,0,0,0,0,0,NA,9411822.18910423,0
2018,4,"2018-T4","9312","Trabalhadores elementares de obras públicas e da manutenção de estradas, represas e similares",0,38187.54506266,102,0,0,0,0,0,NA,9411822.18910423,0
2018,4,"2018-T4","9331","Condutores de veículos acionados a pedal ou a braços",0,24561.26666285,56,0,0,0,0,0,NA,9411822.18910423,0
2018,4,"2018-T4","9332","Condutores de veículos e máquinas de tração animal",0,26257.18644503,69,0,0,0,0,0,NA,9411822.18910423,0
2018,4,"2018-T4","9613","Varredores e afins",0,1255.22342041,3,0,0,0,0,0,NA,9411822.18910423,0
2018,4,"2018-T4","9622","Pessoas que realizam várias tarefas",0,14136.47876136,35,0,0,0,0,0,NA,9411822.18910423,0
2018,4,"2018-T4","9624","Carregadores de água e coletores de lenha",0,1994.64314546,8,0,0,0,0,0,NA,9411822.18910423,0
2019,4,"2019-T4","4110","Escriturários gerais",0,3679482.88291691,8406,1224388.1584276,2921,1224388.1584276,2921,33.2761,100,10134033.5146669,12.0819
2019,4,"2019-T4","5221","Comerciantes de lojas",0,3261200.06432525,8373,486947.30806555,1080,486947.30806555,1080,14.9315,100,10134033.5146669,4.8051
2019,4,"2019-T4","5223","Balconistas e vendedores de lojas",0,3501981.42206519,7812,333726.68930842,749,333726.68930842,749,9.5297,100,10134033.5146669,3.2931
2019,4,"2019-T4","1221","Dirigentes de vendas e  comercialização",0,551762.22933838,948,313264.01515173,502,313264.01515173,502,56.7752,100,10134033.5146669,3.0912
2019,4,"2019-T4","1219","Dirigentes de administração e de serviços não classificados anteriormente",0,611193.03444,1193,302169.79143956,615,302169.79143956,615,49.4393,100,10134033.5146669,2.9817
2019,4,"2019-T4","1211","Dirigentes financeiros",0,408866.51358953,841,252949.36393896,458,252949.36393896,458,61.866,100,10134033.5146669,2.496
2019,4,"2019-T4","5243","Vendedores a domicilio",0,1661437.14239843,4025,189169.99786138,425,189169.99786138,425,11.3859,100,10134033.5146669,1.8667
2019,4,"2019-T4","2431","Profissionais da publicidade e da comercialização",0,257127.07993649,420,186254.66627116,275,186254.66627116,275,72.4368,100,10134033.5146669,1.8379
2019,4,"2019-T4","3423","Instrutores de educação física e atividades recreativas",0,260069.84577991,511,182261.98566235,350,182261.98566235,350,70.0819,100,10134033.5146669,1.7985
2019,4,"2019-T4","1420","Gerentes de comércios atacadistas e varejistas",0,586582.92119684,1359,177281.96211344,389,177281.96211344,389,30.2228,100,10134033.5146669,1.7494
2019,4,"2019-T4","3411","Profissionais de nível médio do direito e serviços legais e afins",0,344410.39547423,804,169704.65750668,386,169704.65750668,386,49.274,100,10134033.5146669,1.6746
2019,4,"2019-T4","8322","Condutores de automóveis, taxis e caminhonetes",0,1927552.69940111,4318,164642.08126037,348,164642.08126037,348,8.5415,100,10134033.5146669,1.6246
2019,4,"2019-T4","1346","Gerentes de sucursais de bancos, de serviços financeiros e de seguros",0,183358.43690129,343,157518.46752247,294,157518.46752247,294,85.9074,100,10134033.5146669,1.5544
2019,4,"2019-T4","4120","Secretários (geral)",0,487163.06237403,1216,145571.94142703,405,145571.94142703,405,29.8816,100,10134033.5146669,1.4365
2019,4,"2019-T4","0412","Graduados e praças da polícia militar",0,390291.44098281,869,145554.5372902,350,145554.5372902,350,37.2938,100,10134033.5146669,1.4363
2019,4,"2019-T4","3221","Profissionais de nível médio de enfermagem",0,992394.4894761,2253,140244.31523384,376,140244.31523384,376,14.1319,100,10134033.5146669,1.3839
2019,4,"2019-T4","4226","Recepcionistas em geral",0,940586.56653862,2031,139098.04250335,314,139098.04250335,314,14.7884,100,10134033.5146669,1.3726
2019,4,"2019-T4","5142","Especialistas em tratamento de beleza e afins",0,1145969.4811136,2484,121165.19457484,244,121165.19457484,244,10.5732,100,10134033.5146669,1.1956
2019,4,"2019-T4","3341","Supervisores de secretaria",0,282228.01458915,563,118906.51716225,231,118906.51716225,231,42.1314,100,10134033.5146669,1.1733
2019,4,"2019-T4","3334","Agentes imobiliários",0,259705.63535451,572,108893.67561263,222,108893.67561263,222,41.9297,100,10134033.5146669,1.0745
2019,4,"2019-T4","1212","Dirigentes de recursos humanos",0,147517.05013945,244,99098.70810915,148,99098.70810915,148,67.1778,100,10134033.5146669,0.9779
2019,4,"2019-T4","3322","Representantes comerciais",0,312987.65653283,677,95873.45363206,171,95873.45363206,171,30.6317,100,10134033.5146669,0.9461
2019,4,"2019-T4","5120","Cozinheiros",0,1508280.82517746,3787,89441.24767895,234,89441.24767895,234,5.93,100,10134033.5146669,0.8826
2019,4,"2019-T4","1321","Dirigentes de indústria de transformação",0,226206.48924574,476,88111.4068936,177,88111.4068936,177,38.9518,100,10134033.5146669,0.8695
2019,4,"2019-T4","1120","Diretores gerais e gerentes gerais",0,135309.5720482,245,85765.92523284,144,85765.92523284,144,63.385,100,10134033.5146669,0.8463
2019,4,"2019-T4","5311","Cuidadores de crianças",0,992406.70279111,2293,85349.07763957,193,85349.07763957,193,8.6002,100,10134033.5146669,0.8422
2019,4,"2019-T4","3343","Secretários executivos e administrativos",0,143837.33243332,385,83782.08777845,215,83782.08777845,215,58.2478,100,10134033.5146669,0.8267
2019,4,"2019-T4","5141","Cabeleireiros",0,1206946.95292713,2665,77488.04359159,160,77488.04359159,160,6.4202,100,10134033.5146669,0.7646
2019,4,"2019-T4","5249","Vendedores não classificados anteriormente",0,527025.59753114,1318,77320.9439182,154,77320.9439182,154,14.6712,100,10134033.5146669,0.763
2019,4,"2019-T4","3332","Organizadores de conferências e eventos",0,224596.95442914,483,76390.4982575,145,76390.4982575,145,34.0123,100,10134033.5146669,0.7538
2019,4,"2019-T4","4222","Trabalhadores de centrais de atendimento",0,542626.42328492,890,74810.36260252,134,74810.36260252,134,13.7867,100,10134033.5146669,0.7382
2019,4,"2019-T4","5230","Caixas e expedidores de bilhetes",0,1057603.41230732,2301,74278.52957695,192,74278.52957695,192,7.0233,100,10134033.5146669,0.733
2019,4,"2019-T4","3253","Trabalhadores comunitários da saúde",0,435276.1631091,1315,73407.84570576,221,73407.84570576,221,16.8647,100,10134033.5146669,0.7244
2019,4,"2019-T4","7512","Padeiros, confeiteiros e afins",0,946490.17337097,2089,72380.865514,159,72380.865514,159,7.6473,100,10134033.5146669,0.7142
2019,4,"2019-T4","5312","Ajudantes de professores",0,309266.80031178,708,71761.67622704,151,71761.67622704,151,23.2038,100,10134033.5146669,0.7081
2019,4,"2019-T4","9112","Trabalhadores de limpeza de interior de edifícios, escritórios, hotéis e outros estabelecimentos",0,2474770.33760548,6069,71652.34652375,202,71652.34652375,202,2.8953,100,10134033.5146669,0.707
2019,4,"2019-T4","1112","Dirigentes superiores da administração pública",0,110272.05508949,315,71615.88698549,194,71615.88698549,194,64.9447,100,10134033.5146669,0.7067
2019,4,"2019-T4","5412","Policiais",0,128214.0154044,318,68860.4799987,171,68860.4799987,171,53.7075,100,10134033.5146669,0.6795
2019,4,"2019-T4","1412","Gerentes de restaurantes",0,278026.00461297,583,68266.59357569,136,68266.59357569,136,24.554,100,10134033.5146669,0.6736
2019,4,"2019-T4","2166","Desenhistas gráficos e de multimídia",0,138428.37034864,224,66484.55372585,105,66484.55372585,105,48.0281,100,10134033.5146669,0.6561
2019,4,"2019-T4","3321","Agentes de seguros",0,131769.50816504,243,66364.32109019,110,66364.32109019,110,50.3639,100,10134033.5146669,0.6549
2019,4,"2019-T4","4311","Trabalhadores de contabilidade e cálculo de custos",0,227180.18817935,456,65950.58159234,139,65950.58159234,139,29.0301,100,10134033.5146669,0.6508
2019,4,"2019-T4","5414","Guardas de segurança",0,1269721.89259875,3163,64295.39897602,190,64295.39897602,190,5.0637,100,10134033.5146669,0.6345
2019,4,"2019-T4","6111","Agricultores e trabalhadores qualificados em atividades da agricultura (exclusive hortas, viveiros e jardins)",0,2600681.56441487,11512,62596.27387052,194,62596.27387052,194,2.4069,100,10134033.5146669,0.6177
2019,4,"2019-T4","2636","Ministros de cultos religiosos, missionários e afins",0,129592.13615569,325,60615.50269997,134,60615.50269997,134,46.7741,100,10134033.5146669,0.5981
2019,4,"2019-T4","3323","Agentes de compras",0,88104.09125837,148,57056.40202621,79,57056.40202621,79,64.7602,100,10134033.5146669,0.563
2019,4,"2019-T4","0210","Graduados e praças das forças armadas",0,293251.39442659,699,56626.99544201,132,56626.99544201,132,19.3101,100,10134033.5146669,0.5588
2019,4,"2019-T4","5413","Guardiões de presídios",0,112593.92511715,232,55682.02165881,134,55682.02165881,134,49.4538,100,10134033.5146669,0.5495
2019,4,"2019-T4","4321","Trabalhadores de controle de abastecimento e estoques",0,736284.63019193,1489,54788.01175372,109,54788.01175372,109,7.4411,100,10134033.5146669,0.5406
2019,4,"2019-T4","3313","Contabilistas e guarda livros",0,182032.64610876,403,54680.83322269,119,54680.83322269,119,30.039,100,10134033.5146669,0.5396
2019,4,"2019-T4","3513","Técnicos de redes e sistemas de computadores",0,231105.58866189,473,51316.70136806,107,51316.70136806,107,22.2049,100,10134033.5146669,0.5064
2019,4,"2019-T4","3311","Agentes e corretores de bolsa, câmbio e outros serviços financeiros",0,71773.39768553,157,49389.6343518,113,49389.6343518,113,68.8133,100,10134033.5146669,0.4874
2019,4,"2019-T4","2433","Profissionais de vendas técnicas e médicas (exclusive tic)",0,102954.56585285,183,48425.84582753,86,48425.84582753,86,47.0361,100,10134033.5146669,0.4779
2019,4,"2019-T4","3355","Inspetores de polícia e detetives",0,56919.47817014,155,47778.31361974,124,47778.31361974,124,83.9402,100,10134033.5146669,0.4715
2019,4,"2019-T4","2353","Outros professores de idiomas",0,82671.23245487,148,46392.9945827,90,46392.9945827,90,56.1175,100,10134033.5146669,0.4578
2019,4,"2019-T4","7543","Classificadores e provadores de produtos (exceto de bebidas e alimentos)",0,172939.24021908,337,45254.35943807,75,45254.35943807,75,26.1678,100,10134033.5146669,0.4466
2019,4,"2019-T4","7112","Pedreiros",0,2788107.21972297,6876,45250.50233607,97,45250.50233607,97,1.623,100,10134033.5146669,0.4465
2019,4,"2019-T4","4211","Caixas de banco e afins",0,78578.50592342,159,44276.47004079,94,44276.47004079,94,56.3468,100,10134033.5146669,0.4369
2019,4,"2019-T4","3257","Inspetores de saúde laboral, ambiental e afins",0,126436.56067501,281,43728.24161458,104,43728.24161458,104,34.5851,100,10134033.5146669,0.4315
2019,4,"2019-T4","6121","Criadores de gado e trabalhadores qualificados da criação de gado",0,1522800.54807093,8219,43001.99913643,188,43001.99913643,188,2.8239,100,10134033.5146669,0.4243
2019,4,"2019-T4","5222","Supervisores de lojas",0,234516.8696881,455,42158.5279009,98,42158.5279009,98,17.9768,100,10134033.5146669,0.416
2019,4,"2019-T4","5244","Vendedores por telefone",0,139029.80027652,250,39814.83757856,63,39814.83757856,63,28.6376,100,10134033.5146669,0.3929
2019,4,"2019-T4","3431","Fotógrafos",0,131340.77473326,279,37526.70313722,74,37526.70313722,74,28.572,100,10134033.5146669,0.3703
2019,4,"2019-T4","4312","Trabalhadores de serviços estatísticos, financeiros e de seguros",0,58887.89780205,119,37324.18449728,75,37324.18449728,75,63.3818,100,10134033.5146669,0.3683
2019,4,"2019-T4","7231","Mecânicos e reparadores de veículos a motor",0,1147122.44489366,2805,36154.948188,81,36154.948188,81,3.1518,100,10134033.5146669,0.3568
2019,4,"2019-T4","3114","Técnicos em eletrônica",0,150438.77281574,287,35811.50594585,60,35811.50594585,60,23.8047,100,10134033.5146669,0.3534
2019,4,"2019-T4","3412","Trabalhadores e assistentes sociais de nível médio",0,104208.41828706,266,34827.64552319,86,34827.64552319,86,33.4211,100,10134033.5146669,0.3437
2019,4,"2019-T4","3115","Técnicos em engenharia mecânica",0,189833.69719856,385,34502.69431386,69,34502.69431386,69,18.1752,100,10134033.5146669,0.3405
2019,4,"2019-T4","7531","Alfaiates, modistas, chapeleiros e peleteiros",0,599359.46786973,1585,32960.54333613,79,32960.54333613,79,5.4993,100,10134033.5146669,0.3252
2019,4,"2019-T4","4221","Trabalhadores de agências de viagem",0,76713.46344394,135,32810.62970914,58,32810.62970914,58,42.7704,100,10134033.5146669,0.3238
2019,4,"2019-T4","3512","Técnicos em assistência ao usuário de tecnologia da informação e das comunicações",0,80585.54748595,174,31871.94119822,63,31871.94119822,63,39.5504,100,10134033.5146669,0.3145
2019,4,"2019-T4","9111","Trabalhadores dos serviços domésticos em geral",0,4604060.08691152,11920,31787.44801406,100,31787.44801406,100,0.6904,100,10134033.5146669,0.3137
2019,4,"2019-T4","3112","Técnicos em engenharia civil",0,125379.3773057,276,31508.59392651,63,31508.59392651,63,25.1306,100,10134033.5146669,0.3109
2019,4,"2019-T4","7318","Artesãos de tecidos, couros e materiais semelhantes",0,292834.26778371,764,31503.29225445,75,31503.29225445,75,10.7581,100,10134033.5146669,0.3109
2019,4,"2019-T4","3122","Supervisores de indústrias de transformação",0,185358.81336753,336,30481.29328331,55,30481.29328331,55,16.4445,100,10134033.5146669,0.3008
2019,4,"2019-T4","3113","Eletrotécnicos",0,183620.92050155,375,30351.45006998,54,30351.45006998,54,16.5294,100,10134033.5146669,0.2995
2019,4,"2019-T4","3123","Supervisores da construção",0,150179.27603061,318,30010.16089144,43,30010.16089144,43,19.9829,100,10134033.5146669,0.2961
2019,4,"2019-T4","5153","Porteiros e zeladores",0,812320.48278796,1691,29744.59286657,59,29744.59286657,59,3.6617,100,10134033.5146669,0.2935
2019,4,"2019-T4","8332","Condutores de caminhões pesados",0,1572528.27300463,3562,29323.57925364,56,29323.57925364,56,1.8647,100,10134033.5146669,0.2894
2019,4,"2019-T4","0512","Graduados e praças do corpo de bombeiros",0,58047.03839137,134,28962.01501199,68,28962.01501199,68,49.894,100,10134033.5146669,0.2858
2019,4,"2019-T4","1324","Dirigentes de empresas de abastecimento, distribuição e afins",0,64658.85970559,133,28266.57240137,54,28266.57240137,54,43.7165,100,10134033.5146669,0.2789
2019,4,"2019-T4","5211","Vendedores de quiosques e postos de mercados",0,651011.07477925,1724,28106.17602323,65,28106.17602323,65,4.3173,100,10134033.5146669,0.2773
2019,4,"2019-T4","7233","Mecânicos e reparadores de máquinas agrícolas e industriais",0,480494.60038608,1027,27889.8383793,60,27889.8383793,60,5.8044,100,10134033.5146669,0.2752
2019,4,"2019-T4","3432","Desenhistas e decoradores de interiores",0,52708.53843611,92,26731.03703004,38,26731.03703004,38,50.7148,100,10134033.5146669,0.2638
2019,4,"2019-T4","3511","Técnicos em operações de tecnologia da informação e das comunicações",0,130583.32704008,250,26437.86464421,49,26437.86464421,49,20.246,100,10134033.5146669,0.2609
2019,4,"2019-T4","1213","Dirigentes de políticas e planejamento",0,36552.791132,80,25990.51868216,51,25990.51868216,51,71.1041,100,10134033.5146669,0.2565
2019,4,"2019-T4","3339","Agentes de serviços comerciais não classificados anteriormente",0,81922.47461694,188,25691.41772045,61,25691.41772045,61,31.3606,100,10134033.5146669,0.2535
2019,4,"2019-T4","5131","Garçons",0,529771.96394015,1109,25630.79506462,42,25630.79506462,42,4.8381,100,10134033.5146669,0.2529
2019,4,"2019-T4","3119","Técnicos em ciências físicas e da engenharia não classificados anteriormente",0,103376.37520421,196,25484.57604516,50,25484.57604516,50,24.6522,100,10134033.5146669,0.2515
2019,4,"2019-T4","3521","Técnicos de radiodifusão e gravação audiovisual",0,81984.92725239,156,25242.26841656,44,25242.26841656,44,30.7889,100,10134033.5146669,0.2491
2019,4,"2019-T4","5322","Trabalhadores de cuidados pessoais a domicílios",0,649476.36850568,1495,24462.49733622,47,24462.49733622,47,3.7665,100,10134033.5146669,0.2414
2019,4,"2019-T4","1411","Gerentes de hotéis",0,48160.05671726,122,24373.96725369,51,24373.96725369,51,50.6103,100,10134033.5146669,0.2405
2019,4,"2019-T4","2354","Outros professores de música",0,67960.08328335,140,23776.30314852,52,23776.30314852,52,34.9857,100,10134033.5146669,0.2346
2019,4,"2019-T4","3352","Agentes da administração tributária",0,29263.26120315,79,23636.94194806,62,23636.94194806,62,80.7734,100,10134033.5146669,0.2332
2019,4,"2019-T4","1311","Dirigentes de produção agropecuária e silvicultura",0,69058.65486698,260,23337.14144189,49,23337.14144189,49,33.7932,100,10134033.5146669,0.2303
2019,4,"2019-T4","1222","Dirigentes de publicidade e relações públicas",0,30461.46960438,46,22993.16381578,32,22993.16381578,32,75.4828,100,10134033.5146669,0.2269
2019,4,"2019-T4","9329","Trabalhadores elementares da indústria de transformação não classificados anteriormente",0,683867.35246802,1433,22340.38583278,43,22340.38583278,43,3.2668,100,10134033.5146669,0.2204
2019,4,"2019-T4","3422","Treinadores, instrutores e árbitros de atividades esportivas",0,38410.65958176,78,22276.23770429,34,22276.23770429,34,57.9949,100,10134033.5146669,0.2198
2019,4,"2019-T4","4225","Trabalhadores dos serviços de informações",0,81527.39125643,200,22171.50927275,50,22171.50927275,50,27.1952,100,10134033.5146669,0.2188
2019,4,"2019-T4","2652","Músicos, cantores e compositores",0,112894.262227,265,21946.6956388,45,21946.6956388,45,19.44,100,10134033.5146669,0.2166
2019,4,"2019-T4","7223","Reguladores e operadores de máquinas-ferramentas",0,288390.42923681,526,21910.8564774,30,21910.8564774,30,7.5976,100,10134033.5146669,0.2162
2019,4,"2019-T4","5419","Trabalhadores dos serviços de proteção e segurança não classificados anteriormente",0,62093.96143748,112,21414.40800755,33,21414.40800755,33,34.4871,100,10134033.5146669,0.2113
2019,4,"2019-T4","3211","Técnicos em aparelhos de diagnóstico e tratamento médico",0,63524.57405365,135,20758.9259612,47,20758.9259612,47,32.6786,100,10134033.5146669,0.2048
2019,4,"2019-T4","8153","Operadores de máquinas de costura",0,657345.72952147,1433,20606.69477138,41,20606.69477138,41,3.1348,100,10134033.5146669,0.2033
2019,4,"2019-T4","1431","Gerentes de centros esportivos,  de diversão e culturais",0,30638.43366576,75,19240.39647275,42,19240.39647275,42,62.7982,100,10134033.5146669,0.1899
2019,4,"2019-T4","9412","Ajudantes de cozinha",0,722854.33256816,1468,18953.01591221,43,18953.01591221,43,2.622,100,10134033.5146669,0.187
2019,4,"2019-T4","2355","Outros professores de artes",0,41898.88769897,93,18411.8082849,39,18411.8082849,39,43.9434,100,10134033.5146669,0.1817
2019,4,"2019-T4","4323","Trabalhadores de serviços de transporte",0,65077.243958,108,17804.57022503,26,17804.57022503,26,27.3591,100,10134033.5146669,0.1757
2019,4,"2019-T4","7522","Marceneiros e afins",0,354101.80975191,745,17736.92185335,36,17736.92185335,36,5.009,100,10134033.5146669,0.175
2019,4,"2019-T4","6112","Agricultores e trabalhadores qualificados no cultivo de hortas, viveiros e jardins",0,638208.25501962,2006,17663.83257619,59,17663.83257619,59,2.7677,100,10134033.5146669,0.1743
2019,4,"2019-T4","5242","Demonstradores de lojas",0,110227.96522095,218,17603.73766605,27,17603.73766605,27,15.9703,100,10134033.5146669,0.1737
2019,4,"2019-T4","3342","Secretários jurídicos",0,28106.15352539,49,17458.43407016,31,17458.43407016,31,62.1161,100,10134033.5146669,0.1723
2019,4,"2019-T4","2641","Escritores",0,23596.86126184,42,17426.75441384,30,17426.75441384,30,73.852,100,10134033.5146669,0.172
2019,4,"2019-T4","3116","Técnicos em química industrial",0,48646.86321796,85,17320.94268707,30,17320.94268707,30,35.6055,100,10134033.5146669,0.1709
2019,4,"2019-T4","7422","Instaladores e reparadores em tecnologias da informação e comunicações",0,201002.61886562,427,17150.17392181,36,17150.17392181,36,8.5323,100,10134033.5146669,0.1692
2019,4,"2019-T4","1323","Dirigentes de empresas de construção",0,51177.56448345,101,16104.1768853,38,16104.1768853,38,31.4673,100,10134033.5146669,0.1589
2019,4,"2019-T4","1439","Gerentes de serviços não classificados anteriormente",0,53876.40265121,128,16058.95258172,41,16058.95258172,41,29.807,100,10134033.5146669,0.1585
2019,4,"2019-T4","7411","Eletricistas de obras e afins",0,412504.51910163,915,15969.16748694,35,15969.16748694,35,3.8713,100,10134033.5146669,0.1576
2019,4,"2019-T4","7412","Mecânicos e ajustadores eletricistas",0,340186.26398566,747,15472.43464374,29,15472.43464374,29,4.5482,100,10134033.5146669,0.1527
2019,4,"2019-T4","8321","Condutores de motocicletas",0,694451.72143364,1565,15446.89223532,32,15446.89223532,32,2.2243,100,10134033.5146669,0.1524
2019,4,"2019-T4","4412","Trabalhadores de serviços de correios",0,49136.3645743,123,14742.70671567,33,14742.70671567,33,30.0037,100,10134033.5146669,0.1455
2019,4,"2019-T4","5246","Balconistas dos serviços de alimentação",0,451761.06986418,940,14717.13298653,31,14717.13298653,31,3.2577,100,10134033.5146669,0.1452
2019,4,"2019-T4","1341","Dirigentes de serviços de cuidados infantis",0,14770.12311867,32,14679.91201169,31,14679.91201169,31,99.3892,100,10134033.5146669,0.1449
2019,4,"2019-T4","3312","Agentes de empréstimos e financiamento",0,31360.28345934,62,14063.00254416,30,14063.00254416,30,44.8434,100,10134033.5146669,0.1388
2019,4,"2019-T4","3118","Desenhistas e projetistas técnicos",0,69605.0534268,129,13893.80738585,20,13893.80738585,20,19.9609,100,10134033.5146669,0.1371
2019,4,"2019-T4","2654","Diretores de cinema, de teatro e afins",0,20825.21211268,39,13677.45585702,22,13677.45585702,22,65.6774,100,10134033.5146669,0.135
2019,4,"2019-T4","5164","Cuidadores de animais",0,111653.06772884,253,13544.79748045,24,13544.79748045,24,12.1311,100,10134033.5146669,0.1337
2019,4,"2019-T4","9333","Carregadores",0,797822.78697786,1777,13365.05121076,24,13365.05121076,24,1.6752,100,10134033.5146669,0.1319
2019,4,"2019-T4","3142","Técnicos agropecuários",0,37732.54110319,106,13267.89807656,37,13267.89807656,37,35.163,100,10134033.5146669,0.1309
2019,4,"2019-T4","8331","Condutores de ônibus e bondes",0,439756.63390664,996,13028.73578347,28,13028.73578347,28,2.9627,100,10134033.5146669,0.1286
2019,4,"2019-T4","7111","Construtores de casas",0,66210.62355202,142,12915.00662372,19,12915.00662372,19,19.5059,100,10134033.5146669,0.1274
2019,4,"2019-T4","2643","Tradutores, intérpretes e linguistas",0,16290.98885655,41,12791.44228664,31,12791.44228664,31,78.5185,100,10134033.5146669,0.1262
2019,4,"2019-T4","1111","Legisladores",0,41527.62222188,133,12712.762205,48,12712.762205,48,30.6128,100,10134033.5146669,0.1254
2019,4,"2019-T4","2356","Instrutores em tecnologias da informação",0,24229.2576888,42,12550.64363836,18,12550.64363836,18,51.7995,100,10134033.5146669,0.1238
2019,4,"2019-T4","9313","Trabalhadores elementares da construção de edifícios",0,1604257.41402796,3980,12365.17325115,25,12365.17325115,25,0.7708,100,10134033.5146669,0.122
2019,4,"2019-T4","3353","Agentes de serviços de seguridade social",0,13264.16711896,30,11700.51302623,24,11700.51302623,24,88.2114,100,10134033.5146669,0.1155
2019,4,"2019-T4","4132","Operadores de entrada de dados",0,34429.21091729,79,11541.4478828,20,11541.4478828,20,33.5223,100,10134033.5146669,0.1139
2019,4,"2019-T4","3230","Profissionais de nível médio de medicina tradicional e alternativa",0,20304.02980521,46,11390.60496449,28,11390.60496449,28,56.1002,100,10134033.5146669,0.1124
2019,4,"2019-T4","4229","Trabalhadores de serviços de informação ao cliente não classificados anteriormente",0,84299.99081191,186,11289.62722891,26,11289.62722891,26,13.3922,100,10134033.5146669,0.1114
2019,4,"2019-T4","9334","Repositores de prateleiras",0,572423.57002862,1253,11278.10410746,34,11278.10410746,34,1.9702,100,10134033.5146669,0.1113
2019,4,"2019-T4","7317","Artesãos de pedra, madeira, vime e materiais semelhantes",0,103942.56737267,300,11173.10187586,25,11173.10187586,25,10.7493,100,10134033.5146669,0.1103
2019,4,"2019-T4","7319","Artesãos não classificados anteriormente",0,55285.76259384,132,11084.23896551,27,11084.23896551,27,20.049,100,10134033.5146669,0.1094
2019,4,"2019-T4","2651","Artistas plásticos",0,27241.057238,65,11063.86179294,25,11063.86179294,25,40.6147,100,10134033.5146669,0.1092
2019,4,"2019-T4","3212","Técnicos de laboratórios médicos",0,35746.8336962,91,11054.15155719,32,11054.15155719,32,30.9234,100,10134033.5146669,0.1091
2019,4,"2019-T4","5329","Trabalhadores de cuidados pessoais nos serviços de saúde não classificados anteriormente",0,51664.78722915,126,10924.81420693,26,10924.81420693,26,21.1456,100,10134033.5146669,0.1078
2019,4,"2019-T4","8211","Mecânicos montadores de maquinaria mecânica",0,111806.81796367,172,10911.257754,13,10911.257754,13,9.759,100,10134033.5146669,0.1077
2019,4,"2019-T4","3331","Despachantes aduaneiros",0,16439.68033182,26,10473.20129797,10,10473.20129797,10,63.7068,100,10134033.5146669,0.1033
2019,4,"2019-T4","3522","Técnicos de engenharia de telecomunicações",0,54586.58747692,122,10230.43257029,21,10230.43257029,21,18.7417,100,10134033.5146669,0.101
2019,4,"2019-T4","7131","Pintores e empapeladores",0,693448.731747,1482,10215.58877947,20,10215.58877947,20,1.4732,100,10134033.5146669,0.1008
2019,4,"2019-T4","8160","Operadores de máquinas para elaborar alimentos e produtos afins",0,279905.74369915,928,9998.72314427,28,9998.72314427,28,3.5722,100,10134033.5146669,0.0987
2019,4,"2019-T4","8183","Operadores de máquinas de embalagem, engarrafamento e etiquetagem",0,100981.81971838,184,9893.60848433,10,9893.60848433,10,9.7974,100,10134033.5146669,0.0976
2019,4,"2019-T4","3255","Técnicos e assistentes fisioterapeutas",0,67748.54511751,140,9861.28812146,24,9861.28812146,24,14.5557,100,10134033.5146669,0.0973
2019,4,"2019-T4","4416","Trabalhadores do serviço de pessoal",0,37930.48020163,61,9785.52271279,17,9785.52271279,17,25.7986,100,10134033.5146669,0.0966
2019,4,"2019-T4","3359","Agentes da administração pública para aplicação da lei e afins não classificados anteriormente",0,20206.67088424,50,9683.03435945,26,9683.03435945,26,47.92,100,10134033.5146669,0.0955
2019,4,"2019-T4","5132","atendentes de bar",0,250278.11657291,581,9224.27976948,15,9224.27976948,15,3.6856,100,10134033.5146669,0.091
2019,4,"2019-T4","4223","Telefonistas",0,50678.22723165,101,9099.28323705,20,9099.28323705,20,17.955,100,10134033.5146669,0.0898
2019,4,"2019-T4","3132","Operadores de incineradores, instalações de tratamento de água e afins",0,23519.77496667,53,9068.9774258,15,9068.9774258,15,38.5589,100,10134033.5146669,0.0895
2019,4,"2019-T4","4214","Cobradores e afins",0,54003.27968549,122,8348.03653039,14,8348.03653039,14,15.4584,100,10134033.5146669,0.0824
2019,4,"2019-T4","4322","Trabalhadores de serviços de apoio à produção",0,83555.85264954,167,8330.02378571,11,8330.02378571,11,9.9694,100,10134033.5146669,0.0822
2019,4,"2019-T4","7213","Chapistas e caldeireiros",0,458570.77795021,976,8243.44583325,19,8243.44583325,19,1.7976,100,10134033.5146669,0.0813
2019,4,"2019-T4","3344","Secretários de medicina",0,69275.63205283,155,8151.11388859,23,8151.11388859,23,11.7662,100,10134033.5146669,0.0804
2019,4,"2019-T4","9621","Mensageiros, carregadores de bagagens e entregadores de encomendas",0,252987.89876091,510,8040.20558842,17,8040.20558842,17,3.1781,100,10134033.5146669,0.0793
2019,4,"2019-T4","3251","Dentistas auxiliares e ajudantes de odontologia",0,90176.18426198,220,8034.86759251,29,8034.86759251,29,8.9102,100,10134033.5146669,0.0793
2019,4,"2019-T4","5165","Instrutores de autoescola",0,51582.60975749,104,7864.47378114,16,7864.47378114,16,15.2464,100,10134033.5146669,0.0776
2019,4,"2019-T4","3152","Capitães, oficiais de coberta e práticos",0,17947.43399429,47,7844.83399295,11,7844.83399295,11,43.7101,100,10134033.5146669,0.0774
2019,4,"2019-T4","9122","Lavadores de veículos",0,271116.27092062,649,7831.38778422,17,7831.38778422,17,2.8886,100,10134033.5146669,0.0773
2019,4,"2019-T4","3434","Chefes de cozinha",0,41884.18899571,96,7814.89757549,23,7814.89757549,23,18.6583,100,10134033.5146669,0.0771
2019,4,"2019-T4","7126","Bombeiros e encanadores",0,168207.28829406,345,7731.70460383,12,7731.70460383,12,4.5965,100,10134033.5146669,0.0763
2019,4,"2019-T4","4224","Recepcionistas de hotéis",0,68836.17022711,167,7686.00465013,27,7686.00465013,27,11.1656,100,10134033.5146669,0.0758
2019,4,"2019-T4","3117","Técnicos em engenharia de minas e metalurgia",0,31773.25012908,63,7684.27663239,13,7684.27663239,13,24.1847,100,10134033.5146669,0.0758
2019,4,"2019-T4","7533","Costureiros, bordadeiros e afins",0,139091.77603442,326,7603.90263602,14,7603.90263602,14,5.4668,100,10134033.5146669,0.075
2019,4,"2019-T4","5113","Guias de turismo",0,25962.01436176,62,7537.71485795,18,7537.71485795,18,29.0336,100,10134033.5146669,0.0744
2019,4,"2019-T4","3213","Técnicos e assistentes farmacêuticos",0,41699.36276036,81,7269.20231613,15,7269.20231613,15,17.4324,100,10134033.5146669,0.0717
2019,4,"2019-T4","7511","Magarefes e afins",0,422319.83148322,1010,7165.12886751,17,7165.12886751,17,1.6966,100,10134033.5146669,0.0707
2019,4,"2019-T4","7313","Joalheiros e lapidadores de gemas, artesãos de metais preciosos e semipreciosos",0,32669.70759947,63,6987.90521952,9,6987.90521952,9,21.3896,100,10134033.5146669,0.069
2019,4,"2019-T4","2656","Locutores de rádio, televisão e outros meios de comunicação",0,36904.51694289,91,6675.04234278,14,6675.04234278,14,18.0873,100,10134033.5146669,0.0659
2019,4,"2019-T4","9211","Trabalhadores elementares da agricultura",0,1383432.51489487,5128,6654.9879402,26,6654.9879402,26,0.481,100,10134033.5146669,0.0657
2019,4,"2019-T4","7322","Impressores",0,80725.55891957,159,6591.12686987,16,6591.12686987,16,8.1649,100,10134033.5146669,0.065
2019,4,"2019-T4","5245","Frentistas de posto de gasolina",0,284732.2900867,665,6453.85798431,22,6453.85798431,22,2.2666,100,10134033.5146669,0.0637
2019,4,"2019-T4","9321","empacotadores manuais",0,193671.77802796,445,6443.93970976,11,6443.93970976,11,3.3272,100,10134033.5146669,0.0636
2019,4,"2019-T4","3153","Pilotos de aviação e afins",0,8486.66090351,21,6374.95764349,15,6374.95764349,15,75.1174,100,10134033.5146669,0.0629
2019,4,"2019-T4","9520","Vendedores ambulantes (exclusive de serviços de alimentação)",0,336793.84180607,834,6146.84767951,26,6146.84767951,26,1.8251,100,10134033.5146669,0.0607
2019,4,"2019-T4","5411","Bombeiros",0,35625.01042745,73,6054.41826873,9,6054.41826873,9,16.9949,100,10134033.5146669,0.0597
2019,4,"2019-T4","3141","Técnicos e profissionais de nível médio em ciências biológicas (exclusive da medicina)",0,14569.31683656,35,5974.55960269,15,5974.55960269,15,41.0078,100,10134033.5146669,0.059
2019,4,"2019-T4","9411","Preparadores de comidas rápidas",0,123433.27698893,324,5829.78785178,15,5829.78785178,15,4.723,100,10134033.5146669,0.0575
2019,4,"2019-T4","7421","Mecânicos e reparadores em eletrônica",0,91214.15902865,177,5785.38862991,13,5785.38862991,13,6.3426,100,10134033.5146669,0.0571
2019,4,"2019-T4","2655","Atores",0,17937.15918935,26,5770.26773658,7,5770.26773658,7,32.1694,100,10134033.5146669,0.0569
2019,4,"2019-T4","4227","Entrevistadores de pesquisas de mercado",0,23018.37324108,42,5761.06998731,15,5761.06998731,15,25.0281,100,10134033.5146669,0.0568
2019,4,"2019-T4","7119","Outros trabalhadores qualificados e operários da construção não classificados anteriormente",0,137050.65331039,414,5477.49674443,13,5477.49674443,13,3.9967,100,10134033.5146669,0.0541
2019,4,"2019-T4","7212","Soldadores e oxicortadores",0,260209.64043449,554,5396.070167,9,5396.070167,9,2.0737,100,10134033.5146669,0.0532
2019,4,"2019-T4","5321","Trabalhadores de cuidados pessoais em instituições",0,54889.60348478,114,5150.58480056,7,5150.58480056,7,9.3835,100,10134033.5146669,0.0508
2019,4,"2019-T4","3151","Oficiais maquinistas em navegação",0,6140.43974693,7,5141.42914552,5,5141.42914552,5,83.7306,100,10134033.5146669,0.0507
2019,4,"2019-T4","5212","Vendedores ambulantes de serviços de alimentação",0,394833.37656665,1083,5050.90916871,19,5050.90916871,19,1.2793,100,10134033.5146669,0.0498
2019,4,"2019-T4","7214","Montadores de estruturas metálicas",0,92312.49210173,211,5023.97271233,4,5023.97271233,4,5.4424,100,10134033.5146669,0.0496
2019,4,"2019-T4","3413","Auxiliares leigos de religião",0,12997.64674477,25,4944.20736413,9,4944.20736413,9,38.0393,100,10134033.5146669,0.0488
2019,4,"2019-T4","8344","Operadores de empilhadeiras",0,202448.96457175,375,4874.73438707,10,4874.73438707,10,2.4079,100,10134033.5146669,0.0481
2019,4,"2019-T4","1114","Dirigentes de organizações que apresentam um interesse especial",0,12183.70060141,31,4859.10271129,11,4859.10271129,11,39.882,100,10134033.5146669,0.0479
2019,4,"2019-T4","3514","Técnicos da web",0,14415.16760989,30,4641.80944191,9,4641.80944191,9,32.2009,100,10134033.5146669,0.0458
2019,4,"2019-T4","3256","assistentes de medicina",0,30224.75275165,60,4595.96808227,7,4595.96808227,7,15.206,100,10134033.5146669,0.0454
2019,4,"2019-T4","5112","Fiscais e cobradores de transportes públicos",0,125088.41981832,283,4536.85808696,12,4536.85808696,12,3.6269,100,10134033.5146669,0.0448
2019,4,"2019-T4","4212","Coletores de apostas e de jogos",0,84044.99471534,201,4430.86391394,7,4430.86391394,7,5.272,100,10134033.5146669,0.0437
2019,4,"2019-T4","4313","Trabalhadores encarregados de folha de pagamento",0,7117.72191719,14,4395.41905771,9,4395.41905771,9,61.7532,100,10134033.5146669,0.0434
2019,4,"2019-T4","3435","Outros profissionais de nível médio em atividades culturais e artísticas",0,24710.60786187,49,4378.77373443,7,4378.77373443,7,17.7202,100,10134033.5146669,0.0432
2019,4,"2019-T4","9629","Outras ocupações elementares não classificadas anteriormente",0,192175.87336693,511,4347.68089153,11,4347.68089153,11,2.2623,100,10134033.5146669,0.0429
2019,4,"2019-T4","7515","Trabalhadores da degustação e classificação de alimentos e bebidas",0,17052.08195252,36,4059.48765887,8,4059.48765887,8,23.8064,100,10134033.5146669,0.0401
2019,4,"2019-T4","3214","Técnicos de próteses médicas e dentárias",0,49566.99005262,100,4047.93146791,11,4047.93146791,11,8.1666,100,10134033.5146669,0.0399
2019,4,"2019-T4","9612","Classificadores de resíduos",0,253563.48873488,567,3974.25055807,10,3974.25055807,10,1.5674,100,10134033.5146669,0.0392
2019,4,"2019-T4","9510","Trabalhadores ambulantes dos serviços e afins",0,78042.38293975,155,3867.543398,8,3867.543398,8,4.9557,100,10134033.5146669,0.0382
2019,4,"2019-T4","4411","Trabalhadores de bibliotecas",0,11314.00760528,26,3836.3012536,8,3836.3012536,8,33.9075,100,10134033.5146669,0.0379
2019,4,"2019-T4","6122","Avicultores e trabalhadores qualificados da avicultura",0,138077.87752411,675,3805.01934091,18,3805.01934091,18,2.7557,100,10134033.5146669,0.0375
2019,4,"2019-T4","7413","Instaladores e reparadores de linhas elétricas",0,62967.17962938,114,3691.83712537,6,3691.83712537,6,5.8631,100,10134033.5146669,0.0364
2019,4,"2019-T4","3259","Profissionais de nível médio da saúde não classificados anteriormente",0,32669.49221783,50,3651.77184831,6,3651.77184831,6,11.1779,100,10134033.5146669,0.036
2019,4,"2019-T4","7132","Lustradores",0,181484.49212508,369,3607.65931921,9,3607.65931921,9,1.9879,100,10134033.5146669,0.0356
2019,4,"2019-T4","9212","Trabalhadores elementares da pecuária",0,569684.57602049,2778,3535.46500532,14,3535.46500532,14,0.6206,100,10134033.5146669,0.0349
2019,4,"2019-T4","3315","Avaliadores",0,5287.32707384,11,3524.00979598,5,3524.00979598,5,66.6501,100,10134033.5146669,0.0348
2019,4,"2019-T4","8341","Operadores de máquinas agrícolas e florestais móveis",0,296562.98087091,1051,3408.60264931,10,3408.60264931,10,1.1494,100,10134033.5146669,0.0336
2019,4,"2019-T4","3111","Técnicos em ciências físicas e químicas",0,20216.13415548,48,3346.91691053,11,3346.91691053,11,16.5557,100,10134033.5146669,0.033
2019,4,"2019-T4","7321","Trabalhadores da pré-impressão gráfica",0,20659.19540369,37,3282.43538946,5,3282.43538946,5,15.8885,100,10134033.5146669,0.0324
2019,4,"2019-T4","3314","Profissionais de nível médio de serviços estatísticos, matemáticos e afins",0,75239.96329007,137,3246.52174319,5,3246.52174319,5,4.3149,100,10134033.5146669,0.032
2019,4,"2019-T4","8212","Montadores de equipamentos elétricos e eletrônicos",0,88260.38629857,171,3219.0609325,9,3219.0609325,9,3.6472,100,10134033.5146669,0.0318
2019,4,"2019-T4","7115","Carpinteiros",0,208176.5336531,549,3128.98686158,7,3128.98686158,7,1.503,100,10134033.5146669,0.0309
2019,4,"2019-T4","8142","Operadores de máquinas para fabricar produtos de material plástico",0,150972.17689595,245,3126.12690818,7,3126.12690818,7,2.0707,100,10134033.5146669,0.0308
2019,4,"2019-T4","4415","Trabalhadores de arquivos",0,27925.47241799,61,3047.11768287,6,3047.11768287,6,10.9116,100,10134033.5146669,0.0301
2019,4,"2019-T4","8113","Perfuradores e sondadores de poços e afins",0,24723.02588562,53,3037.52703862,6,3037.52703862,6,12.2862,100,10134033.5146669,0.03
2019,4,"2019-T4","3354","Agentes de serviços de expedição de licenças e permissões",0,6187.67179847,16,2958.43733051,7,2958.43733051,7,47.8118,100,10134033.5146669,0.0292
2019,4,"2019-T4","5111","Auxiliares de serviço de bordo",0,9172.93541166,19,2746.78574658,7,2746.78574658,7,29.9445,100,10134033.5146669,0.0271
2019,4,"2019-T4","7127","Mecânicos-instaladores de sistemas de refrigeração e climatização",0,78198.52024325,156,2727.49039795,5,2727.49039795,5,3.4879,100,10134033.5146669,0.0269
2019,4,"2019-T4","3240","Técnicos e assistentes veterinários",0,20876.86329792,38,2718.27924315,4,2718.27924315,4,13.0205,100,10134033.5146669,0.0268
2019,4,"2019-T4","7314","Ceramistas e afins (preparação e fabricação)",0,94118.47718985,243,2666.7330271,7,2666.7330271,7,2.8334,100,10134033.5146669,0.0263
2019,4,"2019-T4","4419","Trabalhadores de apoio administrativo não classificados anteriormente",0,21952.44786289,51,2610.08703285,7,2610.08703285,7,11.8897,100,10134033.5146669,0.0258
2019,4,"2019-T4","3324","Corretores de comercialização",0,3256.49165112,5,2569.19472423,3,2569.19472423,3,78.8946,100,10134033.5146669,0.0254
2019,4,"2019-T4","8121","Operadores de instalações de processamento de metais",0,93129.1064683,169,2559.89499313,7,2559.89499313,7,2.7488,100,10134033.5146669,0.0253
2019,4,"2019-T4","7513","Trabalhadores da pasteurização do leite e fabricação de laticínios e afins",0,85987.63007807,332,2429.6669483,4,2429.6669483,4,2.8256,100,10134033.5146669,0.024
2019,4,"2019-T4","7534","Tapeceiros, colchoeiros e afins",0,83397.21417757,173,2423.23952977,8,2423.23952977,8,2.9057,100,10134033.5146669,0.0239
2019,4,"2019-T4","3135","Controladores de processos de produção de metais",0,16530.10719864,21,2417.71517707,3,2417.71517707,3,14.6261,100,10134033.5146669,0.0239
2019,4,"2019-T4","2434","Profissionais de vendas de tecnologia da informação e comunicações",0,6405.69825794,17,2401.02042488,6,2401.02042488,6,37.4826,100,10134033.5146669,0.0237
2019,4,"2019-T4","5163","Trabalhadores de funerárias e embalsamadores",0,18250.43491033,36,2377.05693507,5,2377.05693507,5,13.0247,100,10134033.5146669,0.0235
2019,4,"2019-T4","3131","Operadores de instalações de produção de energia",0,5735.53040829,13,2322.22135335,3,2322.22135335,3,40.4883,100,10134033.5146669,0.0229
2019,4,"2019-T4","8342","Operadores de máquinas de movimentação de terras e afins",0,231823.30341463,578,2283.79818664,10,2283.79818664,10,0.9851,100,10134033.5146669,0.0225
2019,4,"2019-T4","7125","Vidraceiros",0,77860.63932912,153,2281.94437317,5,2281.94437317,5,2.9308,100,10134033.5146669,0.0225
2019,4,"2019-T4","8141","Operadores de máquinas para fabricar produtos de borracha",0,168629.45186927,388,2269.56706679,6,2269.56706679,6,1.3459,100,10134033.5146669,0.0224
2019,4,"2019-T4","7544","Fumigadores e outros controladores de pragas e ervas daninhas",0,29203.55632846,78,2163.85184474,4,2163.85184474,4,7.4095,100,10134033.5146669,0.0214
2019,4,"2019-T4","3333","Agentes de emprego e agenciadores de mão de obra",0,5233.30767606,12,2139.4678617,4,2139.4678617,4,40.8818,100,10134033.5146669,0.0211
2019,4,"2019-T4","8182","Operadores de máquinas de vapor e caldeiras",0,61357.39531065,110,2130.66040036,5,2130.66040036,5,3.4725,100,10134033.5146669,0.021
2019,4,"2019-T4","8143","Operadores de máquinas para fabricar produtos de papel",0,38074.28636698,68,2009.94547241,6,2009.94547241,6,5.279,100,10134033.5146669,0.0198
2019,4,"2019-T4","6210","Trabalhadores florestais qualificados e afins",0,66684.79829918,250,1951.11648055,7,1951.11648055,7,2.9259,100,10134033.5146669,0.0193
2019,4,"2019-T4","7113","Canteiros, cortadores e gravadores de pedras",0,67510.79338115,155,1950.59586759,2,1950.59586759,2,2.8893,100,10134033.5146669,0.0192
2019,4,"2019-T4","8219","Montadores não classificados anteriormente",0,137276.27424533,270,1946.9729791,6,1946.9729791,6,1.4183,100,10134033.5146669,0.0192
2019,4,"2019-T4","9611","Coletores de lixo e material reciclável",0,224458.56306627,557,1939.28816451,6,1939.28816451,6,0.864,100,10134033.5146669,0.0191
2019,4,"2019-T4","7222","Ferramenteiros e afins",0,78239.0957122,122,1836.91311023,5,1836.91311023,5,2.3478,100,10134033.5146669,0.0181
2019,4,"2019-T4","8156","Operadores de máquinas para fabricação de calçados e afins",0,111433.2570037,205,1774.46229882,3,1774.46229882,3,1.5924,100,10134033.5146669,0.0175
2019,4,"2019-T4","8343","Operadores de guindastes, gruas, aparatos de elevação e afins",0,68638.3372934,135,1749.07154053,3,1749.07154053,3,2.5482,100,10134033.5146669,0.0173
2019,4,"2019-T4","5151","Supervisores de manutenção e limpeza de edifícios em escritórios, hotéis e estabelecimentos",0,14823.22517606,36,1666.72967632,4,1666.72967632,4,11.244,100,10134033.5146669,0.0164
2019,4,"2019-T4","5168","Trabalhadores do sexo",0,9135.61214994,16,1627.12743573,2,1627.12743573,2,17.8108,100,10134033.5146669,0.0161
2019,4,"2019-T4","3433","Técnicos em galerias de arte, museus e bibliotecas",0,5281.23611835,15,1598.78301395,5,1598.78301395,5,30.2729,100,10134033.5146669,0.0158
2019,4,"2019-T4","8122","Operadores de máquinas polidoras, galvanizadoras e recobridoras de metais",0,49070.78441347,74,1563.08592531,1,1563.08592531,1,3.1854,100,10134033.5146669,0.0154
2019,4,"2019-T4","8312","Guarda-freios e agentes de manobras",0,2977.2419251,7,1532.66909596,3,1532.66909596,3,51.4795,100,10134033.5146669,0.0151
2019,4,"2019-T4","7532","Trabalhadores qualificados da preparação da confecção de roupas",0,70779.43704794,152,1477.9064771,5,1477.9064771,5,2.088,100,10134033.5146669,0.0146
2019,4,"2019-T4","3154","Controladores de tráfego aéreo",0,2233.27086942,5,1448.43347573,4,1448.43347573,4,64.857,100,10134033.5146669,0.0143
2019,4,"2019-T4","1343","Dirigentes de serviços de cuidado a pessoas idosas",0,1720.48073565,6,1441.4723073,4,1441.4723073,4,83.7831,100,10134033.5146669,0.0142
2019,4,"2019-T4","8154","Operadores de máquinas de branqueamento, tingimento e limpeza de tecidos",0,47323.83091171,113,1416.90013418,2,1416.90013418,2,2.9941,100,10134033.5146669,0.014
2019,4,"2019-T4","4131","Operadores de máquinas de processamento de texto e mecanógrafos",0,3408.72691596,13,1407.06404439,6,1407.06404439,6,41.2783,100,10134033.5146669,0.0139
2019,4,"2019-T4","6225","Pescadores",0,357127.55141996,1459,1360.43149739,5,1360.43149739,5,0.3809,100,10134033.5146669,0.0134
2019,4,"2019-T4","8152","Operadores de teares e outras máquinas de tecelagem",0,51980.01478089,102,1333.27405088,2,1333.27405088,2,2.565,100,10134033.5146669,0.0132
2019,4,"2019-T4","8350","Marinheiros de coberta e afins",0,50935.78280139,160,1317.61582953,3,1317.61582953,3,2.5868,100,10134033.5146669,0.013
2019,4,"2019-T4","9215","Trabalhadores florestais elementares",0,247095.86755037,1012,1259.62092167,3,1259.62092167,3,0.5098,100,10134033.5146669,0.0124
2019,4,"2019-T4","6129","Outros criadores e trabalhadores qualificados da pecuária não classificados anteriormente",0,1671.99586652,4,1156.22821084,1,1156.22821084,1,69.1526,100,10134033.5146669,0.0114
2019,4,"2019-T4","3258","Ajudantes de ambulâncias",0,17248.58527296,37,1155.14984837,3,1155.14984837,3,6.6971,100,10134033.5146669,0.0114
2019,4,"2019-T4","6221","Trabalhadores da aquicultura",0,14307.98800279,68,1067.48851842,5,1067.48851842,5,7.4608,100,10134033.5146669,0.0105
2019,4,"2019-T4","7541","Trabalhadores subaquáticos",0,6953.10157364,11,1047.80879457,2,1047.80879457,2,15.0697,100,10134033.5146669,0.0103
2019,4,"2019-T4","3421","Atletas e esportistas",0,18768.38370492,40,988.73131054,4,988.73131054,4,5.2681,100,10134033.5146669,0.0098
2019,4,"2019-T4","7514","Trabalhadores da conservação de frutas, legumes e similares",0,61669.8679525,185,979.58507306,3,979.58507306,3,1.5884,100,10134033.5146669,0.0097
2019,4,"2019-T4","8151","Operadores de máquinas de preparação de fibras, fiação e bobinamento de fios",0,18680.36354132,36,957.93473833,1,957.93473833,1,5.128,100,10134033.5146669,0.0095
2019,4,"2019-T4","8311","Maquinistas de locomotivas",0,6538.03507641,16,918.81946614,2,918.81946614,2,14.0534,100,10134033.5146669,0.0091
2019,4,"2019-T4","7311","Mecânicos e reparadores de instrumentos de precisão",0,17906.84816152,38,906.4436698,2,906.4436698,2,5.062,100,10134033.5146669,0.0089
2019,4,"2019-T4","5152","Governantas e mordomos domésticos",0,18481.94365787,44,839.09708065,2,839.09708065,2,4.5401,100,10134033.5146669,0.0083
2019,4,"2019-T4","8131","Operadores de instalações e máquinas de produtos químicos",0,38008.8899966,80,821.37850431,2,821.37850431,2,2.161,100,10134033.5146669,0.0081
2019,4,"2019-T4","7123","Gesseiros",0,129071.26767223,259,809.62935959,5,809.62935959,5,0.6273,100,10134033.5146669,0.008
2019,4,"2019-T4","7523","Operadores de máquinas de lavrar madeira",0,52874.08376823,147,749.5053889,3,749.5053889,3,1.4175,100,10134033.5146669,0.0074
2019,4,"2019-T4","9121","Lavadeiros de roupas e passadeiros manuais",0,70238.47156871,151,736.17569595,2,736.17569595,2,1.0481,100,10134033.5146669,0.0073
2019,4,"2019-T4","7536","Sapateiros e afins",0,118090.77289147,250,730.36082181,2,730.36082181,2,0.6185,100,10134033.5146669,0.0072
2019,4,"2019-T4","9623","Coletores de dinheiro em máquinas automáticas de venda e leitores de medidores",0,26542.67980871,49,708.14966117,2,708.14966117,2,2.668,100,10134033.5146669,0.007
2019,4,"2019-T4","7312","Confeccionadores e afinadores de instrumentos musicais",0,8216.85759403,17,674.76754729,2,674.76754729,2,8.212,100,10134033.5146669,0.0067
2019,4,"2019-T4","2653","Bailarinos e coreógrafos",0,3103.26344208,10,669.268564,2,669.268564,2,21.5666,100,10134033.5146669,0.0066
2019,4,"2019-T4","8171","Operadores de instalações para a preparação de pasta de papel e papel",0,17340.53549528,46,628.37892949,3,628.37892949,3,3.6238,100,10134033.5146669,0.0062
2019,4,"2019-T4","7114","Trabalhadores em cimento e concreto armado",0,11522.51095332,34,600.01730813,1,600.01730813,1,5.2073,100,10134033.5146669,0.0059
2019,4,"2019-T4","1322","Dirigentes de explorações de mineração",0,1003.07770911,5,586.34207925,3,586.34207925,3,58.4543,100,10134033.5146669,0.0058
2019,4,"2019-T4","8157","Operadores de máquinas de lavar, tingir e passar roupas",0,16867.33131692,37,511.49534943,1,511.49534943,1,3.0325,100,10134033.5146669,0.005
2019,4,"2019-T4","7122","Aplicadores de revestimentos cerâmicos, pastilhas, pedras e madeiras",0,73217.78596566,132,509.45935538,1,509.45935538,1,0.6958,100,10134033.5146669,0.005
2019,4,"2019-T4","6130","Produtores e trabalhadores qualificados de exploração agropecuária mista",0,16353.73971164,62,505.58802558,2,505.58802558,2,3.0916,100,10134033.5146669,0.005
2019,4,"2019-T4","3155","Técnicos em segurança aeronáutica",0,3354.47816572,8,447.43015513,2,447.43015513,2,13.3383,100,10134033.5146669,0.0044
2019,4,"2019-T4","5241","Modelos de moda, arte e publicidade",0,8422.04207001,15,443.96401559,1,443.96401559,1,5.2715,100,10134033.5146669,0.0044
2019,4,"2019-T4","3139","Técnicos em controle de processos não classificados anteriormente",0,4257.59195642,12,431.83413515,1,431.83413515,1,10.1427,100,10134033.5146669,0.0043
2019,4,"2019-T4","7224","Polidores de metais e afiadores de ferramentas",0,15636.09839384,40,395.17960909,1,395.17960909,1,2.5274,100,10134033.5146669,0.0039
2019,4,"2019-T4","9216","Trabalhadores elementares da pesca e aquicultura",0,25483.35914204,92,358.96091925,2,358.96091925,2,1.4086,100,10134033.5146669,0.0035
2019,4,"2019-T4","9312","Trabalhadores elementares de obras públicas e da manutenção de estradas, represas e similares",0,38145.71399366,101,343.94720188,1,343.94720188,1,0.9017,100,10134033.5146669,0.0034
2019,4,"2019-T4","9129","Outros trabalhadores de limpeza",0,29847.3675727,65,341.30867772,1,341.30867772,1,1.1435,100,10134033.5146669,0.0034
2019,4,"2019-T4","7234","Reparadores de bicicletas e afins",0,44606.47769449,123,318.08480237,1,318.08480237,1,0.7131,100,10134033.5146669,0.0031
2019,4,"2019-T4","8112","Operadores de instalações de processamento de minerais e rochas",0,10485.98093249,34,316.50716258,2,316.50716258,2,3.0184,100,10134033.5146669,0.0031
2019,4,"2019-T4","6123","Apicultores, sericicultores e trabalhadores qualificados da apicultura e sericicultura",0,13404.80970309,69,292.00544187,1,292.00544187,1,2.1784,100,10134033.5146669,0.0029
2019,4,"2019-T4","9331","Condutores de veículos acionados a pedal ou a braços",0,26732.16983104,51,285.02448579,1,285.02448579,1,1.0662,100,10134033.5146669,0.0028
2019,4,"2019-T4","7221","Ferreiros e forjadores",0,9905.22976466,23,281.01517978,1,281.01517978,1,2.837,100,10134033.5146669,0.0028
2019,4,"2019-T4","5161","Astrólogos, adivinhos e afins",0,7572.93620933,12,278.47328915,1,278.47328915,1,3.6772,100,10134033.5146669,0.0027
2019,4,"2019-T4","3222","Profissionais de nível médio de partos",0,5159.42081146,7,276.43552559,1,276.43552559,1,5.3579,100,10134033.5146669,0.0027
2019,4,"2019-T4","8189","Operadores de máquinas e de instalações fixas não classificados anteriormente",0,20944.55923783,48,250.22353768,1,250.22353768,1,1.1947,100,10134033.5146669,0.0025
2019,4,"2019-T4","3143","Técnicos florestais",0,3114.56741397,13,244.43099199,2,244.43099199,2,7.848,100,10134033.5146669,0.0024
2019,4,"2019-T4","8172","Operadores de instalações para processamento de madeira",0,68288.55262567,235,213.1252902,1,213.1252902,1,0.3121,100,10134033.5146669,0.0021
2019,4,"2019-T4","7215","Aparelhadores e emendadores de cabos",0,5805.46320758,14,195.05735916,1,195.05735916,1,3.3599,100,10134033.5146669,0.0019
2019,4,"2019-T4","9214","Trabalhadores elementares da jardinagem e horticultura",0,73613.11399601,181,177.92756595,1,177.92756595,1,0.2417,100,10134033.5146669,0.0018
2019,4,"2019-T4","9311","Trabalhadores elementares de minas e pedreiras",0,35220.81609001,126,163.40371359,1,163.40371359,1,0.4639,100,10134033.5146669,0.0016
2019,4,"2019-T4","7232","Mecânicos e reparadores de motores de avião",0,9632.77364106,20,115.90972396,1,115.90972396,1,1.2033,100,10134033.5146669,0.0011
2019,4,"2019-T4","7549","Outros trabalhadores qualificados e operários da indústria e do artesanato não classificados anteriormente",0,8297.816618,19,74.16033265,1,74.16033265,1,0.8937,100,10134033.5146669,7e-04
2019,4,"2019-T4","9213","Trabalhadores elementares da agropecuária",0,22098.93055672,115,26.78886706,1,26.78886706,1,0.1212,100,10134033.5146669,3e-04
2019,4,"2019-T4","0110","Oficiais das forças armadas",1,64930.92144083,159,56710.56360984,137,0,0,0,0,10134033.5146669,0
2019,4,"2019-T4","0411","Oficiais de polícia militar",1,42985.79873268,89,29884.94035604,65,0,0,0,0,10134033.5146669,0
2019,4,"2019-T4","0511","Oficiais de bombeiro militar",1,14853.95826554,36,11926.73975012,29,0,0,0,0,10134033.5146669,0
2019,4,"2019-T4","1223","Dirigentes de pesquisa e desenvolvimento",1,45267.02971293,66,34857.77432441,59,0,0,0,0,10134033.5146669,0
2019,4,"2019-T4","1312","Dirigentes de produção da aquicultura e pesca",0,434.85907292,2,0,0,0,0,0,NA,10134033.5146669,0
2019,4,"2019-T4","1330","Dirigentes de serviços de tecnologia da informação e comunicações",1,81768.45198159,136,56951.20448842,98,0,0,0,0,10134033.5146669,0
2019,4,"2019-T4","1342","Dirigentes de serviços de saúde",1,47269.30704415,111,39005.8026469,91,0,0,0,0,10134033.5146669,0
2019,4,"2019-T4","1344","Dirigentes de serviços de bem-estar social",1,554.67061301,1,554.67061301,1,0,0,0,0,10134033.5146669,0
2019,4,"2019-T4","1345","Dirigentes de serviços de educação",1,157074.69737579,383,143186.59676574,340,0,0,0,0,10134033.5146669,0
2019,4,"2019-T4","1349","Dirigentes e gerentes de serviços profissionais não classificados anteriormente",1,30639.97583042,54,20619.70990463,34,0,0,0,0,10134033.5146669,0
2019,4,"2019-T4","2111","Físicos e astrônomos",1,4296.0569958,8,4296.0569958,8,0,0,0,0,10134033.5146669,0
2019,4,"2019-T4","2112","Meteorologistas",1,1581.02163741,2,1581.02163741,2,0,0,0,0,10134033.5146669,0
2019,4,"2019-T4","2113","Químicos",1,31765.49250955,43,31765.49250955,43,0,0,0,0,10134033.5146669,0
2019,4,"2019-T4","2114","Geólogos e geofísicos",1,7305.4663606,15,7305.4663606,15,0,0,0,0,10134033.5146669,0
2019,4,"2019-T4","2120","Matemáticos, atuários e estatísticos",1,6418.90736121,12,6418.90736121,12,0,0,0,0,10134033.5146669,0
2019,4,"2019-T4","2131","Biólogos, botânicos, zoólogos e afins",1,53938.35903727,112,53938.35903727,112,0,0,0,0,10134033.5146669,0
2019,4,"2019-T4","2132","Agrônomos e afins",1,40987.43617814,122,40987.43617814,122,0,0,0,0,10134033.5146669,0
2019,4,"2019-T4","2133","Profissionais da proteção do meio ambiente",1,18312.80180535,55,16265.17291565,44,0,0,0,0,10134033.5146669,0
2019,4,"2019-T4","2141","Engenheiros industriais e de produção",1,48860.67494584,63,48860.67494584,63,0,0,0,0,10134033.5146669,0
2019,4,"2019-T4","2142","Engenheiros civis",1,205052.98934699,421,205052.98934699,421,0,0,0,0,10134033.5146669,0
2019,4,"2019-T4","2143","Engenheiros de meio ambiente",1,19063.96434162,36,19063.96434162,36,0,0,0,0,10134033.5146669,0
2019,4,"2019-T4","2144","Engenheiros mecânicos",1,68649.3276061,129,68649.3276061,129,0,0,0,0,10134033.5146669,0
2019,4,"2019-T4","2145","Engenheiros químicos",1,19137.66708383,36,19137.66708383,36,0,0,0,0,10134033.5146669,0
2019,4,"2019-T4","2146","Engenheiros de minas, metalúrgicos e afins",1,7984.52806665,14,7984.52806665,14,0,0,0,0,10134033.5146669,0
2019,4,"2019-T4","2149","Engenheiros não classificados anteriormente",1,32569.7330431,42,32569.7330431,42,0,0,0,0,10134033.5146669,0
2019,4,"2019-T4","2151","Engenheiros eletricistas",1,62885.22740574,122,62885.22740574,122,0,0,0,0,10134033.5146669,0
2019,4,"2019-T4","2152","Engenheiros eletrônicos",1,6971.83825221,14,6971.83825221,14,0,0,0,0,10134033.5146669,0
2019,4,"2019-T4","2153","Engenheiros em telecomunicações",1,7736.75587084,13,7736.75587084,13,0,0,0,0,10134033.5146669,0
2019,4,"2019-T4","2161","Arquitetos de edificações",1,141490.71834362,294,141490.71834362,294,0,0,0,0,10134033.5146669,0
2019,4,"2019-T4","2162","Arquitetos paisagistas",1,2925.04788339,7,2925.04788339,7,0,0,0,0,10134033.5146669,0
2019,4,"2019-T4","2163","Desenhistas de produtos e  vestuário",1,27247.87363437,54,27247.87363437,54,0,0,0,0,10134033.5146669,0
2019,4,"2019-T4","2164","Urbanistas e engenheiros de trânsito",1,2180.21007327,5,2180.21007327,5,0,0,0,0,10134033.5146669,0
2019,4,"2019-T4","2165","Cartógrafos e agrimensores",1,2355.67536618,6,2355.67536618,6,0,0,0,0,10134033.5146669,0
2019,4,"2019-T4","2211","Médicos gerais",1,121143.61110698,261,121143.61110698,261,0,0,0,0,10134033.5146669,0
2019,4,"2019-T4","2212","Médicos especialistas",1,265736.62035802,510,265736.62035802,510,0,0,0,0,10134033.5146669,0
2019,4,"2019-T4","2221","Profissionais de enfermagem",1,376804.65149046,843,376804.65149046,843,0,0,0,0,10134033.5146669,0
2019,4,"2019-T4","2230","Profissionais da medicina tradicional e alternativa",1,4792.42155631,8,4792.42155631,8,0,0,0,0,10134033.5146669,0
2019,4,"2019-T4","2240","Paramédicos",1,1388.75625549,2,1388.75625549,2,0,0,0,0,10134033.5146669,0
2019,4,"2019-T4","2250","Veterinários",1,67927.02372137,164,67927.02372137,164,0,0,0,0,10134033.5146669,0
2019,4,"2019-T4","2261","Dentistas",1,284092.29413108,585,284092.29413108,585,0,0,0,0,10134033.5146669,0
2019,4,"2019-T4","2262","Farmacêuticos",1,175798.07138331,353,175798.07138331,353,0,0,0,0,10134033.5146669,0
2019,4,"2019-T4","2263","Profissionais da saúde e da higiene laboral e ambiental",1,2099.67694353,6,2099.67694353,6,0,0,0,0,10134033.5146669,0
2019,4,"2019-T4","2264","Fisioterapeutas",1,180235.05821694,419,180235.05821694,419,0,0,0,0,10134033.5146669,0
2019,4,"2019-T4","2265","Dietistas e nutricionistas",1,98399.90477915,218,98399.90477915,218,0,0,0,0,10134033.5146669,0
2019,4,"2019-T4","2266","Fonoaudiólogos e logopedistas",1,31855.53158342,75,31855.53158342,75,0,0,0,0,10134033.5146669,0
2019,4,"2019-T4","2267","Optometristas",1,1120.20761486,2,1120.20761486,2,0,0,0,0,10134033.5146669,0
2019,4,"2019-T4","2269","Profissionais da saúde não classificados anteriormente",1,49987.93750405,80,25439.67784366,48,0,0,0,0,10134033.5146669,0
2019,4,"2019-T4","2310","Professores de universidades e do ensino superior",1,290700.14358008,689,290700.14358008,689,0,0,0,0,10134033.5146669,0
2019,4,"2019-T4","2320","Professores de formação profissional",1,99327.21706994,235,57963.00535286,139,0,0,0,0,10134033.5146669,0
2019,4,"2019-T4","2330","Professores do ensino médio",1,669789.04118774,1656,641373.10573522,1586,0,0,0,0,10134033.5146669,0
2019,4,"2019-T4","2341","Professores do ensino fundamental",1,1455268.38819102,4064,1328835.39346718,3639,0,0,0,0,10134033.5146669,0
2019,4,"2019-T4","2342","Professores do ensino pré-escolar",1,684147.7208101,1658,547820.37896733,1309,0,0,0,0,10134033.5146669,0
2019,4,"2019-T4","2351","Especialistas em métodos pedagógicos",1,316431.17300142,778,296097.7383711,722,0,0,0,0,10134033.5146669,0
2019,4,"2019-T4","2352","Educadores para necessidades especiais",1,23010.22943114,69,17356.99766988,51,0,0,0,0,10134033.5146669,0
2019,4,"2019-T4","2359","Profissionais de ensino não classificados anteriormente",1,243206.19113871,609,89322.53367724,218,0,0,0,0,10134033.5146669,0
2019,4,"2019-T4","2411","Contadores",1,451059.86256347,944,451059.86256347,944,0,0,0,0,10134033.5146669,0
2019,4,"2019-T4","2412","Assessores financeiros e em investimentos",1,8134.55975557,19,8134.55975557,19,0,0,0,0,10134033.5146669,0
2019,4,"2019-T4","2413","Analistas financeiros",1,121413.7892322,163,121413.7892322,163,0,0,0,0,10134033.5146669,0
2019,4,"2019-T4","2421","Analistas de gestão e administração",1,361817.07704227,696,361817.07704227,696,0,0,0,0,10134033.5146669,0
2019,4,"2019-T4","2422","Especialistas em políticas de administração",1,8900.10499332,15,8900.10499332,15,0,0,0,0,10134033.5146669,0
2019,4,"2019-T4","2423","Especialistas em políticas e serviços de pessoal e afins",1,138369.84201237,253,94854.07412479,181,0,0,0,0,10134033.5146669,0
2019,4,"2019-T4","2424","Especialistas em formação de pessoal",1,20763.20785938,32,19559.30462449,27,0,0,0,0,10134033.5146669,0
2019,4,"2019-T4","2432","Profissionais de relações públicas",1,27725.13424745,53,23461.13775328,42,0,0,0,0,10134033.5146669,0
2019,4,"2019-T4","2511","Analistas de sistemas",1,265936.70348915,430,265936.70348915,430,0,0,0,0,10134033.5146669,0
2019,4,"2019-T4","2512","Desenvolvedores de programas e aplicativos (software)",1,56258.68778967,91,56258.68778967,91,0,0,0,0,10134033.5146669,0
2019,4,"2019-T4","2513","Desenvolvedores de páginas de internet (web) e multimídia",1,2785.09824267,5,2785.09824267,5,0,0,0,0,10134033.5146669,0
2019,4,"2019-T4","2514","Programadores de aplicações",1,38663.90185781,78,38663.90185781,78,0,0,0,0,10134033.5146669,0
2019,4,"2019-T4","2519","Desenvolvedores e analistas de programas e aplicativos (software) e multimídia não classificados anteriormente",1,11110.15251618,16,11110.15251618,16,0,0,0,0,10134033.5146669,0
2019,4,"2019-T4","2521","Desenhistas e administradores de bases de dados",1,9738.07935454,9,9738.07935454,9,0,0,0,0,10134033.5146669,0
2019,4,"2019-T4","2522","Administradores de sistemas",1,17103.44376971,26,17103.44376971,26,0,0,0,0,10134033.5146669,0
2019,4,"2019-T4","2523","Profissionais em rede de computadores",1,3441.55341767,5,3441.55341767,5,0,0,0,0,10134033.5146669,0
2019,4,"2019-T4","2529","Especialistas em base de dados e em redes de computadores não classificados anteriormente",1,3278.2057971,6,3278.2057971,6,0,0,0,0,10134033.5146669,0
2019,4,"2019-T4","2611","Advogados e juristas",1,811487.02662383,1718,811487.02662383,1718,0,0,0,0,10134033.5146669,0
2019,4,"2019-T4","2612","Juízes",1,1246.10283352,3,1246.10283352,3,0,0,0,0,10134033.5146669,0
2019,4,"2019-T4","2619","Profissionais em direito não classificados anteriormente",1,118165.93013154,293,106398.17269322,266,0,0,0,0,10134033.5146669,0
2019,4,"2019-T4","2621","Arquivologistas e curadores de museus",1,949.15433505,3,949.15433505,3,0,0,0,0,10134033.5146669,0
2019,4,"2019-T4","2622","Bibliotecários, documentaristas e afins",1,40816.26193683,94,31838.7422504,73,0,0,0,0,10134033.5146669,0
2019,4,"2019-T4","2631","Economistas",1,17883.83484332,32,17883.83484332,32,0,0,0,0,10134033.5146669,0
2019,4,"2019-T4","2632","Sociólogos, antropólogos e afins",1,3662.83784671,11,3662.83784671,11,0,0,0,0,10134033.5146669,0
2019,4,"2019-T4","2633","Filósofos, historiadores e especialistas em ciência política",1,1444.02257131,5,1444.02257131,5,0,0,0,0,10134033.5146669,0
2019,4,"2019-T4","2634","Psicólogos",1,224546.35409088,478,224546.35409088,478,0,0,0,0,10134033.5146669,0
2019,4,"2019-T4","2635","Assistentes sociais",1,105524.87989539,276,105524.87989539,276,0,0,0,0,10134033.5146669,0
2019,4,"2019-T4","2642","Jornalistas",1,120692.45941637,228,88764.61158762,169,0,0,0,0,10134033.5146669,0
2019,4,"2019-T4","2659","Artistas criativos e interpretativos não classificados anteriormente",0,2758.36360129,8,0,0,0,0,0,NA,10134033.5146669,0
2019,4,"2019-T4","3121","Supervisores da mineração",0,4876.41754194,9,0,0,0,0,0,NA,10134033.5146669,0
2019,4,"2019-T4","3133","Controladores de instalações de processamento de produtos químicos",0,5690.80002169,10,0,0,0,0,0,NA,10134033.5146669,0
2019,4,"2019-T4","3134","Operadores de instalações de refino de petróleo e gás natural",0,417.12259871,2,0,0,0,0,0,NA,10134033.5146669,0
2019,4,"2019-T4","3254","Técnicos em optometria e ópticos",0,4276.59936365,2,0,0,0,0,0,NA,10134033.5146669,0
2019,4,"2019-T4","4413","Codificadores de dados, revisores de provas de impressão e afins",0,277.53024254,2,0,0,0,0,0,NA,10134033.5146669,0
2019,4,"2019-T4","5162","Acompanhantes e criados particulares",0,1495.0311525,4,0,0,0,0,0,NA,10134033.5146669,0
2019,4,"2019-T4","5169","Trabalhadores de serviços pessoais não classificados anteriormente",0,9097.88090878,18,0,0,0,0,0,NA,10134033.5146669,0
2019,4,"2019-T4","6114","Agricultores e trabalhadores qualificados de cultivos mistos",0,26990.33400753,125,0,0,0,0,0,NA,10134033.5146669,0
2019,4,"2019-T4","7121","Telhadores",0,23523.60656459,43,0,0,0,0,0,NA,10134033.5146669,0
2019,4,"2019-T4","7124","Instaladores de material isolante térmico e acústico",0,10936.00863712,28,0,0,0,0,0,NA,10134033.5146669,0
2019,4,"2019-T4","7133","Limpadores de fachadas",0,4168.34740491,7,0,0,0,0,0,NA,10134033.5146669,0
2019,4,"2019-T4","7211","Moldadores de metal e macheiros",0,19487.18569457,36,0,0,0,0,0,NA,10134033.5146669,0
2019,4,"2019-T4","7315","Cortadores, polidores, jateadores e gravadores de vidros e afins",0,8785.92859863,14,0,0,0,0,0,NA,10134033.5146669,0
2019,4,"2019-T4","7316","Redatores de cartazes, pintores decorativos e gravadores",0,9011.07305131,23,0,0,0,0,0,NA,10134033.5146669,0
2019,4,"2019-T4","7323","Encadernadores e afins",0,21652.81332246,22,0,0,0,0,0,NA,10134033.5146669,0
2019,4,"2019-T4","7516","Trabalhadores qualificados da preparação do fumo e seus produtos",0,9826.85600308,29,0,0,0,0,0,NA,10134033.5146669,0
2019,4,"2019-T4","7521","Trabalhadores de tratamento e preparação da madeira",0,1030.80545283,6,0,0,0,0,0,NA,10134033.5146669,0
2019,4,"2019-T4","7535","Trabalhadores qualificados do tratamento de couros e peles",0,9805.05934523,25,0,0,0,0,0,NA,10134033.5146669,0
2019,4,"2019-T4","7542","Dinamitadores e detonadores",0,2866.93023325,6,0,0,0,0,0,NA,10134033.5146669,0
2019,4,"2019-T4","8111","Mineiros e operadores de máquinas e de instalações em minas e pedreiras",0,7602.34207812,17,0,0,0,0,0,NA,10134033.5146669,0
2019,4,"2019-T4","8114","Operadores de máquinas para fabricar cimento, pedras e outros produtos minerais",0,25476.10414641,47,0,0,0,0,0,NA,10134033.5146669,0
2019,4,"2019-T4","8132","Operadores de máquinas para fabricar produtos fotográficos",0,2257.96523588,5,0,0,0,0,0,NA,10134033.5146669,0
2019,4,"2019-T4","8155","Operadores de máquinas de processamento de couros e peles",0,2369.42408819,6,0,0,0,0,0,NA,10134033.5146669,0
2019,4,"2019-T4","8159","Operadores de máquinas para fabricar produtos têxteis e artigos de couro e pele não classificados anteriormente",0,9474.52712685,13,0,0,0,0,0,NA,10134033.5146669,0
2019,4,"2019-T4","8181","Operadores de instalações de vidraria e cerâmica",0,46447.80381864,102,0,0,0,0,0,NA,10134033.5146669,0
2019,4,"2019-T4","9123","Limpadores de janelas",0,746.77036835,2,0,0,0,0,0,NA,10134033.5146669,0
2019,4,"2019-T4","9332","Condutores de veículos e máquinas de tração animal",0,15750.23928094,44,0,0,0,0,0,NA,10134033.5146669,0
2019,4,"2019-T4","9613","Varredores e afins",0,3002.2291382,6,0,0,0,0,0,NA,10134033.5146669,0
2019,4,"2019-T4","9622","Pessoas que realizam várias tarefas",0,8344.34752505,21,0,0,0,0,0,NA,10134033.5146669,0
2019,4,"2019-T4","9624","Carregadores de água e coletores de lenha",0,3983.79783521,11,0,0,0,0,0,NA,10134033.5146669,0
2020,4,"2020-T4","4110","Escriturários gerais",0,3840105.81789281,5326,1466593.26399692,2060,1466593.26399692,2060,38.1915,100,10637544.2815079,13.787
2020,4,"2020-T4","5221","Comerciantes de lojas",0,2689818.28732036,4503,474015.21919601,712,474015.21919601,712,17.6226,100,10637544.2815079,4.4561
2020,4,"2020-T4","1219","Dirigentes de administração e de serviços não classificados anteriormente",0,612343.12382272,778,372588.47262176,445,372588.47262176,445,60.8464,100,10637544.2815079,3.5026
2020,4,"2020-T4","5223","Balconistas e vendedores de lojas",0,3059547.90646268,4240,369097.74971574,504,369097.74971574,504,12.0638,100,10637544.2815079,3.4698
2020,4,"2020-T4","1221","Dirigentes de vendas e  comercialização",0,389053.65564647,363,239893.57567258,216,239893.57567258,216,61.6608,100,10637544.2815079,2.2552
2020,4,"2020-T4","2431","Profissionais da publicidade e da comercialização",0,301657.49227315,318,224470.78392551,210,224470.78392551,210,74.4125,100,10637544.2815079,2.1102
2020,4,"2020-T4","3411","Profissionais de nível médio do direito e serviços legais e afins",0,383656.65661281,538,209540.62597111,317,209540.62597111,317,54.6167,100,10637544.2815079,1.9698
2020,4,"2020-T4","5243","Vendedores a domicilio",0,1399040.38529883,2246,202989.55072959,285,202989.55072959,285,14.5092,100,10637544.2815079,1.9082
2020,4,"2020-T4","3341","Supervisores de secretaria",0,384853.00747141,403,201884.77573052,181,201884.77573052,181,52.4576,100,10637544.2815079,1.8979
2020,4,"2020-T4","3221","Profissionais de nível médio de enfermagem",0,991898.82904599,1453,183642.7000167,272,183642.7000167,272,18.5143,100,10637544.2815079,1.7264
2020,4,"2020-T4","1346","Gerentes de sucursais de bancos, de serviços financeiros e de seguros",0,199693.87954381,221,175909.28947658,192,175909.28947658,192,88.0895,100,10637544.2815079,1.6537
2020,4,"2020-T4","0412","Graduados e praças da polícia militar",0,369565.45787232,566,166565.70171384,246,166565.70171384,246,45.0707,100,10637544.2815079,1.5658
2020,4,"2020-T4","1420","Gerentes de comércios atacadistas e varejistas",0,509658.17572428,721,164434.21539076,235,164434.21539076,235,32.2636,100,10637544.2815079,1.5458
2020,4,"2020-T4","3423","Instrutores de educação física e atividades recreativas",0,253906.0348178,268,159678.74236583,183,159678.74236583,183,62.8889,100,10637544.2815079,1.5011
2020,4,"2020-T4","4120","Secretários (geral)",0,421978.27796451,690,153369.53537818,258,153369.53537818,258,36.3454,100,10637544.2815079,1.4418
2020,4,"2020-T4","8322","Condutores de automóveis, taxis e caminhonetes",0,1690326.09862571,2307,151136.53681362,212,151136.53681362,212,8.9413,100,10637544.2815079,1.4208
2020,4,"2020-T4","3334","Agentes imobiliários",0,275776.933098,357,147737.40557043,151,147737.40557043,151,53.5713,100,10637544.2815079,1.3888
2020,4,"2020-T4","3322","Representantes comerciais",0,366184.50568816,497,122264.23317228,141,122264.23317228,141,33.3887,100,10637544.2815079,1.1494
2020,4,"2020-T4","3343","Secretários executivos e administrativos",0,174615.69368134,261,114337.44550769,155,114337.44550769,155,65.4795,100,10637544.2815079,1.0748
2020,4,"2020-T4","4226","Recepcionistas em geral",0,774342.0120231,1140,114075.56236824,179,114075.56236824,179,14.7319,100,10637544.2815079,1.0724
2020,4,"2020-T4","1211","Dirigentes financeiros",0,137515.52396547,156,101609.36228627,101,101609.36228627,101,73.8894,100,10637544.2815079,0.9552
2020,4,"2020-T4","5142","Especialistas em tratamento de beleza e afins",0,939812.07071286,1312,97490.02383754,133,97490.02383754,133,10.3734,100,10637544.2815079,0.9165
2020,4,"2020-T4","5230","Caixas e expedidores de bilhetes",0,897137.12180282,1230,96284.92432137,128,96284.92432137,128,10.7325,100,10637544.2815079,0.9051
2020,4,"2020-T4","5222","Supervisores de lojas",0,236968.48790602,261,93207.75689194,78,93207.75689194,78,39.3334,100,10637544.2815079,0.8762
2020,4,"2020-T4","3253","Trabalhadores comunitários da saúde",0,451511.06124936,876,92239.19884509,171,92239.19884509,171,20.429,100,10637544.2815079,0.8671
2020,4,"2020-T4","1212","Dirigentes de recursos humanos",0,121373.0783493,138,91572.88847783,102,91572.88847783,102,75.4474,100,10637544.2815079,0.8608
2020,4,"2020-T4","2166","Desenhistas gráficos e de multimídia",0,149904.72514927,148,87700.14936005,79,87700.14936005,79,58.5039,100,10637544.2815079,0.8244
2020,4,"2020-T4","5412","Policiais",0,149364.62601902,216,86489.56547362,120,86489.56547362,120,57.905,100,10637544.2815079,0.8131
2020,4,"2020-T4","5312","Ajudantes de professores",0,245553.49130781,326,85036.67788658,107,85036.67788658,107,34.6306,100,10637544.2815079,0.7994
2020,4,"2020-T4","1321","Dirigentes de indústria de transformação",0,205400.96545958,244,83490.16182109,101,83490.16182109,101,40.6474,100,10637544.2815079,0.7849
2020,4,"2020-T4","5120","Cozinheiros",0,1186374.78434509,1957,83072.78218341,148,83072.78218341,148,7.0022,100,10637544.2815079,0.7809
2020,4,"2020-T4","6111","Agricultores e trabalhadores qualificados em atividades da agricultura (exclusive hortas, viveiros e jardins)",0,2891336.3745607,7410,80398.10667123,148,80398.10667123,148,2.7807,100,10637544.2815079,0.7558
2020,4,"2020-T4","5414","Guardas de segurança",0,1182530.81326838,1747,78485.76460202,108,78485.76460202,108,6.6371,100,10637544.2815079,0.7378
2020,4,"2020-T4","9112","Trabalhadores de limpeza de interior de edifícios, escritórios, hotéis e outros estabelecimentos",0,2215985.33091957,3495,77729.59588179,122,77729.59588179,122,3.5077,100,10637544.2815079,0.7307
2020,4,"2020-T4","7512","Padeiros, confeiteiros e afins",0,827661.19271912,1187,76726.2672469,117,76726.2672469,117,9.2703,100,10637544.2815079,0.7213
2020,4,"2020-T4","3321","Agentes de seguros",0,142092.04627464,194,69581.1404168,99,69581.1404168,99,48.9691,100,10637544.2815079,0.6541
2020,4,"2020-T4","3355","Inspetores de polícia e detetives",0,76594.65356177,111,69297.14050961,100,69297.14050961,100,90.4726,100,10637544.2815079,0.6514
2020,4,"2020-T4","5141","Cabeleireiros",0,959927.24644298,1397,69061.10292149,97,69061.10292149,97,7.1944,100,10637544.2815079,0.6492
2020,4,"2020-T4","1120","Diretores gerais e gerentes gerais",0,107025.27831028,180,67083.53068347,97,67083.53068347,97,62.6801,100,10637544.2815079,0.6306
2020,4,"2020-T4","2353","Outros professores de idiomas",0,92272.75162505,121,65781.62924241,75,65781.62924241,75,71.2904,100,10637544.2815079,0.6184
2020,4,"2020-T4","3323","Agentes de compras",0,114000.56969027,117,64412.28792849,63,64412.28792849,63,56.5017,100,10637544.2815079,0.6055
2020,4,"2020-T4","5311","Cuidadores de crianças",0,697138.650038,968,62336.70990676,104,62336.70990676,104,8.9418,100,10637544.2815079,0.586
2020,4,"2020-T4","3313","Contabilistas e guarda livros",0,201359.13095165,259,61535.51783739,83,61535.51783739,83,30.5601,100,10637544.2815079,0.5785
2020,4,"2020-T4","4222","Trabalhadores de centrais de atendimento",0,518334.92026885,492,61040.53074493,70,61040.53074493,70,11.7763,100,10637544.2815079,0.5738
2020,4,"2020-T4","5249","Vendedores não classificados anteriormente",0,484767.43191306,842,59903.88247558,111,59903.88247558,111,12.3572,100,10637544.2815079,0.5631
2020,4,"2020-T4","4311","Trabalhadores de contabilidade e cálculo de custos",0,224109.55889895,258,58253.56731294,84,58253.56731294,84,25.9933,100,10637544.2815079,0.5476
2020,4,"2020-T4","4321","Trabalhadores de controle de abastecimento e estoques",0,610849.01731234,833,55369.69992086,67,55369.69992086,67,9.0644,100,10637544.2815079,0.5205
2020,4,"2020-T4","7543","Classificadores e provadores de produtos (exceto de bebidas e alimentos)",0,146736.36783464,169,54845.81345161,50,54845.81345161,50,37.3771,100,10637544.2815079,0.5156
2020,4,"2020-T4","2636","Ministros de cultos religiosos, missionários e afins",0,105799.47985232,191,54091.39155548,88,54091.39155548,88,51.1263,100,10637544.2815079,0.5085
2020,4,"2020-T4","7231","Mecânicos e reparadores de veículos a motor",0,1109782.71152913,1604,52859.21889692,54,52859.21889692,54,4.763,100,10637544.2815079,0.4969
2020,4,"2020-T4","4211","Caixas de banco e afins",0,75798.83260953,94,52744.83979024,64,52744.83979024,64,69.5853,100,10637544.2815079,0.4958
2020,4,"2020-T4","5244","Vendedores por telefone",0,194391.28760531,248,52242.14114397,69,52242.14114397,69,26.8747,100,10637544.2815079,0.4911
2020,4,"2020-T4","3513","Técnicos de redes e sistemas de computadores",0,211415.40119587,283,52136.73989805,77,52136.73989805,77,24.6608,100,10637544.2815079,0.4901
2020,4,"2020-T4","3112","Técnicos em engenharia civil",0,131246.70019197,169,51399.06189272,51,51399.06189272,51,39.1622,100,10637544.2815079,0.4832
2020,4,"2020-T4","6121","Criadores de gado e trabalhadores qualificados da criação de gado",0,1379206.07102484,4463,50387.45474026,142,50387.45474026,142,3.6534,100,10637544.2815079,0.4737
2020,4,"2020-T4","3257","Inspetores de saúde laboral, ambiental e afins",0,143379.75448255,186,48678.42781851,69,48678.42781851,69,33.9507,100,10637544.2815079,0.4576
2020,4,"2020-T4","5153","Porteiros e zeladores",0,787333.49016435,1047,48165.68590682,58,48165.68590682,58,6.1176,100,10637544.2815079,0.4528
2020,4,"2020-T4","3431","Fotógrafos",0,112884.28466189,134,47423.46453857,48,47423.46453857,48,42.0107,100,10637544.2815079,0.4458
2020,4,"2020-T4","3339","Agentes de serviços comerciais não classificados anteriormente",0,119584.88767855,136,46098.17604556,37,46098.17604556,37,38.5485,100,10637544.2815079,0.4334
2020,4,"2020-T4","3511","Técnicos em operações de tecnologia da informação e das comunicações",0,153536.193745,172,45846.28586087,42,45846.28586087,42,29.8602,100,10637544.2815079,0.431
2020,4,"2020-T4","7112","Pedreiros",0,2387420.17541365,3702,44411.41656968,53,44411.41656968,53,1.8602,100,10637544.2815079,0.4175
2020,4,"2020-T4","3512","Técnicos em assistência ao usuário de tecnologia da informação e das comunicações",0,146188.21745186,141,44322.23796059,48,44322.23796059,48,30.3186,100,10637544.2815079,0.4167
2020,4,"2020-T4","0210","Graduados e praças das forças armadas",0,265912.62463882,410,43467.38765698,69,43467.38765698,69,16.3465,100,10637544.2815079,0.4086
2020,4,"2020-T4","1412","Gerentes de restaurantes",0,165897.93231087,223,39827.47286268,47,39827.47286268,47,24.0072,100,10637544.2815079,0.3744
2020,4,"2020-T4","3311","Agentes e corretores de bolsa, câmbio e outros serviços financeiros",0,65626.27124136,108,38824.56413292,78,38824.56413292,78,59.1601,100,10637544.2815079,0.365
2020,4,"2020-T4","5413","Guardiões de presídios",0,80781.73444712,122,37294.09724823,73,37294.09724823,73,46.1665,100,10637544.2815079,0.3506
2020,4,"2020-T4","4312","Trabalhadores de serviços estatísticos, financeiros e de seguros",0,54160.62782098,70,37094.54758906,45,37094.54758906,45,68.4899,100,10637544.2815079,0.3487
2020,4,"2020-T4","7318","Artesãos de tecidos, couros e materiais semelhantes",0,261187.82512158,438,33878.16900547,51,33878.16900547,51,12.9708,100,10637544.2815079,0.3185
2020,4,"2020-T4","9111","Trabalhadores dos serviços domésticos em geral",0,3495580.79066364,5964,33787.88586383,57,33787.88586383,57,0.9666,100,10637544.2815079,0.3176
2020,4,"2020-T4","8332","Condutores de caminhões pesados",0,1606046.73698098,2216,33490.23747456,48,33490.23747456,48,2.0853,100,10637544.2815079,0.3148
2020,4,"2020-T4","3412","Trabalhadores e assistentes sociais de nível médio",0,110829.28039063,177,33156.26981094,57,33156.26981094,57,29.9165,100,10637544.2815079,0.3117
2020,4,"2020-T4","7531","Alfaiates, modistas, chapeleiros e peleteiros",0,570195.50848981,926,33080.35395884,57,33080.35395884,57,5.8016,100,10637544.2815079,0.311
2020,4,"2020-T4","1112","Dirigentes superiores da administração pública",0,65564.02112502,102,32978.15863769,51,32978.15863769,51,50.2992,100,10637544.2815079,0.31
2020,4,"2020-T4","3114","Técnicos em eletrônica",0,154592.92683425,175,32579.29857016,37,32579.29857016,37,21.0742,100,10637544.2815079,0.3063
2020,4,"2020-T4","1222","Dirigentes de publicidade e relações públicas",0,37719.88916934,29,32219.93877548,22,32219.93877548,22,85.419,100,10637544.2815079,0.3029
2020,4,"2020-T4","0512","Graduados e praças do corpo de bombeiros",0,63713.29394144,100,31999.39210181,52,31999.39210181,52,50.224,100,10637544.2815079,0.3008
2020,4,"2020-T4","9412","Ajudantes de cozinha",0,509291.17792079,682,31948.55497193,31,31948.55497193,31,6.2731,100,10637544.2815079,0.3003
2020,4,"2020-T4","4221","Trabalhadores de agências de viagem",0,55111.07054963,65,31438.43848398,37,31438.43848398,37,57.0456,100,10637544.2815079,0.2955
2020,4,"2020-T4","7233","Mecânicos e reparadores de máquinas agrícolas e industriais",0,465052.79200322,626,31033.86521763,49,31033.86521763,49,6.6732,100,10637544.2815079,0.2917
2020,4,"2020-T4","3352","Agentes da administração tributária",0,40742.71319471,57,29902.65620135,41,29902.65620135,41,73.3939,100,10637544.2815079,0.2811
2020,4,"2020-T4","4225","Trabalhadores dos serviços de informações",0,78578.65239995,131,28886.48134854,36,28886.48134854,36,36.7612,100,10637544.2815079,0.2716
2020,4,"2020-T4","3113","Eletrotécnicos",0,178916.00091452,236,28394.30153249,41,28394.30153249,41,15.8702,100,10637544.2815079,0.2669
2020,4,"2020-T4","7411","Eletricistas de obras e afins",0,419873.76772844,545,27764.53188025,32,27764.53188025,32,6.6126,100,10637544.2815079,0.261
2020,4,"2020-T4","3122","Supervisores de indústrias de transformação",0,155369.37147932,189,27735.14926086,33,27735.14926086,33,17.8511,100,10637544.2815079,0.2607
2020,4,"2020-T4","3332","Organizadores de conferências e eventos",0,123397.13418377,159,27629.60832474,41,27629.60832474,41,22.3908,100,10637544.2815079,0.2597
2020,4,"2020-T4","6112","Agricultores e trabalhadores qualificados no cultivo de hortas, viveiros e jardins",0,724639.62886037,1444,26242.22340836,50,26242.22340836,50,3.6214,100,10637544.2815079,0.2467
2020,4,"2020-T4","1311","Dirigentes de produção agropecuária e silvicultura",0,88537.28957159,204,25784.58246414,53,25784.58246414,53,29.1229,100,10637544.2815079,0.2424
2020,4,"2020-T4","7422","Instaladores e reparadores em tecnologias da informação e comunicações",0,189635.97937417,259,25561.86474179,34,25561.86474179,34,13.4794,100,10637544.2815079,0.2403
2020,4,"2020-T4","3116","Técnicos em química industrial",0,48167.63183354,59,25187.61297198,24,25187.61297198,24,52.2916,100,10637544.2815079,0.2368
2020,4,"2020-T4","7223","Reguladores e operadores de máquinas-ferramentas",0,357168.68065103,340,25096.39897751,22,25096.39897751,22,7.0265,100,10637544.2815079,0.2359
2020,4,"2020-T4","3119","Técnicos em ciências físicas e da engenharia não classificados anteriormente",0,106690.40379967,115,25073.58103372,32,25073.58103372,32,23.5013,100,10637544.2815079,0.2357
2020,4,"2020-T4","5165","Instrutores de autoescola",0,45166.96071924,50,24622.71453125,19,24622.71453125,19,54.5149,100,10637544.2815079,0.2315
2020,4,"2020-T4","4227","Entrevistadores de pesquisas de mercado",0,34138.73536097,45,23179.79075908,24,23179.79075908,24,67.8988,100,10637544.2815079,0.2179
2020,4,"2020-T4","1439","Gerentes de serviços não classificados anteriormente",0,53404.35126191,69,23162.39315837,30,23162.39315837,30,43.3717,100,10637544.2815079,0.2177
2020,4,"2020-T4","2433","Profissionais de vendas técnicas e médicas (exclusive tic)",0,39020.86248785,58,23084.56377837,30,23084.56377837,30,59.1595,100,10637544.2815079,0.217
2020,4,"2020-T4","2354","Outros professores de música",0,54724.55799733,52,22718.63715894,23,22718.63715894,23,41.5145,100,10637544.2815079,0.2136
2020,4,"2020-T4","5419","Trabalhadores dos serviços de proteção e segurança não classificados anteriormente",0,47834.20630912,69,22662.52915662,29,22662.52915662,29,47.3772,100,10637544.2815079,0.213
2020,4,"2020-T4","5322","Trabalhadores de cuidados pessoais a domicílios",0,496407.61525307,736,22325.28728694,36,22325.28728694,36,4.4974,100,10637544.2815079,0.2099
2020,4,"2020-T4","3211","Técnicos em aparelhos de diagnóstico e tratamento médico",0,65425.30550443,79,21900.80702906,24,21900.80702906,24,33.4745,100,10637544.2815079,0.2059
2020,4,"2020-T4","7522","Marceneiros e afins",0,332606.19892864,495,21852.48478126,25,21852.48478126,25,6.5701,100,10637544.2815079,0.2054
2020,4,"2020-T4","3342","Secretários jurídicos",0,29432.02185968,29,21326.84083318,20,21326.84083318,20,72.4614,100,10637544.2815079,0.2005
2020,4,"2020-T4","9329","Trabalhadores elementares da indústria de transformação não classificados anteriormente",0,673164.27243133,844,20827.27917658,33,20827.27917658,33,3.0939,100,10637544.2815079,0.1958
2020,4,"2020-T4","8321","Condutores de motocicletas",0,741227.77313013,1051,20798.49464014,35,20798.49464014,35,2.806,100,10637544.2815079,0.1955
2020,4,"2020-T4","1411","Gerentes de hotéis",0,41210.06305522,66,20762.17706317,29,20762.17706317,29,50.3813,100,10637544.2815079,0.1952
2020,4,"2020-T4","3432","Desenhistas e decoradores de interiores",0,47052.21806676,41,20667.61851461,14,20667.61851461,14,43.9249,100,10637544.2815079,0.1943
2020,4,"2020-T4","3353","Agentes de serviços de seguridade social",0,29212.4892423,29,20556.80483594,22,20556.80483594,22,70.3699,100,10637544.2815079,0.1932
2020,4,"2020-T4","9621","Mensageiros, carregadores de bagagens e entregadores de encomendas",0,251946.87212179,326,19468.45521089,11,19468.45521089,11,7.7272,100,10637544.2815079,0.183
2020,4,"2020-T4","5211","Vendedores de quiosques e postos de mercados",0,495899.47135187,840,19140.85003514,33,19140.85003514,33,3.8598,100,10637544.2815079,0.1799
2020,4,"2020-T4","9334","Repositores de prateleiras",0,565720.3444565,770,18833.36397097,26,18833.36397097,26,3.3291,100,10637544.2815079,0.177
2020,4,"2020-T4","7412","Mecânicos e ajustadores eletricistas",0,300667.0442642,407,18602.47541964,23,18602.47541964,23,6.1871,100,10637544.2815079,0.1749
2020,4,"2020-T4","5242","Demonstradores de lojas",0,95239.06522328,122,18427.28809989,19,18427.28809989,19,19.3485,100,10637544.2815079,0.1732
2020,4,"2020-T4","3115","Técnicos em engenharia mecânica",0,190080.1536351,189,18413.63920352,28,18413.63920352,28,9.6873,100,10637544.2815079,0.1731
2020,4,"2020-T4","7533","Costureiros, bordadeiros e afins",0,114386.68214987,207,17061.77916888,23,17061.77916888,23,14.9159,100,10637544.2815079,0.1604
2020,4,"2020-T4","3344","Secretários de medicina",0,71354.91253766,92,16818.32788992,21,16818.32788992,21,23.57,100,10637544.2815079,0.1581
2020,4,"2020-T4","8331","Condutores de ônibus e bondes",0,341664.4352948,461,16725.22319505,14,16725.22319505,14,4.8952,100,10637544.2815079,0.1572
2020,4,"2020-T4","3521","Técnicos de radiodifusão e gravação audiovisual",0,52118.30287686,73,16683.44975974,24,16683.44975974,24,32.0107,100,10637544.2815079,0.1568
2020,4,"2020-T4","1324","Dirigentes de empresas de abastecimento, distribuição e afins",0,41120.0276297,57,16588.36441758,24,16588.36441758,24,40.3413,100,10637544.2815079,0.1559
2020,4,"2020-T4","3118","Desenhistas e projetistas técnicos",0,80054.99420445,74,16330.04954304,15,16330.04954304,15,20.3985,100,10637544.2815079,0.1535
2020,4,"2020-T4","9211","Trabalhadores elementares da agricultura",0,1355637.69277558,3006,16190.02504942,23,16190.02504942,23,1.1943,100,10637544.2815079,0.1522
2020,4,"2020-T4","3123","Supervisores da construção",0,111566.51347907,161,15748.26832778,19,15748.26832778,19,14.1156,100,10637544.2815079,0.148
2020,4,"2020-T4","2652","Músicos, cantores e compositores",0,55016.4628605,72,15507.21031714,15,15507.21031714,15,28.1865,100,10637544.2815079,0.1458
2020,4,"2020-T4","5164","Cuidadores de animais",0,106670.48674593,135,14941.81124157,19,14941.81124157,19,14.0074,100,10637544.2815079,0.1405
2020,4,"2020-T4","5329","Trabalhadores de cuidados pessoais nos serviços de saúde não classificados anteriormente",0,46606.70383283,75,14569.75097572,19,14569.75097572,19,31.2611,100,10637544.2815079,0.137
2020,4,"2020-T4","3255","Técnicos e assistentes fisioterapeutas",0,37693.29502533,64,14562.42822709,17,14562.42822709,17,38.634,100,10637544.2815079,0.1369
2020,4,"2020-T4","3359","Agentes da administração pública para aplicação da lei e afins não classificados anteriormente",0,18267.71542578,28,14490.24199066,20,14490.24199066,20,79.3216,100,10637544.2815079,0.1362
2020,4,"2020-T4","7321","Trabalhadores da pré-impressão gráfica",0,30904.76003888,26,13566.29453637,5,13566.29453637,5,43.8971,100,10637544.2815079,0.1275
2020,4,"2020-T4","3142","Técnicos agropecuários",0,38345.1244578,73,13419.16484279,24,13419.16484279,24,34.9958,100,10637544.2815079,0.1261
2020,4,"2020-T4","4323","Trabalhadores de serviços de transporte",0,64099.68664559,70,13379.62843006,21,13379.62843006,21,20.8732,100,10637544.2815079,0.1258
2020,4,"2020-T4","2653","Bailarinos e coreógrafos",0,13527.06201467,2,13186.37597484,1,13186.37597484,1,97.4814,100,10637544.2815079,0.124
2020,4,"2020-T4","4229","Trabalhadores de serviços de informação ao cliente não classificados anteriormente",0,86798.42243001,114,13123.17209227,21,13123.17209227,21,15.1191,100,10637544.2815079,0.1234
2020,4,"2020-T4","1213","Dirigentes de políticas e planejamento",0,15601.24970487,33,13033.47344586,31,13033.47344586,31,83.5412,100,10637544.2815079,0.1225
2020,4,"2020-T4","6122","Avicultores e trabalhadores qualificados da avicultura",0,199715.98243683,476,12623.9870761,15,12623.9870761,15,6.321,100,10637544.2815079,0.1187
2020,4,"2020-T4","9313","Trabalhadores elementares da construção de edifícios",0,1513843.9775896,2369,12397.64631046,21,12397.64631046,21,0.819,100,10637544.2815079,0.1165
2020,4,"2020-T4","1431","Gerentes de centros esportivos,  de diversão e culturais",0,19000.64297195,26,12378.20065328,16,12378.20065328,16,65.1462,100,10637544.2815079,0.1164
2020,4,"2020-T4","1323","Dirigentes de empresas de construção",0,34446.1673013,38,12214.39817835,19,12214.39817835,19,35.4594,100,10637544.2815079,0.1148
2020,4,"2020-T4","2641","Escritores",0,19740.10364371,32,12117.12195744,22,12117.12195744,22,61.3833,100,10637544.2815079,0.1139
2020,4,"2020-T4","3331","Despachantes aduaneiros",0,23843.51716189,21,12051.96494728,13,12051.96494728,13,50.5461,100,10637544.2815079,0.1133
2020,4,"2020-T4","3259","Profissionais de nível médio da saúde não classificados anteriormente",0,25000.55998069,30,12030.72508106,10,12030.72508106,10,48.1218,100,10637544.2815079,0.1131
2020,4,"2020-T4","5212","Vendedores ambulantes de serviços de alimentação",0,279811.23397453,481,11817.49948341,15,11817.49948341,15,4.2234,100,10637544.2815079,0.1111
2020,4,"2020-T4","3312","Agentes de empréstimos e financiamento",0,24547.19192221,32,11745.93569635,16,11745.93569635,16,47.8504,100,10637544.2815079,0.1104
2020,4,"2020-T4","3212","Técnicos de laboratórios médicos",0,52928.17123572,83,11672.16213239,26,11672.16213239,26,22.0528,100,10637544.2815079,0.1097
2020,4,"2020-T4","5131","Garçons",0,351792.92801226,434,11577.97396085,16,11577.97396085,16,3.2911,100,10637544.2815079,0.1088
2020,4,"2020-T4","2643","Tradutores, intérpretes e linguistas",0,14562.73546449,25,11508.61051179,19,11508.61051179,19,79.0278,100,10637544.2815079,0.1082
2020,4,"2020-T4","2356","Instrutores em tecnologias da informação",0,19746.92732128,27,11442.10947251,11,11442.10947251,11,57.9437,100,10637544.2815079,0.1076
2020,4,"2020-T4","3251","Dentistas auxiliares e ajudantes de odontologia",0,77739.34338638,120,11417.29026065,19,11417.29026065,19,14.6866,100,10637544.2815079,0.1073
2020,4,"2020-T4","4132","Operadores de entrada de dados",0,28825.13494253,53,11177.05595975,22,11177.05595975,22,38.7754,100,10637544.2815079,0.1051
2020,4,"2020-T4","2654","Diretores de cinema, de teatro e afins",0,21637.6924399,21,11001.77126002,12,11001.77126002,12,50.8454,100,10637544.2815079,0.1034
2020,4,"2020-T4","4412","Trabalhadores de serviços de correios",0,41839.16728836,67,10928.84902477,14,10928.84902477,14,26.1211,100,10637544.2815079,0.1027
2020,4,"2020-T4","1341","Dirigentes de serviços de cuidados infantis",0,12504.98696371,26,10737.88337408,20,10737.88337408,20,85.8688,100,10637544.2815079,0.1009
2020,4,"2020-T4","3522","Técnicos de engenharia de telecomunicações",0,66322.79953019,85,10667.35973401,16,10667.35973401,16,16.084,100,10637544.2815079,0.1003
2020,4,"2020-T4","3314","Profissionais de nível médio de serviços estatísticos, matemáticos e afins",0,70209.09463161,82,10586.37819365,9,10586.37819365,9,15.0784,100,10637544.2815079,0.0995
2020,4,"2020-T4","4214","Cobradores e afins",0,38976.90060376,70,10361.9227749,10,10361.9227749,10,26.5848,100,10637544.2815079,0.0974
2020,4,"2020-T4","8153","Operadores de máquinas de costura",0,523439.90597895,695,10105.5581064,19,10105.5581064,19,1.9306,100,10637544.2815079,0.095
2020,4,"2020-T4","7131","Pintores e empapeladores",0,574543.10891072,763,9988.83574134,15,9988.83574134,15,1.7386,100,10637544.2815079,0.0939
2020,4,"2020-T4","3213","Técnicos e assistentes farmacêuticos",0,39690.59189703,58,9941.64330236,13,9941.64330236,13,25.0479,100,10637544.2815079,0.0935
2020,4,"2020-T4","3132","Operadores de incineradores, instalações de tratamento de água e afins",0,21825.73365765,33,9905.30473802,14,9905.30473802,14,45.3836,100,10637544.2815079,0.0931
2020,4,"2020-T4","9520","Vendedores ambulantes (exclusive de serviços de alimentação)",0,270542.12029223,439,9733.73505004,14,9733.73505004,14,3.5979,100,10637544.2815079,0.0915
2020,4,"2020-T4","3434","Chefes de cozinha",0,23635.84473916,35,9461.06536022,10,9461.06536022,10,40.0285,100,10637544.2815079,0.0889
2020,4,"2020-T4","2355","Outros professores de artes",0,34008.35713139,50,9217.99449029,18,9217.99449029,18,27.1051,100,10637544.2815079,0.0867
2020,4,"2020-T4","4415","Trabalhadores de arquivos",0,27501.78574753,35,8921.81259259,9,8921.81259259,9,32.4408,100,10637544.2815079,0.0839
2020,4,"2020-T4","7314","Ceramistas e afins (preparação e fabricação)",0,95867.93123598,120,8497.56244103,7,8497.56244103,7,8.8638,100,10637544.2815079,0.0799
2020,4,"2020-T4","5246","Balconistas dos serviços de alimentação",0,334079.84462408,465,8389.78757316,15,8389.78757316,15,2.5113,100,10637544.2815079,0.0789
2020,4,"2020-T4","1111","Legisladores",0,29701.47948621,78,7923.5070656,26,7923.5070656,26,26.6771,100,10637544.2815079,0.0745
2020,4,"2020-T4","7313","Joalheiros e lapidadores de gemas, artesãos de metais preciosos e semipreciosos",0,46880.06559751,38,7796.13254771,4,7796.13254771,4,16.63,100,10637544.2815079,0.0733
2020,4,"2020-T4","7317","Artesãos de pedra, madeira, vime e materiais semelhantes",0,73537.70496809,132,7591.41245867,14,7591.41245867,14,10.3232,100,10637544.2815079,0.0714
2020,4,"2020-T4","7213","Chapistas e caldeireiros",0,434193.83948687,559,7579.19139115,11,7579.19139115,11,1.7456,100,10637544.2815079,0.0712
2020,4,"2020-T4","9333","Carregadores",0,561524.73194653,800,7562.20988784,13,7562.20988784,13,1.3467,100,10637544.2815079,0.0711
2020,4,"2020-T4","5151","Supervisores de manutenção e limpeza de edifícios em escritórios, hotéis e estabelecimentos",0,18271.63383981,26,7505.14026293,8,7505.14026293,8,41.0754,100,10637544.2815079,0.0706
2020,4,"2020-T4","7322","Impressores",0,96964.69767412,105,7274.46829462,14,7274.46829462,14,7.5022,100,10637544.2815079,0.0684
2020,4,"2020-T4","7534","Tapeceiros, colchoeiros e afins",0,122557.2021549,126,7267.34417616,5,7267.34417616,5,5.9298,100,10637544.2815079,0.0683
2020,4,"2020-T4","9331","Condutores de veículos acionados a pedal ou a braços",0,35638.29862801,41,7255.36412674,5,7255.36412674,5,20.3583,100,10637544.2815079,0.0682
2020,4,"2020-T4","4313","Trabalhadores encarregados de folha de pagamento",0,13670.52015125,12,7147.83652689,5,7147.83652689,5,52.2865,100,10637544.2815079,0.0672
2020,4,"2020-T4","8212","Montadores de equipamentos elétricos e eletrônicos",0,56930.36341242,85,6980.37465146,6,6980.37465146,6,12.2613,100,10637544.2815079,0.0656
2020,4,"2020-T4","3152","Capitães, oficiais de coberta e práticos",0,15872.85180285,22,6965.98246945,5,6965.98246945,5,43.8861,100,10637544.2815079,0.0655
2020,4,"2020-T4","4224","Recepcionistas de hotéis",0,47643.06717832,79,6867.91588828,9,6867.91588828,9,14.4154,100,10637544.2815079,0.0646
2020,4,"2020-T4","7111","Construtores de casas",0,38936.44184223,65,6804.47038534,11,6804.47038534,11,17.4758,100,10637544.2815079,0.064
2020,4,"2020-T4","4223","Telefonistas",0,37139.73027654,60,6723.52793462,8,6723.52793462,8,18.1033,100,10637544.2815079,0.0632
2020,4,"2020-T4","8311","Maquinistas de locomotivas",0,8982.98884919,12,6719.20832493,5,6719.20832493,5,74.7993,100,10637544.2815079,0.0632
2020,4,"2020-T4","9321","empacotadores manuais",0,155744.55346385,205,6552.75660253,11,6552.75660253,11,4.2074,100,10637544.2815079,0.0616
2020,4,"2020-T4","9411","Preparadores de comidas rápidas",0,111604.74167178,151,6483.61062206,8,6483.61062206,8,5.8094,100,10637544.2815079,0.061
2020,4,"2020-T4","4416","Trabalhadores do serviço de pessoal",0,35922.97082798,39,6358.15160975,10,6358.15160975,10,17.6994,100,10637544.2815079,0.0598
2020,4,"2020-T4","9611","Coletores de lixo e material reciclável",0,197540.87315149,308,6228.75894087,8,6228.75894087,8,3.1531,100,10637544.2815079,0.0586
2020,4,"2020-T4","9122","Lavadores de veículos",0,218969.27033387,305,6164.60786436,8,6164.60786436,8,2.8153,100,10637544.2815079,0.058
2020,4,"2020-T4","8211","Mecânicos montadores de maquinaria mecânica",0,104542.5355105,75,5937.43230191,6,5937.43230191,6,5.6794,100,10637544.2815079,0.0558
2020,4,"2020-T4","7119","Outros trabalhadores qualificados e operários da construção não classificados anteriormente",0,96971.2803775,173,5757.9629723,8,5757.9629723,8,5.9378,100,10637544.2815079,0.0541
2020,4,"2020-T4","8142","Operadores de máquinas para fabricar produtos de material plástico",0,115704.78577129,128,5727.93267452,6,5727.93267452,6,4.9505,100,10637544.2815079,0.0538
2020,4,"2020-T4","8152","Operadores de teares e outras máquinas de tecelagem",0,36036.81033684,41,5550.47564646,2,5550.47564646,2,15.4022,100,10637544.2815079,0.0522
2020,4,"2020-T4","3422","Treinadores, instrutores e árbitros de atividades esportivas",0,17243.86918652,21,5481.11242425,8,5481.11242425,8,31.7859,100,10637544.2815079,0.0515
2020,4,"2020-T4","1114","Dirigentes de organizações que apresentam um interesse especial",0,11988.69106455,20,5294.47439488,8,5294.47439488,8,44.1622,100,10637544.2815079,0.0498
2020,4,"2020-T4","7126","Bombeiros e encanadores",0,114766.90938928,168,5067.15447721,8,5067.15447721,8,4.4152,100,10637544.2815079,0.0476
2020,4,"2020-T4","8344","Operadores de empilhadeiras",0,187870.70771112,214,5065.45345476,8,5065.45345476,8,2.6962,100,10637544.2815079,0.0476
2020,4,"2020-T4","5112","Fiscais e cobradores de transportes públicos",0,87104.43638032,123,5027.1416885,7,5027.1416885,7,5.7714,100,10637544.2815079,0.0473
2020,4,"2020-T4","3514","Técnicos da web",0,13987.4835519,19,4999.05875879,6,4999.05875879,6,35.7395,100,10637544.2815079,0.047
2020,4,"2020-T4","8341","Operadores de máquinas agrícolas e florestais móveis",0,277451.73629516,573,4876.52915683,6,4876.52915683,6,1.7576,100,10637544.2815079,0.0458
2020,4,"2020-T4","2651","Artistas plásticos",0,26712.58300686,38,4874.31495836,14,4874.31495836,14,18.2473,100,10637544.2815079,0.0458
2020,4,"2020-T4","7132","Lustradores",0,149939.90229056,205,4870.5868172,4,4870.5868172,4,3.2484,100,10637544.2815079,0.0458
2020,4,"2020-T4","7511","Magarefes e afins",0,406281.85445959,614,4772.15691661,13,4772.15691661,13,1.1746,100,10637544.2815079,0.0449
2020,4,"2020-T4","3256","assistentes de medicina",0,25624.56798606,40,4741.7989546,5,4741.7989546,5,18.5049,100,10637544.2815079,0.0446
2020,4,"2020-T4","8350","Marinheiros de coberta e afins",0,21450.94930164,45,4693.15455646,4,4693.15455646,4,21.8785,100,10637544.2815079,0.0441
2020,4,"2020-T4","5111","Auxiliares de serviço de bordo",0,11313.78398447,10,4655.97013648,4,4655.97013648,4,41.1531,100,10637544.2815079,0.0438
2020,4,"2020-T4","3230","Profissionais de nível médio de medicina tradicional e alternativa",0,13388.04064178,20,4636.88312263,8,4636.88312263,8,34.6345,100,10637544.2815079,0.0436
2020,4,"2020-T4","7212","Soldadores e oxicortadores",0,283379.97961983,325,4628.03286638,5,4628.03286638,5,1.6332,100,10637544.2815079,0.0435
2020,4,"2020-T4","8160","Operadores de máquinas para elaborar alimentos e produtos afins",0,226411.56389816,334,4542.89758729,13,4542.89758729,13,2.0065,100,10637544.2815079,0.0427
2020,4,"2020-T4","8154","Operadores de máquinas de branqueamento, tingimento e limpeza de tecidos",0,51515.59284762,55,4229.84699002,4,4229.84699002,4,8.2108,100,10637544.2815079,0.0398
2020,4,"2020-T4","4411","Trabalhadores de bibliotecas",0,9411.12954373,12,4188.71923793,4,4188.71923793,4,44.5081,100,10637544.2815079,0.0394
2020,4,"2020-T4","5245","Frentistas de posto de gasolina",0,245158.26399241,345,4168.69903423,10,4168.69903423,10,1.7004,100,10637544.2815079,0.0392
2020,4,"2020-T4","8182","Operadores de máquinas de vapor e caldeiras",0,32906.83926788,47,4127.10854847,5,4127.10854847,5,12.5418,100,10637544.2815079,0.0388
2020,4,"2020-T4","3111","Técnicos em ciências físicas e químicas",0,22803.75566291,35,3902.94259182,8,3902.94259182,8,17.1153,100,10637544.2815079,0.0367
2020,4,"2020-T4","8156","Operadores de máquinas para fabricação de calçados e afins",0,92450.50622679,112,3869.2511194,3,3869.2511194,3,4.1852,100,10637544.2815079,0.0364
2020,4,"2020-T4","5132","atendentes de bar",0,102766.36307525,187,3855.96321325,6,3855.96321325,6,3.7522,100,10637544.2815079,0.0362
2020,4,"2020-T4","8219","Montadores não classificados anteriormente",0,137736.83877687,161,3811.99655436,3,3811.99655436,3,2.7676,100,10637544.2815079,0.0358
2020,4,"2020-T4","3413","Auxiliares leigos de religião",0,5784.21657286,10,3625.45301027,7,3625.45301027,7,62.6784,100,10637544.2815079,0.0341
2020,4,"2020-T4","7319","Artesãos não classificados anteriormente",0,44693.93816213,63,3557.34029815,8,3557.34029815,8,7.9593,100,10637544.2815079,0.0334
2020,4,"2020-T4","3141","Técnicos e profissionais de nível médio em ciências biológicas (exclusive da medicina)",0,9969.84089448,13,3378.29817211,7,3378.29817211,7,33.8852,100,10637544.2815079,0.0318
2020,4,"2020-T4","2656","Locutores de rádio, televisão e outros meios de comunicação",0,25784.61403372,53,3377.24769381,9,3377.24769381,9,13.0979,100,10637544.2815079,0.0317
2020,4,"2020-T4","8343","Operadores de guindastes, gruas, aparatos de elevação e afins",0,59795.6511711,75,3353.01278682,3,3353.01278682,3,5.6075,100,10637544.2815079,0.0315
2020,4,"2020-T4","7311","Mecânicos e reparadores de instrumentos de precisão",0,13404.35994671,20,3271.13105004,3,3271.13105004,3,24.4035,100,10637544.2815079,0.0308
2020,4,"2020-T4","3214","Técnicos de próteses médicas e dentárias",0,40089.11098297,64,3251.633139,8,3251.633139,8,8.111,100,10637544.2815079,0.0306
2020,4,"2020-T4","4419","Trabalhadores de apoio administrativo não classificados anteriormente",0,27509.07202692,28,3239.81654756,5,3239.81654756,5,11.7773,100,10637544.2815079,0.0305
2020,4,"2020-T4","7421","Mecânicos e reparadores em eletrônica",0,64402.04863359,88,3210.3946607,4,3210.3946607,4,4.9849,100,10637544.2815079,0.0302
2020,4,"2020-T4","8141","Operadores de máquinas para fabricar produtos de borracha",0,138795.1152118,202,3057.13197031,4,3057.13197031,4,2.2026,100,10637544.2815079,0.0287
2020,4,"2020-T4","3433","Técnicos em galerias de arte, museus e bibliotecas",0,9255.32628993,4,2982.11497952,1,2982.11497952,1,32.2205,100,10637544.2815079,0.028
2020,4,"2020-T4","8121","Operadores de instalações de processamento de metais",0,99073.658714,88,2969.66192569,6,2969.66192569,6,2.9974,100,10637544.2815079,0.0279
2020,4,"2020-T4","3117","Técnicos em engenharia de minas e metalurgia",0,24030.23544322,39,2964.78831515,6,2964.78831515,6,12.3377,100,10637544.2815079,0.0279
2020,4,"2020-T4","9510","Trabalhadores ambulantes dos serviços e afins",0,58281.60455934,101,2777.77735347,4,2777.77735347,4,4.7661,100,10637544.2815079,0.0261
2020,4,"2020-T4","7513","Trabalhadores da pasteurização do leite e fabricação de laticínios e afins",0,81295.24340485,206,2720.33318201,9,2720.33318201,9,3.3462,100,10637544.2815079,0.0256
2020,4,"2020-T4","6221","Trabalhadores da aquicultura",0,20836.49656103,42,2704.01964855,4,2704.01964855,4,12.9773,100,10637544.2815079,0.0254
2020,4,"2020-T4","9212","Trabalhadores elementares da pecuária",0,557706.23764201,1580,2689.06800116,8,2689.06800116,8,0.4822,100,10637544.2815079,0.0253
2020,4,"2020-T4","8171","Operadores de instalações para a preparação de pasta de papel e papel",0,17169.01370632,22,2675.08428731,3,2675.08428731,3,15.5809,100,10637544.2815079,0.0251
2020,4,"2020-T4","7115","Carpinteiros",0,160159.53278261,261,2670.54001788,6,2670.54001788,6,1.6674,100,10637544.2815079,0.0251
2020,4,"2020-T4","7125","Vidraceiros",0,61733.54546275,94,2654.42857631,4,2654.42857631,4,4.2998,100,10637544.2815079,0.025
2020,4,"2020-T4","4322","Trabalhadores de serviços de apoio à produção",0,66171.70449843,76,2588.58155735,4,2588.58155735,4,3.9119,100,10637544.2815079,0.0243
2020,4,"2020-T4","5411","Bombeiros",0,18780.16996001,32,2547.49442854,2,2547.49442854,2,13.5648,100,10637544.2815079,0.0239
2020,4,"2020-T4","3153","Pilotos de aviação e afins",0,8353.27247414,13,2466.60210234,6,2466.60210234,6,29.5286,100,10637544.2815079,0.0232
2020,4,"2020-T4","9629","Outras ocupações elementares não classificadas anteriormente",0,195170.94954575,340,2416.29333795,6,2416.29333795,6,1.238,100,10637544.2815079,0.0227
2020,4,"2020-T4","8172","Operadores de instalações para processamento de madeira",0,64573.32411886,121,2393.142996,4,2393.142996,4,3.7061,100,10637544.2815079,0.0225
2020,4,"2020-T4","8342","Operadores de máquinas de movimentação de terras e afins",0,191563.76397979,332,2365.00545606,5,2365.00545606,5,1.2346,100,10637544.2815079,0.0222
2020,4,"2020-T4","3354","Agentes de serviços de expedição de licenças e permissões",0,5462.05973011,13,2342.22768161,7,2342.22768161,7,42.8818,100,10637544.2815079,0.022
2020,4,"2020-T4","9612","Classificadores de resíduos",0,184543.34327335,267,2338.72331172,3,2338.72331172,3,1.2673,100,10637544.2815079,0.022
2020,4,"2020-T4","2655","Atores",0,2359.10361139,6,2245.05143137,5,2245.05143137,5,95.1654,100,10637544.2815079,0.0211
2020,4,"2020-T4","3315","Avaliadores",0,6078.39201775,9,2242.68465969,3,2242.68465969,3,36.896,100,10637544.2815079,0.0211
2020,4,"2020-T4","4212","Coletores de apostas e de jogos",0,51788.40972746,82,2133.70614797,3,2133.70614797,3,4.12,100,10637544.2815079,0.0201
2020,4,"2020-T4","7413","Instaladores e reparadores de linhas elétricas",0,46775.59584448,61,2109.72343081,5,2109.72343081,5,4.5103,100,10637544.2815079,0.0198
2020,4,"2020-T4","5321","Trabalhadores de cuidados pessoais em instituições",0,40395.41167786,58,2006.07063322,3,2006.07063322,3,4.9661,100,10637544.2815079,0.0189
2020,4,"2020-T4","5113","Guias de turismo",0,20035.10446923,19,1985.80186597,5,1985.80186597,5,9.9116,100,10637544.2815079,0.0187
2020,4,"2020-T4","7514","Trabalhadores da conservação de frutas, legumes e similares",0,45084.23720023,67,1940.73213938,4,1940.73213938,4,4.3047,100,10637544.2815079,0.0182
2020,4,"2020-T4","3258","Ajudantes de ambulâncias",0,9227.89277119,12,1887.86762145,2,1887.86762145,2,20.4583,100,10637544.2815079,0.0177
2020,4,"2020-T4","8113","Perfuradores e sondadores de poços e afins",0,19650.61080784,28,1874.17443406,3,1874.17443406,3,9.5375,100,10637544.2815079,0.0176
2020,4,"2020-T4","7532","Trabalhadores qualificados da preparação da confecção de roupas",0,69183.7184105,78,1840.1615308,2,1840.1615308,2,2.6598,100,10637544.2815079,0.0173
2020,4,"2020-T4","1322","Dirigentes de explorações de mineração",0,3954.36601092,8,1773.46130369,4,1773.46130369,4,44.8482,100,10637544.2815079,0.0167
2020,4,"2020-T4","3121","Supervisores da mineração",0,2757.34482017,5,1765.04820513,2,1765.04820513,2,64.0126,100,10637544.2815079,0.0166
2020,4,"2020-T4","7312","Confeccionadores e afinadores de instrumentos musicais",0,4361.89922264,4,1689.80990484,2,1689.80990484,2,38.7402,100,10637544.2815079,0.0159
2020,4,"2020-T4","3131","Operadores de instalações de produção de energia",0,8267.69984326,13,1672.0763986,2,1672.0763986,2,20.2242,100,10637544.2815079,0.0157
2020,4,"2020-T4","3435","Outros profissionais de nível médio em atividades culturais e artísticas",0,9623.70418533,12,1579.70066895,3,1579.70066895,3,16.4147,100,10637544.2815079,0.0149
2020,4,"2020-T4","3421","Atletas e esportistas",0,4765.336031,8,1569.31141778,3,1569.31141778,3,32.9318,100,10637544.2815079,0.0148
2020,4,"2020-T4","5168","Trabalhadores do sexo",0,2803.68702577,4,1525.5976699,1,1525.5976699,1,54.414,100,10637544.2815079,0.0143
2020,4,"2020-T4","9121","Lavadeiros de roupas e passadeiros manuais",0,36117.81906779,58,1410.74993902,1,1410.74993902,1,3.906,100,10637544.2815079,0.0133
2020,4,"2020-T4","3324","Corretores de comercialização",0,13564.20600492,24,1399.21965488,2,1399.21965488,2,10.3155,100,10637544.2815079,0.0132
2020,4,"2020-T4","7123","Gesseiros",0,120522.34126857,141,1342.07102558,3,1342.07102558,3,1.1135,100,10637544.2815079,0.0126
2020,4,"2020-T4","8143","Operadores de máquinas para fabricar produtos de papel",0,37083.82146451,41,1333.72956206,2,1333.72956206,2,3.5965,100,10637544.2815079,0.0125
2020,4,"2020-T4","7127","Mecânicos-instaladores de sistemas de refrigeração e climatização",0,83303.97432544,98,1269.23258378,1,1269.23258378,1,1.5236,100,10637544.2815079,0.0119
2020,4,"2020-T4","2434","Profissionais de vendas de tecnologia da informação e comunicações",0,8235.06274778,13,1134.13235185,2,1134.13235185,2,13.772,100,10637544.2815079,0.0107
2020,4,"2020-T4","6114","Agricultores e trabalhadores qualificados de cultivos mistos",0,31894.59889297,95,1125.77353551,3,1125.77353551,3,3.5297,100,10637544.2815079,0.0106
2020,4,"2020-T4","7113","Canteiros, cortadores e gravadores de pedras",0,70808.97479311,95,1115.94874828,3,1115.94874828,3,1.576,100,10637544.2815079,0.0105
2020,4,"2020-T4","3155","Técnicos em segurança aeronáutica",0,4008.17949407,5,1041.11519015,2,1041.11519015,2,25.9748,100,10637544.2815079,0.0098
2020,4,"2020-T4","3134","Operadores de instalações de refino de petróleo e gás natural",0,3119.13267227,4,1032.79044351,2,1032.79044351,2,33.1115,100,10637544.2815079,0.0097
2020,4,"2020-T4","3333","Agentes de emprego e agenciadores de mão de obra",0,1719.5923222,4,1007.80113807,2,1007.80113807,2,58.607,100,10637544.2815079,0.0095
2020,4,"2020-T4","6123","Apicultores, sericicultores e trabalhadores qualificados da apicultura e sericicultura",0,24493.97882521,64,987.80852809,2,987.80852809,2,4.0329,100,10637544.2815079,0.0093
2020,4,"2020-T4","9214","Trabalhadores elementares da jardinagem e horticultura",0,64214.60592974,121,956.51228954,1,956.51228954,1,1.4896,100,10637544.2815079,0.009
2020,4,"2020-T4","5241","Modelos de moda, arte e publicidade",0,7236.98040643,11,948.40951637,2,948.40951637,2,13.105,100,10637544.2815079,0.0089
2020,4,"2020-T4","9623","Coletores de dinheiro em máquinas automáticas de venda e leitores de medidores",0,25888.47143879,36,943.64592169,2,943.64592169,2,3.645,100,10637544.2815079,0.0089
2020,4,"2020-T4","7211","Moldadores de metal e macheiros",0,16527.91903905,22,938.23993131,2,938.23993131,2,5.6767,100,10637544.2815079,0.0088
2020,4,"2020-T4","3151","Oficiais maquinistas em navegação",0,1339.82444615,2,883.36019483,1,883.36019483,1,65.931,100,10637544.2815079,0.0083
2020,4,"2020-T4","3240","Técnicos e assistentes veterinários",0,24388.88048914,22,877.56798951,1,877.56798951,1,3.5982,100,10637544.2815079,0.0082
2020,4,"2020-T4","4131","Operadores de máquinas de processamento de texto e mecanógrafos",0,1002.28281911,5,767.91214322,3,767.91214322,3,76.6163,100,10637544.2815079,0.0072
2020,4,"2020-T4","8111","Mineiros e operadores de máquinas e de instalações em minas e pedreiras",0,3132.51575067,12,733.14910577,1,733.14910577,1,23.4045,100,10637544.2815079,0.0069
2020,4,"2020-T4","9622","Pessoas que realizam várias tarefas",0,3137.8083918,8,700.74889405,1,700.74889405,1,22.3324,100,10637544.2815079,0.0066
2020,4,"2020-T4","8131","Operadores de instalações e máquinas de produtos químicos",0,59627.22925468,59,679.51858496,1,679.51858496,1,1.1396,100,10637544.2815079,0.0064
2020,4,"2020-T4","7224","Polidores de metais e afiadores de ferramentas",0,18017.23646573,22,663.75433888,1,663.75433888,1,3.684,100,10637544.2815079,0.0062
2020,4,"2020-T4","5152","Governantas e mordomos domésticos",0,19743.87015166,26,662.89297282,1,662.89297282,1,3.3575,100,10637544.2815079,0.0062
2020,4,"2020-T4","9312","Trabalhadores elementares de obras públicas e da manutenção de estradas, represas e similares",0,25865.7034338,42,643.19926281,1,643.19926281,1,2.4867,100,10637544.2815079,0.006
2020,4,"2020-T4","7234","Reparadores de bicicletas e afins",0,53114.63650405,79,634.99380817,1,634.99380817,1,1.1955,100,10637544.2815079,0.006
2020,4,"2020-T4","7232","Mecânicos e reparadores de motores de avião",0,6547.01136993,11,619.56706165,1,619.56706165,1,9.4634,100,10637544.2815079,0.0058
2020,4,"2020-T4","3222","Profissionais de nível médio de partos",0,2195.92272873,4,571.68336644,2,571.68336644,2,26.0339,100,10637544.2815079,0.0054
2020,4,"2020-T4","7515","Trabalhadores da degustação e classificação de alimentos e bebidas",0,6177.50026028,12,459.6744983,1,459.6744983,1,7.4411,100,10637544.2815079,0.0043
2020,4,"2020-T4","6210","Trabalhadores florestais qualificados e afins",0,47889.3014458,105,456.95836714,1,456.95836714,1,0.9542,100,10637544.2815079,0.0043
2020,4,"2020-T4","7544","Fumigadores e outros controladores de pragas e ervas daninhas",0,31454.60925022,50,445.27717073,2,445.27717073,2,1.4156,100,10637544.2815079,0.0042
2020,4,"2020-T4","7316","Redatores de cartazes, pintores decorativos e gravadores",0,5563.78097571,12,445.1007817,1,445.1007817,1,8,100,10637544.2815079,0.0042
2020,4,"2020-T4","7121","Telhadores",0,24040.71546366,33,406.10525778,1,406.10525778,1,1.6892,100,10637544.2815079,0.0038
2020,4,"2020-T4","6130","Produtores e trabalhadores qualificados de exploração agropecuária mista",0,7927.09089059,28,404.35483196,1,404.35483196,1,5.1009,100,10637544.2815079,0.0038
2020,4,"2020-T4","1343","Dirigentes de serviços de cuidado a pessoas idosas",0,396.85476848,2,396.85476848,2,396.85476848,2,100,100,10637544.2815079,0.0037
2020,4,"2020-T4","7523","Operadores de máquinas de lavrar madeira",0,65988.8222566,89,369.38167153,1,369.38167153,1,0.5598,100,10637544.2815079,0.0035
2020,4,"2020-T4","1312","Dirigentes de produção da aquicultura e pesca",0,531.41821837,2,351.50249727,1,351.50249727,1,66.1442,100,10637544.2815079,0.0033
2020,4,"2020-T4","3252","Técnicos em documentação sanitária",0,795.74799695,3,310.4297623,1,310.4297623,1,39.0111,100,10637544.2815079,0.0029
2020,4,"2020-T4","3143","Técnicos florestais",0,2816.54379803,4,309.76675049,1,309.76675049,1,10.9981,100,10637544.2815079,0.0029
2020,4,"2020-T4","8183","Operadores de máquinas de embalagem, engarrafamento e etiquetagem",0,47585.35992011,66,286.8006831,1,286.8006831,1,0.6027,100,10637544.2815079,0.0027
2020,4,"2020-T4","8122","Operadores de máquinas polidoras, galvanizadoras e recobridoras de metais",0,20502.52595903,25,240.50583489,1,240.50583489,1,1.1731,100,10637544.2815079,0.0023
2020,4,"2020-T4","7541","Trabalhadores subaquáticos",0,1628.556243,5,199.34943189,1,199.34943189,1,12.2409,100,10637544.2815079,0.0019
2020,4,"2020-T4","5169","Trabalhadores de serviços pessoais não classificados anteriormente",0,5280.24065481,9,141.16578365,2,141.16578365,2,2.6735,100,10637544.2815079,0.0013
2020,4,"2020-T4","9215","Trabalhadores florestais elementares",0,154745.52671698,433,55.16508806,1,55.16508806,1,0.0356,100,10637544.2815079,5e-04
2020,4,"2020-T4","0110","Oficiais das forças armadas",1,49371.38041073,80,42597.58133332,70,0,0,0,0,10637544.2815079,0
2020,4,"2020-T4","0411","Oficiais de polícia militar",1,42619.21635689,65,32698.90149177,49,0,0,0,0,10637544.2815079,0
2020,4,"2020-T4","0511","Oficiais de bombeiro militar",1,37358.26933208,32,35357.97199333,28,0,0,0,0,10637544.2815079,0
2020,4,"2020-T4","1223","Dirigentes de pesquisa e desenvolvimento",1,25565.28046857,21,23635.1789222,17,0,0,0,0,10637544.2815079,0
2020,4,"2020-T4","1330","Dirigentes de serviços de tecnologia da informação e comunicações",1,113109.51871846,83,76717.66452696,65,0,0,0,0,10637544.2815079,0
2020,4,"2020-T4","1342","Dirigentes de serviços de saúde",1,39900.88146097,65,33202.15240725,53,0,0,0,0,10637544.2815079,0
2020,4,"2020-T4","1344","Dirigentes de serviços de bem-estar social",1,230.88454705,1,0,0,0,0,0,NA,10637544.2815079,0
2020,4,"2020-T4","1345","Dirigentes de serviços de educação",1,143459.79489744,244,131583.87659129,219,0,0,0,0,10637544.2815079,0
2020,4,"2020-T4","1349","Dirigentes e gerentes de serviços profissionais não classificados anteriormente",1,10907.50821302,22,7426.30005765,13,0,0,0,0,10637544.2815079,0
2020,4,"2020-T4","2111","Físicos e astrônomos",1,2481.3643658,2,2481.3643658,2,0,0,0,0,10637544.2815079,0
2020,4,"2020-T4","2112","Meteorologistas",1,975.61036277,2,975.61036277,2,0,0,0,0,10637544.2815079,0
2020,4,"2020-T4","2113","Químicos",1,14100.40292295,19,14100.40292295,19,0,0,0,0,10637544.2815079,0
2020,4,"2020-T4","2114","Geólogos e geofísicos",1,7160.26376118,11,7160.26376118,11,0,0,0,0,10637544.2815079,0
2020,4,"2020-T4","2120","Matemáticos, atuários e estatísticos",1,538.90414756,2,538.90414756,2,0,0,0,0,10637544.2815079,0
2020,4,"2020-T4","2131","Biólogos, botânicos, zoólogos e afins",1,35773.29469114,56,35773.29469114,56,0,0,0,0,10637544.2815079,0
2020,4,"2020-T4","2132","Agrônomos e afins",1,64989.70391198,98,64989.70391198,98,0,0,0,0,10637544.2815079,0
2020,4,"2020-T4","2133","Profissionais da proteção do meio ambiente",1,24921.94640939,47,23648.52630715,42,0,0,0,0,10637544.2815079,0
2020,4,"2020-T4","2141","Engenheiros industriais e de produção",1,33208.01516267,39,33208.01516267,39,0,0,0,0,10637544.2815079,0
2020,4,"2020-T4","2142","Engenheiros civis",1,247669.92577263,297,247669.92577263,297,0,0,0,0,10637544.2815079,0
2020,4,"2020-T4","2143","Engenheiros de meio ambiente",1,26399.90367556,30,26399.90367556,30,0,0,0,0,10637544.2815079,0
2020,4,"2020-T4","2144","Engenheiros mecânicos",1,55264.5283347,69,55264.5283347,69,0,0,0,0,10637544.2815079,0
2020,4,"2020-T4","2145","Engenheiros químicos",1,29704.86336633,27,29704.86336633,27,0,0,0,0,10637544.2815079,0
2020,4,"2020-T4","2146","Engenheiros de minas, metalúrgicos e afins",1,6874.3931103,9,6874.3931103,9,0,0,0,0,10637544.2815079,0
2020,4,"2020-T4","2149","Engenheiros não classificados anteriormente",1,25845.67888978,35,25845.67888978,35,0,0,0,0,10637544.2815079,0
2020,4,"2020-T4","2151","Engenheiros eletricistas",1,73175.40514052,87,73175.40514052,87,0,0,0,0,10637544.2815079,0
2020,4,"2020-T4","2152","Engenheiros eletrônicos",1,6442.9939382,8,6442.9939382,8,0,0,0,0,10637544.2815079,0
2020,4,"2020-T4","2153","Engenheiros em telecomunicações",1,4411.29479808,9,4411.29479808,9,0,0,0,0,10637544.2815079,0
2020,4,"2020-T4","2161","Arquitetos de edificações",1,175186.19930094,210,175186.19930094,210,0,0,0,0,10637544.2815079,0
2020,4,"2020-T4","2162","Arquitetos paisagistas",1,1272.95549083,2,1272.95549083,2,0,0,0,0,10637544.2815079,0
2020,4,"2020-T4","2163","Desenhistas de produtos e  vestuário",1,14710.2665412,21,14710.2665412,21,0,0,0,0,10637544.2815079,0
2020,4,"2020-T4","2164","Urbanistas e engenheiros de trânsito",1,3518.81822891,8,3518.81822891,8,0,0,0,0,10637544.2815079,0
2020,4,"2020-T4","2165","Cartógrafos e agrimensores",1,1550.41492643,4,1550.41492643,4,0,0,0,0,10637544.2815079,0
2020,4,"2020-T4","2211","Médicos gerais",1,140094.85671545,196,140094.85671545,196,0,0,0,0,10637544.2815079,0
2020,4,"2020-T4","2212","Médicos especialistas",1,313560.42648375,369,313560.42648375,369,0,0,0,0,10637544.2815079,0
2020,4,"2020-T4","2221","Profissionais de enfermagem",1,456012.37217916,592,456012.37217916,592,0,0,0,0,10637544.2815079,0
2020,4,"2020-T4","2230","Profissionais da medicina tradicional e alternativa",1,4845.17560568,3,4845.17560568,3,0,0,0,0,10637544.2815079,0
2020,4,"2020-T4","2250","Veterinários",1,95139.22006353,126,95139.22006353,126,0,0,0,0,10637544.2815079,0
2020,4,"2020-T4","2261","Dentistas",1,227952.13058285,350,227952.13058285,350,0,0,0,0,10637544.2815079,0
2020,4,"2020-T4","2262","Farmacêuticos",1,175573.76440869,226,175573.76440869,226,0,0,0,0,10637544.2815079,0
2020,4,"2020-T4","2263","Profissionais da saúde e da higiene laboral e ambiental",1,1457.61671102,1,1457.61671102,1,0,0,0,0,10637544.2815079,0
2020,4,"2020-T4","2264","Fisioterapeutas",1,173640.34120331,256,173640.34120331,256,0,0,0,0,10637544.2815079,0
2020,4,"2020-T4","2265","Dietistas e nutricionistas",1,99852.39064387,154,99852.39064387,154,0,0,0,0,10637544.2815079,0
2020,4,"2020-T4","2266","Fonoaudiólogos e logopedistas",1,47111.91076858,57,47111.91076858,57,0,0,0,0,10637544.2815079,0
2020,4,"2020-T4","2267","Optometristas",1,1341.52289125,2,1341.52289125,2,0,0,0,0,10637544.2815079,0
2020,4,"2020-T4","2269","Profissionais da saúde não classificados anteriormente",1,53131.24429185,51,28261.32915181,34,0,0,0,0,10637544.2815079,0
2020,4,"2020-T4","2310","Professores de universidades e do ensino superior",1,322078.47471463,486,322078.47471463,486,0,0,0,0,10637544.2815079,0
2020,4,"2020-T4","2320","Professores de formação profissional",1,103315.39794346,143,62188.6456917,86,0,0,0,0,10637544.2815079,0
2020,4,"2020-T4","2330","Professores do ensino médio",1,722780.83570967,1055,696918.45019904,1017,0,0,0,0,10637544.2815079,0
2020,4,"2020-T4","2341","Professores do ensino fundamental",1,1593479.73896136,2688,1478169.28603044,2483,0,0,0,0,10637544.2815079,0
2020,4,"2020-T4","2342","Professores do ensino pré-escolar",1,670679.57592842,1010,562860.85591414,840,0,0,0,0,10637544.2815079,0
2020,4,"2020-T4","2351","Especialistas em métodos pedagógicos",1,323700.57383485,510,309179.63419509,483,0,0,0,0,10637544.2815079,0
2020,4,"2020-T4","2352","Educadores para necessidades especiais",1,33004.96223093,51,29970.56445729,43,0,0,0,0,10637544.2815079,0
2020,4,"2020-T4","2359","Profissionais de ensino não classificados anteriormente",1,206052.37738214,307,86951.62307044,138,0,0,0,0,10637544.2815079,0
2020,4,"2020-T4","2411","Contadores",1,486700.39990217,646,486700.39990217,646,0,0,0,0,10637544.2815079,0
2020,4,"2020-T4","2412","Assessores financeiros e em investimentos",1,14719.15512829,16,14719.15512829,16,0,0,0,0,10637544.2815079,0
2020,4,"2020-T4","2413","Analistas financeiros",1,141172.60973305,124,141172.60973305,124,0,0,0,0,10637544.2815079,0
2020,4,"2020-T4","2421","Analistas de gestão e administração",1,443567.84526712,498,443567.84526712,498,0,0,0,0,10637544.2815079,0
2020,4,"2020-T4","2422","Especialistas em políticas de administração",1,2703.35667027,4,2703.35667027,4,0,0,0,0,10637544.2815079,0
2020,4,"2020-T4","2423","Especialistas em políticas e serviços de pessoal e afins",1,127179.99648165,147,95802.38651447,113,0,0,0,0,10637544.2815079,0
2020,4,"2020-T4","2424","Especialistas em formação de pessoal",1,38013.55974413,31,21831.63361538,23,0,0,0,0,10637544.2815079,0
2020,4,"2020-T4","2432","Profissionais de relações públicas",1,11856.56181964,25,8656.9474665,19,0,0,0,0,10637544.2815079,0
2020,4,"2020-T4","2511","Analistas de sistemas",1,347743.00345848,338,347743.00345848,338,0,0,0,0,10637544.2815079,0
2020,4,"2020-T4","2512","Desenvolvedores de programas e aplicativos (software)",1,84727.38468767,79,84727.38468767,79,0,0,0,0,10637544.2815079,0
2020,4,"2020-T4","2513","Desenvolvedores de páginas de internet (web) e multimídia",1,8060.42804348,6,8060.42804348,6,0,0,0,0,10637544.2815079,0
2020,4,"2020-T4","2514","Programadores de aplicações",1,60515.66650535,60,60515.66650535,60,0,0,0,0,10637544.2815079,0
2020,4,"2020-T4","2519","Desenvolvedores e analistas de programas e aplicativos (software) e multimídia não classificados anteriormente",1,9878.83264916,11,9878.83264916,11,0,0,0,0,10637544.2815079,0
2020,4,"2020-T4","2521","Desenhistas e administradores de bases de dados",1,15652.40648223,6,15652.40648223,6,0,0,0,0,10637544.2815079,0
2020,4,"2020-T4","2522","Administradores de sistemas",1,18910.93770562,21,18910.93770562,21,0,0,0,0,10637544.2815079,0
2020,4,"2020-T4","2523","Profissionais em rede de computadores",1,7723.83457591,7,7723.83457591,7,0,0,0,0,10637544.2815079,0
2020,4,"2020-T4","2529","Especialistas em base de dados e em redes de computadores não classificados anteriormente",1,7205.37940992,7,7205.37940992,7,0,0,0,0,10637544.2815079,0
2020,4,"2020-T4","2611","Advogados e juristas",1,825883.4284629,1107,825883.4284629,1107,0,0,0,0,10637544.2815079,0
2020,4,"2020-T4","2612","Juízes",1,1658.26509928,1,1658.26509928,1,0,0,0,0,10637544.2815079,0
2020,4,"2020-T4","2619","Profissionais em direito não classificados anteriormente",1,117968.68295318,187,111561.99445387,174,0,0,0,0,10637544.2815079,0
2020,4,"2020-T4","2621","Arquivologistas e curadores de museus",1,979.66054189,2,979.66054189,2,0,0,0,0,10637544.2815079,0
2020,4,"2020-T4","2622","Bibliotecários, documentaristas e afins",1,32130.96677215,47,27880.1421363,35,0,0,0,0,10637544.2815079,0
2020,4,"2020-T4","2631","Economistas",1,33504.61628243,31,33504.61628243,31,0,0,0,0,10637544.2815079,0
2020,4,"2020-T4","2632","Sociólogos, antropólogos e afins",1,13210.81484603,13,13210.81484603,13,0,0,0,0,10637544.2815079,0
2020,4,"2020-T4","2633","Filósofos, historiadores e especialistas em ciência política",1,1039.28642672,3,1039.28642672,3,0,0,0,0,10637544.2815079,0
2020,4,"2020-T4","2634","Psicólogos",1,215677.52034675,327,215677.52034675,327,0,0,0,0,10637544.2815079,0
2020,4,"2020-T4","2635","Assistentes sociais",1,126710.43825649,195,126710.43825649,195,0,0,0,0,10637544.2815079,0
2020,4,"2020-T4","2642","Jornalistas",1,178779.26966002,182,102488.38782131,130,0,0,0,0,10637544.2815079,0
2020,4,"2020-T4","3135","Controladores de processos de produção de metais",0,21438.32373673,17,0,0,0,0,0,NA,10637544.2815079,0
2020,4,"2020-T4","3139","Técnicos em controle de processos não classificados anteriormente",0,9133.86315207,12,0,0,0,0,0,NA,10637544.2815079,0
2020,4,"2020-T4","3154","Controladores de tráfego aéreo",0,151.41280406,1,0,0,0,0,0,NA,10637544.2815079,0
2020,4,"2020-T4","3254","Técnicos em optometria e ópticos",0,595.5494318,2,0,0,0,0,0,NA,10637544.2815079,0
2020,4,"2020-T4","4413","Codificadores de dados, revisores de provas de impressão e afins",0,1407.96903483,1,0,0,0,0,0,NA,10637544.2815079,0
2020,4,"2020-T4","4414","Outros escreventes",0,810.71506724,2,0,0,0,0,0,NA,10637544.2815079,0
2020,4,"2020-T4","5161","Astrólogos, adivinhos e afins",0,744.4839613,2,0,0,0,0,0,NA,10637544.2815079,0
2020,4,"2020-T4","5162","Acompanhantes e criados particulares",0,4331.8481657,4,0,0,0,0,0,NA,10637544.2815079,0
2020,4,"2020-T4","5163","Trabalhadores de funerárias e embalsamadores",0,13377.98568915,22,0,0,0,0,0,NA,10637544.2815079,0
2020,4,"2020-T4","6225","Pescadores",0,348553.44999626,767,0,0,0,0,0,NA,10637544.2815079,0
2020,4,"2020-T4","7114","Trabalhadores em cimento e concreto armado",0,16160.14488068,28,0,0,0,0,0,NA,10637544.2815079,0
2020,4,"2020-T4","7122","Aplicadores de revestimentos cerâmicos, pastilhas, pedras e madeiras",0,57099.10946485,88,0,0,0,0,0,NA,10637544.2815079,0
2020,4,"2020-T4","7124","Instaladores de material isolante térmico e acústico",0,4565.92697508,7,0,0,0,0,0,NA,10637544.2815079,0
2020,4,"2020-T4","7133","Limpadores de fachadas",0,3198.81659908,1,0,0,0,0,0,NA,10637544.2815079,0
2020,4,"2020-T4","7214","Montadores de estruturas metálicas",0,68078.24707535,120,0,0,0,0,0,NA,10637544.2815079,0
2020,4,"2020-T4","7215","Aparelhadores e emendadores de cabos",0,3862.62843916,9,0,0,0,0,0,NA,10637544.2815079,0
2020,4,"2020-T4","7221","Ferreiros e forjadores",0,10835.62997441,18,0,0,0,0,0,NA,10637544.2815079,0
2020,4,"2020-T4","7222","Ferramenteiros e afins",0,70705.22384094,66,0,0,0,0,0,NA,10637544.2815079,0
2020,4,"2020-T4","7315","Cortadores, polidores, jateadores e gravadores de vidros e afins",0,1098.8195725,2,0,0,0,0,0,NA,10637544.2815079,0
2020,4,"2020-T4","7323","Encadernadores e afins",0,9256.38753531,15,0,0,0,0,0,NA,10637544.2815079,0
2020,4,"2020-T4","7516","Trabalhadores qualificados da preparação do fumo e seus produtos",0,1726.39513607,3,0,0,0,0,0,NA,10637544.2815079,0
2020,4,"2020-T4","7521","Trabalhadores de tratamento e preparação da madeira",0,1519.7318089,3,0,0,0,0,0,NA,10637544.2815079,0
2020,4,"2020-T4","7535","Trabalhadores qualificados do tratamento de couros e peles",0,3974.57802295,6,0,0,0,0,0,NA,10637544.2815079,0
2020,4,"2020-T4","7536","Sapateiros e afins",0,105990.80232008,124,0,0,0,0,0,NA,10637544.2815079,0
2020,4,"2020-T4","7542","Dinamitadores e detonadores",0,3756.42279809,4,0,0,0,0,0,NA,10637544.2815079,0
2020,4,"2020-T4","7549","Outros trabalhadores qualificados e operários da indústria e do artesanato não classificados anteriormente",0,3613.364111,7,0,0,0,0,0,NA,10637544.2815079,0
2020,4,"2020-T4","8112","Operadores de instalações de processamento de minerais e rochas",0,7495.62461022,13,0,0,0,0,0,NA,10637544.2815079,0
2020,4,"2020-T4","8114","Operadores de máquinas para fabricar cimento, pedras e outros produtos minerais",0,11627.42400874,19,0,0,0,0,0,NA,10637544.2815079,0
2020,4,"2020-T4","8132","Operadores de máquinas para fabricar produtos fotográficos",0,2723.08037854,4,0,0,0,0,0,NA,10637544.2815079,0
2020,4,"2020-T4","8151","Operadores de máquinas de preparação de fibras, fiação e bobinamento de fios",0,25963.95875055,16,0,0,0,0,0,NA,10637544.2815079,0
2020,4,"2020-T4","8155","Operadores de máquinas de processamento de couros e peles",0,2079.19417434,4,0,0,0,0,0,NA,10637544.2815079,0
2020,4,"2020-T4","8157","Operadores de máquinas de lavar, tingir e passar roupas",0,11678.60004457,18,0,0,0,0,0,NA,10637544.2815079,0
2020,4,"2020-T4","8159","Operadores de máquinas para fabricar produtos têxteis e artigos de couro e pele não classificados anteriormente",0,5281.50214484,7,0,0,0,0,0,NA,10637544.2815079,0
2020,4,"2020-T4","8181","Operadores de instalações de vidraria e cerâmica",0,48307.37468047,68,0,0,0,0,0,NA,10637544.2815079,0
2020,4,"2020-T4","8189","Operadores de máquinas e de instalações fixas não classificados anteriormente",0,22083.5278948,27,0,0,0,0,0,NA,10637544.2815079,0
2020,4,"2020-T4","8312","Guarda-freios e agentes de manobras",0,6985.66059569,7,0,0,0,0,0,NA,10637544.2815079,0
2020,4,"2020-T4","9123","Limpadores de janelas",0,1241.71210927,2,0,0,0,0,0,NA,10637544.2815079,0
2020,4,"2020-T4","9129","Outros trabalhadores de limpeza",0,27950.01183,31,0,0,0,0,0,NA,10637544.2815079,0
2020,4,"2020-T4","9213","Trabalhadores elementares da agropecuária",0,11680.35724208,35,0,0,0,0,0,NA,10637544.2815079,0
2020,4,"2020-T4","9216","Trabalhadores elementares da pesca e aquicultura",0,16572.96361856,41,0,0,0,0,0,NA,10637544.2815079,0
2020,4,"2020-T4","9311","Trabalhadores elementares de minas e pedreiras",0,24597.28347805,64,0,0,0,0,0,NA,10637544.2815079,0
2020,4,"2020-T4","9332","Condutores de veículos e máquinas de tração animal",0,16481.34560248,37,0,0,0,0,0,NA,10637544.2815079,0
2020,4,"2020-T4","9613","Varredores e afins",0,6944.10349523,7,0,0,0,0,0,NA,10637544.2815079,0
2020,4,"2020-T4","9624","Carregadores de água e coletores de lenha",0,2301.33747885,5,0,0,0,0,0,NA,10637544.2815079,0
2021,4,"2021-T4","4110","Escriturários gerais",0,3697339.12985255,7077,1339440.0618472,2528,1339440.0618472,2528,36.2271,100,10788967.8413314,12.4149
2021,4,"2021-T4","5221","Comerciantes de lojas",0,3239559.571337,6952,520406.01322452,986,520406.01322452,986,16.0641,100,10788967.8413314,4.8235
2021,4,"2021-T4","5223","Balconistas e vendedores de lojas",0,3368967.95406508,6156,333123.60574647,625,333123.60574647,625,9.888,100,10788967.8413314,3.0876
2021,4,"2021-T4","1219","Dirigentes de administração e de serviços não classificados anteriormente",0,456673.32272172,812,250119.23136439,432,250119.23136439,432,54.7698,100,10788967.8413314,2.3183
2021,4,"2021-T4","2431","Profissionais da publicidade e da comercialização",0,336585.21202593,457,233428.25004344,298,233428.25004344,298,69.3519,100,10788967.8413314,2.1636
2021,4,"2021-T4","1221","Dirigentes de vendas e  comercialização",0,308542.62711904,430,199684.70618986,257,199684.70618986,257,64.7187,100,10788967.8413314,1.8508
2021,4,"2021-T4","1420","Gerentes de comércios atacadistas e varejistas",0,568812.63162475,1007,196730.82601926,347,196730.82601926,347,34.5862,100,10788967.8413314,1.8234
2021,4,"2021-T4","1346","Gerentes de sucursais de bancos, de serviços financeiros e de seguros",0,223477.30067684,301,190876.18010189,253,190876.18010189,253,85.4119,100,10788967.8413314,1.7692
2021,4,"2021-T4","5243","Vendedores a domicilio",0,1414302.39869905,2832,184213.38487533,330,184213.38487533,330,13.025,100,10788967.8413314,1.7074
2021,4,"2021-T4","3411","Profissionais de nível médio do direito e serviços legais e afins",0,371582.00529761,666,179895.00893995,355,179895.00893995,355,48.4133,100,10788967.8413314,1.6674
2021,4,"2021-T4","4120","Secretários (geral)",0,480987.44811155,973,179392.09593753,348,179392.09593753,348,37.2966,100,10788967.8413314,1.6627
2021,4,"2021-T4","3221","Profissionais de nível médio de enfermagem",0,1082926.88012829,2019,168751.61870729,344,168751.61870729,344,15.5829,100,10788967.8413314,1.5641
2021,4,"2021-T4","3341","Supervisores de secretaria",0,374080.65931647,591,168419.26886148,262,168419.26886148,262,45.0222,100,10788967.8413314,1.561
2021,4,"2021-T4","3423","Instrutores de educação física e atividades recreativas",0,238191.50162473,436,161595.82514388,292,161595.82514388,292,67.8428,100,10788967.8413314,1.4978
2021,4,"2021-T4","8322","Condutores de automóveis, taxis e caminhonetes",0,1789540.14266016,3410,153174.0638168,265,153174.0638168,265,8.5594,100,10788967.8413314,1.4197
2021,4,"2021-T4","4226","Recepcionistas em geral",0,974379.19594731,1794,149883.68402698,278,149883.68402698,278,15.3825,100,10788967.8413314,1.3892
2021,4,"2021-T4","5142","Especialistas em tratamento de beleza e afins",0,1182539.61607532,2133,147491.86893429,231,147491.86893429,231,12.4725,100,10788967.8413314,1.3671
2021,4,"2021-T4","0412","Graduados e praças da polícia militar",0,334164.64428539,664,145931.13965331,327,145931.13965331,327,43.6704,100,10788967.8413314,1.3526
2021,4,"2021-T4","3334","Agentes imobiliários",0,290861.37886562,504,133808.97374557,209,133808.97374557,209,46.0044,100,10788967.8413314,1.2402
2021,4,"2021-T4","3322","Representantes comerciais",0,344114.03802838,604,114707.60675998,169,114707.60675998,169,33.3342,100,10788967.8413314,1.0632
2021,4,"2021-T4","5120","Cozinheiros",0,1452565.58584811,3060,108403.40720917,223,108403.40720917,223,7.4629,100,10788967.8413314,1.0048
2021,4,"2021-T4","5249","Vendedores não classificados anteriormente",0,602736.76872627,1291,99170.11622903,186,99170.11622903,186,16.4533,100,10788967.8413314,0.9192
2021,4,"2021-T4","3343","Secretários executivos e administrativos",0,155136.14786411,318,94548.99539916,177,94548.99539916,177,60.9458,100,10788967.8413314,0.8763
2021,4,"2021-T4","3253","Trabalhadores comunitários da saúde",0,443395.34180508,1155,92837.39347045,233,92837.39347045,233,20.9378,100,10788967.8413314,0.8605
2021,4,"2021-T4","9112","Trabalhadores de limpeza de interior de edifícios, escritórios, hotéis e outros estabelecimentos",0,2444660.1360475,5170,91674.42446258,214,91674.42446258,214,3.75,100,10788967.8413314,0.8497
2021,4,"2021-T4","7512","Padeiros, confeiteiros e afins",0,881444.85155272,1689,89670.7314493,157,89670.7314493,157,10.1732,100,10788967.8413314,0.8311
2021,4,"2021-T4","5414","Guardas de segurança",0,1179254.12470164,2413,89391.29777052,167,89391.29777052,167,7.5803,100,10788967.8413314,0.8285
2021,4,"2021-T4","5311","Cuidadores de crianças",0,883665.51250318,1691,89130.24555245,145,89130.24555245,145,10.0864,100,10788967.8413314,0.8261
2021,4,"2021-T4","4321","Trabalhadores de controle de abastecimento e estoques",0,828034.59023787,1320,83113.95576266,124,83113.95576266,124,10.0375,100,10788967.8413314,0.7704
2021,4,"2021-T4","5230","Caixas e expedidores de bilhetes",0,998587.40378623,1853,81440.67321772,169,81440.67321772,169,8.1556,100,10788967.8413314,0.7549
2021,4,"2021-T4","2166","Desenhistas gráficos e de multimídia",0,171026.35188506,245,80774.6021693,98,80774.6021693,98,47.2293,100,10788967.8413314,0.7487
2021,4,"2021-T4","1120","Diretores gerais e gerentes gerais",0,137668.23332053,209,79080.34229181,106,79080.34229181,106,57.4427,100,10788967.8413314,0.733
2021,4,"2021-T4","4222","Trabalhadores de centrais de atendimento",0,544902.29134854,735,79038.09280524,120,79038.09280524,120,14.505,100,10788967.8413314,0.7326
2021,4,"2021-T4","1211","Dirigentes financeiros",0,102951.2963237,151,77006.09391957,107,77006.09391957,107,74.7986,100,10788967.8413314,0.7137
2021,4,"2021-T4","1321","Dirigentes de indústria de transformação",0,201807.98548861,366,76351.33067328,135,76351.33067328,135,37.8337,100,10788967.8413314,0.7077
2021,4,"2021-T4","5222","Supervisores de lojas",0,265901.62833298,439,73196.78858488,116,73196.78858488,116,27.5278,100,10788967.8413314,0.6784
2021,4,"2021-T4","1212","Dirigentes de recursos humanos",0,99877.30504525,162,72628.44557623,118,72628.44557623,118,72.7177,100,10788967.8413314,0.6732
2021,4,"2021-T4","5141","Cabeleireiros",0,1127217.92590008,2043,71538.84930036,135,71538.84930036,135,6.3465,100,10788967.8413314,0.6631
2021,4,"2021-T4","3321","Agentes de seguros",0,144689.14753849,231,71059.95934849,110,71059.95934849,110,49.1122,100,10788967.8413314,0.6586
2021,4,"2021-T4","5312","Ajudantes de professores",0,238548.86648292,458,69646.57712871,128,69646.57712871,128,29.1959,100,10788967.8413314,0.6455
2021,4,"2021-T4","5412","Policiais",0,127560.71587193,266,69567.61443147,140,69567.61443147,140,54.5369,100,10788967.8413314,0.6448
2021,4,"2021-T4","2636","Ministros de cultos religiosos, missionários e afins",0,120091.46002478,268,69145.22219885,133,69145.22219885,133,57.5771,100,10788967.8413314,0.6409
2021,4,"2021-T4","5244","Vendedores por telefone",0,275306.88924015,427,68114.2379674,97,68114.2379674,97,24.7412,100,10788967.8413314,0.6313
2021,4,"2021-T4","6121","Criadores de gado e trabalhadores qualificados da criação de gado",0,1492244.32712044,6710,66244.23760035,250,66244.23760035,250,4.4392,100,10788967.8413314,0.614
2021,4,"2021-T4","7112","Pedreiros",0,2888486.15161796,5857,66126.91910203,108,66126.91910203,108,2.2893,100,10788967.8413314,0.6129
2021,4,"2021-T4","3355","Inspetores de polícia e detetives",0,74711.62452904,131,65077.03634436,110,65077.03634436,110,87.1043,100,10788967.8413314,0.6032
2021,4,"2021-T4","3119","Técnicos em ciências físicas e da engenharia não classificados anteriormente",0,185855.38470943,217,64527.60801691,66,64527.60801691,66,34.7193,100,10788967.8413314,0.5981
2021,4,"2021-T4","6111","Agricultores e trabalhadores qualificados em atividades da agricultura (exclusive hortas, viveiros e jardins)",0,2920702.83025785,10788,64190.50127132,193,64190.50127132,193,2.1978,100,10788967.8413314,0.595
2021,4,"2021-T4","3323","Agentes de compras",0,116083.10169287,193,64018.31578214,105,64018.31578214,105,55.1487,100,10788967.8413314,0.5934
2021,4,"2021-T4","3122","Supervisores de indústrias de transformação",0,247189.56271744,366,62033.66687354,82,62033.66687354,82,25.0956,100,10788967.8413314,0.575
2021,4,"2021-T4","4311","Trabalhadores de contabilidade e cálculo de custos",0,214845.22513014,377,61482.95927218,114,61482.95927218,114,28.6173,100,10788967.8413314,0.5699
2021,4,"2021-T4","3257","Inspetores de saúde laboral, ambiental e afins",0,149960.76236234,272,59896.84463943,113,59896.84463943,113,39.9417,100,10788967.8413314,0.5552
2021,4,"2021-T4","1412","Gerentes de restaurantes",0,197875.99454496,405,59560.01682783,106,59560.01682783,106,30.0997,100,10788967.8413314,0.552
2021,4,"2021-T4","1112","Dirigentes superiores da administração pública",0,80334.430184,164,53520.81584064,102,53520.81584064,102,66.6225,100,10788967.8413314,0.4961
2021,4,"2021-T4","3513","Técnicos de redes e sistemas de computadores",0,230636.80761165,416,52712.12027639,98,52712.12027639,98,22.855,100,10788967.8413314,0.4886
2021,4,"2021-T4","3311","Agentes e corretores de bolsa, câmbio e outros serviços financeiros",0,78949.96849886,137,52514.15458544,95,52514.15458544,95,66.5157,100,10788967.8413314,0.4867
2021,4,"2021-T4","3313","Contabilistas e guarda livros",0,183644.79764201,323,51943.12339274,103,51943.12339274,103,28.2846,100,10788967.8413314,0.4814
2021,4,"2021-T4","2353","Outros professores de idiomas",0,90233.81465079,147,51545.01076827,89,51545.01076827,89,57.1238,100,10788967.8413314,0.4778
2021,4,"2021-T4","9111","Trabalhadores dos serviços domésticos em geral",0,4223530.59931339,9335,51409.64793326,114,51409.64793326,114,1.2172,100,10788967.8413314,0.4765
2021,4,"2021-T4","4312","Trabalhadores de serviços estatísticos, financeiros e de seguros",0,91340.3316374,140,49605.8538773,82,49605.8538773,82,54.3088,100,10788967.8413314,0.4598
2021,4,"2021-T4","7231","Mecânicos e reparadores de veículos a motor",0,1182965.09243079,2331,49017.24519652,80,49017.24519652,80,4.1436,100,10788967.8413314,0.4543
2021,4,"2021-T4","5413","Guardiões de presídios",0,78268.24916563,172,48984.86010333,106,48984.86010333,106,62.5859,100,10788967.8413314,0.454
2021,4,"2021-T4","0210","Graduados e praças das forças armadas",0,271952.76012022,538,47118.36479778,98,47118.36479778,98,17.3259,100,10788967.8413314,0.4367
2021,4,"2021-T4","7543","Classificadores e provadores de produtos (exceto de bebidas e alimentos)",0,191477.95462867,319,46670.57955334,66,46670.57955334,66,24.3739,100,10788967.8413314,0.4326
2021,4,"2021-T4","3332","Organizadores de conferências e eventos",0,122354.66219886,201,46163.29745175,72,46163.29745175,72,37.7291,100,10788967.8413314,0.4279
2021,4,"2021-T4","7531","Alfaiates, modistas, chapeleiros e peleteiros",0,573385.53318537,1212,41349.21771613,84,41349.21771613,84,7.2114,100,10788967.8413314,0.3833
2021,4,"2021-T4","3339","Agentes de serviços comerciais não classificados anteriormente",0,126817.39161308,194,41292.73864845,46,41292.73864845,46,32.5608,100,10788967.8413314,0.3827
2021,4,"2021-T4","3412","Trabalhadores e assistentes sociais de nível médio",0,103393.10383638,228,40300.42246777,75,40300.42246777,75,38.9779,100,10788967.8413314,0.3735
2021,4,"2021-T4","1324","Dirigentes de empresas de abastecimento, distribuição e afins",0,85796.99313239,147,39578.33403022,63,39578.33403022,63,46.1302,100,10788967.8413314,0.3668
2021,4,"2021-T4","5153","Porteiros e zeladores",0,822672.00426776,1499,38878.81801472,58,38878.81801472,58,4.7259,100,10788967.8413314,0.3604
2021,4,"2021-T4","7318","Artesãos de tecidos, couros e materiais semelhantes",0,267999.82803694,589,37686.59380908,70,37686.59380908,70,14.0622,100,10788967.8413314,0.3493
2021,4,"2021-T4","8332","Condutores de caminhões pesados",0,1640815.83017111,3168,36991.57194809,59,36991.57194809,59,2.2545,100,10788967.8413314,0.3429
2021,4,"2021-T4","7233","Mecânicos e reparadores de máquinas agrícolas e industriais",0,523185.08584712,965,36276.77951483,64,36276.77951483,64,6.9338,100,10788967.8413314,0.3362
2021,4,"2021-T4","3511","Técnicos em operações de tecnologia da informação e das comunicações",0,203067.02268753,307,35383.72674991,57,35383.72674991,57,17.4247,100,10788967.8413314,0.328
2021,4,"2021-T4","3431","Fotógrafos",0,123369.93885381,198,34626.67343348,55,34626.67343348,55,28.0674,100,10788967.8413314,0.3209
2021,4,"2021-T4","3112","Técnicos em engenharia civil",0,136069.21029438,257,34468.33433595,63,34468.33433595,63,25.3315,100,10788967.8413314,0.3195
2021,4,"2021-T4","8321","Condutores de motocicletas",0,955035.43794665,1699,33329.62675622,43,33329.62675622,43,3.4899,100,10788967.8413314,0.3089
2021,4,"2021-T4","3114","Técnicos em eletrônica",0,165340.60478502,258,32433.11784385,51,32433.11784385,51,19.6159,100,10788967.8413314,0.3006
2021,4,"2021-T4","9329","Trabalhadores elementares da indústria de transformação não classificados anteriormente",0,763930.08219857,1313,32278.72719335,53,32278.72719335,53,4.2254,100,10788967.8413314,0.2992
2021,4,"2021-T4","3113","Eletrotécnicos",0,163209.82513114,300,32195.90782331,54,32195.90782331,54,19.7267,100,10788967.8413314,0.2984
2021,4,"2021-T4","0512","Graduados e praças do corpo de bombeiros",0,57676.14911754,125,31330.79755371,69,31330.79755371,69,54.3219,100,10788967.8413314,0.2904
2021,4,"2021-T4","4211","Caixas de banco e afins",0,48836.59354319,94,31152.38275775,59,31152.38275775,59,63.789,100,10788967.8413314,0.2887
2021,4,"2021-T4","7422","Instaladores e reparadores em tecnologias da informação e comunicações",0,270818.81272068,464,30992.52654265,55,30992.52654265,55,11.444,100,10788967.8413314,0.2873
2021,4,"2021-T4","4225","Trabalhadores dos serviços de informações",0,130906.79960035,237,30880.70472544,64,30880.70472544,64,23.5898,100,10788967.8413314,0.2862
2021,4,"2021-T4","8153","Operadores de máquinas de costura",0,749641.20808272,1495,29656.19142241,55,29656.19142241,55,3.9561,100,10788967.8413314,0.2749
2021,4,"2021-T4","3115","Técnicos em engenharia mecânica",0,216670.45000254,335,29619.91800016,45,29619.91800016,45,13.6705,100,10788967.8413314,0.2745
2021,4,"2021-T4","5211","Vendedores de quiosques e postos de mercados",0,538222.23208965,1211,28852.90655108,45,28852.90655108,45,5.3608,100,10788967.8413314,0.2674
2021,4,"2021-T4","3312","Agentes de empréstimos e financiamento",0,48647.58618737,63,28321.76505005,27,28321.76505005,27,58.2182,100,10788967.8413314,0.2625
2021,4,"2021-T4","1323","Dirigentes de empresas de construção",0,45492.04381664,85,27440.98902404,45,27440.98902404,45,60.3204,100,10788967.8413314,0.2543
2021,4,"2021-T4","5322","Trabalhadores de cuidados pessoais a domicílios",0,615465.48977113,1173,27171.03527056,56,27171.03527056,56,4.4147,100,10788967.8413314,0.2518
2021,4,"2021-T4","4221","Trabalhadores de agências de viagem",0,46575.02728842,87,25639.76505611,42,25639.76505611,42,55.0505,100,10788967.8413314,0.2376
2021,4,"2021-T4","2354","Outros professores de música",0,54994.83239411,86,25523.97830238,33,25523.97830238,33,46.4116,100,10788967.8413314,0.2366
2021,4,"2021-T4","3521","Técnicos de radiodifusão e gravação audiovisual",0,65732.74209147,125,25085.2623811,42,25085.2623811,42,38.1625,100,10788967.8413314,0.2325
2021,4,"2021-T4","3123","Supervisores da construção",0,141075.16185825,227,24355.34452452,40,24355.34452452,40,17.2641,100,10788967.8413314,0.2257
2021,4,"2021-T4","4214","Cobradores e afins",0,69247.41146935,106,24060.96918577,25,24060.96918577,25,34.7464,100,10788967.8413314,0.223
2021,4,"2021-T4","6112","Agricultores e trabalhadores qualificados no cultivo de hortas, viveiros e jardins",0,710212.74267814,2045,23407.47840855,57,23407.47840855,57,3.2958,100,10788967.8413314,0.217
2021,4,"2021-T4","3211","Técnicos em aparelhos de diagnóstico e tratamento médico",0,61690.48719517,103,23023.66023016,43,23023.66023016,43,37.3212,100,10788967.8413314,0.2134
2021,4,"2021-T4","3342","Secretários jurídicos",0,30375.29250084,58,22701.01355351,43,22701.01355351,43,74.7351,100,10788967.8413314,0.2104
2021,4,"2021-T4","3116","Técnicos em química industrial",0,72760.00932569,86,22203.3302753,25,22203.3302753,25,30.5158,100,10788967.8413314,0.2058
2021,4,"2021-T4","2355","Outros professores de artes",0,53403.155303,87,22179.70684036,40,22179.70684036,40,41.5326,100,10788967.8413314,0.2056
2021,4,"2021-T4","3512","Técnicos em assistência ao usuário de tecnologia da informação e das comunicações",0,78089.25593237,138,21969.69870923,38,21969.69870923,38,28.1341,100,10788967.8413314,0.2036
2021,4,"2021-T4","7223","Reguladores e operadores de máquinas-ferramentas",0,305858.48864662,419,21771.25641966,23,21771.25641966,23,7.1181,100,10788967.8413314,0.2018
2021,4,"2021-T4","5246","Balconistas dos serviços de alimentação",0,414843.56422522,753,21418.78427114,37,21418.78427114,37,5.1631,100,10788967.8413314,0.1985
2021,4,"2021-T4","5131","Garçons",0,401806.07973427,752,21114.16389744,27,21114.16389744,27,5.2548,100,10788967.8413314,0.1957
2021,4,"2021-T4","1439","Gerentes de serviços não classificados anteriormente",0,44896.95246365,76,21020.71785239,34,21020.71785239,34,46.8199,100,10788967.8413314,0.1948
2021,4,"2021-T4","3432","Desenhistas e decoradores de interiores",0,41885.34017518,60,20739.85793254,24,20739.85793254,24,49.5158,100,10788967.8413314,0.1922
2021,4,"2021-T4","3352","Agentes da administração tributária",0,30258.47294126,74,20645.69303629,47,20645.69303629,47,68.2311,100,10788967.8413314,0.1914
2021,4,"2021-T4","1213","Dirigentes de políticas e planejamento",0,22391.53125504,40,20535.96912466,34,20535.96912466,34,91.7131,100,10788967.8413314,0.1903
2021,4,"2021-T4","4412","Trabalhadores de serviços de correios",0,60147.41155565,105,20530.61213939,35,20530.61213939,35,34.1338,100,10788967.8413314,0.1903
2021,4,"2021-T4","7411","Eletricistas de obras e afins",0,487526.35336584,852,20222.46323357,37,20222.46323357,37,4.148,100,10788967.8413314,0.1874
2021,4,"2021-T4","2641","Escritores",0,28134.79068021,48,19970.81006497,34,19970.81006497,34,70.9826,100,10788967.8413314,0.1851
2021,4,"2021-T4","5164","Cuidadores de animais",0,147777.53389122,256,19967.14885728,25,19967.14885728,25,13.5116,100,10788967.8413314,0.1851
2021,4,"2021-T4","3142","Técnicos agropecuários",0,32375.8616845,87,18800.67592288,39,18800.67592288,39,58.07,100,10788967.8413314,0.1743
2021,4,"2021-T4","1222","Dirigentes de publicidade e relações públicas",0,21155.51053215,28,18565.8733791,22,18565.8733791,22,87.759,100,10788967.8413314,0.1721
2021,4,"2021-T4","7412","Mecânicos e ajustadores eletricistas",0,332919.74336733,634,18023.8249623,32,18023.8249623,32,5.4139,100,10788967.8413314,0.1671
2021,4,"2021-T4","3422","Treinadores, instrutores e árbitros de atividades esportivas",0,37611.61527801,65,17819.6564001,30,17819.6564001,30,47.3781,100,10788967.8413314,0.1652
2021,4,"2021-T4","2433","Profissionais de vendas técnicas e médicas (exclusive tic)",0,25278.51404562,45,17751.92253344,27,17751.92253344,27,70.2253,100,10788967.8413314,0.1645
2021,4,"2021-T4","2654","Diretores de cinema, de teatro e afins",0,27442.03994051,37,17600.04963682,20,17600.04963682,20,64.1354,100,10788967.8413314,0.1631
2021,4,"2021-T4","2652","Músicos, cantores e compositores",0,89436.91258286,154,17556.09254402,33,17556.09254402,33,19.6296,100,10788967.8413314,0.1627
2021,4,"2021-T4","4229","Trabalhadores de serviços de informação ao cliente não classificados anteriormente",0,104119.28414231,169,17462.24637106,27,17462.24637106,27,16.7714,100,10788967.8413314,0.1619
2021,4,"2021-T4","9411","Preparadores de comidas rápidas",0,124294.11980635,242,17070.16028165,26,17070.16028165,26,13.7337,100,10788967.8413314,0.1582
2021,4,"2021-T4","4323","Trabalhadores de serviços de transporte",0,100274.43477688,127,16955.44909865,27,16955.44909865,27,16.909,100,10788967.8413314,0.1572
2021,4,"2021-T4","9412","Ajudantes de cozinha",0,629440.48087618,1186,16842.4775973,41,16842.4775973,41,2.6758,100,10788967.8413314,0.1561
2021,4,"2021-T4","3212","Técnicos de laboratórios médicos",0,54289.00330649,107,16841.95742576,33,16841.95742576,33,31.0228,100,10788967.8413314,0.1561
2021,4,"2021-T4","2651","Artistas plásticos",0,39453.79149318,65,16726.554148,29,16726.554148,29,42.3953,100,10788967.8413314,0.155
2021,4,"2021-T4","5165","Instrutores de autoescola",0,54301.41084401,97,16721.64662718,33,16721.64662718,33,30.7941,100,10788967.8413314,0.155
2021,4,"2021-T4","4416","Trabalhadores do serviço de pessoal",0,51260.70683986,79,16612.86832613,23,16612.86832613,23,32.4086,100,10788967.8413314,0.154
2021,4,"2021-T4","1431","Gerentes de centros esportivos,  de diversão e culturais",0,35017.57184371,50,16290.76549547,26,16290.76549547,26,46.5217,100,10788967.8413314,0.151
2021,4,"2021-T4","2643","Tradutores, intérpretes e linguistas",0,28576.80848836,37,16263.29848368,25,16263.29848368,25,56.9108,100,10788967.8413314,0.1507
2021,4,"2021-T4","9334","Repositores de prateleiras",0,596806.62471,1118,16222.6948609,38,16222.6948609,38,2.7182,100,10788967.8413314,0.1504
2021,4,"2021-T4","8331","Condutores de ônibus e bondes",0,366584.82894826,678,16047.99791824,27,16047.99791824,27,4.3777,100,10788967.8413314,0.1487
2021,4,"2021-T4","5329","Trabalhadores de cuidados pessoais nos serviços de saúde não classificados anteriormente",0,52419.37584857,99,15845.43733464,27,15845.43733464,27,30.2282,100,10788967.8413314,0.1469
2021,4,"2021-T4","3314","Profissionais de nível médio de serviços estatísticos, matemáticos e afins",0,77367.74807125,126,14868.45479561,16,14868.45479561,16,19.2179,100,10788967.8413314,0.1378
2021,4,"2021-T4","1311","Dirigentes de produção agropecuária e silvicultura",0,65150.27253144,250,14720.73048838,50,14720.73048838,50,22.595,100,10788967.8413314,0.1364
2021,4,"2021-T4","8121","Operadores de instalações de processamento de metais",0,136893.00523046,153,14359.13077668,12,14359.13077668,12,10.4893,100,10788967.8413314,0.1331
2021,4,"2021-T4","1111","Legisladores",0,49078.85287783,132,14343.07578643,37,14343.07578643,37,29.2246,100,10788967.8413314,0.1329
2021,4,"2021-T4","1411","Gerentes de hotéis",0,34114.07423197,68,14274.00734637,36,14274.00734637,36,41.842,100,10788967.8413314,0.1323
2021,4,"2021-T4","3251","Dentistas auxiliares e ajudantes de odontologia",0,100221.83507558,224,13544.42921101,40,13544.42921101,40,13.5144,100,10788967.8413314,0.1255
2021,4,"2021-T4","7131","Pintores e empapeladores",0,683699.50066603,1241,13454.68571373,27,13454.68571373,27,1.9679,100,10788967.8413314,0.1247
2021,4,"2021-T4","8211","Mecânicos montadores de maquinaria mecânica",0,106289.69632132,147,13218.21381176,11,13218.21381176,11,12.436,100,10788967.8413314,0.1225
2021,4,"2021-T4","3213","Técnicos e assistentes farmacêuticos",0,72260.64148223,104,12920.30208086,14,12920.30208086,14,17.8801,100,10788967.8413314,0.1198
2021,4,"2021-T4","2656","Locutores de rádio, televisão e outros meios de comunicação",0,32579.51423249,53,12888.89864119,15,12888.89864119,15,39.5614,100,10788967.8413314,0.1195
2021,4,"2021-T4","5419","Trabalhadores dos serviços de proteção e segurança não classificados anteriormente",0,39832.2581931,86,12443.50839845,26,12443.50839845,26,31.2398,100,10788967.8413314,0.1153
2021,4,"2021-T4","7317","Artesãos de pedra, madeira, vime e materiais semelhantes",0,101066.63245351,234,12357.08581966,20,12357.08581966,20,12.2267,100,10788967.8413314,0.1145
2021,4,"2021-T4","5212","Vendedores ambulantes de serviços de alimentação",0,358661.07303352,735,12105.09414883,19,12105.09414883,19,3.3751,100,10788967.8413314,0.1122
2021,4,"2021-T4","9333","Carregadores",0,750848.31734003,1467,12021.5218356,27,12021.5218356,27,1.6011,100,10788967.8413314,0.1114
2021,4,"2021-T4","4227","Entrevistadores de pesquisas de mercado",0,20069.42463017,48,11938.16599447,25,11938.16599447,25,59.4843,100,10788967.8413314,0.1107
2021,4,"2021-T4","3111","Técnicos em ciências físicas e químicas",0,21906.46392813,40,11629.65886353,18,11629.65886353,18,53.0878,100,10788967.8413314,0.1078
2021,4,"2021-T4","3118","Desenhistas e projetistas técnicos",0,58812.86052038,85,11313.79198179,18,11313.79198179,18,19.2369,100,10788967.8413314,0.1049
2021,4,"2021-T4","3353","Agentes de serviços de seguridade social",0,15192.66407267,27,11273.26340686,20,11273.26340686,20,74.202,100,10788967.8413314,0.1045
2021,4,"2021-T4","7212","Soldadores e oxicortadores",0,287077.16956838,474,11169.29849714,17,11169.29849714,17,3.8907,100,10788967.8413314,0.1035
2021,4,"2021-T4","3153","Pilotos de aviação e afins",0,12616.51869153,18,11141.38423902,14,11141.38423902,14,88.3079,100,10788967.8413314,0.1033
2021,4,"2021-T4","9313","Trabalhadores elementares da construção de edifícios",0,1780886.19146678,3692,10476.74986579,28,10476.74986579,28,0.5883,100,10788967.8413314,0.0971
2021,4,"2021-T4","3230","Profissionais de nível médio de medicina tradicional e alternativa",0,22746.4850605,40,10429.49164304,15,10429.49164304,15,45.851,100,10788967.8413314,0.0967
2021,4,"2021-T4","7213","Chapistas e caldeireiros",0,490059.05391125,841,10016.46156433,25,10016.46156433,25,2.0439,100,10788967.8413314,0.0928
2021,4,"2021-T4","7533","Costureiros, bordadeiros e afins",0,131275.50771866,251,9703.89987023,19,9703.89987023,19,7.392,100,10788967.8413314,0.0899
2021,4,"2021-T4","5242","Demonstradores de lojas",0,104812.47351605,157,8930.16469062,17,8930.16469062,17,8.5201,100,10788967.8413314,0.0828
2021,4,"2021-T4","9520","Vendedores ambulantes (exclusive de serviços de alimentação)",0,318330.43810384,670,8576.12775846,22,8576.12775846,22,2.6941,100,10788967.8413314,0.0795
2021,4,"2021-T4","7319","Artesãos não classificados anteriormente",0,71239.63376109,136,8414.99770026,18,8414.99770026,18,11.8122,100,10788967.8413314,0.078
2021,4,"2021-T4","3344","Secretários de medicina",0,63890.15194339,120,8319.32832932,18,8319.32832932,18,13.0213,100,10788967.8413314,0.0771
2021,4,"2021-T4","9122","Lavadores de veículos",0,280721.73435574,514,8317.98639214,10,8317.98639214,10,2.9631,100,10788967.8413314,0.0771
2021,4,"2021-T4","8219","Montadores não classificados anteriormente",0,175583.29336482,293,8300.94388818,11,8300.94388818,11,4.7276,100,10788967.8413314,0.0769
2021,4,"2021-T4","7511","Magarefes e afins",0,458816.28620168,965,8164.0834174,22,8164.0834174,22,1.7794,100,10788967.8413314,0.0757
2021,4,"2021-T4","5112","Fiscais e cobradores de transportes públicos",0,78985.94733992,150,7905.06212973,13,7905.06212973,13,10.0082,100,10788967.8413314,0.0733
2021,4,"2021-T4","3359","Agentes da administração pública para aplicação da lei e afins não classificados anteriormente",0,13579.48988728,33,7857.11935862,19,7857.11935862,19,57.8602,100,10788967.8413314,0.0728
2021,4,"2021-T4","5111","Auxiliares de serviço de bordo",0,13267.00344197,22,7763.96682827,11,7763.96682827,11,58.5209,100,10788967.8413314,0.072
2021,4,"2021-T4","5132","atendentes de bar",0,166527.96253214,357,7652.99874259,11,7652.99874259,11,4.5956,100,10788967.8413314,0.0709
2021,4,"2021-T4","9211","Trabalhadores elementares da agricultura",0,1489145.23187737,4713,7342.22289219,22,7342.22289219,22,0.493,100,10788967.8413314,0.0681
2021,4,"2021-T4","7111","Construtores de casas",0,61446.95858527,133,7282.38745228,18,7282.38745228,18,11.8515,100,10788967.8413314,0.0675
2021,4,"2021-T4","7421","Mecânicos e reparadores em eletrônica",0,76252.97881829,135,7220.73720619,9,7220.73720619,9,9.4694,100,10788967.8413314,0.0669
2021,4,"2021-T4","4313","Trabalhadores encarregados de folha de pagamento",0,14310.72436883,24,7215.9214836,12,7215.9214836,12,50.4232,100,10788967.8413314,0.0669
2021,4,"2021-T4","1341","Dirigentes de serviços de cuidados infantis",0,13632.92691623,23,7210.31727182,14,7210.31727182,14,52.889,100,10788967.8413314,0.0668
2021,4,"2021-T4","8160","Operadores de máquinas para elaborar alimentos e produtos afins",0,259388.58285786,744,7207.70593969,16,7207.70593969,16,2.7787,100,10788967.8413314,0.0668
2021,4,"2021-T4","3117","Técnicos em engenharia de minas e metalurgia",0,42541.77372377,66,7098.37342651,10,7098.37342651,10,16.6857,100,10788967.8413314,0.0658
2021,4,"2021-T4","8142","Operadores de máquinas para fabricar produtos de material plástico",0,141448.04823701,191,7046.26513213,7,7046.26513213,7,4.9815,100,10788967.8413314,0.0653
2021,4,"2021-T4","8344","Operadores de empilhadeiras",0,231583.50289057,392,7001.07062845,10,7001.07062845,10,3.0231,100,10788967.8413314,0.0649
2021,4,"2021-T4","3331","Despachantes aduaneiros",0,13849.78099683,21,6949.04045449,6,6949.04045449,6,50.1744,100,10788967.8413314,0.0644
2021,4,"2021-T4","7125","Vidraceiros",0,74182.38063161,130,6829.93812639,10,6829.93812639,10,9.207,100,10788967.8413314,0.0633
2021,4,"2021-T4","4415","Trabalhadores de arquivos",0,46638.26867959,78,6813.51512778,8,6813.51512778,8,14.6093,100,10788967.8413314,0.0632
2021,4,"2021-T4","8183","Operadores de máquinas de embalagem, engarrafamento e etiquetagem",0,83092.79787245,131,6731.14477325,8,6731.14477325,8,8.1008,100,10788967.8413314,0.0624
2021,4,"2021-T4","8342","Operadores de máquinas de movimentação de terras e afins",0,244492.36801914,539,6703.30260299,18,6703.30260299,18,2.7417,100,10788967.8413314,0.0621
2021,4,"2021-T4","8212","Montadores de equipamentos elétricos e eletrônicos",0,66600.90784029,144,6681.91781599,15,6681.91781599,15,10.0328,100,10788967.8413314,0.0619
2021,4,"2021-T4","4132","Operadores de entrada de dados",0,18488.36566941,49,6655.59834361,17,6655.59834361,17,35.9988,100,10788967.8413314,0.0617
2021,4,"2021-T4","7522","Marceneiros e afins",0,331496.61175889,636,6636.3882299,15,6636.3882299,15,2.0019,100,10788967.8413314,0.0615
2021,4,"2021-T4","3434","Chefes de cozinha",0,36695.216053,59,6519.19825364,11,6519.19825364,11,17.7658,100,10788967.8413314,0.0604
2021,4,"2021-T4","4223","Telefonistas",0,40048.86073956,66,6451.96245055,10,6451.96245055,10,16.1102,100,10788967.8413314,0.0598
2021,4,"2021-T4","2434","Profissionais de vendas de tecnologia da informação e comunicações",0,8591.84003209,14,6392.44128681,9,6392.44128681,9,74.4013,100,10788967.8413314,0.0592
2021,4,"2021-T4","9629","Outras ocupações elementares não classificadas anteriormente",0,213965.8156502,490,6183.30561648,12,6183.30561648,12,2.8899,100,10788967.8413314,0.0573
2021,4,"2021-T4","3255","Técnicos e assistentes fisioterapeutas",0,34324.09708155,73,6010.77391573,16,6010.77391573,16,17.5118,100,10788967.8413314,0.0557
2021,4,"2021-T4","9623","Coletores de dinheiro em máquinas automáticas de venda e leitores de medidores",0,21091.71585317,34,5983.08325319,4,5983.08325319,4,28.367,100,10788967.8413314,0.0555
2021,4,"2021-T4","2356","Instrutores em tecnologias da informação",0,19510.04416428,26,5923.35611579,6,5923.35611579,6,30.3605,100,10788967.8413314,0.0549
2021,4,"2021-T4","5151","Supervisores de manutenção e limpeza de edifícios em escritórios, hotéis e estabelecimentos",0,25248.37989642,46,5731.41360559,5,5731.41360559,5,22.7001,100,10788967.8413314,0.0531
2021,4,"2021-T4","5321","Trabalhadores de cuidados pessoais em instituições",0,54566.58090146,115,5704.26485821,10,5704.26485821,10,10.4538,100,10788967.8413314,0.0529
2021,4,"2021-T4","7314","Ceramistas e afins (preparação e fabricação)",0,93845.35508488,222,5643.14078386,13,5643.14078386,13,6.0132,100,10788967.8413314,0.0523
2021,4,"2021-T4","4224","Recepcionistas de hotéis",0,67175.77736907,140,5634.64912318,12,5634.64912318,12,8.3879,100,10788967.8413314,0.0522
2021,4,"2021-T4","5245","Frentistas de posto de gasolina",0,305955.46728469,574,5625.28823937,14,5625.28823937,14,1.8386,100,10788967.8413314,0.0521
2021,4,"2021-T4","3522","Técnicos de engenharia de telecomunicações",0,61819.21806035,97,5510.73076649,11,5510.73076649,11,8.9143,100,10788967.8413314,0.0511
2021,4,"2021-T4","7313","Joalheiros e lapidadores de gemas, artesãos de metais preciosos e semipreciosos",0,58054.2897215,65,5478.61378339,9,5478.61378339,9,9.4371,100,10788967.8413314,0.0508
2021,4,"2021-T4","4322","Trabalhadores de serviços de apoio à produção",0,73892.47143023,122,5422.08124536,10,5422.08124536,10,7.3378,100,10788967.8413314,0.0503
2021,4,"2021-T4","6122","Avicultores e trabalhadores qualificados da avicultura",0,147715.56609608,560,5301.84717416,19,5301.84717416,19,3.5892,100,10788967.8413314,0.0491
2021,4,"2021-T4","2655","Atores",0,14353.04253484,17,5281.41438441,7,5281.41438441,7,36.7965,100,10788967.8413314,0.049
2021,4,"2021-T4","5113","Guias de turismo",0,22471.13067412,49,5159.52298703,14,5159.52298703,14,22.9607,100,10788967.8413314,0.0478
2021,4,"2021-T4","7322","Impressores",0,89800.29670112,131,5136.66843568,11,5136.66843568,11,5.7201,100,10788967.8413314,0.0476
2021,4,"2021-T4","3132","Operadores de incineradores, instalações de tratamento de água e afins",0,23010.64562536,51,4987.60954692,12,4987.60954692,12,21.6752,100,10788967.8413314,0.0462
2021,4,"2021-T4","3252","Técnicos em documentação sanitária",0,5425.71111298,6,4876.91580881,4,4876.91580881,4,89.8853,100,10788967.8413314,0.0452
2021,4,"2021-T4","3134","Operadores de instalações de refino de petróleo e gás natural",0,7518.53970741,8,4804.1530276,5,4804.1530276,5,63.8974,100,10788967.8413314,0.0445
2021,4,"2021-T4","9611","Coletores de lixo e material reciclável",0,219927.14835334,483,4763.58653976,7,4763.58653976,7,2.166,100,10788967.8413314,0.0442
2021,4,"2021-T4","3258","Ajudantes de ambulâncias",0,20997.27586756,33,4694.99021669,7,4694.99021669,7,22.36,100,10788967.8413314,0.0435
2021,4,"2021-T4","7132","Lustradores",0,178933.73350819,329,4677.34801659,9,4677.34801659,9,2.614,100,10788967.8413314,0.0434
2021,4,"2021-T4","7126","Bombeiros e encanadores",0,151349.19890247,279,4423.66604132,11,4423.66604132,11,2.9228,100,10788967.8413314,0.041
2021,4,"2021-T4","4411","Trabalhadores de bibliotecas",0,9268.97879212,21,4365.41231653,9,4365.41231653,9,47.097,100,10788967.8413314,0.0405
2021,4,"2021-T4","3421","Atletas e esportistas",0,27840.83827009,38,4245.64511335,4,4245.64511335,4,15.2497,100,10788967.8413314,0.0394
2021,4,"2021-T4","8131","Operadores de instalações e máquinas de produtos químicos",0,44753.65424591,67,4236.04299695,7,4236.04299695,7,9.4652,100,10788967.8413314,0.0393
2021,4,"2021-T4","3435","Outros profissionais de nível médio em atividades culturais e artísticas",0,13044.92604726,22,4183.36779127,6,4183.36779127,6,32.0689,100,10788967.8413314,0.0388
2021,4,"2021-T4","5411","Bombeiros",0,33013.76180224,59,4181.21583029,9,4181.21583029,9,12.6651,100,10788967.8413314,0.0388
2021,4,"2021-T4","9321","empacotadores manuais",0,195122.57868015,325,3932.7266539,10,3932.7266539,10,2.0155,100,10788967.8413314,0.0365
2021,4,"2021-T4","7222","Ferramenteiros e afins",0,65045.44422087,98,3927.76657165,5,3927.76657165,5,6.0385,100,10788967.8413314,0.0364
2021,4,"2021-T4","7119","Outros trabalhadores qualificados e operários da construção não classificados anteriormente",0,147112.16851734,369,3894.17067448,8,3894.17067448,8,2.6471,100,10788967.8413314,0.0361
2021,4,"2021-T4","1114","Dirigentes de organizações que apresentam um interesse especial",0,10549.83761083,27,3786.22291692,10,3786.22291692,10,35.8889,100,10788967.8413314,0.0351
2021,4,"2021-T4","3121","Supervisores da mineração",0,8539.46847739,13,3713.23977075,2,3713.23977075,2,43.4833,100,10788967.8413314,0.0344
2021,4,"2021-T4","8143","Operadores de máquinas para fabricar produtos de papel",0,41752.71157914,63,3689.93106534,5,3689.93106534,5,8.8376,100,10788967.8413314,0.0342
2021,4,"2021-T4","6123","Apicultores, sericicultores e trabalhadores qualificados da apicultura e sericicultura",0,24097.77381393,81,3638.37144746,6,3638.37144746,6,15.0984,100,10788967.8413314,0.0337
2021,4,"2021-T4","3214","Técnicos de próteses médicas e dentárias",0,48163.77231199,75,3630.98098894,10,3630.98098894,10,7.5388,100,10788967.8413314,0.0337
2021,4,"2021-T4","7315","Cortadores, polidores, jateadores e gravadores de vidros e afins",0,7861.18917596,8,3586.49691973,1,3586.49691973,1,45.6228,100,10788967.8413314,0.0332
2021,4,"2021-T4","9121","Lavadeiros de roupas e passadeiros manuais",0,73594.55451716,118,3551.68684865,6,3551.68684865,6,4.826,100,10788967.8413314,0.0329
2021,4,"2021-T4","7515","Trabalhadores da degustação e classificação de alimentos e bebidas",0,25239.74497749,36,3513.35790103,7,3513.35790103,7,13.9199,100,10788967.8413314,0.0326
2021,4,"2021-T4","4212","Coletores de apostas e de jogos",0,77155.58842604,153,3462.85181416,6,3462.85181416,6,4.4881,100,10788967.8413314,0.0321
2021,4,"2021-T4","3141","Técnicos e profissionais de nível médio em ciências biológicas (exclusive da medicina)",0,19467.99733389,29,3462.14938346,7,3462.14938346,7,17.7838,100,10788967.8413314,0.0321
2021,4,"2021-T4","7534","Tapeceiros, colchoeiros e afins",0,85074.18169887,173,3332.52103476,8,3332.52103476,8,3.9172,100,10788967.8413314,0.0309
2021,4,"2021-T4","3240","Técnicos e assistentes veterinários",0,22462.81025325,43,3236.67555758,5,3236.67555758,5,14.409,100,10788967.8413314,0.03
2021,4,"2021-T4","3139","Técnicos em controle de processos não classificados anteriormente",0,15943.66713313,24,3218.56100377,5,3218.56100377,5,20.1871,100,10788967.8413314,0.0298
2021,4,"2021-T4","7127","Mecânicos-instaladores de sistemas de refrigeração e climatização",0,74484.01925027,140,3191.46905411,5,3191.46905411,5,4.2848,100,10788967.8413314,0.0296
2021,4,"2021-T4","3259","Profissionais de nível médio da saúde não classificados anteriormente",0,24696.66006011,40,3158.17928115,4,3158.17928115,4,12.7879,100,10788967.8413314,0.0293
2021,4,"2021-T4","7123","Gesseiros",0,112489.64343165,210,3124.81368672,6,3124.81368672,6,2.7779,100,10788967.8413314,0.029
2021,4,"2021-T4","8113","Perfuradores e sondadores de poços e afins",0,31870.4696558,56,3065.4595033,6,3065.4595033,6,9.6185,100,10788967.8413314,0.0284
2021,4,"2021-T4","3315","Avaliadores",0,3202.54548913,6,3036.80391452,5,3036.80391452,5,94.8247,100,10788967.8413314,0.0281
2021,4,"2021-T4","8154","Operadores de máquinas de branqueamento, tingimento e limpeza de tecidos",0,52854.84965863,93,2976.67054633,3,2976.67054633,3,5.6318,100,10788967.8413314,0.0276
2021,4,"2021-T4","3152","Capitães, oficiais de coberta e práticos",0,11966.34453648,31,2960.45611341,8,2960.45611341,8,24.7399,100,10788967.8413314,0.0274
2021,4,"2021-T4","3514","Técnicos da web",0,26353.70634596,35,2840.74865289,4,2840.74865289,4,10.7793,100,10788967.8413314,0.0263
2021,4,"2021-T4","9212","Trabalhadores elementares da pecuária",0,618313.83482515,2371,2837.26855688,14,2837.26855688,14,0.4589,100,10788967.8413314,0.0263
2021,4,"2021-T4","8141","Operadores de máquinas para fabricar produtos de borracha",0,127378.09068542,258,2702.59447018,6,2702.59447018,6,2.1217,100,10788967.8413314,0.025
2021,4,"2021-T4","7115","Carpinteiros",0,201726.88448608,465,2657.88174318,7,2657.88174318,7,1.3176,100,10788967.8413314,0.0246
2021,4,"2021-T4","7232","Mecânicos e reparadores de motores de avião",0,8137.73183848,12,2451.89574497,2,2451.89574497,2,30.13,100,10788967.8413314,0.0227
2021,4,"2021-T4","7413","Instaladores e reparadores de linhas elétricas",0,57148.03847708,121,2431.94720053,5,2431.94720053,5,4.2555,100,10788967.8413314,0.0225
2021,4,"2021-T4","8343","Operadores de guindastes, gruas, aparatos de elevação e afins",0,49892.65526963,104,2429.35088882,5,2429.35088882,5,4.8692,100,10788967.8413314,0.0225
2021,4,"2021-T4","7316","Redatores de cartazes, pintores decorativos e gravadores",0,16844.84032904,36,2406.81518712,2,2406.81518712,2,14.2881,100,10788967.8413314,0.0223
2021,4,"2021-T4","7323","Encadernadores e afins",0,12716.8927678,19,2399.72373435,4,2399.72373435,4,18.8704,100,10788967.8413314,0.0222
2021,4,"2021-T4","7514","Trabalhadores da conservação de frutas, legumes e similares",0,29299.72050832,97,2389.52351672,6,2389.52351672,6,8.1554,100,10788967.8413314,0.0221
2021,4,"2021-T4","5241","Modelos de moda, arte e publicidade",0,6408.72638594,12,2384.05389882,4,2384.05389882,4,37.2001,100,10788967.8413314,0.0221
2021,4,"2021-T4","4419","Trabalhadores de apoio administrativo não classificados anteriormente",0,23105.78636421,39,2381.74235266,5,2381.74235266,5,10.308,100,10788967.8413314,0.0221
2021,4,"2021-T4","9510","Trabalhadores ambulantes dos serviços e afins",0,44748.14796943,76,2357.385656,4,2357.385656,4,5.2681,100,10788967.8413314,0.0218
2021,4,"2021-T4","9612","Classificadores de resíduos",0,356763.61565762,642,2336.68269328,3,2336.68269328,3,0.655,100,10788967.8413314,0.0217
2021,4,"2021-T4","8156","Operadores de máquinas para fabricação de calçados e afins",0,112968.12613315,149,2335.4376808,3,2335.4376808,3,2.0673,100,10788967.8413314,0.0216
2021,4,"2021-T4","3155","Técnicos em segurança aeronáutica",0,3677.67805311,6,2272.62327507,3,2272.62327507,3,61.7951,100,10788967.8413314,0.0211
2021,4,"2021-T4","5163","Trabalhadores de funerárias e embalsamadores",0,27816.35408849,45,2272.27910653,5,2272.27910653,5,8.1689,100,10788967.8413314,0.0211
2021,4,"2021-T4","3154","Controladores de tráfego aéreo",0,4867.65432521,6,2254.31556254,3,2254.31556254,3,46.3122,100,10788967.8413314,0.0209
2021,4,"2021-T4","3256","assistentes de medicina",0,32497.1152322,56,2215.19437973,3,2215.19437973,3,6.8166,100,10788967.8413314,0.0205
2021,4,"2021-T4","4131","Operadores de máquinas de processamento de texto e mecanógrafos",0,2619.68139197,10,2145.47163205,7,2145.47163205,7,81.8982,100,10788967.8413314,0.0199
2021,4,"2021-T4","8312","Guarda-freios e agentes de manobras",0,3478.3131135,5,2137.94647473,1,2137.94647473,1,61.465,100,10788967.8413314,0.0198
2021,4,"2021-T4","9312","Trabalhadores elementares de obras públicas e da manutenção de estradas, represas e similares",0,23167.58044474,56,2077.3750605,4,2077.3750605,4,8.9667,100,10788967.8413314,0.0193
2021,4,"2021-T4","9331","Condutores de veículos acionados a pedal ou a braços",0,47630.94610267,79,1904.6808716,2,1904.6808716,2,3.9988,100,10788967.8413314,0.0177
2021,4,"2021-T4","7536","Sapateiros e afins",0,142541.29918211,218,1899.1113207,4,1899.1113207,4,1.3323,100,10788967.8413314,0.0176
2021,4,"2021-T4","8152","Operadores de teares e outras máquinas de tecelagem",0,46715.3745335,100,1863.72534646,2,1863.72534646,2,3.9895,100,10788967.8413314,0.0173
2021,4,"2021-T4","7214","Montadores de estruturas metálicas",0,101555.4092415,179,1773.1707747,3,1773.1707747,3,1.746,100,10788967.8413314,0.0164
2021,4,"2021-T4","8311","Maquinistas de locomotivas",0,9239.79650947,15,1768.68895718,3,1768.68895718,3,19.1421,100,10788967.8413314,0.0164
2021,4,"2021-T4","3131","Operadores de instalações de produção de energia",0,9799.68716542,16,1736.2928113,4,1736.2928113,4,17.7178,100,10788967.8413314,0.0161
2021,4,"2021-T4","1322","Dirigentes de explorações de mineração",0,3763.1918633,10,1720.90416794,4,1720.90416794,4,45.7299,100,10788967.8413314,0.016
2021,4,"2021-T4","3433","Técnicos em galerias de arte, museus e bibliotecas",0,8231.73037462,19,1677.96927877,3,1677.96927877,3,20.3842,100,10788967.8413314,0.0156
2021,4,"2021-T4","7513","Trabalhadores da pasteurização do leite e fabricação de laticínios e afins",0,89107.43519216,267,1652.87969601,9,1652.87969601,9,1.8549,100,10788967.8413314,0.0153
2021,4,"2021-T4","8172","Operadores de instalações para processamento de madeira",0,99798.24625475,253,1612.90756058,6,1612.90756058,6,1.6162,100,10788967.8413314,0.0149
2021,4,"2021-T4","8171","Operadores de instalações para a preparação de pasta de papel e papel",0,17713.44307999,29,1579.50671092,2,1579.50671092,2,8.917,100,10788967.8413314,0.0146
2021,4,"2021-T4","7523","Operadores de máquinas de lavrar madeira",0,49701.36885968,102,1481.29069408,2,1481.29069408,2,2.9804,100,10788967.8413314,0.0137
2021,4,"2021-T4","7321","Trabalhadores da pré-impressão gráfica",0,28319.56379161,36,1465.9552065,2,1465.9552065,2,5.1765,100,10788967.8413314,0.0136
2021,4,"2021-T4","6225","Pescadores",0,330215.73026657,1328,1461.95038182,6,1461.95038182,6,0.4427,100,10788967.8413314,0.0136
2021,4,"2021-T4","6221","Trabalhadores da aquicultura",0,13688.49246495,52,1432.5904213,4,1432.5904213,4,10.4657,100,10788967.8413314,0.0133
2021,4,"2021-T4","8122","Operadores de máquinas polidoras, galvanizadoras e recobridoras de metais",0,30912.27127536,60,1400.98792847,1,1400.98792847,1,4.5321,100,10788967.8413314,0.013
2021,4,"2021-T4","7311","Mecânicos e reparadores de instrumentos de precisão",0,19652.03054333,45,1379.36949906,2,1379.36949906,2,7.019,100,10788967.8413314,0.0128
2021,4,"2021-T4","3354","Agentes de serviços de expedição de licenças e permissões",0,4759.27842379,13,1349.02038566,3,1349.02038566,3,28.3451,100,10788967.8413314,0.0125
2021,4,"2021-T4","8341","Operadores de máquinas agrícolas e florestais móveis",0,304097.26657094,931,1307.41121554,8,1307.41121554,8,0.4299,100,10788967.8413314,0.0121
2021,4,"2021-T4","3222","Profissionais de nível médio de partos",0,2765.86294397,7,1301.74552895,2,1301.74552895,2,47.0647,100,10788967.8413314,0.0121
2021,4,"2021-T4","8189","Operadores de máquinas e de instalações fixas não classificados anteriormente",0,27345.19350894,49,1251.56875608,2,1251.56875608,2,4.5769,100,10788967.8413314,0.0116
2021,4,"2021-T4","7544","Fumigadores e outros controladores de pragas e ervas daninhas",0,34909.44487251,77,1217.75763865,3,1217.75763865,3,3.4883,100,10788967.8413314,0.0113
2021,4,"2021-T4","9311","Trabalhadores elementares de minas e pedreiras",0,36501.99440559,119,1193.06913594,3,1193.06913594,3,3.2685,100,10788967.8413314,0.0111
2021,4,"2021-T4","7234","Reparadores de bicicletas e afins",0,42869.33310399,101,1188.38917772,2,1188.38917772,2,2.7721,100,10788967.8413314,0.011
2021,4,"2021-T4","6130","Produtores e trabalhadores qualificados de exploração agropecuária mista",0,5845.96267339,32,1159.19511261,5,1159.19511261,5,19.829,100,10788967.8413314,0.0107
2021,4,"2021-T4","3324","Corretores de comercialização",0,6612.34069644,15,1090.65305899,3,1090.65305899,3,16.4942,100,10788967.8413314,0.0101
2021,4,"2021-T4","7114","Trabalhadores em cimento e concreto armado",0,12274.68165467,23,1050.38588246,1,1050.38588246,1,8.5573,100,10788967.8413314,0.0097
2021,4,"2021-T4","9621","Mensageiros, carregadores de bagagens e entregadores de encomendas",0,75627.53582367,120,961.35479311,4,961.35479311,4,1.2712,100,10788967.8413314,0.0089
2021,4,"2021-T4","8350","Marinheiros de coberta e afins",0,32117.14283201,97,886.95007866,2,886.95007866,2,2.7616,100,10788967.8413314,0.0082
2021,4,"2021-T4","8114","Operadores de máquinas para fabricar cimento, pedras e outros produtos minerais",0,33186.64815584,63,823.74383765,1,823.74383765,1,2.4822,100,10788967.8413314,0.0076
2021,4,"2021-T4","7113","Canteiros, cortadores e gravadores de pedras",0,79995.83440823,148,817.3627916,1,817.3627916,1,1.0218,100,10788967.8413314,0.0076
2021,4,"2021-T4","7122","Aplicadores de revestimentos cerâmicos, pastilhas, pedras e madeiras",0,94205.46901618,180,798.44828306,2,798.44828306,2,0.8476,100,10788967.8413314,0.0074
2021,4,"2021-T4","8157","Operadores de máquinas de lavar, tingir e passar roupas",0,11442.07768064,27,793.52877556,1,793.52877556,1,6.9352,100,10788967.8413314,0.0074
2021,4,"2021-T4","5169","Trabalhadores de serviços pessoais não classificados anteriormente",0,13391.24463401,20,727.09101023,2,727.09101023,2,5.4296,100,10788967.8413314,0.0067
2021,4,"2021-T4","9215","Trabalhadores florestais elementares",0,220058.68580983,795,707.48259234,3,707.48259234,3,0.3215,100,10788967.8413314,0.0066
2021,4,"2021-T4","7312","Confeccionadores e afinadores de instrumentos musicais",0,1972.73607195,5,704.50833817,1,704.50833817,1,35.7122,100,10788967.8413314,0.0065
2021,4,"2021-T4","1343","Dirigentes de serviços de cuidado a pessoas idosas",0,1613.67327072,6,688.13767087,3,688.13767087,3,42.6442,100,10788967.8413314,0.0064
2021,4,"2021-T4","3413","Auxiliares leigos de religião",0,3197.37048616,10,676.62211892,4,676.62211892,4,21.1618,100,10788967.8413314,0.0063
2021,4,"2021-T4","8182","Operadores de máquinas de vapor e caldeiras",0,44286.01586421,95,497.15126664,2,497.15126664,2,1.1226,100,10788967.8413314,0.0046
2021,4,"2021-T4","7541","Trabalhadores subaquáticos",0,2850.40589062,6,482.97282709,1,482.97282709,1,16.944,100,10788967.8413314,0.0045
2021,4,"2021-T4","2659","Artistas criativos e interpretativos não classificados anteriormente",0,3376.55867416,6,459.86742856,1,459.86742856,1,13.6194,100,10788967.8413314,0.0043
2021,4,"2021-T4","8181","Operadores de instalações de vidraria e cerâmica",0,43553.05406597,77,441.30794961,2,441.30794961,2,1.0133,100,10788967.8413314,0.0041
2021,4,"2021-T4","7549","Outros trabalhadores qualificados e operários da indústria e do artesanato não classificados anteriormente",0,5807.05771461,12,424.93412023,2,424.93412023,2,7.3175,100,10788967.8413314,0.0039
2021,4,"2021-T4","7124","Instaladores de material isolante térmico e acústico",0,12196.67756819,28,402.63608149,2,402.63608149,2,3.3012,100,10788967.8413314,0.0037
2021,4,"2021-T4","3351","Agentes aduaneiros e inspetores de fronteiras",0,381.79439686,1,381.79439686,1,381.79439686,1,100,100,10788967.8413314,0.0035
2021,4,"2021-T4","9624","Carregadores de água e coletores de lenha",0,1783.08376895,6,325.10013933,1,325.10013933,1,18.2325,100,10788967.8413314,0.003
2021,4,"2021-T4","7542","Dinamitadores e detonadores",0,2803.73363776,8,320.81261843,1,320.81261843,1,11.4423,100,10788967.8413314,0.003
2021,4,"2021-T4","6114","Agricultores e trabalhadores qualificados de cultivos mistos",0,23868.14394138,98,282.03520512,4,282.03520512,4,1.1816,100,10788967.8413314,0.0026
2021,4,"2021-T4","5152","Governantas e mordomos domésticos",0,9871.07301386,22,276.17085782,2,276.17085782,2,2.7978,100,10788967.8413314,0.0026
2021,4,"2021-T4","6210","Trabalhadores florestais qualificados e afins",0,51799.46985344,182,240.2125094,1,240.2125094,1,0.4637,100,10788967.8413314,0.0022
2021,4,"2021-T4","9216","Trabalhadores elementares da pesca e aquicultura",0,38641.024853,124,237.34160497,1,237.34160497,1,0.6142,100,10788967.8413314,0.0022
2021,4,"2021-T4","4414","Outros escreventes",0,169.21921555,1,169.21921555,1,169.21921555,1,100,100,10788967.8413314,0.0016
2021,4,"2021-T4","6129","Outros criadores e trabalhadores qualificados da pecuária não classificados anteriormente",0,552.24914844,5,108.21124698,1,108.21124698,1,19.5946,100,10788967.8413314,0.001
2021,4,"2021-T4","3333","Agentes de emprego e agenciadores de mão de obra",0,3263.45944611,8,63.07429237,1,63.07429237,1,1.9327,100,10788967.8413314,6e-04
2021,4,"2021-T4","0110","Oficiais das forças armadas",1,57395.54899833,99,51267.91425656,84,0,0,0,0,10788967.8413314,0
2021,4,"2021-T4","0411","Oficiais de polícia militar",1,30252.5951225,72,23576.84639008,56,0,0,0,0,10788967.8413314,0
2021,4,"2021-T4","0511","Oficiais de bombeiro militar",1,12431.14832962,25,10979.62797319,21,0,0,0,0,10788967.8413314,0
2021,4,"2021-T4","1223","Dirigentes de pesquisa e desenvolvimento",1,12269.27840055,13,11474.88882725,12,0,0,0,0,10788967.8413314,0
2021,4,"2021-T4","1312","Dirigentes de produção da aquicultura e pesca",0,1517.69298036,6,0,0,0,0,0,NA,10788967.8413314,0
2021,4,"2021-T4","1330","Dirigentes de serviços de tecnologia da informação e comunicações",1,103392.08671819,123,88672.43103783,96,0,0,0,0,10788967.8413314,0
2021,4,"2021-T4","1342","Dirigentes de serviços de saúde",1,43729.03907828,93,28125.12429973,61,0,0,0,0,10788967.8413314,0
2021,4,"2021-T4","1344","Dirigentes de serviços de bem-estar social",1,571.70296617,2,571.70296617,2,0,0,0,0,10788967.8413314,0
2021,4,"2021-T4","1345","Dirigentes de serviços de educação",1,145551.51884975,296,128861.42096225,260,0,0,0,0,10788967.8413314,0
2021,4,"2021-T4","1349","Dirigentes e gerentes de serviços profissionais não classificados anteriormente",1,37262.57401069,57,25335.55649002,37,0,0,0,0,10788967.8413314,0
2021,4,"2021-T4","2111","Físicos e astrônomos",1,1816.72788774,3,1816.72788774,3,0,0,0,0,10788967.8413314,0
2021,4,"2021-T4","2112","Meteorologistas",1,728.7001832,1,728.7001832,1,0,0,0,0,10788967.8413314,0
2021,4,"2021-T4","2113","Químicos",1,21288.71893193,26,21288.71893193,26,0,0,0,0,10788967.8413314,0
2021,4,"2021-T4","2114","Geólogos e geofísicos",1,4436.11388285,9,4436.11388285,9,0,0,0,0,10788967.8413314,0
2021,4,"2021-T4","2120","Matemáticos, atuários e estatísticos",1,4204.6077006,7,4204.6077006,7,0,0,0,0,10788967.8413314,0
2021,4,"2021-T4","2131","Biólogos, botânicos, zoólogos e afins",1,67738.3800008,113,67738.3800008,113,0,0,0,0,10788967.8413314,0
2021,4,"2021-T4","2132","Agrônomos e afins",1,49416.57359696,103,49416.57359696,103,0,0,0,0,10788967.8413314,0
2021,4,"2021-T4","2133","Profissionais da proteção do meio ambiente",1,23666.41810959,50,17199.73176354,35,0,0,0,0,10788967.8413314,0
2021,4,"2021-T4","2141","Engenheiros industriais e de produção",1,34324.09749384,48,34324.09749384,48,0,0,0,0,10788967.8413314,0
2021,4,"2021-T4","2142","Engenheiros civis",1,254989.53348158,457,254989.53348158,457,0,0,0,0,10788967.8413314,0
2021,4,"2021-T4","2143","Engenheiros de meio ambiente",1,17362.01258909,36,17362.01258909,36,0,0,0,0,10788967.8413314,0
2021,4,"2021-T4","2144","Engenheiros mecânicos",1,79528.3503389,104,79528.3503389,104,0,0,0,0,10788967.8413314,0
2021,4,"2021-T4","2145","Engenheiros químicos",1,28499.56705147,32,28499.56705147,32,0,0,0,0,10788967.8413314,0
2021,4,"2021-T4","2146","Engenheiros de minas, metalúrgicos e afins",1,3154.24003427,10,3154.24003427,10,0,0,0,0,10788967.8413314,0
2021,4,"2021-T4","2149","Engenheiros não classificados anteriormente",1,34053.11802383,52,34053.11802383,52,0,0,0,0,10788967.8413314,0
2021,4,"2021-T4","2151","Engenheiros eletricistas",1,80806.63683785,115,80806.63683785,115,0,0,0,0,10788967.8413314,0
2021,4,"2021-T4","2152","Engenheiros eletrônicos",1,19952.05797923,25,19952.05797923,25,0,0,0,0,10788967.8413314,0
2021,4,"2021-T4","2153","Engenheiros em telecomunicações",1,7267.68243194,12,7267.68243194,12,0,0,0,0,10788967.8413314,0
2021,4,"2021-T4","2161","Arquitetos de edificações",1,166566.89147721,256,166566.89147721,256,0,0,0,0,10788967.8413314,0
2021,4,"2021-T4","2162","Arquitetos paisagistas",1,4797.15589487,3,4797.15589487,3,0,0,0,0,10788967.8413314,0
2021,4,"2021-T4","2163","Desenhistas de produtos e  vestuário",1,18650.19487531,34,18650.19487531,34,0,0,0,0,10788967.8413314,0
2021,4,"2021-T4","2164","Urbanistas e engenheiros de trânsito",1,4933.13089414,8,4933.13089414,8,0,0,0,0,10788967.8413314,0
2021,4,"2021-T4","2165","Cartógrafos e agrimensores",1,2591.99287108,7,2591.99287108,7,0,0,0,0,10788967.8413314,0
2021,4,"2021-T4","2211","Médicos gerais",1,135553.99390342,228,135553.99390342,228,0,0,0,0,10788967.8413314,0
2021,4,"2021-T4","2212","Médicos especialistas",1,285669.59458382,394,285669.59458382,394,0,0,0,0,10788967.8413314,0
2021,4,"2021-T4","2221","Profissionais de enfermagem",1,411928.35617044,760,411928.35617044,760,0,0,0,0,10788967.8413314,0
2021,4,"2021-T4","2230","Profissionais da medicina tradicional e alternativa",1,2386.44976501,5,2386.44976501,5,0,0,0,0,10788967.8413314,0
2021,4,"2021-T4","2250","Veterinários",1,104759.29879903,205,104759.29879903,205,0,0,0,0,10788967.8413314,0
2021,4,"2021-T4","2261","Dentistas",1,244862.52058078,451,244862.52058078,451,0,0,0,0,10788967.8413314,0
2021,4,"2021-T4","2262","Farmacêuticos",1,163812.69150968,269,163812.69150968,269,0,0,0,0,10788967.8413314,0
2021,4,"2021-T4","2263","Profissionais da saúde e da higiene laboral e ambiental",1,4429.76947146,6,4429.76947146,6,0,0,0,0,10788967.8413314,0
2021,4,"2021-T4","2264","Fisioterapeutas",1,224803.14542122,372,224803.14542122,372,0,0,0,0,10788967.8413314,0
2021,4,"2021-T4","2265","Dietistas e nutricionistas",1,105576.80888442,184,105576.80888442,184,0,0,0,0,10788967.8413314,0
2021,4,"2021-T4","2266","Fonoaudiólogos e logopedistas",1,36144.88040005,64,36144.88040005,64,0,0,0,0,10788967.8413314,0
2021,4,"2021-T4","2267","Optometristas",1,1018.38598487,3,1018.38598487,3,0,0,0,0,10788967.8413314,0
2021,4,"2021-T4","2269","Profissionais da saúde não classificados anteriormente",1,29220.41620699,56,18369.35100819,36,0,0,0,0,10788967.8413314,0
2021,4,"2021-T4","2310","Professores de universidades e do ensino superior",1,275517.02351925,515,275517.02351925,515,0,0,0,0,10788967.8413314,0
2021,4,"2021-T4","2320","Professores de formação profissional",1,109753.32352582,185,75561.30953119,116,0,0,0,0,10788967.8413314,0
2021,4,"2021-T4","2330","Professores do ensino médio",1,703537.28502209,1409,670625.95937784,1351,0,0,0,0,10788967.8413314,0
2021,4,"2021-T4","2341","Professores do ensino fundamental",1,1365281.95491785,3199,1259771.26653842,2872,0,0,0,0,10788967.8413314,0
2021,4,"2021-T4","2342","Professores do ensino pré-escolar",1,667793.48928656,1384,563539.08837554,1147,0,0,0,0,10788967.8413314,0
2021,4,"2021-T4","2351","Especialistas em métodos pedagógicos",1,328106.6053305,643,296547.13066281,590,0,0,0,0,10788967.8413314,0
2021,4,"2021-T4","2352","Educadores para necessidades especiais",1,26652.71804421,66,22964.90633667,59,0,0,0,0,10788967.8413314,0
2021,4,"2021-T4","2359","Profissionais de ensino não classificados anteriormente",1,243657.19432354,513,99615.92242548,203,0,0,0,0,10788967.8413314,0
2021,4,"2021-T4","2411","Contadores",1,499174.98723323,901,499174.98723323,901,0,0,0,0,10788967.8413314,0
2021,4,"2021-T4","2412","Assessores financeiros e em investimentos",1,22548.92677964,34,22548.92677964,34,0,0,0,0,10788967.8413314,0
2021,4,"2021-T4","2413","Analistas financeiros",1,133827.10752151,154,133827.10752151,154,0,0,0,0,10788967.8413314,0
2021,4,"2021-T4","2421","Analistas de gestão e administração",1,402608.93524792,655,402608.93524792,655,0,0,0,0,10788967.8413314,0
2021,4,"2021-T4","2422","Especialistas em políticas de administração",1,2778.3841152,7,2778.3841152,7,0,0,0,0,10788967.8413314,0
2021,4,"2021-T4","2423","Especialistas em políticas e serviços de pessoal e afins",1,190714.7073726,253,146125.04630949,194,0,0,0,0,10788967.8413314,0
2021,4,"2021-T4","2424","Especialistas em formação de pessoal",1,31188.09518932,45,27262.41158257,35,0,0,0,0,10788967.8413314,0
2021,4,"2021-T4","2432","Profissionais de relações públicas",1,33506.54522745,44,16195.64197012,28,0,0,0,0,10788967.8413314,0
2021,4,"2021-T4","2511","Analistas de sistemas",1,389066.47266529,465,389066.47266529,465,0,0,0,0,10788967.8413314,0
2021,4,"2021-T4","2512","Desenvolvedores de programas e aplicativos (software)",1,97461.40361825,126,97461.40361825,126,0,0,0,0,10788967.8413314,0
2021,4,"2021-T4","2513","Desenvolvedores de páginas de internet (web) e multimídia",1,6922.84919194,12,6922.84919194,12,0,0,0,0,10788967.8413314,0
2021,4,"2021-T4","2514","Programadores de aplicações",1,40615.69878874,71,40615.69878874,71,0,0,0,0,10788967.8413314,0
2021,4,"2021-T4","2519","Desenvolvedores e analistas de programas e aplicativos (software) e multimídia não classificados anteriormente",1,10789.7670581,11,10789.7670581,11,0,0,0,0,10788967.8413314,0
2021,4,"2021-T4","2521","Desenhistas e administradores de bases de dados",1,19420.35091511,21,19420.35091511,21,0,0,0,0,10788967.8413314,0
2021,4,"2021-T4","2522","Administradores de sistemas",1,14900.27588998,18,14900.27588998,18,0,0,0,0,10788967.8413314,0
2021,4,"2021-T4","2523","Profissionais em rede de computadores",1,9453.93623584,13,9453.93623584,13,0,0,0,0,10788967.8413314,0
2021,4,"2021-T4","2529","Especialistas em base de dados e em redes de computadores não classificados anteriormente",1,16412.97757139,4,16412.97757139,4,0,0,0,0,10788967.8413314,0
2021,4,"2021-T4","2611","Advogados e juristas",1,831090.02025559,1391,831090.02025559,1391,0,0,0,0,10788967.8413314,0
2021,4,"2021-T4","2612","Juízes",1,551.25089916,1,551.25089916,1,0,0,0,0,10788967.8413314,0
2021,4,"2021-T4","2619","Profissionais em direito não classificados anteriormente",1,145808.01111924,259,139480.06754416,240,0,0,0,0,10788967.8413314,0
2021,4,"2021-T4","2621","Arquivologistas e curadores de museus",1,562.79480277,1,562.79480277,1,0,0,0,0,10788967.8413314,0
2021,4,"2021-T4","2622","Bibliotecários, documentaristas e afins",1,30259.94573912,67,25969.90833181,58,0,0,0,0,10788967.8413314,0
2021,4,"2021-T4","2631","Economistas",1,24455.00970282,36,24455.00970282,36,0,0,0,0,10788967.8413314,0
2021,4,"2021-T4","2632","Sociólogos, antropólogos e afins",1,8583.77507038,12,8583.77507038,12,0,0,0,0,10788967.8413314,0
2021,4,"2021-T4","2633","Filósofos, historiadores e especialistas em ciência política",1,1630.59281954,4,1630.59281954,4,0,0,0,0,10788967.8413314,0
2021,4,"2021-T4","2634","Psicólogos",1,270878.02669301,473,270878.02669301,473,0,0,0,0,10788967.8413314,0
2021,4,"2021-T4","2635","Assistentes sociais",1,129931.41308992,260,129931.41308992,260,0,0,0,0,10788967.8413314,0
2021,4,"2021-T4","2642","Jornalistas",1,195158.02051876,278,130642.56107868,169,0,0,0,0,10788967.8413314,0
2021,4,"2021-T4","2653","Bailarinos e coreógrafos",0,2630.97415167,6,0,0,0,0,0,NA,10788967.8413314,0
2021,4,"2021-T4","3133","Controladores de instalações de processamento de produtos químicos",0,8142.62746611,10,0,0,0,0,0,NA,10788967.8413314,0
2021,4,"2021-T4","3135","Controladores de processos de produção de metais",0,3950.28978943,7,0,0,0,0,0,NA,10788967.8413314,0
2021,4,"2021-T4","3143","Técnicos florestais",0,955.09863264,2,0,0,0,0,0,NA,10788967.8413314,0
2021,4,"2021-T4","3151","Oficiais maquinistas em navegação",0,226.92620247,1,0,0,0,0,0,NA,10788967.8413314,0
2021,4,"2021-T4","3254","Técnicos em optometria e ópticos",0,278.6746691,1,0,0,0,0,0,NA,10788967.8413314,0
2021,4,"2021-T4","4413","Codificadores de dados, revisores de provas de impressão e afins",0,3033.63882269,2,0,0,0,0,0,NA,10788967.8413314,0
2021,4,"2021-T4","5161","Astrólogos, adivinhos e afins",0,1301.58181047,4,0,0,0,0,0,NA,10788967.8413314,0
2021,4,"2021-T4","5162","Acompanhantes e criados particulares",0,831.50897585,3,0,0,0,0,0,NA,10788967.8413314,0
2021,4,"2021-T4","5168","Trabalhadores do sexo",0,620.56889905,1,0,0,0,0,0,NA,10788967.8413314,0
2021,4,"2021-T4","6224","Caçadores",0,238.64341949,2,0,0,0,0,0,NA,10788967.8413314,0
2021,4,"2021-T4","7121","Telhadores",0,20504.2770421,38,0,0,0,0,0,NA,10788967.8413314,0
2021,4,"2021-T4","7133","Limpadores de fachadas",0,2268.39550151,1,0,0,0,0,0,NA,10788967.8413314,0
2021,4,"2021-T4","7211","Moldadores de metal e macheiros",0,29865.83577439,34,0,0,0,0,0,NA,10788967.8413314,0
2021,4,"2021-T4","7215","Aparelhadores e emendadores de cabos",0,785.45559736,3,0,0,0,0,0,NA,10788967.8413314,0
2021,4,"2021-T4","7221","Ferreiros e forjadores",0,5319.75546413,15,0,0,0,0,0,NA,10788967.8413314,0
2021,4,"2021-T4","7224","Polidores de metais e afiadores de ferramentas",0,19341.06820143,38,0,0,0,0,0,NA,10788967.8413314,0
2021,4,"2021-T4","7516","Trabalhadores qualificados da preparação do fumo e seus produtos",0,7381.13201028,17,0,0,0,0,0,NA,10788967.8413314,0
2021,4,"2021-T4","7521","Trabalhadores de tratamento e preparação da madeira",0,4749.33935622,14,0,0,0,0,0,NA,10788967.8413314,0
2021,4,"2021-T4","7532","Trabalhadores qualificados da preparação da confecção de roupas",0,25574.72775867,40,0,0,0,0,0,NA,10788967.8413314,0
2021,4,"2021-T4","7535","Trabalhadores qualificados do tratamento de couros e peles",0,4852.13725292,10,0,0,0,0,0,NA,10788967.8413314,0
2021,4,"2021-T4","8111","Mineiros e operadores de máquinas e de instalações em minas e pedreiras",0,8029.05318281,26,0,0,0,0,0,NA,10788967.8413314,0
2021,4,"2021-T4","8112","Operadores de instalações de processamento de minerais e rochas",0,11028.61177877,32,0,0,0,0,0,NA,10788967.8413314,0
2021,4,"2021-T4","8132","Operadores de máquinas para fabricar produtos fotográficos",0,2579.04799219,4,0,0,0,0,0,NA,10788967.8413314,0
2021,4,"2021-T4","8151","Operadores de máquinas de preparação de fibras, fiação e bobinamento de fios",0,21770.21715457,38,0,0,0,0,0,NA,10788967.8413314,0
2021,4,"2021-T4","8155","Operadores de máquinas de processamento de couros e peles",0,2168.48370673,5,0,0,0,0,0,NA,10788967.8413314,0
2021,4,"2021-T4","8159","Operadores de máquinas para fabricar produtos têxteis e artigos de couro e pele não classificados anteriormente",0,5969.40260377,11,0,0,0,0,0,NA,10788967.8413314,0
2021,4,"2021-T4","9123","Limpadores de janelas",0,6617.64164272,4,0,0,0,0,0,NA,10788967.8413314,0
2021,4,"2021-T4","9129","Outros trabalhadores de limpeza",0,25716.64185574,53,0,0,0,0,0,NA,10788967.8413314,0
2021,4,"2021-T4","9213","Trabalhadores elementares da agropecuária",0,12690.98250206,46,0,0,0,0,0,NA,10788967.8413314,0
2021,4,"2021-T4","9214","Trabalhadores elementares da jardinagem e horticultura",0,73187.24892124,153,0,0,0,0,0,NA,10788967.8413314,0
2021,4,"2021-T4","9332","Condutores de veículos e máquinas de tração animal",0,18576.02117129,57,0,0,0,0,0,NA,10788967.8413314,0
2021,4,"2021-T4","9613","Varredores e afins",0,6967.93546401,12,0,0,0,0,0,NA,10788967.8413314,0
2021,4,"2021-T4","9622","Pessoas que realizam várias tarefas",0,4953.77903426,12,0,0,0,0,0,NA,10788967.8413314,0
2022,4,"2022-T4","4110","Escriturários gerais",0,3724463.547141,7675,1374417.07454288,2858,1374417.07454288,2858,36.9024,100,11456139.3068385,11.9972
2022,4,"2022-T4","5221","Comerciantes de lojas",0,3390791.24143253,7507,571011.4327908,1194,571011.4327908,1194,16.8401,100,11456139.3068385,4.9843
2022,4,"2022-T4","5223","Balconistas e vendedores de lojas",0,3611305.28852304,6921,407089.12179548,734,407089.12179548,734,11.2726,100,11456139.3068385,3.5535
2022,4,"2022-T4","1219","Dirigentes de administração e de serviços não classificados anteriormente",0,456943.57542423,807,253775.6571891,432,253775.6571891,432,55.5376,100,11456139.3068385,2.2152
2022,4,"2022-T4","2431","Profissionais da publicidade e da comercialização",0,388625.33892446,550,244249.922659,318,244249.922659,318,62.8497,100,11456139.3068385,2.132
2022,4,"2022-T4","1221","Dirigentes de vendas e  comercialização",0,344927.75125509,518,236411.74277419,340,236411.74277419,340,68.5395,100,11456139.3068385,2.0636
2022,4,"2022-T4","3423","Instrutores de educação física e atividades recreativas",0,297723.50759993,545,203425.25770198,365,203425.25770198,365,68.3269,100,11456139.3068385,1.7757
2022,4,"2022-T4","3221","Profissionais de nível médio de enfermagem",0,1087495.95746542,2122,202256.31267673,448,202256.31267673,448,18.5984,100,11456139.3068385,1.7655
2022,4,"2022-T4","4120","Secretários (geral)",0,509872.40288967,1095,196253.12739953,422,196253.12739953,422,38.4906,100,11456139.3068385,1.7131
2022,4,"2022-T4","5243","Vendedores a domicilio",0,1218112.21360891,2548,182103.93298299,343,182103.93298299,343,14.9497,100,11456139.3068385,1.5896
2022,4,"2022-T4","1420","Gerentes de comércios atacadistas e varejistas",0,548558.67463265,1071,181090.26772887,355,181090.26772887,355,33.012,100,11456139.3068385,1.5807
2022,4,"2022-T4","1346","Gerentes de sucursais de bancos, de serviços financeiros e de seguros",0,215420.01350951,348,180521.09762835,293,180521.09762835,293,83.7996,100,11456139.3068385,1.5758
2022,4,"2022-T4","0412","Graduados e praças da polícia militar",0,346818.35102495,728,177781.10437121,393,177781.10437121,393,51.2606,100,11456139.3068385,1.5518
2022,4,"2022-T4","4226","Recepcionistas em geral",0,1058153.75178317,1978,176465.80456779,328,176465.80456779,328,16.6768,100,11456139.3068385,1.5404
2022,4,"2022-T4","3341","Supervisores de secretaria",0,371089.8597896,696,171025.00568979,325,171025.00568979,325,46.0872,100,11456139.3068385,1.4929
2022,4,"2022-T4","8322","Condutores de automóveis, taxis e caminhonetes",0,1843680.1434961,3584,165723.40075911,309,165723.40075911,309,8.9887,100,11456139.3068385,1.4466
2022,4,"2022-T4","3411","Profissionais de nível médio do direito e serviços legais e afins",0,342993.37001349,707,164789.18436529,382,164789.18436529,382,48.0444,100,11456139.3068385,1.4384
2022,4,"2022-T4","5142","Especialistas em tratamento de beleza e afins",0,1391923.72784511,2548,163967.23253721,282,163967.23253721,282,11.7799,100,11456139.3068385,1.4313
2022,4,"2022-T4","3334","Agentes imobiliários",0,319443.97397755,581,115108.65937363,213,115108.65937363,213,36.0341,100,11456139.3068385,1.0048
2022,4,"2022-T4","3343","Secretários executivos e administrativos",0,183734.61189452,390,114301.01638568,227,114301.01638568,227,62.2098,100,11456139.3068385,0.9977
2022,4,"2022-T4","5414","Guardas de segurança",0,1258049.06176454,2687,110144.73733711,197,110144.73733711,197,8.7552,100,11456139.3068385,0.9614
2022,4,"2022-T4","5249","Vendedores não classificados anteriormente",0,691762.95703312,1726,110074.29945619,211,110074.29945619,211,15.9121,100,11456139.3068385,0.9608
2022,4,"2022-T4","5120","Cozinheiros",0,1474936.51320456,3336,106718.70545092,226,106718.70545092,226,7.2355,100,11456139.3068385,0.9315
2022,4,"2022-T4","3322","Representantes comerciais",0,345013.4136444,615,103595.68208552,183,103595.68208552,183,30.0266,100,11456139.3068385,0.9043
2022,4,"2022-T4","3253","Trabalhadores comunitários da saúde",0,451565.62954116,1194,99263.93913127,263,99263.93913127,263,21.9822,100,11456139.3068385,0.8665
2022,4,"2022-T4","5311","Cuidadores de crianças",0,993332.50386085,1954,96689.49543197,178,96689.49543197,178,9.7338,100,11456139.3068385,0.844
2022,4,"2022-T4","9112","Trabalhadores de limpeza de interior de edifícios, escritórios, hotéis e outros estabelecimentos",0,2589231.85105462,5737,95412.99930795,221,95412.99930795,221,3.685,100,11456139.3068385,0.8329
2022,4,"2022-T4","1321","Dirigentes de indústria de transformação",0,246073.14294176,434,93499.91783439,159,93499.91783439,159,37.9968,100,11456139.3068385,0.8162
2022,4,"2022-T4","4321","Trabalhadores de controle de abastecimento e estoques",0,923645.94509042,1565,93204.96883178,158,93204.96883178,158,10.091,100,11456139.3068385,0.8136
2022,4,"2022-T4","5312","Ajudantes de professores",0,353389.43255612,716,92085.35450848,188,92085.35450848,188,26.0578,100,11456139.3068385,0.8038
2022,4,"2022-T4","5141","Cabeleireiros",0,1171308.37579485,2229,87373.68988115,142,87373.68988115,142,7.4595,100,11456139.3068385,0.7627
2022,4,"2022-T4","5412","Policiais",0,137064.97589362,289,85504.84986011,170,85504.84986011,170,62.3827,100,11456139.3068385,0.7464
2022,4,"2022-T4","7512","Padeiros, confeiteiros e afins",0,888257.0281547,1714,82116.60067245,149,82116.60067245,149,9.2447,100,11456139.3068385,0.7168
2022,4,"2022-T4","3321","Agentes de seguros",0,164557.045405,279,81845.16395929,137,81845.16395929,137,49.7367,100,11456139.3068385,0.7144
2022,4,"2022-T4","4311","Trabalhadores de contabilidade e cálculo de custos",0,274017.28495006,443,80216.69285695,141,80216.69285695,141,29.2743,100,11456139.3068385,0.7002
2022,4,"2022-T4","5222","Supervisores de lojas",0,296934.59261813,519,79682.29842326,119,79682.29842326,119,26.835,100,11456139.3068385,0.6955
2022,4,"2022-T4","1212","Dirigentes de recursos humanos",0,121680.518397,186,78765.37909496,119,78765.37909496,119,64.7313,100,11456139.3068385,0.6875
2022,4,"2022-T4","5244","Vendedores por telefone",0,285233.2536096,430,75871.76962741,104,75871.76962741,104,26.5999,100,11456139.3068385,0.6623
2022,4,"2022-T4","5230","Caixas e expedidores de bilhetes",0,1081482.3555213,2038,74021.58682094,151,74021.58682094,151,6.8445,100,11456139.3068385,0.6461
2022,4,"2022-T4","3513","Técnicos de redes e sistemas de computadores",0,275070.16885343,469,73955.83761411,140,73955.83761411,140,26.8862,100,11456139.3068385,0.6456
2022,4,"2022-T4","1120","Diretores gerais e gerentes gerais",0,109864.95251621,181,73750.40606515,114,73750.40606515,114,67.1282,100,11456139.3068385,0.6438
2022,4,"2022-T4","6111","Agricultores e trabalhadores qualificados em atividades da agricultura (exclusive hortas, viveiros e jardins)",0,2601306.62681358,9701,66382.57425074,192,66382.57425074,192,2.5519,100,11456139.3068385,0.5794
2022,4,"2022-T4","6121","Criadores de gado e trabalhadores qualificados da criação de gado",0,1462643.41853351,6824,66256.85054623,247,66256.85054623,247,4.5299,100,11456139.3068385,0.5784
2022,4,"2022-T4","3313","Contabilistas e guarda livros",0,195047.53784045,333,66242.31541186,103,66242.31541186,103,33.9621,100,11456139.3068385,0.5782
2022,4,"2022-T4","1211","Dirigentes financeiros",0,84698.14499517,138,65831.75951381,102,65831.75951381,102,77.7251,100,11456139.3068385,0.5746
2022,4,"2022-T4","7112","Pedreiros",0,2821005.84141349,5884,64927.85595812,117,64927.85595812,117,2.3016,100,11456139.3068385,0.5668
2022,4,"2022-T4","3323","Agentes de compras",0,108999.79668858,171,63787.6496317,103,63787.6496317,103,58.5209,100,11456139.3068385,0.5568
2022,4,"2022-T4","2353","Outros professores de idiomas",0,102887.26428624,148,62784.26639114,93,62784.26639114,93,61.0224,100,11456139.3068385,0.548
2022,4,"2022-T4","4222","Trabalhadores de centrais de atendimento",0,461668.85345856,668,62025.07729483,110,62025.07729483,110,13.435,100,11456139.3068385,0.5414
2022,4,"2022-T4","8332","Condutores de caminhões pesados",0,1960269.39879325,3775,61766.23514079,121,61766.23514079,121,3.1509,100,11456139.3068385,0.5392
2022,4,"2022-T4","2166","Desenhistas gráficos e de multimídia",0,142643.82451509,253,61159.66290112,115,61159.66290112,115,42.8758,100,11456139.3068385,0.5339
2022,4,"2022-T4","3355","Inspetores de polícia e detetives",0,68558.24570479,135,59625.53389498,118,59625.53389498,118,86.9706,100,11456139.3068385,0.5205
2022,4,"2022-T4","0210","Graduados e praças das forças armadas",0,278955.7860375,571,56028.61263041,106,56028.61263041,106,20.0851,100,11456139.3068385,0.4891
2022,4,"2022-T4","3257","Inspetores de saúde laboral, ambiental e afins",0,146014.35925669,267,54726.8751853,102,54726.8751853,102,37.4805,100,11456139.3068385,0.4777
2022,4,"2022-T4","7543","Classificadores e provadores de produtos (exceto de bebidas e alimentos)",0,215274.43672694,343,54636.18852099,82,54636.18852099,82,25.3798,100,11456139.3068385,0.4769
2022,4,"2022-T4","7233","Mecânicos e reparadores de máquinas agrícolas e industriais",0,574668.07839847,1054,54263.02866658,80,54263.02866658,80,9.4425,100,11456139.3068385,0.4737
2022,4,"2022-T4","3311","Agentes e corretores de bolsa, câmbio e outros serviços financeiros",0,90075.7735665,157,54237.46164588,94,54237.46164588,94,60.2132,100,11456139.3068385,0.4734
2022,4,"2022-T4","1412","Gerentes de restaurantes",0,228975.45072407,439,53551.77365573,106,53551.77365573,106,23.3876,100,11456139.3068385,0.4675
2022,4,"2022-T4","5413","Guardiões de presídios",0,91160.58527649,199,53496.73595015,124,53496.73595015,124,58.6841,100,11456139.3068385,0.467
2022,4,"2022-T4","4312","Trabalhadores de serviços estatísticos, financeiros e de seguros",0,107407.62787229,186,52395.2748964,107,52395.2748964,107,48.7817,100,11456139.3068385,0.4574
2022,4,"2022-T4","3122","Supervisores de indústrias de transformação",0,230513.629602,372,50040.42953331,83,50040.42953331,83,21.7082,100,11456139.3068385,0.4368
2022,4,"2022-T4","7231","Mecânicos e reparadores de veículos a motor",0,1243410.93182454,2512,49395.67693427,90,49395.67693427,90,3.9726,100,11456139.3068385,0.4312
2022,4,"2022-T4","3332","Organizadores de conferências e eventos",0,169109.37603787,276,47518.96848315,89,47518.96848315,89,28.0995,100,11456139.3068385,0.4148
2022,4,"2022-T4","9111","Trabalhadores dos serviços domésticos em geral",0,4260119.34023802,9745,46465.51419106,110,46465.51419106,110,1.0907,100,11456139.3068385,0.4056
2022,4,"2022-T4","1112","Dirigentes superiores da administração pública",0,77996.29891769,199,45499.308162,108,45499.308162,108,58.3352,100,11456139.3068385,0.3972
2022,4,"2022-T4","0512","Graduados e praças do corpo de bombeiros",0,67126.35572951,136,44328.68702677,88,44328.68702677,88,66.0377,100,11456139.3068385,0.3869
2022,4,"2022-T4","3212","Técnicos de laboratórios médicos",0,88182.41122399,142,44144.14217278,53,44144.14217278,53,50.06,100,11456139.3068385,0.3853
2022,4,"2022-T4","2636","Ministros de cultos religiosos, missionários e afins",0,110574.86048242,246,42468.43197923,101,42468.43197923,101,38.407,100,11456139.3068385,0.3707
2022,4,"2022-T4","7411","Eletricistas de obras e afins",0,484645.43724875,857,41580.9757831,67,41580.9757831,67,8.5797,100,11456139.3068385,0.363
2022,4,"2022-T4","3112","Técnicos em engenharia civil",0,139547.52871528,264,40396.44157726,76,40396.44157726,76,28.9482,100,11456139.3068385,0.3526
2022,4,"2022-T4","5322","Trabalhadores de cuidados pessoais a domicílios",0,706805.88966689,1437,38933.27692289,68,38933.27692289,68,5.5083,100,11456139.3068385,0.3398
2022,4,"2022-T4","5153","Porteiros e zeladores",0,772469.25016933,1531,37137.17530798,64,37137.17530798,64,4.8076,100,11456139.3068385,0.3242
2022,4,"2022-T4","3115","Técnicos em engenharia mecânica",0,205272.44140998,355,36352.54393115,64,36352.54393115,64,17.7094,100,11456139.3068385,0.3173
2022,4,"2022-T4","3431","Fotógrafos",0,116644.2774097,213,35315.70305077,56,35315.70305077,56,30.2764,100,11456139.3068385,0.3083
2022,4,"2022-T4","7318","Artesãos de tecidos, couros e materiais semelhantes",0,216990.79773761,515,35170.17201477,59,35170.17201477,59,16.2081,100,11456139.3068385,0.307
2022,4,"2022-T4","4211","Caixas de banco e afins",0,52380.12200669,99,34818.22325541,62,34818.22325541,62,66.4722,100,11456139.3068385,0.3039
2022,4,"2022-T4","2641","Escritores",0,43590.51244706,56,34523.22418541,41,34523.22418541,41,79.1989,100,11456139.3068385,0.3014
2022,4,"2022-T4","4323","Trabalhadores de serviços de transporte",0,116251.42049241,161,34255.38520329,41,34255.38520329,41,29.4666,100,11456139.3068385,0.299
2022,4,"2022-T4","3352","Agentes da administração tributária",0,43375.96752908,93,33961.39939529,69,33961.39939529,69,78.2954,100,11456139.3068385,0.2964
2022,4,"2022-T4","3119","Técnicos em ciências físicas e da engenharia não classificados anteriormente",0,118392.10524903,196,33204.47989387,45,33204.47989387,45,28.0462,100,11456139.3068385,0.2898
2022,4,"2022-T4","7422","Instaladores e reparadores em tecnologias da informação e comunicações",0,297545.97140556,550,32992.06203833,59,32992.06203833,59,11.0881,100,11456139.3068385,0.288
2022,4,"2022-T4","3114","Técnicos em eletrônica",0,142367.27521676,238,32986.39647972,54,32986.39647972,54,23.1699,100,11456139.3068385,0.2879
2022,4,"2022-T4","1323","Dirigentes de empresas de construção",0,68679.90706325,133,32930.35595454,60,32930.35595454,60,47.9476,100,11456139.3068385,0.2874
2022,4,"2022-T4","3123","Supervisores da construção",0,131775.0409638,251,32625.72342447,49,32625.72342447,49,24.7587,100,11456139.3068385,0.2848
2022,4,"2022-T4","8321","Condutores de motocicletas",0,965959.5100342,1801,32103.05623878,53,32103.05623878,53,3.3234,100,11456139.3068385,0.2802
2022,4,"2022-T4","1324","Dirigentes de empresas de abastecimento, distribuição e afins",0,75341.4007255,146,31939.16298236,63,31939.16298236,63,42.3926,100,11456139.3068385,0.2788
2022,4,"2022-T4","3211","Técnicos em aparelhos de diagnóstico e tratamento médico",0,69847.55497305,120,31566.59611981,52,31566.59611981,52,45.1936,100,11456139.3068385,0.2755
2022,4,"2022-T4","4227","Entrevistadores de pesquisas de mercado",0,90209.03540327,224,31241.58333156,79,31241.58333156,79,34.6324,100,11456139.3068385,0.2727
2022,4,"2022-T4","3339","Agentes de serviços comerciais não classificados anteriormente",0,142287.29849937,254,30912.9129799,59,30912.9129799,59,21.7257,100,11456139.3068385,0.2698
2022,4,"2022-T4","3511","Técnicos em operações de tecnologia da informação e das comunicações",0,210228.86699782,339,30843.59598467,46,30843.59598467,46,14.6714,100,11456139.3068385,0.2692
2022,4,"2022-T4","3412","Trabalhadores e assistentes sociais de nível médio",0,108396.30205132,245,30777.59662081,72,30777.59662081,72,28.3936,100,11456139.3068385,0.2687
2022,4,"2022-T4","8153","Operadores de máquinas de costura",0,807533.44887166,1610,29655.69367519,58,29655.69367519,58,3.6724,100,11456139.3068385,0.2589
2022,4,"2022-T4","9412","Ajudantes de cozinha",0,708311.90463559,1310,29181.97300675,53,29181.97300675,53,4.1199,100,11456139.3068385,0.2547
2022,4,"2022-T4","3521","Técnicos de radiodifusão e gravação audiovisual",0,86617.09287816,165,28094.86251065,59,28094.86251065,59,32.4357,100,11456139.3068385,0.2452
2022,4,"2022-T4","3432","Desenhistas e decoradores de interiores",0,48773.22313039,80,27492.60041007,43,27492.60041007,43,56.3682,100,11456139.3068385,0.24
2022,4,"2022-T4","4225","Trabalhadores dos serviços de informações",0,105005.56674608,207,27319.06020798,50,27319.06020798,50,26.0168,100,11456139.3068385,0.2385
2022,4,"2022-T4","3342","Secretários jurídicos",0,33918.90696679,53,26837.36759116,37,26837.36759116,37,79.1221,100,11456139.3068385,0.2343
2022,4,"2022-T4","5211","Vendedores de quiosques e postos de mercados",0,520746.69404261,1137,26568.71673553,41,26568.71673553,41,5.102,100,11456139.3068385,0.2319
2022,4,"2022-T4","9329","Trabalhadores elementares da indústria de transformação não classificados anteriormente",0,718452.28109709,1249,26308.78833182,42,26308.78833182,42,3.6619,100,11456139.3068385,0.2296
2022,4,"2022-T4","9334","Repositores de prateleiras",0,684421.81809561,1328,25717.81932681,49,25717.81932681,49,3.7576,100,11456139.3068385,0.2245
2022,4,"2022-T4","3116","Técnicos em química industrial",0,77453.19667162,106,25292.2344836,30,25292.2344836,30,32.6549,100,11456139.3068385,0.2208
2022,4,"2022-T4","7531","Alfaiates, modistas, chapeleiros e peleteiros",0,436841.24732614,1035,24273.22201455,57,24273.22201455,57,5.5565,100,11456139.3068385,0.2119
2022,4,"2022-T4","3422","Treinadores, instrutores e árbitros de atividades esportivas",0,41956.45053716,80,24166.64728716,37,24166.64728716,37,57.5994,100,11456139.3068385,0.2109
2022,4,"2022-T4","1311","Dirigentes de produção agropecuária e silvicultura",0,71336.83243834,243,23910.05754938,55,23910.05754938,55,33.5171,100,11456139.3068385,0.2087
2022,4,"2022-T4","1213","Dirigentes de políticas e planejamento",0,24619.11337334,42,23904.59862485,39,23904.59862485,39,97.0977,100,11456139.3068385,0.2087
2022,4,"2022-T4","7412","Mecânicos e ajustadores eletricistas",0,372445.39160381,692,23867.19432957,31,23867.19432957,31,6.4082,100,11456139.3068385,0.2083
2022,4,"2022-T4","4416","Trabalhadores do serviço de pessoal",0,58742.26937228,91,23397.71955157,33,23397.71955157,33,39.8311,100,11456139.3068385,0.2042
2022,4,"2022-T4","1431","Gerentes de centros esportivos,  de diversão e culturais",0,34273.62869016,50,23324.13551497,31,23324.13551497,31,68.0527,100,11456139.3068385,0.2036
2022,4,"2022-T4","7213","Chapistas e caldeireiros",0,456260.43460694,828,23230.10785254,34,23230.10785254,34,5.0914,100,11456139.3068385,0.2028
2022,4,"2022-T4","7522","Marceneiros e afins",0,338206.41280878,659,23188.8963175,37,23188.8963175,37,6.8564,100,11456139.3068385,0.2024
2022,4,"2022-T4","3312","Agentes de empréstimos e financiamento",0,45896.44190153,77,22534.24787909,39,22534.24787909,39,49.098,100,11456139.3068385,0.1967
2022,4,"2022-T4","2433","Profissionais de vendas técnicas e médicas (exclusive tic)",0,33140.22770238,45,22512.52874562,28,22512.52874562,28,67.9311,100,11456139.3068385,0.1965
2022,4,"2022-T4","4229","Trabalhadores de serviços de informação ao cliente não classificados anteriormente",0,101021.39062589,174,22039.56760633,34,22039.56760633,34,21.8167,100,11456139.3068385,0.1924
2022,4,"2022-T4","2654","Diretores de cinema, de teatro e afins",0,33676.90489932,52,21237.93269546,28,21237.93269546,28,63.0638,100,11456139.3068385,0.1854
2022,4,"2022-T4","6112","Agricultores e trabalhadores qualificados no cultivo de hortas, viveiros e jardins",0,695874.74296166,2005,20768.46204395,54,20768.46204395,54,2.9845,100,11456139.3068385,0.1813
2022,4,"2022-T4","3113","Eletrotécnicos",0,155606.10777325,297,20759.89172211,40,20759.89172211,40,13.3413,100,11456139.3068385,0.1812
2022,4,"2022-T4","2354","Outros professores de música",0,40892.59940186,80,20540.27109816,29,20540.27109816,29,50.2298,100,11456139.3068385,0.1793
2022,4,"2022-T4","2652","Músicos, cantores e compositores",0,122546.32391951,225,20109.48665069,40,20109.48665069,40,16.4097,100,11456139.3068385,0.1755
2022,4,"2022-T4","5164","Cuidadores de animais",0,135089.33152778,262,19825.8860439,35,19825.8860439,35,14.6761,100,11456139.3068385,0.1731
2022,4,"2022-T4","3434","Chefes de cozinha",0,40036.84334031,69,19702.61731448,30,19702.61731448,30,49.2112,100,11456139.3068385,0.172
2022,4,"2022-T4","9333","Carregadores",0,833057.43758853,1623,19372.26334439,36,19372.26334439,36,2.3254,100,11456139.3068385,0.1691
2022,4,"2022-T4","4221","Trabalhadores de agências de viagem",0,49530.636394,94,18900.75398403,39,18900.75398403,39,38.1597,100,11456139.3068385,0.165
2022,4,"2022-T4","5246","Balconistas dos serviços de alimentação",0,477462.43281738,855,18896.59574676,33,18896.59574676,33,3.9577,100,11456139.3068385,0.1649
2022,4,"2022-T4","3142","Técnicos agropecuários",0,45752.69925827,117,18595.48791111,46,18595.48791111,46,40.6435,100,11456139.3068385,0.1623
2022,4,"2022-T4","3512","Técnicos em assistência ao usuário de tecnologia da informação e das comunicações",0,69465.84997837,106,18244.70884093,25,18244.70884093,25,26.2643,100,11456139.3068385,0.1593
2022,4,"2022-T4","1439","Gerentes de serviços não classificados anteriormente",0,79121.319531,114,18125.69353292,32,18125.69353292,32,22.9087,100,11456139.3068385,0.1582
2022,4,"2022-T4","1341","Dirigentes de serviços de cuidados infantis",0,19215.92623475,33,18095.81025369,30,18095.81025369,30,94.1709,100,11456139.3068385,0.158
2022,4,"2022-T4","4214","Cobradores e afins",0,72005.8358551,122,17820.54148487,27,17820.54148487,27,24.7487,100,11456139.3068385,0.1556
2022,4,"2022-T4","5419","Trabalhadores dos serviços de proteção e segurança não classificados anteriormente",0,54591.18421682,102,17681.08580645,37,17681.08580645,37,32.3882,100,11456139.3068385,0.1543
2022,4,"2022-T4","8331","Condutores de ônibus e bondes",0,417594.19776823,846,17463.5408925,39,17463.5408925,39,4.1819,100,11456139.3068385,0.1524
2022,4,"2022-T4","2643","Tradutores, intérpretes e linguistas",0,24268.87772258,44,17187.57317445,29,17187.57317445,29,70.8215,100,11456139.3068385,0.15
2022,4,"2022-T4","1222","Dirigentes de publicidade e relações públicas",0,21423.46824101,24,17107.30287603,17,17107.30287603,17,79.8531,100,11456139.3068385,0.1493
2022,4,"2022-T4","5329","Trabalhadores de cuidados pessoais nos serviços de saúde não classificados anteriormente",0,54620.3103435,103,17093.83794415,27,17093.83794415,27,31.2958,100,11456139.3068385,0.1492
2022,4,"2022-T4","1411","Gerentes de hotéis",0,32860.42879823,81,16977.13751703,35,16977.13751703,35,51.6644,100,11456139.3068385,0.1482
2022,4,"2022-T4","7131","Pintores e empapeladores",0,709809.88443104,1289,16733.09199911,23,16733.09199911,23,2.3574,100,11456139.3068385,0.1461
2022,4,"2022-T4","2355","Outros professores de artes",0,40220.93998603,74,16579.60355105,33,16579.60355105,33,41.2213,100,11456139.3068385,0.1447
2022,4,"2022-T4","2656","Locutores de rádio, televisão e outros meios de comunicação",0,46130.0020857,89,15530.88684803,24,15530.88684803,24,33.6676,100,11456139.3068385,0.1356
2022,4,"2022-T4","8212","Montadores de equipamentos elétricos e eletrônicos",0,80858.61870795,124,15330.72499477,12,15330.72499477,12,18.9599,100,11456139.3068385,0.1338
2022,4,"2022-T4","3118","Desenhistas e projetistas técnicos",0,70826.9361556,118,15323.72981501,22,15323.72981501,22,21.6355,100,11456139.3068385,0.1338
2022,4,"2022-T4","8219","Montadores não classificados anteriormente",0,156724.03084796,299,15306.97146484,11,15306.97146484,11,9.7668,100,11456139.3068385,0.1336
2022,4,"2022-T4","1111","Legisladores",0,39443.24207785,108,15059.70491709,39,15059.70491709,39,38.1807,100,11456139.3068385,0.1315
2022,4,"2022-T4","9313","Trabalhadores elementares da construção de edifícios",0,1708472.16291961,3640,14941.03207912,31,14941.03207912,31,0.8745,100,11456139.3068385,0.1304
2022,4,"2022-T4","8344","Operadores de empilhadeiras",0,255671.72439371,425,14831.4993957,20,14831.4993957,20,5.801,100,11456139.3068385,0.1295
2022,4,"2022-T4","3522","Técnicos de engenharia de telecomunicações",0,55308.43693389,97,14807.97064179,21,14807.97064179,21,26.7734,100,11456139.3068385,0.1293
2022,4,"2022-T4","3353","Agentes de serviços de seguridade social",0,15975.89269267,34,14582.47490283,30,14582.47490283,30,91.278,100,11456139.3068385,0.1273
2022,4,"2022-T4","3344","Secretários de medicina",0,80954.45337482,132,13816.18727155,27,13816.18727155,27,17.0666,100,11456139.3068385,0.1206
2022,4,"2022-T4","7111","Construtores de casas",0,63413.93528811,116,13625.88873904,26,13625.88873904,26,21.4872,100,11456139.3068385,0.1189
2022,4,"2022-T4","3230","Profissionais de nível médio de medicina tradicional e alternativa",0,24155.89959186,44,13598.13656507,25,13598.13656507,25,56.2932,100,11456139.3068385,0.1187
2022,4,"2022-T4","5165","Instrutores de autoescola",0,56370.9653954,101,13246.61669488,25,13246.61669488,25,23.499,100,11456139.3068385,0.1156
2022,4,"2022-T4","4412","Trabalhadores de serviços de correios",0,53371.72717315,96,13038.70540264,33,13038.70540264,33,24.43,100,11456139.3068385,0.1138
2022,4,"2022-T4","2651","Artistas plásticos",0,35174.54050202,51,12648.52077807,15,12648.52077807,15,35.9593,100,11456139.3068385,0.1104
2022,4,"2022-T4","3251","Dentistas auxiliares e ajudantes de odontologia",0,98047.27381703,216,11886.15308653,31,11886.15308653,31,12.1229,100,11456139.3068385,0.1038
2022,4,"2022-T4","7319","Artesãos não classificados anteriormente",0,94673.37678619,137,11676.52193467,24,11676.52193467,24,12.3335,100,11456139.3068385,0.1019
2022,4,"2022-T4","5131","Garçons",0,472116.41266548,890,11642.8254332,26,11642.8254332,26,2.4661,100,11456139.3068385,0.1016
2022,4,"2022-T4","5321","Trabalhadores de cuidados pessoais em instituições",0,83715.77022099,140,11427.13364258,18,11427.13364258,18,13.6499,100,11456139.3068385,0.0997
2022,4,"2022-T4","4415","Trabalhadores de arquivos",0,51933.51335641,105,10996.06700623,15,10996.06700623,15,21.1734,100,11456139.3068385,0.096
2022,4,"2022-T4","3213","Técnicos e assistentes farmacêuticos",0,67404.52047925,110,10677.05406068,19,10677.05406068,19,15.8403,100,11456139.3068385,0.0932
2022,4,"2022-T4","5212","Vendedores ambulantes de serviços de alimentação",0,287699.1208582,682,10553.05970841,23,10553.05970841,23,3.6681,100,11456139.3068385,0.0921
2022,4,"2022-T4","7126","Bombeiros e encanadores",0,147251.7729423,282,10195.07924759,13,10195.07924759,13,6.9236,100,11456139.3068385,0.089
2022,4,"2022-T4","8160","Operadores de máquinas para elaborar alimentos e produtos afins",0,292942.23545119,745,9962.26320238,21,9962.26320238,21,3.4008,100,11456139.3068385,0.087
2022,4,"2022-T4","7511","Magarefes e afins",0,500588.48262112,1065,9886.44104236,19,9886.44104236,19,1.975,100,11456139.3068385,0.0863
2022,4,"2022-T4","7223","Reguladores e operadores de máquinas-ferramentas",0,264964.4197116,398,9731.24327881,19,9731.24327881,19,3.6727,100,11456139.3068385,0.0849
2022,4,"2022-T4","7515","Trabalhadores da degustação e classificação de alimentos e bebidas",0,28427.46669904,42,9472.42883416,8,9472.42883416,8,33.3214,100,11456139.3068385,0.0827
2022,4,"2022-T4","5111","Auxiliares de serviço de bordo",0,14554.81938757,23,9226.82421844,11,9226.82421844,11,63.3936,100,11456139.3068385,0.0805
2022,4,"2022-T4","7232","Mecânicos e reparadores de motores de avião",0,23396.87222126,32,9004.86319556,9,9004.86319556,9,38.4875,100,11456139.3068385,0.0786
2022,4,"2022-T4","4224","Recepcionistas de hotéis",0,70387.73021977,124,8840.70349556,18,8840.70349556,18,12.56,100,11456139.3068385,0.0772
2022,4,"2022-T4","7317","Artesãos de pedra, madeira, vime e materiais semelhantes",0,99083.21082341,263,8815.59163516,14,8815.59163516,14,8.8972,100,11456139.3068385,0.077
2022,4,"2022-T4","9211","Trabalhadores elementares da agricultura",0,1435669.74923,4671,8050.37709331,25,8050.37709331,25,0.5607,100,11456139.3068385,0.0703
2022,4,"2022-T4","4322","Trabalhadores de serviços de apoio à produção",0,55734.92734166,86,7967.50819095,8,7967.50819095,8,14.2954,100,11456139.3068385,0.0695
2022,4,"2022-T4","9520","Vendedores ambulantes (exclusive de serviços de alimentação)",0,283595.64970273,577,7967.23591389,13,7967.23591389,13,2.8094,100,11456139.3068385,0.0695
2022,4,"2022-T4","8211","Mecânicos montadores de maquinaria mecânica",0,112906.27928997,148,7965.76652811,9,7965.76652811,9,7.0552,100,11456139.3068385,0.0695
2022,4,"2022-T4","7413","Instaladores e reparadores de linhas elétricas",0,58117.53102272,120,7932.05025417,9,7932.05025417,9,13.6483,100,11456139.3068385,0.0692
2022,4,"2022-T4","7533","Costureiros, bordadeiros e afins",0,137205.693388,278,7895.05324266,22,7895.05324266,22,5.7542,100,11456139.3068385,0.0689
2022,4,"2022-T4","8342","Operadores de máquinas de movimentação de terras e afins",0,292168.95633218,645,7860.79428177,15,7860.79428177,15,2.6905,100,11456139.3068385,0.0686
2022,4,"2022-T4","3132","Operadores de incineradores, instalações de tratamento de água e afins",0,21333.48353899,49,7735.97624733,22,7735.97624733,22,36.2621,100,11456139.3068385,0.0675
2022,4,"2022-T4","3435","Outros profissionais de nível médio em atividades culturais e artísticas",0,29233.66808617,49,7692.72234435,10,7692.72234435,10,26.3146,100,11456139.3068385,0.0671
2022,4,"2022-T4","3359","Agentes da administração pública para aplicação da lei e afins não classificados anteriormente",0,17085.38042347,42,7429.8650087,21,7429.8650087,21,43.4867,100,11456139.3068385,0.0649
2022,4,"2022-T4","8341","Operadores de máquinas agrícolas e florestais móveis",0,379118.32786251,1037,7324.54083708,11,7324.54083708,11,1.932,100,11456139.3068385,0.0639
2022,4,"2022-T4","7313","Joalheiros e lapidadores de gemas, artesãos de metais preciosos e semipreciosos",0,47003.41582062,65,7201.38601593,9,7201.38601593,9,15.321,100,11456139.3068385,0.0629
2022,4,"2022-T4","5132","atendentes de bar",0,222824.42837678,477,7175.79550958,11,7175.79550958,11,3.2204,100,11456139.3068385,0.0626
2022,4,"2022-T4","3117","Técnicos em engenharia de minas e metalurgia",0,55787.29012804,75,7076.15034915,12,7076.15034915,12,12.6842,100,11456139.3068385,0.0618
2022,4,"2022-T4","3153","Pilotos de aviação e afins",0,12805.55168321,27,7006.79702473,17,7006.79702473,17,54.7169,100,11456139.3068385,0.0612
2022,4,"2022-T4","3255","Técnicos e assistentes fisioterapeutas",0,45875.48008507,97,6499.6707584,15,6499.6707584,15,14.1681,100,11456139.3068385,0.0567
2022,4,"2022-T4","7212","Soldadores e oxicortadores",0,319637.49885661,554,6439.94317924,14,6439.94317924,14,2.0148,100,11456139.3068385,0.0562
2022,4,"2022-T4","5245","Frentistas de posto de gasolina",0,308823.87206065,561,6282.38970628,15,6282.38970628,15,2.0343,100,11456139.3068385,0.0548
2022,4,"2022-T4","7536","Sapateiros e afins",0,160647.87561909,254,6198.24573507,8,6198.24573507,8,3.8583,100,11456139.3068385,0.0541
2022,4,"2022-T4","9611","Coletores de lixo e material reciclável",0,219991.60322541,519,6148.42497505,11,6148.42497505,11,2.7948,100,11456139.3068385,0.0537
2022,4,"2022-T4","7523","Operadores de máquinas de lavrar madeira",0,75433.93953453,142,6128.10216964,8,6128.10216964,8,8.1238,100,11456139.3068385,0.0535
2022,4,"2022-T4","3152","Capitães, oficiais de coberta e práticos",0,21534.84733031,46,5831.09350725,13,5831.09350725,13,27.0775,100,11456139.3068385,0.0509
2022,4,"2022-T4","3111","Técnicos em ciências físicas e químicas",0,19725.64798107,35,5827.89892533,9,5827.89892533,9,29.5448,100,11456139.3068385,0.0509
2022,4,"2022-T4","3151","Oficiais maquinistas em navegação",0,6572.07732822,5,5818.66104652,3,5818.66104652,3,88.5361,100,11456139.3068385,0.0508
2022,4,"2022-T4","7321","Trabalhadores da pré-impressão gráfica",0,35520.80107386,39,5722.53863222,6,5722.53863222,6,16.1104,100,11456139.3068385,0.05
2022,4,"2022-T4","8121","Operadores de instalações de processamento de metais",0,100397.52366236,147,5540.31933127,9,5540.31933127,9,5.5184,100,11456139.3068385,0.0484
2022,4,"2022-T4","3354","Agentes de serviços de expedição de licenças e permissões",0,9389.2206053,22,5489.37846721,15,5489.37846721,15,58.4647,100,11456139.3068385,0.0479
2022,4,"2022-T4","2356","Instrutores em tecnologias da informação",0,12590.27920892,21,5437.93251639,9,5437.93251639,9,43.1915,100,11456139.3068385,0.0475
2022,4,"2022-T4","1114","Dirigentes de organizações que apresentam um interesse especial",0,12425.90098053,36,5436.73747763,9,5436.73747763,9,43.7533,100,11456139.3068385,0.0475
2022,4,"2022-T4","3314","Profissionais de nível médio de serviços estatísticos, matemáticos e afins",0,72580.66806098,97,5424.39441045,8,5424.39441045,8,7.4736,100,11456139.3068385,0.0473
2022,4,"2022-T4","7322","Impressores",0,79242.75820595,121,5347.9867091,13,5347.9867091,13,6.7489,100,11456139.3068385,0.0467
2022,4,"2022-T4","5151","Supervisores de manutenção e limpeza de edifícios em escritórios, hotéis e estabelecimentos",0,22130.32409348,38,5058.03024269,8,5058.03024269,8,22.8557,100,11456139.3068385,0.0442
2022,4,"2022-T4","9122","Lavadores de veículos",0,305508.78584991,570,5007.31161323,6,5007.31161323,6,1.639,100,11456139.3068385,0.0437
2022,4,"2022-T4","9629","Outras ocupações elementares não classificadas anteriormente",0,225121.80460251,519,5004.0979764,9,5004.0979764,9,2.2228,100,11456139.3068385,0.0437
2022,4,"2022-T4","3214","Técnicos de próteses médicas e dentárias",0,51461.28895953,99,4946.99360247,8,4946.99360247,8,9.613,100,11456139.3068385,0.0432
2022,4,"2022-T4","4223","Telefonistas",0,43024.62978432,61,4821.48832197,10,4821.48832197,10,11.2063,100,11456139.3068385,0.0421
2022,4,"2022-T4","4212","Coletores de apostas e de jogos",0,80642.32975111,166,4791.45656926,11,4791.45656926,11,5.9416,100,11456139.3068385,0.0418
2022,4,"2022-T4","7311","Mecânicos e reparadores de instrumentos de precisão",0,23552.68090908,40,4710.60177936,3,4710.60177936,3,20.0003,100,11456139.3068385,0.0411
2022,4,"2022-T4","9321","empacotadores manuais",0,209280.11659211,396,4584.12061594,10,4584.12061594,10,2.1904,100,11456139.3068385,0.04
2022,4,"2022-T4","5161","Astrólogos, adivinhos e afins",0,7913.68202105,17,4581.98265439,9,4581.98265439,9,57.8995,100,11456139.3068385,0.04
2022,4,"2022-T4","5242","Demonstradores de lojas",0,86156.06204267,155,4417.85606132,10,4417.85606132,10,5.1277,100,11456139.3068385,0.0386
2022,4,"2022-T4","7119","Outros trabalhadores qualificados e operários da construção não classificados anteriormente",0,198254.02480947,498,4409.72124952,7,4409.72124952,7,2.2243,100,11456139.3068385,0.0385
2022,4,"2022-T4","3134","Operadores de instalações de refino de petróleo e gás natural",0,4913.85165086,6,4344.07696708,5,4344.07696708,5,88.4047,100,11456139.3068385,0.0379
2022,4,"2022-T4","3331","Despachantes aduaneiros",0,10129.95526421,20,4325.38567818,7,4325.38567818,7,42.699,100,11456139.3068385,0.0378
2022,4,"2022-T4","8131","Operadores de instalações e máquinas de produtos químicos",0,56286.42489099,75,4269.32131482,6,4269.32131482,6,7.585,100,11456139.3068385,0.0373
2022,4,"2022-T4","7115","Carpinteiros",0,167267.77850442,446,4023.93083166,13,4023.93083166,13,2.4057,100,11456139.3068385,0.0351
2022,4,"2022-T4","8182","Operadores de máquinas de vapor e caldeiras",0,38535.09836934,86,3896.9187872,5,3896.9187872,5,10.1126,100,11456139.3068385,0.034
2022,4,"2022-T4","8141","Operadores de máquinas para fabricar produtos de borracha",0,165864.56425446,309,3861.32357544,8,3861.32357544,8,2.328,100,11456139.3068385,0.0337
2022,4,"2022-T4","9411","Preparadores de comidas rápidas",0,124478.09073862,251,3828.12252616,10,3828.12252616,10,3.0753,100,11456139.3068385,0.0334
2022,4,"2022-T4","6210","Trabalhadores florestais qualificados e afins",0,95066.43978641,248,3665.64555575,4,3665.64555575,4,3.8559,100,11456139.3068385,0.032
2022,4,"2022-T4","4313","Trabalhadores encarregados de folha de pagamento",0,13866.0430012,23,3571.42636983,8,3571.42636983,8,25.7566,100,11456139.3068385,0.0312
2022,4,"2022-T4","9212","Trabalhadores elementares da pecuária",0,590972.5573238,2331,3536.78050468,19,3536.78050468,19,0.5985,100,11456139.3068385,0.0309
2022,4,"2022-T4","2655","Atores",0,11082.08353106,14,3527.19678202,5,3527.19678202,5,31.8279,100,11456139.3068385,0.0308
2022,4,"2022-T4","8311","Maquinistas de locomotivas",0,13021.73439593,25,3519.3895708,8,3519.3895708,8,27.027,100,11456139.3068385,0.0307
2022,4,"2022-T4","5113","Guias de turismo",0,20164.31217525,48,3425.21290247,11,3425.21290247,11,16.9865,100,11456139.3068385,0.0299
2022,4,"2022-T4","8142","Operadores de máquinas para fabricar produtos de material plástico",0,152568.87281006,201,3366.50229206,3,3366.50229206,3,2.2065,100,11456139.3068385,0.0294
2022,4,"2022-T4","7214","Montadores de estruturas metálicas",0,126068.86427451,236,3361.04452907,4,3361.04452907,4,2.666,100,11456139.3068385,0.0293
2022,4,"2022-T4","7314","Ceramistas e afins (preparação e fabricação)",0,94712.27917035,204,3306.23095689,10,3306.23095689,10,3.4908,100,11456139.3068385,0.0289
2022,4,"2022-T4","8343","Operadores de guindastes, gruas, aparatos de elevação e afins",0,84110.15773445,128,3306.0032943,4,3306.0032943,4,3.9306,100,11456139.3068385,0.0289
2022,4,"2022-T4","9121","Lavadeiros de roupas e passadeiros manuais",0,59763.42782268,122,3228.30525381,6,3228.30525381,6,5.4018,100,11456139.3068385,0.0282
2022,4,"2022-T4","3514","Técnicos da web",0,22585.99258325,40,3203.7103517,6,3203.7103517,6,14.1845,100,11456139.3068385,0.028
2022,4,"2022-T4","3333","Agentes de emprego e agenciadores de mão de obra",0,7680.79950577,14,3060.52989347,6,3060.52989347,6,39.8465,100,11456139.3068385,0.0267
2022,4,"2022-T4","7127","Mecânicos-instaladores de sistemas de refrigeração e climatização",0,71436.82253723,125,3000.52691711,2,3000.52691711,2,4.2003,100,11456139.3068385,0.0262
2022,4,"2022-T4","8181","Operadores de instalações de vidraria e cerâmica",0,57327.60706088,99,2973.06726875,1,2973.06726875,1,5.1861,100,11456139.3068385,0.026
2022,4,"2022-T4","3258","Ajudantes de ambulâncias",0,14890.94911299,40,2943.00710684,7,2943.00710684,7,19.7637,100,11456139.3068385,0.0257
2022,4,"2022-T4","6122","Avicultores e trabalhadores qualificados da avicultura",0,117311.95681756,468,2935.58285717,13,2935.58285717,13,2.5024,100,11456139.3068385,0.0256
2022,4,"2022-T4","7532","Trabalhadores qualificados da preparação da confecção de roupas",0,35791.4506392,60,2923.41556882,4,2923.41556882,4,8.1679,100,11456139.3068385,0.0255
2022,4,"2022-T4","3141","Técnicos e profissionais de nível médio em ciências biológicas (exclusive da medicina)",0,22706.36286372,40,2866.51106696,8,2866.51106696,8,12.6243,100,11456139.3068385,0.025
2022,4,"2022-T4","4132","Operadores de entrada de dados",0,36710.2615696,72,2858.21200313,10,2858.21200313,10,7.7859,100,11456139.3068385,0.0249
2022,4,"2022-T4","5112","Fiscais e cobradores de transportes públicos",0,74387.27917125,130,2804.02482434,7,2804.02482434,7,3.7695,100,11456139.3068385,0.0245
2022,4,"2022-T4","2434","Profissionais de vendas de tecnologia da informação e comunicações",0,8097.35738149,17,2783.77260644,4,2783.77260644,4,34.3788,100,11456139.3068385,0.0243
2022,4,"2022-T4","3131","Operadores de instalações de produção de energia",0,8737.36353773,18,2774.1448009,5,2774.1448009,5,31.7504,100,11456139.3068385,0.0242
2022,4,"2022-T4","7132","Lustradores",0,168862.28601996,327,2569.66917028,7,2569.66917028,7,1.5218,100,11456139.3068385,0.0224
2022,4,"2022-T4","8183","Operadores de máquinas de embalagem, engarrafamento e etiquetagem",0,92396.52893206,153,2515.3043372,5,2515.3043372,5,2.7223,100,11456139.3068385,0.022
2022,4,"2022-T4","9612","Classificadores de resíduos",0,319456.78704061,637,2484.39043428,5,2484.39043428,5,0.7777,100,11456139.3068385,0.0217
2022,4,"2022-T4","3256","assistentes de medicina",0,40065.66464858,74,2483.20035362,7,2483.20035362,7,6.1978,100,11456139.3068385,0.0217
2022,4,"2022-T4","9623","Coletores de dinheiro em máquinas automáticas de venda e leitores de medidores",0,20874.81411045,54,2476.87670819,4,2476.87670819,4,11.8654,100,11456139.3068385,0.0216
2022,4,"2022-T4","4411","Trabalhadores de bibliotecas",0,11757.57597061,27,2436.92205162,10,2436.92205162,10,20.7264,100,11456139.3068385,0.0213
2022,4,"2022-T4","3121","Supervisores da mineração",0,8030.37376979,17,2397.21191505,6,2397.21191505,6,29.8518,100,11456139.3068385,0.0209
2022,4,"2022-T4","8143","Operadores de máquinas para fabricar produtos de papel",0,42320.69768771,73,2336.11438362,2,2336.11438362,2,5.52,100,11456139.3068385,0.0204
2022,4,"2022-T4","6221","Trabalhadores da aquicultura",0,12365.31285073,42,2261.95224146,6,2261.95224146,6,18.2927,100,11456139.3068385,0.0197
2022,4,"2022-T4","3259","Profissionais de nível médio da saúde não classificados anteriormente",0,37331.45486923,73,2230.30377193,7,2230.30377193,7,5.9743,100,11456139.3068385,0.0195
2022,4,"2022-T4","7514","Trabalhadores da conservação de frutas, legumes e similares",0,49850.78910773,124,2217.3015547,4,2217.3015547,4,4.4479,100,11456139.3068385,0.0194
2022,4,"2022-T4","3315","Avaliadores",0,3897.37129755,6,2009.25029753,4,2009.25029753,4,51.554,100,11456139.3068385,0.0175
2022,4,"2022-T4","7122","Aplicadores de revestimentos cerâmicos, pastilhas, pedras e madeiras",0,87581.99335301,163,2005.19171979,3,2005.19171979,3,2.2895,100,11456139.3068385,0.0175
2022,4,"2022-T4","8113","Perfuradores e sondadores de poços e afins",0,30633.33741913,61,1997.95295153,3,1997.95295153,3,6.5222,100,11456139.3068385,0.0174
2022,4,"2022-T4","8350","Marinheiros de coberta e afins",0,40371.10280916,117,1872.6489212,5,1872.6489212,5,4.6386,100,11456139.3068385,0.0163
2022,4,"2022-T4","8122","Operadores de máquinas polidoras, galvanizadoras e recobridoras de metais",0,61190.92363374,78,1828.5362089,2,1828.5362089,2,2.9882,100,11456139.3068385,0.016
2022,4,"2022-T4","3143","Técnicos florestais",0,3380.97757337,7,1788.52625908,2,1788.52625908,2,52.8997,100,11456139.3068385,0.0156
2022,4,"2022-T4","7513","Trabalhadores da pasteurização do leite e fabricação de laticínios e afins",0,100000.3300454,346,1726.46411507,12,1726.46411507,12,1.7265,100,11456139.3068385,0.0151
2022,4,"2022-T4","7123","Gesseiros",0,114948.43453311,222,1724.89516797,3,1724.89516797,3,1.5006,100,11456139.3068385,0.0151
2022,4,"2022-T4","9331","Condutores de veículos acionados a pedal ou a braços",0,37953.25117218,66,1689.02002193,1,1689.02002193,1,4.4503,100,11456139.3068385,0.0147
2022,4,"2022-T4","4419","Trabalhadores de apoio administrativo não classificados anteriormente",0,21048.98087839,45,1680.22605647,6,1680.22605647,6,7.9825,100,11456139.3068385,0.0147
2022,4,"2022-T4","3240","Técnicos e assistentes veterinários",0,15091.68851234,32,1652.93692708,3,1652.93692708,3,10.9526,100,11456139.3068385,0.0144
2022,4,"2022-T4","7222","Ferramenteiros e afins",0,64688.17787208,104,1643.13749778,5,1643.13749778,5,2.5401,100,11456139.3068385,0.0143
2022,4,"2022-T4","5241","Modelos de moda, arte e publicidade",0,10194.70453981,11,1492.88585114,2,1492.88585114,2,14.6437,100,11456139.3068385,0.013
2022,4,"2022-T4","9510","Trabalhadores ambulantes dos serviços e afins",0,47368.75134617,99,1487.59936106,1,1487.59936106,1,3.1405,100,11456139.3068385,0.013
2022,4,"2022-T4","7544","Fumigadores e outros controladores de pragas e ervas daninhas",0,47206.51625107,94,1461.81514002,4,1461.81514002,4,3.0966,100,11456139.3068385,0.0128
2022,4,"2022-T4","8172","Operadores de instalações para processamento de madeira",0,101276.24438959,224,1429.92587424,3,1429.92587424,3,1.4119,100,11456139.3068385,0.0125
2022,4,"2022-T4","8132","Operadores de máquinas para fabricar produtos fotográficos",0,6271.04746959,4,1425.35600847,1,1425.35600847,1,22.7292,100,11456139.3068385,0.0124
2022,4,"2022-T4","2653","Bailarinos e coreógrafos",0,2796.60101253,6,1408.61877211,2,1408.61877211,2,50.369,100,11456139.3068385,0.0123
2022,4,"2022-T4","3154","Controladores de tráfego aéreo",0,1406.87337898,3,1406.87337898,3,1406.87337898,3,100,100,11456139.3068385,0.0123
2022,4,"2022-T4","3155","Técnicos em segurança aeronáutica",0,2730.75709174,4,1319.53793393,1,1319.53793393,1,48.3213,100,11456139.3068385,0.0115
2022,4,"2022-T4","3324","Corretores de comercialização",0,7357.53251441,19,1317.49593987,3,1317.49593987,3,17.9068,100,11456139.3068385,0.0115
2022,4,"2022-T4","7121","Telhadores",0,30862.61554202,54,1295.15884218,3,1295.15884218,3,4.1965,100,11456139.3068385,0.0113
2022,4,"2022-T4","5411","Bombeiros",0,30220.76504472,61,1220.69468096,3,1220.69468096,3,4.0393,100,11456139.3068385,0.0107
2022,4,"2022-T4","1343","Dirigentes de serviços de cuidado a pessoas idosas",0,4105.00085541,7,1151.63103516,5,1151.63103516,5,28.0543,100,11456139.3068385,0.0101
2022,4,"2022-T4","7125","Vidraceiros",0,70163.13973606,136,1049.8650779,2,1049.8650779,2,1.4963,100,11456139.3068385,0.0092
2022,4,"2022-T4","9621","Mensageiros, carregadores de bagagens e entregadores de encomendas",0,76224.075296,150,1006.34969628,2,1006.34969628,2,1.3203,100,11456139.3068385,0.0088
2022,4,"2022-T4","8171","Operadores de instalações para a preparação de pasta de papel e papel",0,21878.47473482,37,943.44035698,1,943.44035698,1,4.3122,100,11456139.3068385,0.0082
2022,4,"2022-T4","3222","Profissionais de nível médio de partos",0,2108.44596166,5,931.16866729,1,931.16866729,1,44.1637,100,11456139.3068385,0.0081
2022,4,"2022-T4","4414","Outros escreventes",0,3885.96220737,6,871.32615164,1,871.32615164,1,22.4224,100,11456139.3068385,0.0076
2022,4,"2022-T4","3252","Técnicos em documentação sanitária",0,1862.17204928,4,865.94314164,1,865.94314164,1,46.5018,100,11456139.3068385,0.0076
2022,4,"2022-T4","9214","Trabalhadores elementares da jardinagem e horticultura",0,87133.16567048,189,855.80626242,2,855.80626242,2,0.9822,100,11456139.3068385,0.0075
2022,4,"2022-T4","4131","Operadores de máquinas de processamento de texto e mecanógrafos",0,1355.95726159,7,855.40850625,4,855.40850625,4,63.0852,100,11456139.3068385,0.0075
2022,4,"2022-T4","8154","Operadores de máquinas de branqueamento, tingimento e limpeza de tecidos",0,50200.73512571,87,828.07110619,2,828.07110619,2,1.6495,100,11456139.3068385,0.0072
2022,4,"2022-T4","7113","Canteiros, cortadores e gravadores de pedras",0,70257.25814954,142,826.27803356,2,826.27803356,2,1.1761,100,11456139.3068385,0.0072
2022,4,"2022-T4","5169","Trabalhadores de serviços pessoais não classificados anteriormente",0,8823.32238511,20,782.02733961,2,782.02733961,2,8.8632,100,11456139.3068385,0.0068
2022,4,"2022-T4","2659","Artistas criativos e interpretativos não classificados anteriormente",0,2662.55179292,5,770.99376409,1,770.99376409,1,28.9569,100,11456139.3068385,0.0067
2022,4,"2022-T4","7421","Mecânicos e reparadores em eletrônica",0,74040.63493535,131,759.01733452,2,759.01733452,2,1.0251,100,11456139.3068385,0.0066
2022,4,"2022-T4","7316","Redatores de cartazes, pintores decorativos e gravadores",0,8365.15207522,19,738.14205585,2,738.14205585,2,8.824,100,11456139.3068385,0.0064
2022,4,"2022-T4","7234","Reparadores de bicicletas e afins",0,48624.45508965,104,736.83506768,1,736.83506768,1,1.5154,100,11456139.3068385,0.0064
2022,4,"2022-T4","7312","Confeccionadores e afinadores de instrumentos musicais",0,2927.11073485,5,727.84271517,1,727.84271517,1,24.8656,100,11456139.3068385,0.0064
2022,4,"2022-T4","6114","Agricultores e trabalhadores qualificados de cultivos mistos",0,23953.35121077,82,650.13894344,2,650.13894344,2,2.7142,100,11456139.3068385,0.0057
2022,4,"2022-T4","7315","Cortadores, polidores, jateadores e gravadores de vidros e afins",0,14113.79732026,18,617.23441593,1,617.23441593,1,4.3733,100,11456139.3068385,0.0054
2022,4,"2022-T4","6123","Apicultores, sericicultores e trabalhadores qualificados da apicultura e sericicultura",0,17360.21264894,71,614.17818722,2,614.17818722,2,3.5378,100,11456139.3068385,0.0054
2022,4,"2022-T4","3433","Técnicos em galerias de arte, museus e bibliotecas",0,3978.55703057,8,606.77428969,2,606.77428969,2,15.2511,100,11456139.3068385,0.0053
2022,4,"2022-T4","3421","Atletas e esportistas",0,22652.7215587,51,545.66779768,2,545.66779768,2,2.4088,100,11456139.3068385,0.0048
2022,4,"2022-T4","3254","Técnicos em optometria e ópticos",0,6364.95175929,5,451.01953781,1,451.01953781,1,7.086,100,11456139.3068385,0.0039
2022,4,"2022-T4","5152","Governantas e mordomos domésticos",0,18611.67887345,37,446.02336183,4,446.02336183,4,2.3965,100,11456139.3068385,0.0039
2022,4,"2022-T4","8152","Operadores de teares e outras máquinas de tecelagem",0,39980.67949434,85,444.07200289,1,444.07200289,1,1.1107,100,11456139.3068385,0.0039
2022,4,"2022-T4","7211","Moldadores de metal e macheiros",0,29930.10305386,34,426.26354149,1,426.26354149,1,1.4242,100,11456139.3068385,0.0037
2022,4,"2022-T4","5163","Trabalhadores de funerárias e embalsamadores",0,19815.20750035,43,419.92315356,1,419.92315356,1,2.1192,100,11456139.3068385,0.0037
2022,4,"2022-T4","9215","Trabalhadores florestais elementares",0,209280.87463336,721,376.02302771,2,376.02302771,2,0.1797,100,11456139.3068385,0.0033
2022,4,"2022-T4","9213","Trabalhadores elementares da agropecuária",0,25886.64394863,94,357.79170858,2,357.79170858,2,1.3821,100,11456139.3068385,0.0031
2022,4,"2022-T4","9129","Outros trabalhadores de limpeza",0,15786.96741141,39,349.63198612,2,349.63198612,2,2.2147,100,11456139.3068385,0.0031
2022,4,"2022-T4","9311","Trabalhadores elementares de minas e pedreiras",0,33545.86279441,111,333.75111317,2,333.75111317,2,0.9949,100,11456139.3068385,0.0029
2022,4,"2022-T4","8151","Operadores de máquinas de preparação de fibras, fiação e bobinamento de fios",0,22467.74384851,35,325.50061786,1,325.50061786,1,1.4487,100,11456139.3068385,0.0028
2022,4,"2022-T4","8189","Operadores de máquinas e de instalações fixas não classificados anteriormente",0,27359.4134017,66,306.18822311,2,306.18822311,2,1.1191,100,11456139.3068385,0.0027
2022,4,"2022-T4","3139","Técnicos em controle de processos não classificados anteriormente",0,9178.00561431,11,302.21241135,1,302.21241135,1,3.2928,100,11456139.3068385,0.0026
2022,4,"2022-T4","7224","Polidores de metais e afiadores de ferramentas",0,21839.6836758,40,291.85165616,1,291.85165616,1,1.3363,100,11456139.3068385,0.0025
2022,4,"2022-T4","7534","Tapeceiros, colchoeiros e afins",0,77418.58448475,174,288.5530309,2,288.5530309,2,0.3727,100,11456139.3068385,0.0025
2022,4,"2022-T4","7323","Encadernadores e afins",0,13434.72881975,18,272.82710194,1,272.82710194,1,2.0308,100,11456139.3068385,0.0024
2022,4,"2022-T4","3413","Auxiliares leigos de religião",0,1630.51396307,6,258.6751735,1,258.6751735,1,15.8646,100,11456139.3068385,0.0023
2022,4,"2022-T4","8112","Operadores de instalações de processamento de minerais e rochas",0,11768.3601929,23,249.36301899,1,249.36301899,1,2.1189,100,11456139.3068385,0.0022
2022,4,"2022-T4","6130","Produtores e trabalhadores qualificados de exploração agropecuária mista",0,8282.85529533,34,226.20526525,1,226.20526525,1,2.731,100,11456139.3068385,0.002
2022,4,"2022-T4","8157","Operadores de máquinas de lavar, tingir e passar roupas",0,10968.06582051,27,214.38069817,1,214.38069817,1,1.9546,100,11456139.3068385,0.0019
2022,4,"2022-T4","7215","Aparelhadores e emendadores de cabos",0,1749.72100673,4,200.5773123,1,200.5773123,1,11.4634,100,11456139.3068385,0.0018
2022,4,"2022-T4","3135","Controladores de processos de produção de metais",0,12738.9908655,16,196.17686104,1,196.17686104,1,1.54,100,11456139.3068385,0.0017
2022,4,"2022-T4","8156","Operadores de máquinas para fabricação de calçados e afins",0,123372.69355943,153,139.33567572,1,139.33567572,1,0.1129,100,11456139.3068385,0.0012
2022,4,"2022-T4","9312","Trabalhadores elementares de obras públicas e da manutenção de estradas, represas e similares",0,33552.94763712,76,119.52260031,1,119.52260031,1,0.3562,100,11456139.3068385,0.001
2022,4,"2022-T4","0110","Oficiais das forças armadas",1,60516.7650615,131,54054.21182619,115,0,0,0,0,11456139.3068385,0
2022,4,"2022-T4","0411","Oficiais de polícia militar",1,41409.1681268,85,37723.65201247,71,0,0,0,0,11456139.3068385,0
2022,4,"2022-T4","0511","Oficiais de bombeiro militar",1,12279.98123675,29,9841.14952857,23,0,0,0,0,11456139.3068385,0
2022,4,"2022-T4","1223","Dirigentes de pesquisa e desenvolvimento",1,23196.96913457,30,22089.62034032,27,0,0,0,0,11456139.3068385,0
2022,4,"2022-T4","1312","Dirigentes de produção da aquicultura e pesca",0,954.28933253,3,0,0,0,0,0,NA,11456139.3068385,0
2022,4,"2022-T4","1322","Dirigentes de explorações de mineração",0,1779.9804458,6,0,0,0,0,0,NA,11456139.3068385,0
2022,4,"2022-T4","1330","Dirigentes de serviços de tecnologia da informação e comunicações",1,97966.68149246,157,80525.0228476,127,0,0,0,0,11456139.3068385,0
2022,4,"2022-T4","1342","Dirigentes de serviços de saúde",1,47113.47089602,111,36056.96220744,86,0,0,0,0,11456139.3068385,0
2022,4,"2022-T4","1344","Dirigentes de serviços de bem-estar social",1,167.02230974,1,0,0,0,0,0,NA,11456139.3068385,0
2022,4,"2022-T4","1345","Dirigentes de serviços de educação",1,141878.57966985,313,124621.13525199,272,0,0,0,0,11456139.3068385,0
2022,4,"2022-T4","1349","Dirigentes e gerentes de serviços profissionais não classificados anteriormente",1,36167.90368781,72,22732.61948715,49,0,0,0,0,11456139.3068385,0
2022,4,"2022-T4","2111","Físicos e astrônomos",1,1603.34221251,3,1603.34221251,3,0,0,0,0,11456139.3068385,0
2022,4,"2022-T4","2112","Meteorologistas",1,1075.99567481,2,1075.99567481,2,0,0,0,0,11456139.3068385,0
2022,4,"2022-T4","2113","Químicos",1,12679.25769597,18,12679.25769597,18,0,0,0,0,11456139.3068385,0
2022,4,"2022-T4","2114","Geólogos e geofísicos",1,12544.91907559,23,12544.91907559,23,0,0,0,0,11456139.3068385,0
2022,4,"2022-T4","2120","Matemáticos, atuários e estatísticos",1,6033.26732489,11,6033.26732489,11,0,0,0,0,11456139.3068385,0
2022,4,"2022-T4","2131","Biólogos, botânicos, zoólogos e afins",1,76664.29030315,129,76664.29030315,129,0,0,0,0,11456139.3068385,0
2022,4,"2022-T4","2132","Agrônomos e afins",1,55093.53820135,114,55093.53820135,114,0,0,0,0,11456139.3068385,0
2022,4,"2022-T4","2133","Profissionais da proteção do meio ambiente",1,32478.56897684,58,27408.43927297,51,0,0,0,0,11456139.3068385,0
2022,4,"2022-T4","2141","Engenheiros industriais e de produção",1,45326.44208977,62,45326.44208977,62,0,0,0,0,11456139.3068385,0
2022,4,"2022-T4","2142","Engenheiros civis",1,293258.33988534,484,293258.33988534,484,0,0,0,0,11456139.3068385,0
2022,4,"2022-T4","2143","Engenheiros de meio ambiente",1,16214.27424833,33,16214.27424833,33,0,0,0,0,11456139.3068385,0
2022,4,"2022-T4","2144","Engenheiros mecânicos",1,77561.15426074,136,77561.15426074,136,0,0,0,0,11456139.3068385,0
2022,4,"2022-T4","2145","Engenheiros químicos",1,34804.70976772,51,34804.70976772,51,0,0,0,0,11456139.3068385,0
2022,4,"2022-T4","2146","Engenheiros de minas, metalúrgicos e afins",1,9481.22862416,12,9481.22862416,12,0,0,0,0,11456139.3068385,0
2022,4,"2022-T4","2149","Engenheiros não classificados anteriormente",1,42009.71247359,72,42009.71247359,72,0,0,0,0,11456139.3068385,0
2022,4,"2022-T4","2151","Engenheiros eletricistas",1,88073.4885484,145,88073.4885484,145,0,0,0,0,11456139.3068385,0
2022,4,"2022-T4","2152","Engenheiros eletrônicos",1,29568.49315487,23,29568.49315487,23,0,0,0,0,11456139.3068385,0
2022,4,"2022-T4","2153","Engenheiros em telecomunicações",1,9860.15743975,14,9860.15743975,14,0,0,0,0,11456139.3068385,0
2022,4,"2022-T4","2161","Arquitetos de edificações",1,191637.13540137,306,191637.13540137,306,0,0,0,0,11456139.3068385,0
2022,4,"2022-T4","2162","Arquitetos paisagistas",1,703.26306825,2,703.26306825,2,0,0,0,0,11456139.3068385,0
2022,4,"2022-T4","2163","Desenhistas de produtos e  vestuário",1,20621.63243396,35,20621.63243396,35,0,0,0,0,11456139.3068385,0
2022,4,"2022-T4","2164","Urbanistas e engenheiros de trânsito",1,4548.19783252,12,4548.19783252,12,0,0,0,0,11456139.3068385,0
2022,4,"2022-T4","2165","Cartógrafos e agrimensores",1,6788.32048581,8,6788.32048581,8,0,0,0,0,11456139.3068385,0
2022,4,"2022-T4","2211","Médicos gerais",1,176811.35175555,317,176811.35175555,317,0,0,0,0,11456139.3068385,0
2022,4,"2022-T4","2212","Médicos especialistas",1,297029.49974077,499,297029.49974077,499,0,0,0,0,11456139.3068385,0
2022,4,"2022-T4","2221","Profissionais de enfermagem",1,461035.34152516,899,461035.34152516,899,0,0,0,0,11456139.3068385,0
2022,4,"2022-T4","2230","Profissionais da medicina tradicional e alternativa",1,2341.34433665,3,2341.34433665,3,0,0,0,0,11456139.3068385,0
2022,4,"2022-T4","2240","Paramédicos",1,294.33500745,1,294.33500745,1,0,0,0,0,11456139.3068385,0
2022,4,"2022-T4","2250","Veterinários",1,110572.87137844,206,110572.87137844,206,0,0,0,0,11456139.3068385,0
2022,4,"2022-T4","2261","Dentistas",1,313057.4655562,518,313057.4655562,518,0,0,0,0,11456139.3068385,0
2022,4,"2022-T4","2262","Farmacêuticos",1,191891.1950274,334,191891.1950274,334,0,0,0,0,11456139.3068385,0
2022,4,"2022-T4","2263","Profissionais da saúde e da higiene laboral e ambiental",1,3534.71003999,6,3534.71003999,6,0,0,0,0,11456139.3068385,0
2022,4,"2022-T4","2264","Fisioterapeutas",1,261206.96860174,477,261206.96860174,477,0,0,0,0,11456139.3068385,0
2022,4,"2022-T4","2265","Dietistas e nutricionistas",1,100030.79476204,219,100030.79476204,219,0,0,0,0,11456139.3068385,0
2022,4,"2022-T4","2266","Fonoaudiólogos e logopedistas",1,31450.32513075,65,31450.32513075,65,0,0,0,0,11456139.3068385,0
2022,4,"2022-T4","2267","Optometristas",1,2109.80676326,5,2109.80676326,5,0,0,0,0,11456139.3068385,0
2022,4,"2022-T4","2269","Profissionais da saúde não classificados anteriormente",1,60559.95458371,90,30382.04204931,51,0,0,0,0,11456139.3068385,0
2022,4,"2022-T4","2310","Professores de universidades e do ensino superior",1,296155.38419985,606,296155.38419985,606,0,0,0,0,11456139.3068385,0
2022,4,"2022-T4","2320","Professores de formação profissional",1,97222.83746261,173,61138.15034877,109,0,0,0,0,11456139.3068385,0
2022,4,"2022-T4","2330","Professores do ensino médio",1,662925.49742097,1488,637342.88166091,1424,0,0,0,0,11456139.3068385,0
2022,4,"2022-T4","2341","Professores do ensino fundamental",1,1516757.71382698,3530,1389830.39754527,3174,0,0,0,0,11456139.3068385,0
2022,4,"2022-T4","2342","Professores do ensino pré-escolar",1,742391.53222975,1556,605126.36111318,1260,0,0,0,0,11456139.3068385,0
2022,4,"2022-T4","2351","Especialistas em métodos pedagógicos",1,304352.96822102,643,283176.74133767,597,0,0,0,0,11456139.3068385,0
2022,4,"2022-T4","2352","Educadores para necessidades especiais",1,33839.78242534,70,28337.89081995,56,0,0,0,0,11456139.3068385,0
2022,4,"2022-T4","2359","Profissionais de ensino não classificados anteriormente",1,218641.92403517,462,103606.34694559,211,0,0,0,0,11456139.3068385,0
2022,4,"2022-T4","2411","Contadores",1,497139.78981426,944,497139.78981426,944,0,0,0,0,11456139.3068385,0
2022,4,"2022-T4","2412","Assessores financeiros e em investimentos",1,26479.09325855,29,26479.09325855,29,0,0,0,0,11456139.3068385,0
2022,4,"2022-T4","2413","Analistas financeiros",1,170727.47511495,229,170727.47511495,229,0,0,0,0,11456139.3068385,0
2022,4,"2022-T4","2421","Analistas de gestão e administração",1,391384.94852487,619,391384.94852487,619,0,0,0,0,11456139.3068385,0
2022,4,"2022-T4","2422","Especialistas em políticas de administração",1,6612.91244682,15,6612.91244682,15,0,0,0,0,11456139.3068385,0
2022,4,"2022-T4","2423","Especialistas em políticas e serviços de pessoal e afins",1,219546.50045326,307,162737.78856073,235,0,0,0,0,11456139.3068385,0
2022,4,"2022-T4","2424","Especialistas em formação de pessoal",1,28602.8556398,37,18440.1709073,22,0,0,0,0,11456139.3068385,0
2022,4,"2022-T4","2432","Profissionais de relações públicas",1,28854.91682319,51,21358.65331618,35,0,0,0,0,11456139.3068385,0
2022,4,"2022-T4","2511","Analistas de sistemas",1,376684.53908603,510,376684.53908603,510,0,0,0,0,11456139.3068385,0
2022,4,"2022-T4","2512","Desenvolvedores de programas e aplicativos (software)",1,161317.73914517,230,161317.73914517,230,0,0,0,0,11456139.3068385,0
2022,4,"2022-T4","2513","Desenvolvedores de páginas de internet (web) e multimídia",1,13107.36193636,21,13107.36193636,21,0,0,0,0,11456139.3068385,0
2022,4,"2022-T4","2514","Programadores de aplicações",1,38323.80613907,68,38323.80613907,68,0,0,0,0,11456139.3068385,0
2022,4,"2022-T4","2519","Desenvolvedores e analistas de programas e aplicativos (software) e multimídia não classificados anteriormente",1,11120.46934733,21,11120.46934733,21,0,0,0,0,11456139.3068385,0
2022,4,"2022-T4","2521","Desenhistas e administradores de bases de dados",1,28225.14821681,30,28225.14821681,30,0,0,0,0,11456139.3068385,0
2022,4,"2022-T4","2522","Administradores de sistemas",1,38650.00310441,42,38650.00310441,42,0,0,0,0,11456139.3068385,0
2022,4,"2022-T4","2523","Profissionais em rede de computadores",1,9000.20389324,12,9000.20389324,12,0,0,0,0,11456139.3068385,0
2022,4,"2022-T4","2529","Especialistas em base de dados e em redes de computadores não classificados anteriormente",1,15588.31845805,21,15588.31845805,21,0,0,0,0,11456139.3068385,0
2022,4,"2022-T4","2611","Advogados e juristas",1,912966.40823469,1677,912966.40823469,1677,0,0,0,0,11456139.3068385,0
2022,4,"2022-T4","2612","Juízes",1,271.26257741,1,271.26257741,1,0,0,0,0,11456139.3068385,0
2022,4,"2022-T4","2619","Profissionais em direito não classificados anteriormente",1,126995.96214606,287,116411.40393494,265,0,0,0,0,11456139.3068385,0
2022,4,"2022-T4","2621","Arquivologistas e curadores de museus",1,756.56014841,2,756.56014841,2,0,0,0,0,11456139.3068385,0
2022,4,"2022-T4","2622","Bibliotecários, documentaristas e afins",1,25387.92751583,64,16964.53125269,42,0,0,0,0,11456139.3068385,0
2022,4,"2022-T4","2631","Economistas",1,21978.93335683,40,21978.93335683,40,0,0,0,0,11456139.3068385,0
2022,4,"2022-T4","2632","Sociólogos, antropólogos e afins",1,8619.77912088,15,8619.77912088,15,0,0,0,0,11456139.3068385,0
2022,4,"2022-T4","2633","Filósofos, historiadores e especialistas em ciência política",1,4132.64511211,9,4132.64511211,9,0,0,0,0,11456139.3068385,0
2022,4,"2022-T4","2634","Psicólogos",1,340395.86106586,599,340395.86106586,599,0,0,0,0,11456139.3068385,0
2022,4,"2022-T4","2635","Assistentes sociais",1,141423.65137354,307,141423.65137354,307,0,0,0,0,11456139.3068385,0
2022,4,"2022-T4","2642","Jornalistas",1,204066.53808596,325,131564.99263663,206,0,0,0,0,11456139.3068385,0
2022,4,"2022-T4","3133","Controladores de instalações de processamento de produtos químicos",0,3136.53596905,3,0,0,0,0,0,NA,11456139.3068385,0
2022,4,"2022-T4","3351","Agentes aduaneiros e inspetores de fronteiras",0,414.48192597,1,0,0,0,0,0,NA,11456139.3068385,0
2022,4,"2022-T4","4413","Codificadores de dados, revisores de provas de impressão e afins",0,681.8309443,2,0,0,0,0,0,NA,11456139.3068385,0
2022,4,"2022-T4","5162","Acompanhantes e criados particulares",0,2200.93125638,3,0,0,0,0,0,NA,11456139.3068385,0
2022,4,"2022-T4","5168","Trabalhadores do sexo",0,4902.69339694,9,0,0,0,0,0,NA,11456139.3068385,0
2022,4,"2022-T4","6129","Outros criadores e trabalhadores qualificados da pecuária não classificados anteriormente",0,74.91134658,1,0,0,0,0,0,NA,11456139.3068385,0
2022,4,"2022-T4","6225","Pescadores",0,309893.04573792,1222,0,0,0,0,0,NA,11456139.3068385,0
2022,4,"2022-T4","7114","Trabalhadores em cimento e concreto armado",0,20291.3731071,35,0,0,0,0,0,NA,11456139.3068385,0
2022,4,"2022-T4","7124","Instaladores de material isolante térmico e acústico",0,7996.60510462,17,0,0,0,0,0,NA,11456139.3068385,0
2022,4,"2022-T4","7133","Limpadores de fachadas",0,4729.96474964,5,0,0,0,0,0,NA,11456139.3068385,0
2022,4,"2022-T4","7221","Ferreiros e forjadores",0,12265.61043303,21,0,0,0,0,0,NA,11456139.3068385,0
2022,4,"2022-T4","7516","Trabalhadores qualificados da preparação do fumo e seus produtos",0,6982.87152916,21,0,0,0,0,0,NA,11456139.3068385,0
2022,4,"2022-T4","7521","Trabalhadores de tratamento e preparação da madeira",0,1849.47941894,6,0,0,0,0,0,NA,11456139.3068385,0
2022,4,"2022-T4","7535","Trabalhadores qualificados do tratamento de couros e peles",0,6396.18740521,13,0,0,0,0,0,NA,11456139.3068385,0
2022,4,"2022-T4","7541","Trabalhadores subaquáticos",0,3937.95423599,4,0,0,0,0,0,NA,11456139.3068385,0
2022,4,"2022-T4","7542","Dinamitadores e detonadores",0,4104.90280961,7,0,0,0,0,0,NA,11456139.3068385,0
2022,4,"2022-T4","7549","Outros trabalhadores qualificados e operários da indústria e do artesanato não classificados anteriormente",0,1540.06614316,5,0,0,0,0,0,NA,11456139.3068385,0
2022,4,"2022-T4","8111","Mineiros e operadores de máquinas e de instalações em minas e pedreiras",0,8771.22087735,25,0,0,0,0,0,NA,11456139.3068385,0
2022,4,"2022-T4","8114","Operadores de máquinas para fabricar cimento, pedras e outros produtos minerais",0,28694.0046917,61,0,0,0,0,0,NA,11456139.3068385,0
2022,4,"2022-T4","8155","Operadores de máquinas de processamento de couros e peles",0,4331.40392329,5,0,0,0,0,0,NA,11456139.3068385,0
2022,4,"2022-T4","8159","Operadores de máquinas para fabricar produtos têxteis e artigos de couro e pele não classificados anteriormente",0,962.75151576,2,0,0,0,0,0,NA,11456139.3068385,0
2022,4,"2022-T4","8312","Guarda-freios e agentes de manobras",0,1884.48600459,4,0,0,0,0,0,NA,11456139.3068385,0
2022,4,"2022-T4","9123","Limpadores de janelas",0,6169.45163498,6,0,0,0,0,0,NA,11456139.3068385,0
2022,4,"2022-T4","9216","Trabalhadores elementares da pesca e aquicultura",0,27308.80023603,69,0,0,0,0,0,NA,11456139.3068385,0
2022,4,"2022-T4","9332","Condutores de veículos e máquinas de tração animal",0,13412.87143503,47,0,0,0,0,0,NA,11456139.3068385,0
2022,4,"2022-T4","9613","Varredores e afins",0,2283.70812244,5,0,0,0,0,0,NA,11456139.3068385,0
2022,4,"2022-T4","9622","Pessoas que realizam várias tarefas",0,7690.68508682,19,0,0,0,0,0,NA,11456139.3068385,0
2022,4,"2022-T4","9624","Carregadores de água e coletores de lenha",0,2082.68820609,10,0,0,0,0,0,NA,11456139.3068385,0
2023,4,"2023-T4","4110","Escriturários gerais",0,3928272.84018472,7765,1405739.11496802,2869,1405739.11496802,2869,35.7852,100,12049075.4892676,11.6668
2023,4,"2023-T4","5221","Comerciantes de lojas",0,3358563.20902737,7048,600940.83452132,1161,600940.83452132,1161,17.8928,100,12049075.4892676,4.9874
2023,4,"2023-T4","5223","Balconistas e vendedores de lojas",0,3595214.47951937,6792,379881.58735384,694,379881.58735384,694,10.5663,100,12049075.4892676,3.1528
2023,4,"2023-T4","1219","Dirigentes de administração e de serviços não classificados anteriormente",0,534996.15049365,921,320164.49927255,541,320164.49927255,541,59.8443,100,12049075.4892676,2.6572
2023,4,"2023-T4","2431","Profissionais da publicidade e da comercialização",0,400880.77023591,587,268930.65415484,365,268930.65415484,365,67.0849,100,12049075.4892676,2.232
2023,4,"2023-T4","3341","Supervisores de secretaria",0,479747.2963692,823,248251.13630946,426,248251.13630946,426,51.7462,100,12049075.4892676,2.0603
2023,4,"2023-T4","3423","Instrutores de educação física e atividades recreativas",0,355742.69573595,616,243107.88755939,428,243107.88755939,428,68.3381,100,12049075.4892676,2.0176
2023,4,"2023-T4","1221","Dirigentes de vendas e  comercialização",0,356398.6626829,539,233175.42456587,329,233175.42456587,329,65.4254,100,12049075.4892676,1.9352
2023,4,"2023-T4","3411","Profissionais de nível médio do direito e serviços legais e afins",0,413362.55858277,790,226623.61040476,444,226623.61040476,444,54.8244,100,12049075.4892676,1.8808
2023,4,"2023-T4","3221","Profissionais de nível médio de enfermagem",0,1108976.36666753,2208,221609.98362987,488,221609.98362987,488,19.9833,100,12049075.4892676,1.8392
2023,4,"2023-T4","1346","Gerentes de sucursais de bancos, de serviços financeiros e de seguros",0,244725.32022387,349,212696.47566672,297,212696.47566672,297,86.9123,100,12049075.4892676,1.7653
2023,4,"2023-T4","1420","Gerentes de comércios atacadistas e varejistas",0,581808.05478294,1088,209936.77590392,399,209936.77590392,399,36.0835,100,12049075.4892676,1.7423
2023,4,"2023-T4","8322","Condutores de automóveis, taxis e caminhonetes",0,2065866.99168818,3802,195656.46379191,346,195656.46379191,346,9.4709,100,12049075.4892676,1.6238
2023,4,"2023-T4","5243","Vendedores a domicilio",0,1133593.9569542,2426,187160.25040873,351,187160.25040873,351,16.5103,100,12049075.4892676,1.5533
2023,4,"2023-T4","0412","Graduados e praças da polícia militar",0,312671.14556028,668,164122.25137006,359,164122.25137006,359,52.4904,100,12049075.4892676,1.3621
2023,4,"2023-T4","4120","Secretários (geral)",0,462036.13077931,938,159450.3027155,333,159450.3027155,333,34.5104,100,12049075.4892676,1.3233
2023,4,"2023-T4","4226","Recepcionistas em geral",0,1019975.56763032,1911,155109.83264637,310,155109.83264637,310,15.2072,100,12049075.4892676,1.2873
2023,4,"2023-T4","5142","Especialistas em tratamento de beleza e afins",0,1373435.54264042,2595,153046.50384477,281,153046.50384477,281,11.1433,100,12049075.4892676,1.2702
2023,4,"2023-T4","3334","Agentes imobiliários",0,333617.17424492,620,144751.59366431,265,144751.59366431,265,43.3885,100,12049075.4892676,1.2014
2023,4,"2023-T4","3322","Representantes comerciais",0,368558.9143781,682,128474.26333142,225,128474.26333142,225,34.8585,100,12049075.4892676,1.0663
2023,4,"2023-T4","4321","Trabalhadores de controle de abastecimento e estoques",0,1000472.90223221,1666,106093.40675185,179,106093.40675185,179,10.6043,100,12049075.4892676,0.8805
2023,4,"2023-T4","9112","Trabalhadores de limpeza de interior de edifícios, escritórios, hotéis e outros estabelecimentos",0,2566754.03544773,5546,105067.01910735,227,105067.01910735,227,4.0934,100,12049075.4892676,0.872
2023,4,"2023-T4","3343","Secretários executivos e administrativos",0,172876.77134891,362,103069.13376418,205,103069.13376418,205,59.62,100,12049075.4892676,0.8554
2023,4,"2023-T4","5412","Policiais",0,156853.88979401,322,102930.01880937,210,102930.01880937,210,65.6216,100,12049075.4892676,0.8543
2023,4,"2023-T4","5312","Ajudantes de professores",0,397506.94531646,859,98449.41621516,197,98449.41621516,197,24.7667,100,12049075.4892676,0.8171
2023,4,"2023-T4","3253","Trabalhadores comunitários da saúde",0,435144.1780474,1187,97556.28770136,263,97556.28770136,263,22.4193,100,12049075.4892676,0.8097
2023,4,"2023-T4","1211","Dirigentes financeiros",0,122840.95641564,165,96812.67596295,124,96812.67596295,124,78.8114,100,12049075.4892676,0.8035
2023,4,"2023-T4","5120","Cozinheiros",0,1532933.25156524,3417,96523.47475158,237,96523.47475158,237,6.2967,100,12049075.4892676,0.8011
2023,4,"2023-T4","5414","Guardas de segurança",0,1324974.34920311,2750,94975.30270813,185,94975.30270813,185,7.1681,100,12049075.4892676,0.7882
2023,4,"2023-T4","1212","Dirigentes de recursos humanos",0,119025.88817931,200,94624.22364569,145,94624.22364569,145,79.4989,100,12049075.4892676,0.7853
2023,4,"2023-T4","3513","Técnicos de redes e sistemas de computadores",0,288478.75664608,477,94568.24820035,157,94568.24820035,157,32.7817,100,12049075.4892676,0.7849
2023,4,"2023-T4","5311","Cuidadores de crianças",0,973504.15889363,1982,93810.54263898,187,93810.54263898,187,9.6364,100,12049075.4892676,0.7786
2023,4,"2023-T4","4222","Trabalhadores de centrais de atendimento",0,525757.5383498,776,92980.46431692,130,92980.46431692,130,17.685,100,12049075.4892676,0.7717
2023,4,"2023-T4","5244","Vendedores por telefone",0,317558.68328144,474,87754.97915134,127,87754.97915134,127,27.6343,100,12049075.4892676,0.7283
2023,4,"2023-T4","5249","Vendedores não classificados anteriormente",0,531910.86712749,1202,86579.87423764,182,86579.87423764,182,16.2771,100,12049075.4892676,0.7186
2023,4,"2023-T4","4311","Trabalhadores de contabilidade e cálculo de custos",0,301102.1140868,448,83478.98762523,134,83478.98762523,134,27.7245,100,12049075.4892676,0.6928
2023,4,"2023-T4","2166","Desenhistas gráficos e de multimídia",0,185220.42138433,289,81827.96712324,123,81827.96712324,123,44.1787,100,12049075.4892676,0.6791
2023,4,"2023-T4","6111","Agricultores e trabalhadores qualificados em atividades da agricultura (exclusive hortas, viveiros e jardins)",0,2313112.77526325,9035,81325.24475463,243,81325.24475463,243,3.5158,100,12049075.4892676,0.675
2023,4,"2023-T4","1321","Dirigentes de indústria de transformação",0,227586.13622634,409,81078.31402373,139,81078.31402373,139,35.6253,100,12049075.4892676,0.6729
2023,4,"2023-T4","5222","Supervisores de lojas",0,292474.49685472,493,79972.2179096,119,79972.2179096,119,27.3433,100,12049075.4892676,0.6637
2023,4,"2023-T4","3323","Agentes de compras",0,141346.08799203,208,78269.90404678,115,78269.90404678,115,55.3747,100,12049075.4892676,0.6496
2023,4,"2023-T4","5141","Cabeleireiros",0,1191378.6943987,2113,75349.41812905,128,75349.41812905,128,6.3246,100,12049075.4892676,0.6254
2023,4,"2023-T4","7512","Padeiros, confeiteiros e afins",0,926056.24119637,1722,74826.69350953,154,74826.69350953,154,8.0801,100,12049075.4892676,0.621
2023,4,"2023-T4","7231","Mecânicos e reparadores de veículos a motor",0,1361346.53306745,2612,74102.63835833,124,74102.63835833,124,5.4433,100,12049075.4892676,0.615
2023,4,"2023-T4","3321","Agentes de seguros",0,162155.01403915,239,73462.4033168,101,73462.4033168,101,45.3038,100,12049075.4892676,0.6097
2023,4,"2023-T4","0210","Graduados e praças das forças armadas",0,293192.40892098,569,72620.31141861,129,72620.31141861,129,24.7688,100,12049075.4892676,0.6027
2023,4,"2023-T4","5230","Caixas e expedidores de bilhetes",0,1080637.8382609,2063,70850.49846964,145,70850.49846964,145,6.5564,100,12049075.4892676,0.588
2023,4,"2023-T4","6121","Criadores de gado e trabalhadores qualificados da criação de gado",0,1455024.25804715,6837,70773.65401795,254,70773.65401795,254,4.8641,100,12049075.4892676,0.5874
2023,4,"2023-T4","3257","Inspetores de saúde laboral, ambiental e afins",0,197777.14234327,341,66860.20630325,125,66860.20630325,125,33.8058,100,12049075.4892676,0.5549
2023,4,"2023-T4","4312","Trabalhadores de serviços estatísticos, financeiros e de seguros",0,116793.70396226,182,66827.62819759,101,66827.62819759,101,57.2185,100,12049075.4892676,0.5546
2023,4,"2023-T4","1120","Diretores gerais e gerentes gerais",0,107068.1275325,159,64466.54765347,94,64466.54765347,94,60.2108,100,12049075.4892676,0.535
2023,4,"2023-T4","3332","Organizadores de conferências e eventos",0,208025.21819367,342,63813.77262221,112,63813.77262221,112,30.676,100,12049075.4892676,0.5296
2023,4,"2023-T4","3355","Inspetores de polícia e detetives",0,66849.40116763,127,61551.79925796,115,61551.79925796,115,92.0753,100,12049075.4892676,0.5108
2023,4,"2023-T4","3311","Agentes e corretores de bolsa, câmbio e outros serviços financeiros",0,100211.13891276,166,61010.62290177,117,61010.62290177,117,60.8821,100,12049075.4892676,0.5064
2023,4,"2023-T4","8332","Condutores de caminhões pesados",0,1886493.66118403,3649,60231.53742044,111,60231.53742044,111,3.1928,100,12049075.4892676,0.4999
2023,4,"2023-T4","7112","Pedreiros",0,2705727.12181459,5621,59188.0347412,120,59188.0347412,120,2.1875,100,12049075.4892676,0.4912
2023,4,"2023-T4","1412","Gerentes de restaurantes",0,214684.53473217,416,59010.67660126,114,59010.67660126,114,27.4872,100,12049075.4892676,0.4898
2023,4,"2023-T4","9111","Trabalhadores dos serviços domésticos em geral",0,4450650.4959253,10222,58881.14189605,132,58881.14189605,132,1.323,100,12049075.4892676,0.4887
2023,4,"2023-T4","5413","Guardiões de presídios",0,90326.55302627,198,56818.77585268,134,56818.77585268,134,62.9037,100,12049075.4892676,0.4716
2023,4,"2023-T4","3521","Técnicos de radiodifusão e gravação audiovisual",0,113195.37887387,207,56032.56706339,69,56032.56706339,69,49.5008,100,12049075.4892676,0.465
2023,4,"2023-T4","2353","Outros professores de idiomas",0,103920.12777092,162,55361.04750127,94,55361.04750127,94,53.2727,100,12049075.4892676,0.4595
2023,4,"2023-T4","7233","Mecânicos e reparadores de máquinas agrícolas e industriais",0,598676.34573293,1076,53216.01767983,81,53216.01767983,81,8.8889,100,12049075.4892676,0.4417
2023,4,"2023-T4","3122","Supervisores de indústrias de transformação",0,227979.25634677,353,51616.60499603,81,51616.60499603,81,22.6409,100,12049075.4892676,0.4284
2023,4,"2023-T4","3112","Técnicos em engenharia civil",0,156255.90174236,284,50307.37121099,79,50307.37121099,79,32.1955,100,12049075.4892676,0.4175
2023,4,"2023-T4","3313","Contabilistas e guarda livros",0,171157.82868741,314,50262.42507316,101,50262.42507316,101,29.3661,100,12049075.4892676,0.4171
2023,4,"2023-T4","2652","Músicos, cantores e compositores",0,158359.82787778,249,48269.27831202,53,48269.27831202,53,30.4808,100,12049075.4892676,0.4006
2023,4,"2023-T4","3511","Técnicos em operações de tecnologia da informação e das comunicações",0,236606.95867158,355,47706.88253928,64,47706.88253928,64,20.1629,100,12049075.4892676,0.3959
2023,4,"2023-T4","7543","Classificadores e provadores de produtos (exceto de bebidas e alimentos)",0,217485.72092885,343,47315.91573635,69,47315.91573635,69,21.7559,100,12049075.4892676,0.3927
2023,4,"2023-T4","2636","Ministros de cultos religiosos, missionários e afins",0,111332.38887168,237,47307.24997576,92,47307.24997576,92,42.4919,100,12049075.4892676,0.3926
2023,4,"2023-T4","1112","Dirigentes superiores da administração pública",0,71837.58624821,187,44213.13502848,114,44213.13502848,114,61.546,100,12049075.4892676,0.3669
2023,4,"2023-T4","3339","Agentes de serviços comerciais não classificados anteriormente",0,140513.20498074,255,41070.59109785,71,41070.59109785,71,29.229,100,12049075.4892676,0.3409
2023,4,"2023-T4","2433","Profissionais de vendas técnicas e médicas (exclusive tic)",0,55761.30101618,77,40467.96649214,55,40467.96649214,55,72.5736,100,12049075.4892676,0.3359
2023,4,"2023-T4","3119","Técnicos em ciências físicas e da engenharia não classificados anteriormente",0,145250.11701355,206,40098.14842691,54,40098.14842691,54,27.6063,100,12049075.4892676,0.3328
2023,4,"2023-T4","5153","Porteiros e zeladores",0,823535.92926811,1547,38666.98939523,65,38666.98939523,65,4.6952,100,12049075.4892676,0.3209
2023,4,"2023-T4","3431","Fotógrafos",0,118819.02004978,214,36964.42167904,67,36964.42167904,67,31.1099,100,12049075.4892676,0.3068
2023,4,"2023-T4","2641","Escritores",0,43635.88808841,71,34232.15857491,49,34232.15857491,49,78.4496,100,12049075.4892676,0.2841
2023,4,"2023-T4","4225","Trabalhadores dos serviços de informações",0,125852.39750694,235,33897.19463063,63,33897.19463063,63,26.9341,100,12049075.4892676,0.2813
2023,4,"2023-T4","0512","Graduados e praças do corpo de bombeiros",0,62067.09733496,127,33771.50076646,76,33771.50076646,76,54.4113,100,12049075.4892676,0.2803
2023,4,"2023-T4","5322","Trabalhadores de cuidados pessoais a domicílios",0,689843.96124969,1440,33656.60731597,61,33656.60731597,61,4.8789,100,12049075.4892676,0.2793
2023,4,"2023-T4","1324","Dirigentes de empresas de abastecimento, distribuição e afins",0,67232.71377453,134,33341.54721503,55,33341.54721503,55,49.5913,100,12049075.4892676,0.2767
2023,4,"2023-T4","7531","Alfaiates, modistas, chapeleiros e peleteiros",0,462848.1378421,985,33302.35173017,68,33302.35173017,68,7.1951,100,12049075.4892676,0.2764
2023,4,"2023-T4","9313","Trabalhadores elementares da construção de edifícios",0,1792517.06945777,3758,33302.3327273,50,33302.3327273,50,1.8579,100,12049075.4892676,0.2764
2023,4,"2023-T4","7411","Eletricistas de obras e afins",0,490305.05714112,862,33232.3385652,51,33232.3385652,51,6.7779,100,12049075.4892676,0.2758
2023,4,"2023-T4","4211","Caixas de banco e afins",0,54527.47687371,94,32503.68030478,59,32503.68030478,59,59.6097,100,12049075.4892676,0.2698
2023,4,"2023-T4","9412","Ajudantes de cozinha",0,760327.8291802,1419,32411.51810727,61,32411.51810727,61,4.2628,100,12049075.4892676,0.269
2023,4,"2023-T4","1323","Dirigentes de empresas de construção",0,50670.59599629,108,31640.06470176,65,31640.06470176,65,62.4427,100,12049075.4892676,0.2626
2023,4,"2023-T4","7422","Instaladores e reparadores em tecnologias da informação e comunicações",0,307353.67484347,530,31618.92538137,63,31618.92538137,63,10.2875,100,12049075.4892676,0.2624
2023,4,"2023-T4","8321","Condutores de motocicletas",0,1039454.82681678,1922,31158.08897325,59,31158.08897325,59,2.9975,100,12049075.4892676,0.2586
2023,4,"2023-T4","3115","Técnicos em engenharia mecânica",0,181605.5725691,332,30686.04084324,58,30686.04084324,58,16.8971,100,12049075.4892676,0.2547
2023,4,"2023-T4","3114","Técnicos em eletrônica",0,145585.31253194,243,29948.20152661,48,29948.20152661,48,20.5709,100,12049075.4892676,0.2486
2023,4,"2023-T4","3412","Trabalhadores e assistentes sociais de nível médio",0,96812.33116523,218,29520.98682555,66,29520.98682555,66,30.493,100,12049075.4892676,0.245
2023,4,"2023-T4","3352","Agentes da administração tributária",0,38894.05732297,66,28289.58687916,47,28289.58687916,47,72.735,100,12049075.4892676,0.2348
2023,4,"2023-T4","3211","Técnicos em aparelhos de diagnóstico e tratamento médico",0,69447.11052851,127,28263.55155696,50,28263.55155696,50,40.698,100,12049075.4892676,0.2346
2023,4,"2023-T4","3432","Desenhistas e decoradores de interiores",0,61929.81202431,83,27624.52712268,37,27624.52712268,37,44.6062,100,12049075.4892676,0.2293
2023,4,"2023-T4","7522","Marceneiros e afins",0,381754.77675321,718,26765.77011127,51,26765.77011127,51,7.0112,100,12049075.4892676,0.2221
2023,4,"2023-T4","3113","Eletrotécnicos",0,187042.91887195,302,26711.23529754,48,26711.23529754,48,14.2808,100,12049075.4892676,0.2217
2023,4,"2023-T4","7131","Pintores e empapeladores",0,733146.47194652,1315,26358.08482432,42,26358.08482432,42,3.5952,100,12049075.4892676,0.2188
2023,4,"2023-T4","3422","Treinadores, instrutores e árbitros de atividades esportivas",0,59014.28744927,86,25615.22638766,36,25615.22638766,36,43.4051,100,12049075.4892676,0.2126
2023,4,"2023-T4","9329","Trabalhadores elementares da indústria de transformação não classificados anteriormente",0,792949.48839916,1354,25519.05050282,52,25519.05050282,52,3.2182,100,12049075.4892676,0.2118
2023,4,"2023-T4","8331","Condutores de ônibus e bondes",0,431429.33649111,849,24541.12270572,41,24541.12270572,41,5.6883,100,12049075.4892676,0.2037
2023,4,"2023-T4","7412","Mecânicos e ajustadores eletricistas",0,349742.27895931,653,24468.10549016,33,24468.10549016,33,6.996,100,12049075.4892676,0.2031
2023,4,"2023-T4","4221","Trabalhadores de agências de viagem",0,52011.72301052,93,24336.30918932,44,24336.30918932,44,46.79,100,12049075.4892676,0.202
2023,4,"2023-T4","2355","Outros professores de artes",0,50880.11006544,83,24286.1474233,36,24286.1474233,36,47.7321,100,12049075.4892676,0.2016
2023,4,"2023-T4","7318","Artesãos de tecidos, couros e materiais semelhantes",0,227126.53354739,516,24098.1131564,56,24098.1131564,56,10.61,100,12049075.4892676,0.2
2023,4,"2023-T4","2354","Outros professores de música",0,44613.16986031,91,23436.3487724,44,23436.3487724,44,52.5324,100,12049075.4892676,0.1945
2023,4,"2023-T4","3123","Supervisores da construção",0,112476.4331016,228,23176.94809624,43,23176.94809624,43,20.606,100,12049075.4892676,0.1924
2023,4,"2023-T4","5211","Vendedores de quiosques e postos de mercados",0,517848.04133202,1170,22830.37187866,44,22830.37187866,44,4.4087,100,12049075.4892676,0.1895
2023,4,"2023-T4","3212","Técnicos de laboratórios médicos",0,64187.97446223,141,22274.5646877,51,22274.5646877,51,34.7021,100,12049075.4892676,0.1849
2023,4,"2023-T4","9333","Carregadores",0,845217.04376696,1564,21828.1260403,35,21828.1260403,35,2.5825,100,12049075.4892676,0.1812
2023,4,"2023-T4","1411","Gerentes de hotéis",0,42282.24325625,102,21593.8522077,48,21593.8522077,48,51.0707,100,12049075.4892676,0.1792
2023,4,"2023-T4","7213","Chapistas e caldeireiros",0,434415.34036604,788,21054.62738712,29,21054.62738712,29,4.8467,100,12049075.4892676,0.1747
2023,4,"2023-T4","4323","Trabalhadores de serviços de transporte",0,126708.18071391,166,21014.18575016,29,21014.18575016,29,16.5847,100,12049075.4892676,0.1744
2023,4,"2023-T4","5419","Trabalhadores dos serviços de proteção e segurança não classificados anteriormente",0,75864.54393832,136,20874.07747484,44,20874.07747484,44,27.5149,100,12049075.4892676,0.1732
2023,4,"2023-T4","5246","Balconistas dos serviços de alimentação",0,475395.14980546,818,20522.8768993,42,20522.8768993,42,4.317,100,12049075.4892676,0.1703
2023,4,"2023-T4","3312","Agentes de empréstimos e financiamento",0,36640.45229152,66,20512.85842946,31,20512.85842946,31,55.9842,100,12049075.4892676,0.1702
2023,4,"2023-T4","7223","Reguladores e operadores de máquinas-ferramentas",0,243729.96338582,355,19861.88259553,22,19861.88259553,22,8.1491,100,12049075.4892676,0.1648
2023,4,"2023-T4","4229","Trabalhadores de serviços de informação ao cliente não classificados anteriormente",0,113696.49047425,208,19452.62852667,37,19452.62852667,37,17.1093,100,12049075.4892676,0.1614
2023,4,"2023-T4","3342","Secretários jurídicos",0,33297.14599019,54,19402.08415508,29,19402.08415508,29,58.2695,100,12049075.4892676,0.161
2023,4,"2023-T4","3522","Técnicos de engenharia de telecomunicações",0,59524.72107059,99,19341.09617425,31,19341.09617425,31,32.4925,100,12049075.4892676,0.1605
2023,4,"2023-T4","7319","Artesãos não classificados anteriormente",0,79230.43177497,153,18905.29805167,30,18905.29805167,30,23.8612,100,12049075.4892676,0.1569
2023,4,"2023-T4","3142","Técnicos agropecuários",0,51407.25335345,115,18719.25388488,44,18719.25388488,44,36.4136,100,12049075.4892676,0.1554
2023,4,"2023-T4","3512","Técnicos em assistência ao usuário de tecnologia da informação e das comunicações",0,93150.70592758,129,18575.69007137,34,18575.69007137,34,19.9415,100,12049075.4892676,0.1542
2023,4,"2023-T4","8153","Operadores de máquinas de costura",0,736958.93163003,1407,17870.22965662,40,17870.22965662,40,2.4249,100,12049075.4892676,0.1483
2023,4,"2023-T4","1311","Dirigentes de produção agropecuária e silvicultura",0,62266.93307055,223,17850.25209737,55,17850.25209737,55,28.6673,100,12049075.4892676,0.1481
2023,4,"2023-T4","9334","Repositores de prateleiras",0,671910.95810978,1325,17733.00663235,30,17733.00663235,30,2.6392,100,12049075.4892676,0.1472
2023,4,"2023-T4","2654","Diretores de cinema, de teatro e afins",0,32189.68096116,52,17681.64456415,24,17681.64456415,24,54.9295,100,12049075.4892676,0.1467
2023,4,"2023-T4","3434","Chefes de cozinha",0,46721.82454825,86,17652.0546222,26,17652.0546222,26,37.7812,100,12049075.4892676,0.1465
2023,4,"2023-T4","7111","Construtores de casas",0,57343.43381567,101,17526.92361071,25,17526.92361071,25,30.5648,100,12049075.4892676,0.1455
2023,4,"2023-T4","1439","Gerentes de serviços não classificados anteriormente",0,45212.64928769,93,17281.27841746,34,17281.27841746,34,38.2222,100,12049075.4892676,0.1434
2023,4,"2023-T4","1213","Dirigentes de políticas e planejamento",0,17972.86053523,49,17254.15810936,47,17254.15810936,47,96.0012,100,12049075.4892676,0.1432
2023,4,"2023-T4","1111","Legisladores",0,39665.97427635,120,16584.00901047,43,16584.00901047,43,41.8092,100,12049075.4892676,0.1376
2023,4,"2023-T4","6112","Agricultores e trabalhadores qualificados no cultivo de hortas, viveiros e jardins",0,683597.23852995,1944,16190.30258035,51,16190.30258035,51,2.3684,100,12049075.4892676,0.1344
2023,4,"2023-T4","3118","Desenhistas e projetistas técnicos",0,70686.45315865,114,15902.0429634,23,15902.0429634,23,22.4966,100,12049075.4892676,0.132
2023,4,"2023-T4","3116","Técnicos em química industrial",0,52112.09099705,73,15882.69959132,27,15882.69959132,27,30.478,100,12049075.4892676,0.1318
2023,4,"2023-T4","8212","Montadores de equipamentos elétricos e eletrônicos",0,92080.59787355,148,15696.13950723,17,15696.13950723,17,17.0461,100,12049075.4892676,0.1303
2023,4,"2023-T4","5131","Garçons",0,465862.76647263,929,15588.00166431,31,15588.00166431,31,3.3461,100,12049075.4892676,0.1294
2023,4,"2023-T4","7511","Magarefes e afins",0,515611.49778834,1035,15388.51513125,23,15388.51513125,23,2.9845,100,12049075.4892676,0.1277
2023,4,"2023-T4","3230","Profissionais de nível médio de medicina tradicional e alternativa",0,32614.98737371,67,15001.97571376,34,15001.97571376,34,45.9972,100,12049075.4892676,0.1245
2023,4,"2023-T4","1431","Gerentes de centros esportivos,  de diversão e culturais",0,23504.77704857,42,14908.47158131,29,14908.47158131,29,63.4274,100,12049075.4892676,0.1237
2023,4,"2023-T4","3344","Secretários de medicina",0,63368.30309901,105,14900.18442635,21,14900.18442635,21,23.5136,100,12049075.4892676,0.1237
2023,4,"2023-T4","3359","Agentes da administração pública para aplicação da lei e afins não classificados anteriormente",0,18259.1257912,45,14687.86459529,34,14687.86459529,34,80.4412,100,12049075.4892676,0.1219
2023,4,"2023-T4","1341","Dirigentes de serviços de cuidados infantis",0,15862.91078376,33,14376.74216808,29,14376.74216808,29,90.6312,100,12049075.4892676,0.1193
2023,4,"2023-T4","3255","Técnicos e assistentes fisioterapeutas",0,58657.87706069,118,14201.15135099,27,14201.15135099,27,24.2101,100,12049075.4892676,0.1179
2023,4,"2023-T4","4412","Trabalhadores de serviços de correios",0,53960.45894948,83,13308.7922672,24,13308.7922672,24,24.664,100,12049075.4892676,0.1105
2023,4,"2023-T4","5164","Cuidadores de animais",0,163804.94530079,301,13254.71390796,30,13254.71390796,30,8.0918,100,12049075.4892676,0.11
2023,4,"2023-T4","4416","Trabalhadores do serviço de pessoal",0,58288.64231764,72,13172.07154226,21,13172.07154226,21,22.598,100,12049075.4892676,0.1093
2023,4,"2023-T4","5242","Demonstradores de lojas",0,99977.66363878,159,13146.43260133,19,13146.43260133,19,13.1494,100,12049075.4892676,0.1091
2023,4,"2023-T4","3514","Técnicos da web",0,35783.33027729,54,12641.41802847,16,12641.41802847,16,35.3277,100,12049075.4892676,0.1049
2023,4,"2023-T4","3251","Dentistas auxiliares e ajudantes de odontologia",0,124724.85275459,237,12594.50186685,22,12594.50186685,22,10.0978,100,12049075.4892676,0.1045
2023,4,"2023-T4","5321","Trabalhadores de cuidados pessoais em instituições",0,87997.13303536,160,12564.02758592,21,12564.02758592,21,14.2778,100,12049075.4892676,0.1043
2023,4,"2023-T4","3214","Técnicos de próteses médicas e dentárias",0,51321.27249773,67,12497.07595139,8,12497.07595139,8,24.3507,100,12049075.4892676,0.1037
2023,4,"2023-T4","3213","Técnicos e assistentes farmacêuticos",0,62055.50029052,101,11992.28303419,17,11992.28303419,17,19.3251,100,12049075.4892676,0.0995
2023,4,"2023-T4","2643","Tradutores, intérpretes e linguistas",0,17353.18404649,33,11971.83856407,23,11971.83856407,23,68.9893,100,12049075.4892676,0.0994
2023,4,"2023-T4","5245","Frentistas de posto de gasolina",0,304676.41760139,580,11790.26263649,25,11790.26263649,25,3.8698,100,12049075.4892676,0.0979
2023,4,"2023-T4","4415","Trabalhadores de arquivos",0,47399.40984783,80,10530.87872181,19,10530.87872181,19,22.2173,100,12049075.4892676,0.0874
2023,4,"2023-T4","8342","Operadores de máquinas de movimentação de terras e afins",0,310258.36764411,639,10254.31251548,22,10254.31251548,22,3.3051,100,12049075.4892676,0.0851
2023,4,"2023-T4","7119","Outros trabalhadores qualificados e operários da construção não classificados anteriormente",0,212809.79070176,522,10177.28394091,23,10177.28394091,23,4.7823,100,12049075.4892676,0.0845
2023,4,"2023-T4","3117","Técnicos em engenharia de minas e metalurgia",0,56231.55681002,81,10118.49669377,11,10118.49669377,11,17.9943,100,12049075.4892676,0.084
2023,4,"2023-T4","9520","Vendedores ambulantes (exclusive de serviços de alimentação)",0,296907.65476199,565,9766.33083429,21,9766.33083429,21,3.2893,100,12049075.4892676,0.0811
2023,4,"2023-T4","7317","Artesãos de pedra, madeira, vime e materiais semelhantes",0,85718.40918382,262,9629.16079482,17,9629.16079482,17,11.2335,100,12049075.4892676,0.0799
2023,4,"2023-T4","8183","Operadores de máquinas de embalagem, engarrafamento e etiquetagem",0,121923.90361938,187,9390.66531298,12,9390.66531298,12,7.7021,100,12049075.4892676,0.0779
2023,4,"2023-T4","5329","Trabalhadores de cuidados pessoais nos serviços de saúde não classificados anteriormente",0,59929.08683739,121,9387.68917959,22,9387.68917959,22,15.6647,100,12049075.4892676,0.0779
2023,4,"2023-T4","7314","Ceramistas e afins (preparação e fabricação)",0,102956.60127088,201,9346.55934506,19,9346.55934506,19,9.0782,100,12049075.4892676,0.0776
2023,4,"2023-T4","3353","Agentes de serviços de seguridade social",0,13124.23300539,31,9231.86996434,22,9231.86996434,22,70.3422,100,12049075.4892676,0.0766
2023,4,"2023-T4","5165","Instrutores de autoescola",0,51432.93376555,88,9045.87251966,19,9045.87251966,19,17.5877,100,12049075.4892676,0.0751
2023,4,"2023-T4","4313","Trabalhadores encarregados de folha de pagamento",0,14785.18003119,21,8888.12318087,11,8888.12318087,11,60.1151,100,12049075.4892676,0.0738
2023,4,"2023-T4","2651","Artistas plásticos",0,25655.68593752,52,8851.2675304,18,8851.2675304,18,34.5002,100,12049075.4892676,0.0735
2023,4,"2023-T4","4214","Cobradores e afins",0,54344.32727139,86,8846.39578807,12,8846.39578807,12,16.2784,100,12049075.4892676,0.0734
2023,4,"2023-T4","5212","Vendedores ambulantes de serviços de alimentação",0,335736.11775629,740,8815.46022589,23,8815.46022589,23,2.6257,100,12049075.4892676,0.0732
2023,4,"2023-T4","7533","Costureiros, bordadeiros e afins",0,132732.08141202,263,8800.65402657,22,8800.65402657,22,6.6304,100,12049075.4892676,0.073
2023,4,"2023-T4","1222","Dirigentes de publicidade e relações públicas",0,10452.54571811,15,8653.14568624,11,8653.14568624,11,82.7851,100,12049075.4892676,0.0718
2023,4,"2023-T4","5132","atendentes de bar",0,193584.82446875,418,8444.34448492,14,8444.34448492,14,4.3621,100,12049075.4892676,0.0701
2023,4,"2023-T4","3153","Pilotos de aviação e afins",0,16610.77056186,29,8382.42747235,17,8382.42747235,17,50.4638,100,12049075.4892676,0.0696
2023,4,"2023-T4","3259","Profissionais de nível médio da saúde não classificados anteriormente",0,41805.95080114,68,7911.00742523,9,7911.00742523,9,18.9232,100,12049075.4892676,0.0657
2023,4,"2023-T4","7115","Carpinteiros",0,193392.68892073,434,7788.9455525,8,7788.9455525,8,4.0275,100,12049075.4892676,0.0646
2023,4,"2023-T4","4224","Recepcionistas de hotéis",0,72116.08868167,130,7714.79327939,13,7714.79327939,13,10.6977,100,12049075.4892676,0.064
2023,4,"2023-T4","9211","Trabalhadores elementares da agricultura",0,1363884.12782031,4292,7687.17091319,29,7687.17091319,29,0.5636,100,12049075.4892676,0.0638
2023,4,"2023-T4","7212","Soldadores e oxicortadores",0,305131.6966505,493,7640.88366492,9,7640.88366492,9,2.5041,100,12049075.4892676,0.0634
2023,4,"2023-T4","3256","assistentes de medicina",0,50754.06973736,85,7588.20407559,12,7588.20407559,12,14.9509,100,12049075.4892676,0.063
2023,4,"2023-T4","3331","Despachantes aduaneiros",0,22945.67328484,26,7586.83954853,11,7586.83954853,11,33.0644,100,12049075.4892676,0.063
2023,4,"2023-T4","8160","Operadores de máquinas para elaborar alimentos e produtos afins",0,286264.13109091,751,7457.11056768,17,7457.11056768,17,2.605,100,12049075.4892676,0.0619
2023,4,"2023-T4","8341","Operadores de máquinas agrícolas e florestais móveis",0,356405.26114758,1030,7264.83990841,18,7264.83990841,18,2.0384,100,12049075.4892676,0.0603
2023,4,"2023-T4","4322","Trabalhadores de serviços de apoio à produção",0,62493.40807913,81,7147.03399395,6,7147.03399395,6,11.4365,100,12049075.4892676,0.0593
2023,4,"2023-T4","9611","Coletores de lixo e material reciclável",0,241550.12158557,546,6987.59230677,12,6987.59230677,12,2.8928,100,12049075.4892676,0.058
2023,4,"2023-T4","3111","Técnicos em ciências físicas e químicas",0,21762.41754423,36,6978.31683005,14,6978.31683005,14,32.0659,100,12049075.4892676,0.0579
2023,4,"2023-T4","3435","Outros profissionais de nível médio em atividades culturais e artísticas",0,24952.66835364,42,6767.8320465,8,6767.8320465,8,27.1227,100,12049075.4892676,0.0562
2023,4,"2023-T4","4132","Operadores de entrada de dados",0,18896.31737538,53,6730.31095778,19,6730.31095778,19,35.6171,100,12049075.4892676,0.0559
2023,4,"2023-T4","2656","Locutores de rádio, televisão e outros meios de comunicação",0,34684.74695634,72,6712.65426289,17,6712.65426289,17,19.3533,100,12049075.4892676,0.0557
2023,4,"2023-T4","7222","Ferramenteiros e afins",0,77274.27679756,111,6671.25445715,10,6671.25445715,10,8.6332,100,12049075.4892676,0.0554
2023,4,"2023-T4","5411","Bombeiros",0,42955.03582117,75,6651.36133886,13,6651.36133886,13,15.4845,100,12049075.4892676,0.0552
2023,4,"2023-T4","9122","Lavadores de veículos",0,290522.72397229,542,6376.26074525,10,6376.26074525,10,2.1948,100,12049075.4892676,0.0529
2023,4,"2023-T4","6122","Avicultores e trabalhadores qualificados da avicultura",0,123391.16480678,490,6336.07436015,18,6336.07436015,18,5.1349,100,12049075.4892676,0.0526
2023,4,"2023-T4","9411","Preparadores de comidas rápidas",0,133947.3080512,271,6250.83088177,15,6250.83088177,15,4.6666,100,12049075.4892676,0.0519
2023,4,"2023-T4","5113","Guias de turismo",0,30070.60386151,51,5822.47214813,12,5822.47214813,12,19.3627,100,12049075.4892676,0.0483
2023,4,"2023-T4","2655","Atores",0,13472.98093818,29,5751.41262061,13,5751.41262061,13,42.6885,100,12049075.4892676,0.0477
2023,4,"2023-T4","3222","Profissionais de nível médio de partos",0,10514.08399341,11,5696.68002383,5,5696.68002383,5,54.1814,100,12049075.4892676,0.0473
2023,4,"2023-T4","3141","Técnicos e profissionais de nível médio em ciências biológicas (exclusive da medicina)",0,22245.03337856,35,5652.97987675,10,5652.97987675,10,25.4123,100,12049075.4892676,0.0469
2023,4,"2023-T4","8141","Operadores de máquinas para fabricar produtos de borracha",0,175588.70084874,309,5647.66470276,4,5647.66470276,4,3.2164,100,12049075.4892676,0.0469
2023,4,"2023-T4","8344","Operadores de empilhadeiras",0,262816.86580812,423,5635.94590746,9,5635.94590746,9,2.1444,100,12049075.4892676,0.0468
2023,4,"2023-T4","9321","empacotadores manuais",0,193765.93315488,383,5630.63479697,9,5630.63479697,9,2.9059,100,12049075.4892676,0.0467
2023,4,"2023-T4","3132","Operadores de incineradores, instalações de tratamento de água e afins",0,20705.74121855,39,5593.59424623,12,5593.59424623,12,27.0147,100,12049075.4892676,0.0464
2023,4,"2023-T4","7232","Mecânicos e reparadores de motores de avião",0,20086.84519854,28,5527.36893465,7,5527.36893465,7,27.5174,100,12049075.4892676,0.0459
2023,4,"2023-T4","8343","Operadores de guindastes, gruas, aparatos de elevação e afins",0,88759.72860927,156,5396.96710094,9,5396.96710094,9,6.0804,100,12049075.4892676,0.0448
2023,4,"2023-T4","3333","Agentes de emprego e agenciadores de mão de obra",0,12317.52759036,20,5361.4373038,8,5361.4373038,8,43.5269,100,12049075.4892676,0.0445
2023,4,"2023-T4","7214","Montadores de estruturas metálicas",0,108844.12802654,208,5238.0654777,3,5238.0654777,3,4.8124,100,12049075.4892676,0.0435
2023,4,"2023-T4","7311","Mecânicos e reparadores de instrumentos de precisão",0,19113.78217275,32,5123.07512731,5,5123.07512731,5,26.803,100,12049075.4892676,0.0425
2023,4,"2023-T4","7534","Tapeceiros, colchoeiros e afins",0,76426.14699144,152,4931.4134999,7,4931.4134999,7,6.4525,100,12049075.4892676,0.0409
2023,4,"2023-T4","8142","Operadores de máquinas para fabricar produtos de material plástico",0,126071.46301001,183,4738.41260069,7,4738.41260069,7,3.7585,100,12049075.4892676,0.0393
2023,4,"2023-T4","3314","Profissionais de nível médio de serviços estatísticos, matemáticos e afins",0,53215.84447028,81,4695.64412994,6,4695.64412994,6,8.8238,100,12049075.4892676,0.039
2023,4,"2023-T4","9612","Classificadores de resíduos",0,307819.15136091,571,4641.53568509,7,4641.53568509,7,1.5079,100,12049075.4892676,0.0385
2023,4,"2023-T4","5111","Auxiliares de serviço de bordo",0,17683.22818638,22,4543.70899394,6,4543.70899394,6,25.695,100,12049075.4892676,0.0377
2023,4,"2023-T4","7127","Mecânicos-instaladores de sistemas de refrigeração e climatização",0,71200.69075293,145,4447.05098867,6,4447.05098867,6,6.2458,100,12049075.4892676,0.0369
2023,4,"2023-T4","9212","Trabalhadores elementares da pecuária",0,540385.4588275,2375,4374.72817796,21,4374.72817796,21,0.8096,100,12049075.4892676,0.0363
2023,4,"2023-T4","8311","Maquinistas de locomotivas",0,14262.58779478,15,4324.09884346,7,4324.09884346,7,30.3178,100,12049075.4892676,0.0359
2023,4,"2023-T4","7536","Sapateiros e afins",0,135350.44801262,207,4313.16511977,6,4313.16511977,6,3.1867,100,12049075.4892676,0.0358
2023,4,"2023-T4","7126","Bombeiros e encanadores",0,159162.08589147,309,4291.59754424,11,4291.59754424,11,2.6964,100,12049075.4892676,0.0356
2023,4,"2023-T4","4223","Telefonistas",0,32187.37482922,52,4201.54188984,8,4201.54188984,8,13.0534,100,12049075.4892676,0.0349
2023,4,"2023-T4","9623","Coletores de dinheiro em máquinas automáticas de venda e leitores de medidores",0,26308.53265235,41,4063.58051234,5,4063.58051234,5,15.4459,100,12049075.4892676,0.0337
2023,4,"2023-T4","4411","Trabalhadores de bibliotecas",0,13019.70607913,23,3881.34785708,9,3881.34785708,9,29.8113,100,12049075.4892676,0.0322
2023,4,"2023-T4","7122","Aplicadores de revestimentos cerâmicos, pastilhas, pedras e madeiras",0,91241.03343797,170,3696.02420234,5,3696.02420234,5,4.0508,100,12049075.4892676,0.0307
2023,4,"2023-T4","8131","Operadores de instalações e máquinas de produtos químicos",0,47149.55709945,67,3692.69644317,4,3692.69644317,4,7.8319,100,12049075.4892676,0.0306
2023,4,"2023-T4","2356","Instrutores em tecnologias da informação",0,9847.01049569,20,3691.62398041,7,3691.62398041,7,37.4898,100,12049075.4892676,0.0306
2023,4,"2023-T4","5151","Supervisores de manutenção e limpeza de edifícios em escritórios, hotéis e estabelecimentos",0,22838.35066734,44,3664.26893232,6,3664.26893232,6,16.0444,100,12049075.4892676,0.0304
2023,4,"2023-T4","9215","Trabalhadores florestais elementares",0,215733.68614714,705,3625.72120674,7,3625.72120674,7,1.6806,100,12049075.4892676,0.0301
2023,4,"2023-T4","7515","Trabalhadores da degustação e classificação de alimentos e bebidas",0,19075.857999,38,3622.01256847,8,3622.01256847,8,18.9874,100,12049075.4892676,0.0301
2023,4,"2023-T4","9629","Outras ocupações elementares não classificadas anteriormente",0,259183.7140657,564,3619.03581811,10,3619.03581811,10,1.3963,100,12049075.4892676,0.03
2023,4,"2023-T4","7312","Confeccionadores e afinadores de instrumentos musicais",0,7592.76487126,13,3544.15468852,6,3544.15468852,6,46.6781,100,12049075.4892676,0.0294
2023,4,"2023-T4","5112","Fiscais e cobradores de transportes públicos",0,62651.89993523,113,3426.96338826,7,3426.96338826,7,5.4698,100,12049075.4892676,0.0284
2023,4,"2023-T4","3354","Agentes de serviços de expedição de licenças e permissões",0,7621.94788904,19,3410.14686296,9,3410.14686296,9,44.7411,100,12049075.4892676,0.0283
2023,4,"2023-T4","3258","Ajudantes de ambulâncias",0,22045.73021651,38,3276.76957807,5,3276.76957807,5,14.8635,100,12049075.4892676,0.0272
2023,4,"2023-T4","8121","Operadores de instalações de processamento de metais",0,104477.98143933,140,3267.12170858,7,3267.12170858,7,3.1271,100,12049075.4892676,0.0271
2023,4,"2023-T4","2434","Profissionais de vendas de tecnologia da informação e comunicações",0,7821.65327192,19,3139.42939578,9,3139.42939578,9,40.1377,100,12049075.4892676,0.0261
2023,4,"2023-T4","3134","Operadores de instalações de refino de petróleo e gás natural",0,4982.6271091,7,3130.99465375,3,3130.99465375,3,62.8382,100,12049075.4892676,0.026
2023,4,"2023-T4","7322","Impressores",0,70332.97777026,116,3097.92277706,6,3097.92277706,6,4.4047,100,12049075.4892676,0.0257
2023,4,"2023-T4","3152","Capitães, oficiais de coberta e práticos",0,15879.73589337,38,3024.59940546,9,3024.59940546,9,19.0469,100,12049075.4892676,0.0251
2023,4,"2023-T4","8219","Montadores não classificados anteriormente",0,162397.80051109,292,3002.27286051,7,3002.27286051,7,1.8487,100,12049075.4892676,0.0249
2023,4,"2023-T4","8182","Operadores de máquinas de vapor e caldeiras",0,53750.57255276,90,2957.98794191,5,2957.98794191,5,5.5032,100,12049075.4892676,0.0245
2023,4,"2023-T4","5152","Governantas e mordomos domésticos",0,20793.15035334,38,2951.49963011,5,2951.49963011,5,14.1946,100,12049075.4892676,0.0245
2023,4,"2023-T4","3240","Técnicos e assistentes veterinários",0,25645.69213377,52,2862.78081496,6,2862.78081496,6,11.1628,100,12049075.4892676,0.0238
2023,4,"2023-T4","7513","Trabalhadores da pasteurização do leite e fabricação de laticínios e afins",0,88795.93394897,308,2848.00785322,13,2848.00785322,13,3.2074,100,12049075.4892676,0.0236
2023,4,"2023-T4","8211","Mecânicos montadores de maquinaria mecânica",0,95062.00905587,117,2780.9107871,4,2780.9107871,4,2.9254,100,12049075.4892676,0.0231
2023,4,"2023-T4","5161","Astrólogos, adivinhos e afins",0,12835.72149085,19,2768.27401804,4,2768.27401804,4,21.567,100,12049075.4892676,0.023
2023,4,"2023-T4","7421","Mecânicos e reparadores em eletrônica",0,58311.92621729,103,2710.59561637,3,2710.59561637,3,4.6484,100,12049075.4892676,0.0225
2023,4,"2023-T4","7544","Fumigadores e outros controladores de pragas e ervas daninhas",0,29487.75163834,67,2679.61215662,3,2679.61215662,3,9.0872,100,12049075.4892676,0.0222
2023,4,"2023-T4","8350","Marinheiros de coberta e afins",0,46141.80460138,136,2677.40303804,4,2677.40303804,4,5.8026,100,12049075.4892676,0.0222
2023,4,"2023-T4","4227","Entrevistadores de pesquisas de mercado",0,11609.54398848,27,2568.46075563,9,2568.46075563,9,22.1237,100,12049075.4892676,0.0213
2023,4,"2023-T4","7113","Canteiros, cortadores e gravadores de pedras",0,67605.38169965,139,2475.69655892,4,2475.69655892,4,3.662,100,12049075.4892676,0.0205
2023,4,"2023-T4","7323","Encadernadores e afins",0,24784.7343838,31,2444.84470031,4,2444.84470031,4,9.8643,100,12049075.4892676,0.0203
2023,4,"2023-T4","7123","Gesseiros",0,117838.11739314,188,2411.27862232,5,2411.27862232,5,2.0463,100,12049075.4892676,0.02
2023,4,"2023-T4","7321","Trabalhadores da pré-impressão gráfica",0,20369.51907316,32,2385.77641405,3,2385.77641405,3,11.7125,100,12049075.4892676,0.0198
2023,4,"2023-T4","1114","Dirigentes de organizações que apresentam um interesse especial",0,11963.14167923,30,2379.4820229,9,2379.4820229,9,19.8901,100,12049075.4892676,0.0197
2023,4,"2023-T4","8122","Operadores de máquinas polidoras, galvanizadoras e recobridoras de metais",0,44430.35736857,69,2346.0795317,5,2346.0795317,5,5.2804,100,12049075.4892676,0.0195
2023,4,"2023-T4","7535","Trabalhadores qualificados do tratamento de couros e peles",0,9654.79514675,20,2248.4014961,3,2248.4014961,3,23.2879,100,12049075.4892676,0.0187
2023,4,"2023-T4","7121","Telhadores",0,27312.27431139,51,2220.88753677,2,2220.88753677,2,8.1315,100,12049075.4892676,0.0184
2023,4,"2023-T4","4212","Coletores de apostas e de jogos",0,66710.01801369,150,2189.66474335,8,2189.66474335,8,3.2824,100,12049075.4892676,0.0182
2023,4,"2023-T4","3139","Técnicos em controle de processos não classificados anteriormente",0,9845.22068957,11,1998.13887899,4,1998.13887899,4,20.2955,100,12049075.4892676,0.0166
2023,4,"2023-T4","7313","Joalheiros e lapidadores de gemas, artesãos de metais preciosos e semipreciosos",0,50545.72893013,62,1987.0139011,4,1987.0139011,4,3.9311,100,12049075.4892676,0.0165
2023,4,"2023-T4","7413","Instaladores e reparadores de linhas elétricas",0,61073.07802052,112,1943.77558282,5,1943.77558282,5,3.1827,100,12049075.4892676,0.0161
2023,4,"2023-T4","6221","Trabalhadores da aquicultura",0,20762.88200182,71,1899.85035268,6,1899.85035268,6,9.1502,100,12049075.4892676,0.0158
2023,4,"2023-T4","3131","Operadores de instalações de produção de energia",0,5986.42816642,14,1823.77560333,5,1823.77560333,5,30.4652,100,12049075.4892676,0.0151
2023,4,"2023-T4","7523","Operadores de máquinas de lavrar madeira",0,60558.73727846,129,1763.79867783,7,1763.79867783,7,2.9125,100,12049075.4892676,0.0146
2023,4,"2023-T4","9121","Lavadeiros de roupas e passadeiros manuais",0,68211.69272496,125,1718.21054893,6,1718.21054893,6,2.5189,100,12049075.4892676,0.0143
2023,4,"2023-T4","4419","Trabalhadores de apoio administrativo não classificados anteriormente",0,19439.05806363,45,1682.78165248,5,1682.78165248,5,8.6567,100,12049075.4892676,0.014
2023,4,"2023-T4","9312","Trabalhadores elementares de obras públicas e da manutenção de estradas, represas e similares",0,37825.34136681,75,1549.18951471,4,1549.18951471,4,4.0956,100,12049075.4892676,0.0129
2023,4,"2023-T4","5163","Trabalhadores de funerárias e embalsamadores",0,19754.46241748,36,1516.52422684,3,1516.52422684,3,7.6769,100,12049075.4892676,0.0126
2023,4,"2023-T4","8157","Operadores de máquinas de lavar, tingir e passar roupas",0,11803.51035336,21,1471.48445476,2,1471.48445476,2,12.4665,100,12049075.4892676,0.0122
2023,4,"2023-T4","9621","Mensageiros, carregadores de bagagens e entregadores de encomendas",0,52072.62733493,108,1467.40609145,3,1467.40609145,3,2.818,100,12049075.4892676,0.0122
2023,4,"2023-T4","3154","Controladores de tráfego aéreo",0,5292.44201002,6,1384.51811127,1,1384.51811127,1,26.1603,100,12049075.4892676,0.0115
2023,4,"2023-T4","7132","Lustradores",0,171803.57082483,290,1294.65221596,4,1294.65221596,4,0.7536,100,12049075.4892676,0.0107
2023,4,"2023-T4","9214","Trabalhadores elementares da jardinagem e horticultura",0,90160.14442791,202,1260.86136145,3,1260.86136145,3,1.3985,100,12049075.4892676,0.0105
2023,4,"2023-T4","6225","Pescadores",0,315938.53113896,1119,1156.80721723,4,1156.80721723,4,0.3661,100,12049075.4892676,0.0096
2023,4,"2023-T4","1343","Dirigentes de serviços de cuidado a pessoas idosas",0,1921.43015297,4,1098.18712031,2,1098.18712031,2,57.1547,100,12049075.4892676,0.0091
2023,4,"2023-T4","7514","Trabalhadores da conservação de frutas, legumes e similares",0,52543.16081323,146,1049.97701857,3,1049.97701857,3,1.9983,100,12049075.4892676,0.0087
2023,4,"2023-T4","3324","Corretores de comercialização",0,9744.99980424,21,1021.79246154,4,1021.79246154,4,10.4853,100,12049075.4892676,0.0085
2023,4,"2023-T4","1322","Dirigentes de explorações de mineração",0,1235.23500107,5,1006.47986218,3,1006.47986218,3,81.4808,100,12049075.4892676,0.0084
2023,4,"2023-T4","3421","Atletas e esportistas",0,19418.80637539,41,990.28316846,1,990.28316846,1,5.0996,100,12049075.4892676,0.0082
2023,4,"2023-T4","3315","Avaliadores",0,2865.96750753,7,969.95537278,3,969.95537278,3,33.8439,100,12049075.4892676,0.0081
2023,4,"2023-T4","3433","Técnicos em galerias de arte, museus e bibliotecas",0,3735.43744506,10,950.05120196,3,950.05120196,3,25.4335,100,12049075.4892676,0.0079
2023,4,"2023-T4","8113","Perfuradores e sondadores de poços e afins",0,24328.3723037,50,943.79499855,3,943.79499855,3,3.8794,100,12049075.4892676,0.0078
2023,4,"2023-T4","6114","Agricultores e trabalhadores qualificados de cultivos mistos",0,14909.70488414,63,891.88202656,5,891.88202656,5,5.9819,100,12049075.4892676,0.0074
2023,4,"2023-T4","3254","Técnicos em optometria e ópticos",0,3600.79470233,4,848.81314389,1,848.81314389,1,23.5729,100,12049075.4892676,0.007
2023,4,"2023-T4","8171","Operadores de instalações para a preparação de pasta de papel e papel",0,31058.98969037,61,795.32988554,4,795.32988554,4,2.5607,100,12049075.4892676,0.0066
2023,4,"2023-T4","3155","Técnicos em segurança aeronáutica",0,1538.39642348,3,748.79106832,2,748.79106832,2,48.6735,100,12049075.4892676,0.0062
2023,4,"2023-T4","8172","Operadores de instalações para processamento de madeira",0,104037.2389568,264,747.18641983,2,747.18641983,2,0.7182,100,12049075.4892676,0.0062
2023,4,"2023-T4","3121","Supervisores da mineração",0,7346.41078891,19,734.98726766,4,734.98726766,4,10.0047,100,12049075.4892676,0.0061
2023,4,"2023-T4","4131","Operadores de máquinas de processamento de texto e mecanógrafos",0,1334.49380866,4,698.25633161,2,698.25633161,2,52.3237,100,12049075.4892676,0.0058
2023,4,"2023-T4","8154","Operadores de máquinas de branqueamento, tingimento e limpeza de tecidos",0,43443.20915938,75,697.47166045,2,697.47166045,2,1.6055,100,12049075.4892676,0.0058
2023,4,"2023-T4","3151","Oficiais maquinistas em navegação",0,696.31573454,1,696.31573454,1,696.31573454,1,100,100,12049075.4892676,0.0058
2023,4,"2023-T4","6130","Produtores e trabalhadores qualificados de exploração agropecuária mista",0,5514.83739999,19,686.60253558,3,686.60253558,3,12.4501,100,12049075.4892676,0.0057
2023,4,"2023-T4","8112","Operadores de instalações de processamento de minerais e rochas",0,18164.38515866,40,650.09138784,1,650.09138784,1,3.5789,100,12049075.4892676,0.0054
2023,4,"2023-T4","1312","Dirigentes de produção da aquicultura e pesca",0,2545.11216351,6,647.65033375,1,647.65033375,1,25.4468,100,12049075.4892676,0.0054
2023,4,"2023-T4","7516","Trabalhadores qualificados da preparação do fumo e seus produtos",0,10907.5814731,27,611.58318691,1,611.58318691,1,5.607,100,12049075.4892676,0.0051
2023,4,"2023-T4","9129","Outros trabalhadores de limpeza",0,18685.87904764,41,585.12303092,2,585.12303092,2,3.1314,100,12049075.4892676,0.0049
2023,4,"2023-T4","7125","Vidraceiros",0,76341.19807667,140,543.42244267,3,543.42244267,3,0.7118,100,12049075.4892676,0.0045
2023,4,"2023-T4","2659","Artistas criativos e interpretativos não classificados anteriormente",0,2855.15651243,4,527.1585847,1,527.1585847,1,18.4634,100,12049075.4892676,0.0044
2023,4,"2023-T4","9622","Pessoas que realizam várias tarefas",0,8281.26887335,16,506.12150724,1,506.12150724,1,6.1116,100,12049075.4892676,0.0042
2023,4,"2023-T4","3143","Técnicos florestais",0,3420.08079724,9,490.1857079,2,490.1857079,2,14.3326,100,12049075.4892676,0.0041
2023,4,"2023-T4","3135","Controladores de processos de produção de metais",0,14336.8205572,19,462.69421188,1,462.69421188,1,3.2273,100,12049075.4892676,0.0038
2023,4,"2023-T4","4414","Outros escreventes",0,1727.91070296,3,415.64634437,1,415.64634437,1,24.0549,100,12049075.4892676,0.0034
2023,4,"2023-T4","8156","Operadores de máquinas para fabricação de calçados e afins",0,84036.24062779,116,409.5423007,1,409.5423007,1,0.4873,100,12049075.4892676,0.0034
2023,4,"2023-T4","8155","Operadores de máquinas de processamento de couros e peles",0,6830.33824986,8,401.99384365,1,401.99384365,1,5.8854,100,12049075.4892676,0.0033
2023,4,"2023-T4","3413","Auxiliares leigos de religião",0,2675.23519369,6,382.17384781,1,382.17384781,1,14.2856,100,12049075.4892676,0.0032
2023,4,"2023-T4","8152","Operadores de teares e outras máquinas de tecelagem",0,52609.72346203,99,328.98140433,1,328.98140433,1,0.6253,100,12049075.4892676,0.0027
2023,4,"2023-T4","7315","Cortadores, polidores, jateadores e gravadores de vidros e afins",0,5983.83712452,11,300.25195737,1,300.25195737,1,5.0177,100,12049075.4892676,0.0025
2023,4,"2023-T4","8181","Operadores de instalações de vidraria e cerâmica",0,59137.8139027,102,283.9702256,1,283.9702256,1,0.4802,100,12049075.4892676,0.0024
2023,4,"2023-T4","9510","Trabalhadores ambulantes dos serviços e afins",0,56320.27532187,102,283.19085005,1,283.19085005,1,0.5028,100,12049075.4892676,0.0024
2023,4,"2023-T4","7234","Reparadores de bicicletas e afins",0,50733.87443329,108,279.29599709,1,279.29599709,1,0.5505,100,12049075.4892676,0.0023
2023,4,"2023-T4","3252","Técnicos em documentação sanitária",0,716.36064735,2,226.34076085,1,226.34076085,1,31.5959,100,12049075.4892676,0.0019
2023,4,"2023-T4","6123","Apicultores, sericicultores e trabalhadores qualificados da apicultura e sericicultura",0,17895.22307674,73,208.81977417,1,208.81977417,1,1.1669,100,12049075.4892676,0.0017
2023,4,"2023-T4","7549","Outros trabalhadores qualificados e operários da indústria e do artesanato não classificados anteriormente",0,2743.15465972,8,141.89449041,1,141.89449041,1,5.1727,100,12049075.4892676,0.0012
2023,4,"2023-T4","6210","Trabalhadores florestais qualificados e afins",0,64455.42810673,227,50.30094782,1,50.30094782,1,0.078,100,12049075.4892676,4e-04
2023,4,"2023-T4","0110","Oficiais das forças armadas",1,60456.84358746,135,52102.99002557,121,0,0,0,0,12049075.4892676,0
2023,4,"2023-T4","0411","Oficiais de polícia militar",1,42002.9541574,83,35747.85239416,67,0,0,0,0,12049075.4892676,0
2023,4,"2023-T4","0511","Oficiais de bombeiro militar",1,9120.55032741,25,8164.27749693,22,0,0,0,0,12049075.4892676,0
2023,4,"2023-T4","1223","Dirigentes de pesquisa e desenvolvimento",1,24810.85808894,30,18920.74129705,27,0,0,0,0,12049075.4892676,0
2023,4,"2023-T4","1330","Dirigentes de serviços de tecnologia da informação e comunicações",1,119357.52275453,157,91374.13470448,126,0,0,0,0,12049075.4892676,0
2023,4,"2023-T4","1342","Dirigentes de serviços de saúde",1,62076.95738148,119,42708.95199917,89,0,0,0,0,12049075.4892676,0
2023,4,"2023-T4","1345","Dirigentes de serviços de educação",1,142490.97033404,293,124089.71814405,261,0,0,0,0,12049075.4892676,0
2023,4,"2023-T4","1349","Dirigentes e gerentes de serviços profissionais não classificados anteriormente",1,35421.6462657,77,20983.04667587,53,0,0,0,0,12049075.4892676,0
2023,4,"2023-T4","2111","Físicos e astrônomos",1,1171.84714461,2,1171.84714461,2,0,0,0,0,12049075.4892676,0
2023,4,"2023-T4","2113","Químicos",1,34465.08077039,46,34465.08077039,46,0,0,0,0,12049075.4892676,0
2023,4,"2023-T4","2114","Geólogos e geofísicos",1,13544.20234005,23,13544.20234005,23,0,0,0,0,12049075.4892676,0
2023,4,"2023-T4","2120","Matemáticos, atuários e estatísticos",1,6885.55721757,9,6885.55721757,9,0,0,0,0,12049075.4892676,0
2023,4,"2023-T4","2131","Biólogos, botânicos, zoólogos e afins",1,58704.57500067,119,58704.57500067,119,0,0,0,0,12049075.4892676,0
2023,4,"2023-T4","2132","Agrônomos e afins",1,53661.15298406,102,53661.15298406,102,0,0,0,0,12049075.4892676,0
2023,4,"2023-T4","2133","Profissionais da proteção do meio ambiente",1,30878.47080839,69,25431.61903457,54,0,0,0,0,12049075.4892676,0
2023,4,"2023-T4","2141","Engenheiros industriais e de produção",1,40258.70621183,63,40258.70621183,63,0,0,0,0,12049075.4892676,0
2023,4,"2023-T4","2142","Engenheiros civis",1,265509.34307588,473,265509.34307588,473,0,0,0,0,12049075.4892676,0
2023,4,"2023-T4","2143","Engenheiros de meio ambiente",1,27575.71765735,62,27575.71765735,62,0,0,0,0,12049075.4892676,0
2023,4,"2023-T4","2144","Engenheiros mecânicos",1,92853.63031849,134,92853.63031849,134,0,0,0,0,12049075.4892676,0
2023,4,"2023-T4","2145","Engenheiros químicos",1,24342.14743213,41,24342.14743213,41,0,0,0,0,12049075.4892676,0
2023,4,"2023-T4","2146","Engenheiros de minas, metalúrgicos e afins",1,4956.28377196,7,4956.28377196,7,0,0,0,0,12049075.4892676,0
2023,4,"2023-T4","2149","Engenheiros não classificados anteriormente",1,57801.856446,81,57801.856446,81,0,0,0,0,12049075.4892676,0
2023,4,"2023-T4","2151","Engenheiros eletricistas",1,76121.12777944,127,76121.12777944,127,0,0,0,0,12049075.4892676,0
2023,4,"2023-T4","2152","Engenheiros eletrônicos",1,32218.50697156,38,32218.50697156,38,0,0,0,0,12049075.4892676,0
2023,4,"2023-T4","2153","Engenheiros em telecomunicações",1,12022.13005093,11,12022.13005093,11,0,0,0,0,12049075.4892676,0
2023,4,"2023-T4","2161","Arquitetos de edificações",1,189814.16994537,326,189814.16994537,326,0,0,0,0,12049075.4892676,0
2023,4,"2023-T4","2162","Arquitetos paisagistas",1,5266.27225119,2,5266.27225119,2,0,0,0,0,12049075.4892676,0
2023,4,"2023-T4","2163","Desenhistas de produtos e  vestuário",1,28409.83817207,43,28409.83817207,43,0,0,0,0,12049075.4892676,0
2023,4,"2023-T4","2164","Urbanistas e engenheiros de trânsito",1,1736.84581653,5,1736.84581653,5,0,0,0,0,12049075.4892676,0
2023,4,"2023-T4","2165","Cartógrafos e agrimensores",1,6512.00716645,9,6512.00716645,9,0,0,0,0,12049075.4892676,0
2023,4,"2023-T4","2211","Médicos gerais",1,215597.57758938,346,215597.57758938,346,0,0,0,0,12049075.4892676,0
2023,4,"2023-T4","2212","Médicos especialistas",1,360424.20570662,636,360424.20570662,636,0,0,0,0,12049075.4892676,0
2023,4,"2023-T4","2221","Profissionais de enfermagem",1,512861.0678606,936,512861.0678606,936,0,0,0,0,12049075.4892676,0
2023,4,"2023-T4","2230","Profissionais da medicina tradicional e alternativa",1,7716.54976649,12,7716.54976649,12,0,0,0,0,12049075.4892676,0
2023,4,"2023-T4","2240","Paramédicos",1,770.19074575,2,770.19074575,2,0,0,0,0,12049075.4892676,0
2023,4,"2023-T4","2250","Veterinários",1,125896.86833905,221,125896.86833905,221,0,0,0,0,12049075.4892676,0
2023,4,"2023-T4","2261","Dentistas",1,283674.89522495,569,283674.89522495,569,0,0,0,0,12049075.4892676,0
2023,4,"2023-T4","2262","Farmacêuticos",1,215011.84951118,354,215011.84951118,354,0,0,0,0,12049075.4892676,0
2023,4,"2023-T4","2263","Profissionais da saúde e da higiene laboral e ambiental",1,4497.70035009,7,4497.70035009,7,0,0,0,0,12049075.4892676,0
2023,4,"2023-T4","2264","Fisioterapeutas",1,238559.9824004,443,238559.9824004,443,0,0,0,0,12049075.4892676,0
2023,4,"2023-T4","2265","Dietistas e nutricionistas",1,146495.03147385,263,146495.03147385,263,0,0,0,0,12049075.4892676,0
2023,4,"2023-T4","2266","Fonoaudiólogos e logopedistas",1,35180.19156977,58,35180.19156977,58,0,0,0,0,12049075.4892676,0
2023,4,"2023-T4","2267","Optometristas",1,1342.57988911,3,1342.57988911,3,0,0,0,0,12049075.4892676,0
2023,4,"2023-T4","2269","Profissionais da saúde não classificados anteriormente",1,54838.50716339,96,18236.09311851,42,0,0,0,0,12049075.4892676,0
2023,4,"2023-T4","2310","Professores de universidades e do ensino superior",1,303178.20337353,576,303178.20337353,576,0,0,0,0,12049075.4892676,0
2023,4,"2023-T4","2320","Professores de formação profissional",1,119048.44056187,190,71018.07676383,110,0,0,0,0,12049075.4892676,0
2023,4,"2023-T4","2330","Professores do ensino médio",1,695982.79952948,1474,647556.6378199,1386,0,0,0,0,12049075.4892676,0
2023,4,"2023-T4","2341","Professores do ensino fundamental",1,1546462.29310299,3613,1402618.03397072,3242,0,0,0,0,12049075.4892676,0
2023,4,"2023-T4","2342","Professores do ensino pré-escolar",1,734752.7011923,1517,619414.11001281,1258,0,0,0,0,12049075.4892676,0
2023,4,"2023-T4","2351","Especialistas em métodos pedagógicos",1,330779.15748964,694,302526.07710289,634,0,0,0,0,12049075.4892676,0
2023,4,"2023-T4","2352","Educadores para necessidades especiais",1,35960.54296769,68,28171.89111553,52,0,0,0,0,12049075.4892676,0
2023,4,"2023-T4","2359","Profissionais de ensino não classificados anteriormente",1,257435.79956108,503,116775.87093002,221,0,0,0,0,12049075.4892676,0
2023,4,"2023-T4","2411","Contadores",1,552768.47969723,1016,552768.47969723,1016,0,0,0,0,12049075.4892676,0
2023,4,"2023-T4","2412","Assessores financeiros e em investimentos",1,24502.4364367,33,24502.4364367,33,0,0,0,0,12049075.4892676,0
2023,4,"2023-T4","2413","Analistas financeiros",1,151990.15323879,215,151990.15323879,215,0,0,0,0,12049075.4892676,0
2023,4,"2023-T4","2421","Analistas de gestão e administração",1,408546.14635281,680,408546.14635281,680,0,0,0,0,12049075.4892676,0
2023,4,"2023-T4","2422","Especialistas em políticas de administração",1,6028.82244182,10,6028.82244182,10,0,0,0,0,12049075.4892676,0
2023,4,"2023-T4","2423","Especialistas em políticas e serviços de pessoal e afins",1,185789.0669677,325,141578.89471746,251,0,0,0,0,12049075.4892676,0
2023,4,"2023-T4","2424","Especialistas em formação de pessoal",1,28624.49714012,32,21970.37127438,25,0,0,0,0,12049075.4892676,0
2023,4,"2023-T4","2432","Profissionais de relações públicas",1,30516.87872251,51,15093.89705007,32,0,0,0,0,12049075.4892676,0
2023,4,"2023-T4","2511","Analistas de sistemas",1,435359.54807998,634,435359.54807998,634,0,0,0,0,12049075.4892676,0
2023,4,"2023-T4","2512","Desenvolvedores de programas e aplicativos (software)",1,189251.67499582,283,189251.67499582,283,0,0,0,0,12049075.4892676,0
2023,4,"2023-T4","2513","Desenvolvedores de páginas de internet (web) e multimídia",1,14372.68660413,18,14372.68660413,18,0,0,0,0,12049075.4892676,0
2023,4,"2023-T4","2514","Programadores de aplicações",1,62402.76439577,99,62402.76439577,99,0,0,0,0,12049075.4892676,0
2023,4,"2023-T4","2519","Desenvolvedores e analistas de programas e aplicativos (software) e multimídia não classificados anteriormente",1,7127.52211366,9,7127.52211366,9,0,0,0,0,12049075.4892676,0
2023,4,"2023-T4","2521","Desenhistas e administradores de bases de dados",1,37601.83918742,52,37601.83918742,52,0,0,0,0,12049075.4892676,0
2023,4,"2023-T4","2522","Administradores de sistemas",1,23531.9577154,35,23531.9577154,35,0,0,0,0,12049075.4892676,0
2023,4,"2023-T4","2523","Profissionais em rede de computadores",1,8848.70969666,14,8848.70969666,14,0,0,0,0,12049075.4892676,0
2023,4,"2023-T4","2529","Especialistas em base de dados e em redes de computadores não classificados anteriormente",1,19227.4225012,21,19227.4225012,21,0,0,0,0,12049075.4892676,0
2023,4,"2023-T4","2611","Advogados e juristas",1,926435.83060358,1645,926435.83060358,1645,0,0,0,0,12049075.4892676,0
2023,4,"2023-T4","2612","Juízes",1,534.11204138,2,534.11204138,2,0,0,0,0,12049075.4892676,0
2023,4,"2023-T4","2619","Profissionais em direito não classificados anteriormente",1,148064.29144737,321,142806.83007106,299,0,0,0,0,12049075.4892676,0
2023,4,"2023-T4","2621","Arquivologistas e curadores de museus",1,1753.96224852,3,1473.51819431,2,0,0,0,0,12049075.4892676,0
2023,4,"2023-T4","2622","Bibliotecários, documentaristas e afins",1,24289.93679149,53,18400.30762791,43,0,0,0,0,12049075.4892676,0
2023,4,"2023-T4","2631","Economistas",1,19172.78044118,36,19172.78044118,36,0,0,0,0,12049075.4892676,0
2023,4,"2023-T4","2632","Sociólogos, antropólogos e afins",1,4466.2007093,14,4466.2007093,14,0,0,0,0,12049075.4892676,0
2023,4,"2023-T4","2633","Filósofos, historiadores e especialistas em ciência política",1,2858.1146365,4,2858.1146365,4,0,0,0,0,12049075.4892676,0
2023,4,"2023-T4","2634","Psicólogos",1,379059.13317998,644,379059.13317998,644,0,0,0,0,12049075.4892676,0
2023,4,"2023-T4","2635","Assistentes sociais",1,128152.83631181,281,128152.83631181,281,0,0,0,0,12049075.4892676,0
2023,4,"2023-T4","2642","Jornalistas",1,188080.84195427,319,115008.37752529,185,0,0,0,0,12049075.4892676,0
2023,4,"2023-T4","2653","Bailarinos e coreógrafos",0,2218.99546694,3,0,0,0,0,0,NA,12049075.4892676,0
2023,4,"2023-T4","3133","Controladores de instalações de processamento de produtos químicos",0,6250.73338766,7,0,0,0,0,0,NA,12049075.4892676,0
2023,4,"2023-T4","4413","Codificadores de dados, revisores de provas de impressão e afins",0,1856.01747201,2,0,0,0,0,0,NA,12049075.4892676,0
2023,4,"2023-T4","5162","Acompanhantes e criados particulares",0,1882.02993825,3,0,0,0,0,0,NA,12049075.4892676,0
2023,4,"2023-T4","5168","Trabalhadores do sexo",0,4273.15433759,9,0,0,0,0,0,NA,12049075.4892676,0
2023,4,"2023-T4","5169","Trabalhadores de serviços pessoais não classificados anteriormente",0,7697.7620943,15,0,0,0,0,0,NA,12049075.4892676,0
2023,4,"2023-T4","5241","Modelos de moda, arte e publicidade",0,9048.53383691,9,0,0,0,0,0,NA,12049075.4892676,0
2023,4,"2023-T4","6129","Outros criadores e trabalhadores qualificados da pecuária não classificados anteriormente",0,852.02409111,4,0,0,0,0,0,NA,12049075.4892676,0
2023,4,"2023-T4","6224","Caçadores",0,191.50568891,1,0,0,0,0,0,NA,12049075.4892676,0
2023,4,"2023-T4","7114","Trabalhadores em cimento e concreto armado",0,11636.16341443,25,0,0,0,0,0,NA,12049075.4892676,0
2023,4,"2023-T4","7124","Instaladores de material isolante térmico e acústico",0,10975.70950938,16,0,0,0,0,0,NA,12049075.4892676,0
2023,4,"2023-T4","7133","Limpadores de fachadas",0,1034.98051615,2,0,0,0,0,0,NA,12049075.4892676,0
2023,4,"2023-T4","7211","Moldadores de metal e macheiros",0,27244.76261977,38,0,0,0,0,0,NA,12049075.4892676,0
2023,4,"2023-T4","7221","Ferreiros e forjadores",0,8790.98794067,20,0,0,0,0,0,NA,12049075.4892676,0
2023,4,"2023-T4","7224","Polidores de metais e afiadores de ferramentas",0,26458.83531794,53,0,0,0,0,0,NA,12049075.4892676,0
2023,4,"2023-T4","7316","Redatores de cartazes, pintores decorativos e gravadores",0,10377.17554782,24,0,0,0,0,0,NA,12049075.4892676,0
2023,4,"2023-T4","7521","Trabalhadores de tratamento e preparação da madeira",0,6558.09254179,9,0,0,0,0,0,NA,12049075.4892676,0
2023,4,"2023-T4","7532","Trabalhadores qualificados da preparação da confecção de roupas",0,14548.32108671,33,0,0,0,0,0,NA,12049075.4892676,0
2023,4,"2023-T4","7541","Trabalhadores subaquáticos",0,4835.75252486,6,0,0,0,0,0,NA,12049075.4892676,0
2023,4,"2023-T4","7542","Dinamitadores e detonadores",0,1218.64483286,3,0,0,0,0,0,NA,12049075.4892676,0
2023,4,"2023-T4","8111","Mineiros e operadores de máquinas e de instalações em minas e pedreiras",0,3957.68620205,10,0,0,0,0,0,NA,12049075.4892676,0
2023,4,"2023-T4","8114","Operadores de máquinas para fabricar cimento, pedras e outros produtos minerais",0,27000.9654223,48,0,0,0,0,0,NA,12049075.4892676,0
2023,4,"2023-T4","8132","Operadores de máquinas para fabricar produtos fotográficos",0,392.51222329,2,0,0,0,0,0,NA,12049075.4892676,0
2023,4,"2023-T4","8143","Operadores de máquinas para fabricar produtos de papel",0,27652.58854947,48,0,0,0,0,0,NA,12049075.4892676,0
2023,4,"2023-T4","8151","Operadores de máquinas de preparação de fibras, fiação e bobinamento de fios",0,14203.56186637,33,0,0,0,0,0,NA,12049075.4892676,0
2023,4,"2023-T4","8159","Operadores de máquinas para fabricar produtos têxteis e artigos de couro e pele não classificados anteriormente",0,5309.13904271,8,0,0,0,0,0,NA,12049075.4892676,0
2023,4,"2023-T4","8189","Operadores de máquinas e de instalações fixas não classificados anteriormente",0,17654.401119,41,0,0,0,0,0,NA,12049075.4892676,0
2023,4,"2023-T4","8312","Guarda-freios e agentes de manobras",0,1455.19459211,3,0,0,0,0,0,NA,12049075.4892676,0
2023,4,"2023-T4","9123","Limpadores de janelas",0,285.53181544,2,0,0,0,0,0,NA,12049075.4892676,0
2023,4,"2023-T4","9213","Trabalhadores elementares da agropecuária",0,14532.83613729,60,0,0,0,0,0,NA,12049075.4892676,0
2023,4,"2023-T4","9216","Trabalhadores elementares da pesca e aquicultura",0,12788.94051478,38,0,0,0,0,0,NA,12049075.4892676,0
2023,4,"2023-T4","9311","Trabalhadores elementares de minas e pedreiras",0,31346.39059568,100,0,0,0,0,0,NA,12049075.4892676,0
2023,4,"2023-T4","9331","Condutores de veículos acionados a pedal ou a braços",0,43282.45768017,77,0,0,0,0,0,NA,12049075.4892676,0
2023,4,"2023-T4","9332","Condutores de veículos e máquinas de tração animal",0,21396.78041977,53,0,0,0,0,0,NA,12049075.4892676,0
2023,4,"2023-T4","9613","Varredores e afins",0,4222.36336775,8,0,0,0,0,0,NA,12049075.4892676,0
2023,4,"2023-T4","9624","Carregadores de água e coletores de lenha",0,4147.6709245,12,0,0,0,0,0,NA,12049075.4892676,0
2024,4,"2024-T4","4110","Escriturários gerais",0,4123227.59699129,7896,1473267.85541566,2940,1473267.85541566,2940,35.7309,100,12790762.5531382,11.5182
2024,4,"2024-T4","5221","Comerciantes de lojas",0,3398050.15774779,6900,681221.93526494,1268,681221.93526494,1268,20.0474,100,12790762.5531382,5.3259
2024,4,"2024-T4","5223","Balconistas e vendedores de lojas",0,3714374.27000912,6962,387414.27587986,749,387414.27587986,749,10.4301,100,12790762.5531382,3.0289
2024,4,"2024-T4","1219","Dirigentes de administração e de serviços não classificados anteriormente",0,558816.50542344,1003,345938.7519308,606,345938.7519308,606,61.9056,100,12790762.5531382,2.7046
2024,4,"2024-T4","1221","Dirigentes de vendas e  comercialização",0,373006.57207913,557,270940.49184836,388,270940.49184836,388,72.6369,100,12790762.5531382,2.1183
2024,4,"2024-T4","2431","Profissionais da publicidade e da comercialização",0,419200.42120977,619,269986.20274139,401,269986.20274139,401,64.405,100,12790762.5531382,2.1108
2024,4,"2024-T4","3221","Profissionais de nível médio de enfermagem",0,1200315.41738697,2256,265265.22549926,503,265265.22549926,503,22.0996,100,12790762.5531382,2.0739
2024,4,"2024-T4","3423","Instrutores de educação física e atividades recreativas",0,362191.889729,643,258083.36650461,453,258083.36650461,453,71.256,100,12790762.5531382,2.0177
2024,4,"2024-T4","3341","Supervisores de secretaria",0,514633.73851605,834,249820.63618817,404,249820.63618817,404,48.5434,100,12790762.5531382,1.9531
2024,4,"2024-T4","3411","Profissionais de nível médio do direito e serviços legais e afins",0,423407.14598533,808,245984.89467486,481,245984.89467486,481,58.0965,100,12790762.5531382,1.9231
2024,4,"2024-T4","8322","Condutores de automóveis, taxis e caminhonetes",0,2170866.69146612,3862,230983.63879419,394,230983.63879419,394,10.6402,100,12790762.5531382,1.8059
2024,4,"2024-T4","1346","Gerentes de sucursais de bancos, de serviços financeiros e de seguros",0,247054.76068008,375,221135.0474924,333,221135.0474924,333,89.5085,100,12790762.5531382,1.7289
2024,4,"2024-T4","1420","Gerentes de comércios atacadistas e varejistas",0,607609.19214097,1114,210194.17370633,396,210194.17370633,396,34.5936,100,12790762.5531382,1.6433
2024,4,"2024-T4","5243","Vendedores a domicilio",0,1208771.91031768,2452,206399.95396285,346,206399.95396285,346,17.0752,100,12790762.5531382,1.6137
2024,4,"2024-T4","5142","Especialistas em tratamento de beleza e afins",0,1431557.8283487,2612,201231.69020855,353,201231.69020855,353,14.0568,100,12790762.5531382,1.5733
2024,4,"2024-T4","3334","Agentes imobiliários",0,381951.15027993,662,173304.07724864,300,173304.07724864,300,45.3734,100,12790762.5531382,1.3549
2024,4,"2024-T4","0412","Graduados e praças da polícia militar",0,337939.96001348,676,167917.91513594,379,167917.91513594,379,49.6887,100,12790762.5531382,1.3128
2024,4,"2024-T4","4226","Recepcionistas em geral",0,1053943.60570867,1898,162662.61116474,300,162662.61116474,300,15.4337,100,12790762.5531382,1.2717
2024,4,"2024-T4","4120","Secretários (geral)",0,430470.18395725,916,157598.59969945,349,157598.59969945,349,36.6108,100,12790762.5531382,1.2321
2024,4,"2024-T4","5120","Cozinheiros",0,1566534.01923019,3483,134771.571243,261,134771.571243,261,8.6032,100,12790762.5531382,1.0537
2024,4,"2024-T4","3322","Representantes comerciais",0,355015.72340315,618,124453.79595928,201,124453.79595928,201,35.0559,100,12790762.5531382,0.973
2024,4,"2024-T4","5312","Ajudantes de professores",0,471351.26218795,1007,121042.8219511,243,121042.8219511,243,25.68,100,12790762.5531382,0.9463
2024,4,"2024-T4","3343","Secretários executivos e administrativos",0,254543.13609672,481,121025.79236509,229,121025.79236509,229,47.5463,100,12790762.5531382,0.9462
2024,4,"2024-T4","3253","Trabalhadores comunitários da saúde",0,453535.51759194,1161,117944.61774346,293,117944.61774346,293,26.0056,100,12790762.5531382,0.9221
2024,4,"2024-T4","5311","Cuidadores de crianças",0,1030618.75478742,2015,114069.53978591,209,114069.53978591,209,11.0681,100,12790762.5531382,0.8918
2024,4,"2024-T4","4321","Trabalhadores de controle de abastecimento e estoques",0,1082764.79128286,1756,112358.83985168,165,112358.83985168,165,10.377,100,12790762.5531382,0.8784
2024,4,"2024-T4","1212","Dirigentes de recursos humanos",0,138265.88286816,207,112254.18742345,152,112254.18742345,152,81.1872,100,12790762.5531382,0.8776
2024,4,"2024-T4","5414","Guardas de segurança",0,1406995.49304531,2745,111068.06141331,203,111068.06141331,203,7.894,100,12790762.5531382,0.8683
2024,4,"2024-T4","5412","Policiais",0,177003.37186923,353,108606.57167531,228,108606.57167531,228,61.3585,100,12790762.5531382,0.8491
2024,4,"2024-T4","9112","Trabalhadores de limpeza de interior de edifícios, escritórios, hotéis e outros estabelecimentos",0,2710883.58509399,5705,103367.39987279,236,103367.39987279,236,3.8131,100,12790762.5531382,0.8081
2024,4,"2024-T4","5249","Vendedores não classificados anteriormente",0,597752.30951844,1363,99672.64502535,190,99672.64502535,190,16.6746,100,12790762.5531382,0.7793
2024,4,"2024-T4","1321","Dirigentes de indústria de transformação",0,230845.89627579,415,94599.31199991,166,94599.31199991,166,40.9794,100,12790762.5531382,0.7396
2024,4,"2024-T4","4311","Trabalhadores de contabilidade e cálculo de custos",0,296731.24841746,487,92943.54409719,154,92943.54409719,154,31.3225,100,12790762.5531382,0.7266
2024,4,"2024-T4","5222","Supervisores de lojas",0,316808.64122733,519,90550.080818,146,90550.080818,146,28.5819,100,12790762.5531382,0.7079
2024,4,"2024-T4","5244","Vendedores por telefone",0,340625.84239544,505,86802.21105828,127,86802.21105828,127,25.4832,100,12790762.5531382,0.6786
2024,4,"2024-T4","2166","Desenhistas gráficos e de multimídia",0,182824.91701075,291,85776.782992,142,85776.782992,142,46.9174,100,12790762.5531382,0.6706
2024,4,"2024-T4","4222","Trabalhadores de centrais de atendimento",0,473477.03053368,733,82478.3141021,143,82478.3141021,143,17.4197,100,12790762.5531382,0.6448
2024,4,"2024-T4","3122","Supervisores de indústrias de transformação",0,274571.35681663,443,82281.55014134,117,82281.55014134,117,29.9673,100,12790762.5531382,0.6433
2024,4,"2024-T4","7512","Padeiros, confeiteiros e afins",0,961857.80800841,1815,81605.25668113,152,81605.25668113,152,8.4841,100,12790762.5531382,0.638
2024,4,"2024-T4","3513","Técnicos de redes e sistemas de computadores",0,264453.1427089,443,80393.73608746,141,80393.73608746,141,30.4,100,12790762.5531382,0.6285
2024,4,"2024-T4","6111","Agricultores e trabalhadores qualificados em atividades da agricultura (exclusive hortas, viveiros e jardins)",0,2203555.8919296,9126,80036.68647248,252,80036.68647248,252,3.6322,100,12790762.5531382,0.6257
2024,4,"2024-T4","1211","Dirigentes financeiros",0,100440.40326829,169,79818.34555273,134,79818.34555273,134,79.4684,100,12790762.5531382,0.624
2024,4,"2024-T4","3321","Agentes de seguros",0,149543.52815043,239,75314.43299833,117,75314.43299833,117,50.3629,100,12790762.5531382,0.5888
2024,4,"2024-T4","5141","Cabeleireiros",0,1197848.952266,2169,74673.80931497,161,74673.80931497,161,6.234,100,12790762.5531382,0.5838
2024,4,"2024-T4","4312","Trabalhadores de serviços estatísticos, financeiros e de seguros",0,115395.80002354,186,72049.71735832,111,72049.71735832,111,62.437,100,12790762.5531382,0.5633
2024,4,"2024-T4","1120","Diretores gerais e gerentes gerais",0,124616.12105771,185,71264.86742752,95,71264.86742752,95,57.1875,100,12790762.5531382,0.5572
2024,4,"2024-T4","3332","Organizadores de conferências e eventos",0,167914.60517821,278,70869.11825109,112,70869.11825109,112,42.2055,100,12790762.5531382,0.5541
2024,4,"2024-T4","3323","Agentes de compras",0,134801.04005311,223,69833.6753652,134,69833.6753652,134,51.805,100,12790762.5531382,0.546
2024,4,"2024-T4","7112","Pedreiros",0,2884624.45741492,5890,66607.44006624,117,66607.44006624,117,2.3091,100,12790762.5531382,0.5207
2024,4,"2024-T4","5230","Caixas e expedidores de bilhetes",0,1117579.49994609,2058,65415.11617349,136,65415.11617349,136,5.8533,100,12790762.5531382,0.5114
2024,4,"2024-T4","6121","Criadores de gado e trabalhadores qualificados da criação de gado",0,1377081.92126107,6804,64746.54118393,249,64746.54118393,249,4.7017,100,12790762.5531382,0.5062
2024,4,"2024-T4","0210","Graduados e praças das forças armadas",0,274813.69828635,551,64204.32119019,134,64204.32119019,134,23.3629,100,12790762.5531382,0.502
2024,4,"2024-T4","3311","Agentes e corretores de bolsa, câmbio e outros serviços financeiros",0,98546.03714744,164,63713.00204285,115,63713.00204285,115,64.653,100,12790762.5531382,0.4981
2024,4,"2024-T4","3313","Contabilistas e guarda livros",0,174650.34878436,287,63388.59361864,96,63388.59361864,96,36.2946,100,12790762.5531382,0.4956
2024,4,"2024-T4","8332","Condutores de caminhões pesados",0,1941575.68644068,3675,62578.57306922,112,62578.57306922,112,3.2231,100,12790762.5531382,0.4892
2024,4,"2024-T4","1412","Gerentes de restaurantes",0,231433.79687176,454,61510.33941526,119,61510.33941526,119,26.5779,100,12790762.5531382,0.4809
2024,4,"2024-T4","5413","Guardiões de presídios",0,96002.63040714,205,60848.89845657,150,60848.89845657,150,63.3825,100,12790762.5531382,0.4757
2024,4,"2024-T4","2353","Outros professores de idiomas",0,105119.03340448,166,58465.59834669,89,58465.59834669,89,55.6185,100,12790762.5531382,0.4571
2024,4,"2024-T4","3339","Agentes de serviços comerciais não classificados anteriormente",0,167835.76141356,262,56243.35363053,75,56243.35363053,75,33.5109,100,12790762.5531382,0.4397
2024,4,"2024-T4","3257","Inspetores de saúde laboral, ambiental e afins",0,206128.90267995,338,55492.78434526,106,55492.78434526,106,26.9214,100,12790762.5531382,0.4339
2024,4,"2024-T4","9111","Trabalhadores dos serviços domésticos em geral",0,4343329.79180677,9924,55026.90616973,117,55026.90616973,117,1.2669,100,12790762.5531382,0.4302
2024,4,"2024-T4","3355","Inspetores de polícia e detetives",0,60836.69573489,132,54410.41215842,120,54410.41215842,120,89.4368,100,12790762.5531382,0.4254
2024,4,"2024-T4","7233","Mecânicos e reparadores de máquinas agrícolas e industriais",0,547705.14219137,997,52933.56202147,87,52933.56202147,87,9.6646,100,12790762.5531382,0.4138
2024,4,"2024-T4","7543","Classificadores e provadores de produtos (exceto de bebidas e alimentos)",0,192716.31713115,319,52784.91913958,76,52784.91913958,76,27.39,100,12790762.5531382,0.4127
2024,4,"2024-T4","3511","Técnicos em operações de tecnologia da informação e das comunicações",0,207550.55313667,344,51850.19983164,83,51850.19983164,83,24.982,100,12790762.5531382,0.4054
2024,4,"2024-T4","3431","Fotógrafos",0,128490.89256534,213,49071.8401612,73,49071.8401612,73,38.1909,100,12790762.5531382,0.3837
2024,4,"2024-T4","3521","Técnicos de radiodifusão e gravação audiovisual",0,141982.49669126,209,48916.80295149,62,48916.80295149,62,34.4527,100,12790762.5531382,0.3824
2024,4,"2024-T4","1112","Dirigentes superiores da administração pública",0,74759.26767634,159,48157.48999218,101,48157.48999218,101,64.4167,100,12790762.5531382,0.3765
2024,4,"2024-T4","7422","Instaladores e reparadores em tecnologias da informação e comunicações",0,299120.61619398,507,46858.59147466,80,46858.59147466,80,15.6655,100,12790762.5531382,0.3663
2024,4,"2024-T4","4221","Trabalhadores de agências de viagem",0,73636.84956682,127,46666.58972542,75,46666.58972542,75,63.374,100,12790762.5531382,0.3648
2024,4,"2024-T4","7231","Mecânicos e reparadores de veículos a motor",0,1332662.44796069,2594,44143.5177668,90,44143.5177668,90,3.3124,100,12790762.5531382,0.3451
2024,4,"2024-T4","2636","Ministros de cultos religiosos, missionários e afins",0,94599.72965996,218,42998.60676358,93,42998.60676358,93,45.4532,100,12790762.5531382,0.3362
2024,4,"2024-T4","3119","Técnicos em ciências físicas e da engenharia não classificados anteriormente",0,122421.97657377,195,40830.44648499,70,40830.44648499,70,33.3522,100,12790762.5531382,0.3192
2024,4,"2024-T4","1324","Dirigentes de empresas de abastecimento, distribuição e afins",0,81640.49424342,149,37912.17509107,68,37912.17509107,68,46.438,100,12790762.5531382,0.2964
2024,4,"2024-T4","5322","Trabalhadores de cuidados pessoais a domicílios",0,706358.54970918,1447,37381.58041916,80,37381.58041916,80,5.2922,100,12790762.5531382,0.2923
2024,4,"2024-T4","0512","Graduados e praças do corpo de bombeiros",0,61391.82812813,136,36515.74754987,82,36515.74754987,82,59.4798,100,12790762.5531382,0.2855
2024,4,"2024-T4","7531","Alfaiates, modistas, chapeleiros e peleteiros",0,486993.30703241,1019,34058.27206744,67,34058.27206744,67,6.9936,100,12790762.5531382,0.2663
2024,4,"2024-T4","5153","Porteiros e zeladores",0,792628.87328537,1458,34019.57012094,71,34019.57012094,71,4.292,100,12790762.5531382,0.266
2024,4,"2024-T4","3412","Trabalhadores e assistentes sociais de nível médio",0,114891.40764297,226,33976.07894158,62,33976.07894158,62,29.5723,100,12790762.5531382,0.2656
2024,4,"2024-T4","3113","Eletrotécnicos",0,168109.86683709,296,32747.46985129,58,32747.46985129,58,19.4798,100,12790762.5531382,0.256
2024,4,"2024-T4","7411","Eletricistas de obras e afins",0,512616.9481937,864,31972.64580665,46,31972.64580665,46,6.2371,100,12790762.5531382,0.25
2024,4,"2024-T4","4323","Trabalhadores de serviços de transporte",0,147652.54992347,194,31436.96449688,46,31436.96449688,46,21.2912,100,12790762.5531382,0.2458
2024,4,"2024-T4","3114","Técnicos em eletrônica",0,151045.62202222,229,31268.43277409,46,31268.43277409,46,20.7013,100,12790762.5531382,0.2445
2024,4,"2024-T4","3112","Técnicos em engenharia civil",0,125794.91500714,230,30978.35560147,58,30978.35560147,58,24.6261,100,12790762.5531382,0.2422
2024,4,"2024-T4","1323","Dirigentes de empresas de construção",0,51860.7415402,95,30269.46695722,48,30269.46695722,48,58.3668,100,12790762.5531382,0.2367
2024,4,"2024-T4","3432","Desenhistas e decoradores de interiores",0,69354.91764392,108,29554.09262712,50,29554.09262712,50,42.6128,100,12790762.5531382,0.2311
2024,4,"2024-T4","3212","Técnicos de laboratórios médicos",0,58066.54270933,122,29538.45652945,51,29538.45652945,51,50.87,100,12790762.5531382,0.2309
2024,4,"2024-T4","3342","Secretários jurídicos",0,44415.09352942,72,29379.46770661,49,29379.46770661,49,66.1475,100,12790762.5531382,0.2297
2024,4,"2024-T4","2433","Profissionais de vendas técnicas e médicas (exclusive tic)",0,39370.76639624,61,29075.96944966,44,29075.96944966,44,73.8517,100,12790762.5531382,0.2273
2024,4,"2024-T4","8153","Operadores de máquinas de costura",0,767004.81407463,1508,28474.59135633,50,28474.59135633,50,3.7124,100,12790762.5531382,0.2226
2024,4,"2024-T4","4211","Caixas de banco e afins",0,39134.05103375,74,27774.52071405,47,27774.52071405,47,70.9728,100,12790762.5531382,0.2171
2024,4,"2024-T4","1311","Dirigentes de produção agropecuária e silvicultura",0,78862.46728837,238,27672.92401097,47,27672.92401097,47,35.0901,100,12790762.5531382,0.2164
2024,4,"2024-T4","3230","Profissionais de nível médio de medicina tradicional e alternativa",0,51580.9431961,86,27469.44529239,43,27469.44529239,43,53.255,100,12790762.5531382,0.2148
2024,4,"2024-T4","3123","Supervisores da construção",0,141241.02636962,253,27361.92751156,47,27361.92751156,47,19.3725,100,12790762.5531382,0.2139
2024,4,"2024-T4","3115","Técnicos em engenharia mecânica",0,193029.88834109,352,27337.47362695,50,27337.47362695,50,14.1623,100,12790762.5531382,0.2137
2024,4,"2024-T4","3512","Técnicos em assistência ao usuário de tecnologia da informação e das comunicações",0,65921.77299395,118,26528.17197802,45,26528.17197802,45,40.2419,100,12790762.5531382,0.2074
2024,4,"2024-T4","9412","Ajudantes de cozinha",0,759138.32273213,1416,26099.91443033,51,26099.91443033,51,3.4381,100,12790762.5531382,0.2041
2024,4,"2024-T4","2355","Outros professores de artes",0,54213.3566545,85,26018.98362486,39,26018.98362486,39,47.9937,100,12790762.5531382,0.2034
2024,4,"2024-T4","8321","Condutores de motocicletas",0,1116267.51866586,2017,25928.85921458,52,25928.85921458,52,2.3228,100,12790762.5531382,0.2027
2024,4,"2024-T4","5211","Vendedores de quiosques e postos de mercados",0,443148.32720069,964,25707.01433693,44,25707.01433693,44,5.801,100,12790762.5531382,0.201
2024,4,"2024-T4","3251","Dentistas auxiliares e ajudantes de odontologia",0,115852.4212792,225,24996.85937974,49,24996.85937974,49,21.5765,100,12790762.5531382,0.1954
2024,4,"2024-T4","2354","Outros professores de música",0,49101.6257032,91,24798.51719236,40,24798.51719236,40,50.5045,100,12790762.5531382,0.1939
2024,4,"2024-T4","3312","Agentes de empréstimos e financiamento",0,35237.44814035,68,24514.03646328,42,24514.03646328,42,69.5681,100,12790762.5531382,0.1917
2024,4,"2024-T4","7213","Chapistas e caldeireiros",0,511629.67862623,879,24272.2094003,32,24272.2094003,32,4.7441,100,12790762.5531382,0.1898
2024,4,"2024-T4","1439","Gerentes de serviços não classificados anteriormente",0,46920.16839935,92,24178.84846656,48,24178.84846656,48,51.5319,100,12790762.5531382,0.189
2024,4,"2024-T4","9333","Carregadores",0,903160.08240087,1638,23726.66524172,48,23726.66524172,48,2.6271,100,12790762.5531382,0.1855
2024,4,"2024-T4","3422","Treinadores, instrutores e árbitros de atividades esportivas",0,50159.43276472,99,23465.90952753,45,23465.90952753,45,46.7826,100,12790762.5531382,0.1835
2024,4,"2024-T4","5131","Garçons",0,547693.97526064,984,23238.16165008,34,23238.16165008,34,4.2429,100,12790762.5531382,0.1817
2024,4,"2024-T4","3211","Técnicos em aparelhos de diagnóstico e tratamento médico",0,63379.66841661,131,22849.26462797,54,22849.26462797,54,36.0514,100,12790762.5531382,0.1786
2024,4,"2024-T4","4225","Trabalhadores dos serviços de informações",0,124553.17521441,228,22825.72743457,43,22825.72743457,43,18.3261,100,12790762.5531382,0.1785
2024,4,"2024-T4","3353","Agentes de serviços de seguridade social",0,23510.03233816,50,22426.86530857,47,22426.86530857,47,95.3927,100,12790762.5531382,0.1753
2024,4,"2024-T4","9329","Trabalhadores elementares da indústria de transformação não classificados anteriormente",0,742754.63328014,1262,22300.96913279,43,22300.96913279,43,3.0025,100,12790762.5531382,0.1744
2024,4,"2024-T4","2652","Músicos, cantores e compositores",0,107119.5935049,212,22190.92359287,40,22190.92359287,40,20.716,100,12790762.5531382,0.1735
2024,4,"2024-T4","2641","Escritores",0,29309.24158114,55,22104.332279,43,22104.332279,43,75.4176,100,12790762.5531382,0.1728
2024,4,"2024-T4","1213","Dirigentes de políticas e planejamento",0,25054.35870826,48,22081.10483804,42,22081.10483804,42,88.1328,100,12790762.5531382,0.1726
2024,4,"2024-T4","7522","Marceneiros e afins",0,341455.91764612,666,21797.46000419,35,21797.46000419,35,6.3837,100,12790762.5531382,0.1704
2024,4,"2024-T4","4229","Trabalhadores de serviços de informação ao cliente não classificados anteriormente",0,122771.77686049,237,21611.48975621,39,21611.48975621,39,17.603,100,12790762.5531382,0.169
2024,4,"2024-T4","5246","Balconistas dos serviços de alimentação",0,503682.23656854,862,21524.23031903,41,21524.23031903,41,4.2734,100,12790762.5531382,0.1683
2024,4,"2024-T4","3352","Agentes da administração tributária",0,26803.87382882,52,21455.44026495,39,21455.44026495,39,80.046,100,12790762.5531382,0.1677
2024,4,"2024-T4","5419","Trabalhadores dos serviços de proteção e segurança não classificados anteriormente",0,69119.79949337,123,21181.81114306,45,21181.81114306,45,30.6451,100,12790762.5531382,0.1656
2024,4,"2024-T4","5164","Cuidadores de animais",0,188405.05317897,334,21053.95379503,36,21053.95379503,36,11.1748,100,12790762.5531382,0.1646
2024,4,"2024-T4","7318","Artesãos de tecidos, couros e materiais semelhantes",0,229004.12797545,502,20737.13780206,51,20737.13780206,51,9.0554,100,12790762.5531382,0.1621
2024,4,"2024-T4","4415","Trabalhadores de arquivos",0,64145.58221905,108,20554.14352179,33,20554.14352179,33,32.043,100,12790762.5531382,0.1607
2024,4,"2024-T4","9313","Trabalhadores elementares da construção de edifícios",0,1845203.68849899,3810,20305.71744376,35,20305.71744376,35,1.1005,100,12790762.5531382,0.1588
2024,4,"2024-T4","8331","Condutores de ônibus e bondes",0,465646.08781549,916,19302.35015782,36,19302.35015782,36,4.1453,100,12790762.5531382,0.1509
2024,4,"2024-T4","7223","Reguladores e operadores de máquinas-ferramentas",0,264847.53183067,391,19121.54045601,26,19121.54045601,26,7.2198,100,12790762.5531382,0.1495
2024,4,"2024-T4","7412","Mecânicos e ajustadores eletricistas",0,357146.74510585,618,18723.80070648,32,18723.80070648,32,5.2426,100,12790762.5531382,0.1464
2024,4,"2024-T4","1431","Gerentes de centros esportivos,  de diversão e culturais",0,34113.28233944,68,18717.93142338,43,18717.93142338,43,54.8699,100,12790762.5531382,0.1463
2024,4,"2024-T4","3142","Técnicos agropecuários",0,47281.68740286,111,18365.66935518,46,18365.66935518,46,38.8431,100,12790762.5531382,0.1436
2024,4,"2024-T4","3344","Secretários de medicina",0,72654.26234774,140,18174.59667839,29,18174.59667839,29,25.0152,100,12790762.5531382,0.1421
2024,4,"2024-T4","3116","Técnicos em química industrial",0,65475.73983763,96,17674.64207529,25,17674.64207529,25,26.9942,100,12790762.5531382,0.1382
2024,4,"2024-T4","9334","Repositores de prateleiras",0,743527.45981303,1450,17117.2168319,39,17117.2168319,39,2.3022,100,12790762.5531382,0.1338
2024,4,"2024-T4","2643","Tradutores, intérpretes e linguistas",0,28493.62080041,42,16926.25715284,27,16926.25715284,27,59.4037,100,12790762.5531382,0.1323
2024,4,"2024-T4","1411","Gerentes de hotéis",0,49604.40977084,102,16761.69686296,36,16761.69686296,36,33.7907,100,12790762.5531382,0.131
2024,4,"2024-T4","7111","Construtores de casas",0,59107.24425376,119,15877.05061864,26,15877.05061864,26,26.8614,100,12790762.5531382,0.1241
2024,4,"2024-T4","7131","Pintores e empapeladores",0,758311.73366905,1334,15765.39975109,27,15765.39975109,27,2.079,100,12790762.5531382,0.1233
2024,4,"2024-T4","5242","Demonstradores de lojas",0,130678.16353113,211,15677.84454493,23,15677.84454493,23,11.9973,100,12790762.5531382,0.1226
2024,4,"2024-T4","1111","Legisladores",0,39854.71998613,107,15663.56057871,41,15663.56057871,41,39.3016,100,12790762.5531382,0.1225
2024,4,"2024-T4","4214","Cobradores e afins",0,60692.00366976,103,15508.81393792,22,15508.81393792,22,25.5533,100,12790762.5531382,0.1213
2024,4,"2024-T4","6112","Agricultores e trabalhadores qualificados no cultivo de hortas, viveiros e jardins",0,714818.68615492,1915,15469.03140869,56,15469.03140869,56,2.164,100,12790762.5531382,0.1209
2024,4,"2024-T4","8344","Operadores de empilhadeiras",0,309679.54413405,492,15290.81008335,19,15290.81008335,19,4.9376,100,12790762.5531382,0.1195
2024,4,"2024-T4","3118","Desenhistas e projetistas técnicos",0,62429.13967731,108,14820.09420654,26,14820.09420654,26,23.7391,100,12790762.5531382,0.1159
2024,4,"2024-T4","1341","Dirigentes de serviços de cuidados infantis",0,18258.67023222,39,14445.65238511,32,14445.65238511,32,79.1167,100,12790762.5531382,0.1129
2024,4,"2024-T4","2654","Diretores de cinema, de teatro e afins",0,27383.91985502,45,14413.76620908,25,14413.76620908,25,52.6359,100,12790762.5531382,0.1127
2024,4,"2024-T4","3255","Técnicos e assistentes fisioterapeutas",0,77377.76635629,148,14406.59200938,31,14406.59200938,31,18.6185,100,12790762.5531382,0.1126
2024,4,"2024-T4","2656","Locutores de rádio, televisão e outros meios de comunicação",0,38210.57211774,67,14267.45118049,23,14267.45118049,23,37.339,100,12790762.5531382,0.1115
2024,4,"2024-T4","8342","Operadores de máquinas de movimentação de terras e afins",0,296961.67161731,661,14058.20788598,28,14058.20788598,28,4.734,100,12790762.5531382,0.1099
2024,4,"2024-T4","7222","Ferramenteiros e afins",0,57989.75349124,90,14028.33583031,13,14028.33583031,13,24.1911,100,12790762.5531382,0.1097
2024,4,"2024-T4","5329","Trabalhadores de cuidados pessoais nos serviços de saúde não classificados anteriormente",0,58249.01186604,114,12985.633913,27,12985.633913,27,22.2933,100,12790762.5531382,0.1015
2024,4,"2024-T4","9122","Lavadores de veículos",0,323575.42988807,571,12818.40126831,23,12818.40126831,23,3.9615,100,12790762.5531382,0.1002
2024,4,"2024-T4","5165","Instrutores de autoescola",0,44041.10249622,87,12588.92892102,24,12588.92892102,24,28.5845,100,12790762.5531382,0.0984
2024,4,"2024-T4","3359","Agentes da administração pública para aplicação da lei e afins não classificados anteriormente",0,20367.37498092,42,12455.79300195,24,12455.79300195,24,61.1556,100,12790762.5531382,0.0974
2024,4,"2024-T4","4416","Trabalhadores do serviço de pessoal",0,38670.04008251,66,12423.98399487,22,12423.98399487,22,32.1282,100,12790762.5531382,0.0971
2024,4,"2024-T4","5321","Trabalhadores de cuidados pessoais em instituições",0,75847.84312361,122,12294.3052513,16,12294.3052513,16,16.2092,100,12790762.5531382,0.0961
2024,4,"2024-T4","5113","Guias de turismo",0,29221.12276557,56,11949.13453227,15,11949.13453227,15,40.8921,100,12790762.5531382,0.0934
2024,4,"2024-T4","7322","Impressores",0,85473.56148751,142,11483.81354172,18,11483.81354172,18,13.4355,100,12790762.5531382,0.0898
2024,4,"2024-T4","3153","Pilotos de aviação e afins",0,21197.07932054,33,11473.73941004,19,11473.73941004,19,54.1289,100,12790762.5531382,0.0897
2024,4,"2024-T4","7119","Outros trabalhadores qualificados e operários da construção não classificados anteriormente",0,198904.53504872,542,11370.05148409,28,11370.05148409,28,5.7163,100,12790762.5531382,0.0889
2024,4,"2024-T4","3213","Técnicos e assistentes farmacêuticos",0,67350.2610085,120,11070.61784488,23,11070.61784488,23,16.4374,100,12790762.5531382,0.0866
2024,4,"2024-T4","9520","Vendedores ambulantes (exclusive de serviços de alimentação)",0,255156.44812485,544,11054.05058053,22,11054.05058053,22,4.3323,100,12790762.5531382,0.0864
2024,4,"2024-T4","3522","Técnicos de engenharia de telecomunicações",0,59661.57266556,88,10731.26580734,23,10731.26580734,23,17.9869,100,12790762.5531382,0.0839
2024,4,"2024-T4","3331","Despachantes aduaneiros",0,16010.75155553,21,10666.50297397,11,10666.50297397,11,66.6209,100,12790762.5531382,0.0834
2024,4,"2024-T4","1222","Dirigentes de publicidade e relações públicas",0,13776.20012611,18,10586.0889886,13,10586.0889886,13,76.8433,100,12790762.5531382,0.0828
2024,4,"2024-T4","7212","Soldadores e oxicortadores",0,346445.16223324,563,10530.94019854,22,10530.94019854,22,3.0397,100,12790762.5531382,0.0823
2024,4,"2024-T4","4412","Trabalhadores de serviços de correios",0,50597.40510929,81,10506.07087884,22,10506.07087884,22,20.7641,100,12790762.5531382,0.0821
2024,4,"2024-T4","7511","Magarefes e afins",0,546418.84121743,1056,10503.4843002,25,10503.4843002,25,1.9222,100,12790762.5531382,0.0821
2024,4,"2024-T4","9612","Classificadores de resíduos",0,306168.31066861,551,10431.52314772,14,10431.52314772,14,3.4071,100,12790762.5531382,0.0816
2024,4,"2024-T4","4224","Recepcionistas de hotéis",0,83572.76766599,155,10404.28196148,21,10404.28196148,21,12.4494,100,12790762.5531382,0.0813
2024,4,"2024-T4","4313","Trabalhadores encarregados de folha de pagamento",0,20901.01864497,41,10235.27876123,21,10235.27876123,21,48.9702,100,12790762.5531382,0.08
2024,4,"2024-T4","3434","Chefes de cozinha",0,51287.01771513,96,10197.08804546,21,10197.08804546,21,19.8824,100,12790762.5531382,0.0797
2024,4,"2024-T4","9211","Trabalhadores elementares da agricultura",0,1391424.33865327,4558,9712.26377841,29,9712.26377841,29,0.698,100,12790762.5531382,0.0759
2024,4,"2024-T4","3152","Capitães, oficiais de coberta e práticos",0,21210.93247743,46,9607.49143311,13,9607.49143311,13,45.295,100,12790762.5531382,0.0751
2024,4,"2024-T4","3214","Técnicos de próteses médicas e dentárias",0,45020.65956291,82,9097.85596059,13,9097.85596059,13,20.2082,100,12790762.5531382,0.0711
2024,4,"2024-T4","8142","Operadores de máquinas para fabricar produtos de material plástico",0,133120.55652506,206,9038.7659221,6,9038.7659221,6,6.7899,100,12790762.5531382,0.0707
2024,4,"2024-T4","8160","Operadores de máquinas para elaborar alimentos e produtos afins",0,326076.5156162,807,8979.74197831,15,8979.74197831,15,2.7539,100,12790762.5531382,0.0702
2024,4,"2024-T4","5245","Frentistas de posto de gasolina",0,294172.86625206,586,8965.81995471,19,8965.81995471,19,3.0478,100,12790762.5531382,0.0701
2024,4,"2024-T4","3132","Operadores de incineradores, instalações de tratamento de água e afins",0,26931.17028372,48,8701.2530596,19,8701.2530596,19,32.3092,100,12790762.5531382,0.068
2024,4,"2024-T4","2651","Artistas plásticos",0,20108.9365995,42,8512.01788525,22,8512.01788525,22,42.3295,100,12790762.5531382,0.0665
2024,4,"2024-T4","5212","Vendedores ambulantes de serviços de alimentação",0,310483.62348594,692,8071.19514424,22,8071.19514424,22,2.5996,100,12790762.5531382,0.0631
2024,4,"2024-T4","7515","Trabalhadores da degustação e classificação de alimentos e bebidas",0,37558.52514821,58,8058.06981963,12,8058.06981963,12,21.4547,100,12790762.5531382,0.063
2024,4,"2024-T4","7533","Costureiros, bordadeiros e afins",0,140000.56956373,280,7750.73928856,18,7750.73928856,18,5.5362,100,12790762.5531382,0.0606
2024,4,"2024-T4","8211","Mecânicos montadores de maquinaria mecânica",0,110596.32338144,139,7655.12256928,9,7655.12256928,9,6.9217,100,12790762.5531382,0.0598
2024,4,"2024-T4","7115","Carpinteiros",0,232901.66119588,485,7245.66879548,11,7245.66879548,11,3.111,100,12790762.5531382,0.0566
2024,4,"2024-T4","7319","Artesãos não classificados anteriormente",0,48733.36978729,104,6980.30910113,19,6980.30910113,19,14.3235,100,12790762.5531382,0.0546
2024,4,"2024-T4","5411","Bombeiros",0,45035.1394294,82,6898.19645022,21,6898.19645022,21,15.3174,100,12790762.5531382,0.0539
2024,4,"2024-T4","1114","Dirigentes de organizações que apresentam um interesse especial",0,17889.76236054,45,6768.52394187,18,6768.52394187,18,37.8346,100,12790762.5531382,0.0529
2024,4,"2024-T4","7232","Mecânicos e reparadores de motores de avião",0,18892.12284002,32,6726.66651093,11,6726.66651093,11,35.6057,100,12790762.5531382,0.0526
2024,4,"2024-T4","7413","Instaladores e reparadores de linhas elétricas",0,59012.60336586,129,6710.1872419,10,6710.1872419,10,11.3708,100,12790762.5531382,0.0525
2024,4,"2024-T4","6122","Avicultores e trabalhadores qualificados da avicultura",0,110609.98921591,479,6567.05509205,23,6567.05509205,23,5.9371,100,12790762.5531382,0.0513
2024,4,"2024-T4","4322","Trabalhadores de serviços de apoio à produção",0,73932.23736073,111,6329.88985743,12,6329.88985743,12,8.5617,100,12790762.5531382,0.0495
2024,4,"2024-T4","8341","Operadores de máquinas agrícolas e florestais móveis",0,365845.7423139,1071,6208.73637007,14,6208.73637007,14,1.6971,100,12790762.5531382,0.0485
2024,4,"2024-T4","3111","Técnicos em ciências físicas e químicas",0,24474.00253314,42,6188.58983548,11,6188.58983548,11,25.2864,100,12790762.5531382,0.0484
2024,4,"2024-T4","7317","Artesãos de pedra, madeira, vime e materiais semelhantes",0,86954.01417378,213,6077.60030789,12,6077.60030789,12,6.9894,100,12790762.5531382,0.0475
2024,4,"2024-T4","1322","Dirigentes de explorações de mineração",0,7904.72685527,12,5997.50709625,8,5997.50709625,8,75.8724,100,12790762.5531382,0.0469
2024,4,"2024-T4","3141","Técnicos e profissionais de nível médio em ciências biológicas (exclusive da medicina)",0,17757.37603257,33,5896.28134759,11,5896.28134759,11,33.2047,100,12790762.5531382,0.0461
2024,4,"2024-T4","5111","Auxiliares de serviço de bordo",0,12686.78607472,16,5852.868348,8,5852.868348,8,46.1336,100,12790762.5531382,0.0458
2024,4,"2024-T4","3514","Técnicos da web",0,23740.71937736,48,5756.87531449,8,5756.87531449,8,24.249,100,12790762.5531382,0.045
2024,4,"2024-T4","7421","Mecânicos e reparadores em eletrônica",0,72681.35845246,140,5715.31051847,10,5715.31051847,10,7.8635,100,12790762.5531382,0.0447
2024,4,"2024-T4","8183","Operadores de máquinas de embalagem, engarrafamento e etiquetagem",0,103667.83296278,195,5668.05738019,12,5668.05738019,12,5.4675,100,12790762.5531382,0.0443
2024,4,"2024-T4","3435","Outros profissionais de nível médio em atividades culturais e artísticas",0,26060.70328769,44,5614.52349216,6,5614.52349216,6,21.544,100,12790762.5531382,0.0439
2024,4,"2024-T4","3117","Técnicos em engenharia de minas e metalurgia",0,54668.08285147,66,5575.03971501,9,5575.03971501,9,10.198,100,12790762.5531382,0.0436
2024,4,"2024-T4","9411","Preparadores de comidas rápidas",0,129565.23824452,243,5461.03508346,13,5461.03508346,13,4.2149,100,12790762.5531382,0.0427
2024,4,"2024-T4","9321","empacotadores manuais",0,227013.6416627,406,5413.80617027,11,5413.80617027,11,2.3848,100,12790762.5531382,0.0423
2024,4,"2024-T4","9629","Outras ocupações elementares não classificadas anteriormente",0,227809.80815489,543,5375.89147731,10,5375.89147731,10,2.3598,100,12790762.5531382,0.042
2024,4,"2024-T4","8343","Operadores de guindastes, gruas, aparatos de elevação e afins",0,75103.59749482,135,5335.69562278,8,5335.69562278,8,7.1044,100,12790762.5531382,0.0417
2024,4,"2024-T4","8311","Maquinistas de locomotivas",0,13718.55560708,17,5323.18163944,8,5323.18163944,8,38.8028,100,12790762.5531382,0.0416
2024,4,"2024-T4","7132","Lustradores",0,167692.27527034,319,5153.26968781,8,5153.26968781,8,3.0731,100,12790762.5531382,0.0403
2024,4,"2024-T4","3258","Ajudantes de ambulâncias",0,26851.77589828,53,5015.71473054,9,5015.71473054,9,18.6793,100,12790762.5531382,0.0392
2024,4,"2024-T4","8141","Operadores de máquinas para fabricar produtos de borracha",0,157010.55417626,294,4767.60234166,6,4767.60234166,6,3.0365,100,12790762.5531382,0.0373
2024,4,"2024-T4","3135","Controladores de processos de produção de metais",0,19904.23310186,24,4756.54540307,4,4756.54540307,4,23.8972,100,12790762.5531382,0.0372
2024,4,"2024-T4","2356","Instrutores em tecnologias da informação",0,9970.13766772,17,4657.79642428,4,4657.79642428,4,46.7175,100,12790762.5531382,0.0364
2024,4,"2024-T4","3259","Profissionais de nível médio da saúde não classificados anteriormente",0,44138.35214905,74,4640.95476821,9,4640.95476821,9,10.5146,100,12790762.5531382,0.0363
2024,4,"2024-T4","3256","assistentes de medicina",0,43774.14557596,64,4506.7832105,8,4506.7832105,8,10.2955,100,12790762.5531382,0.0352
2024,4,"2024-T4","9611","Coletores de lixo e material reciclável",0,262280.36020626,553,4473.63673339,13,4473.63673339,13,1.7057,100,12790762.5531382,0.035
2024,4,"2024-T4","2655","Atores",0,18715.76930343,25,4446.53039738,7,4446.53039738,7,23.7582,100,12790762.5531382,0.0348
2024,4,"2024-T4","3121","Supervisores da mineração",0,13434.55564596,19,4439.80497151,5,4439.80497151,5,33.0477,100,12790762.5531382,0.0347
2024,4,"2024-T4","9121","Lavadeiros de roupas e passadeiros manuais",0,73524.15362036,127,4332.41100446,5,4332.41100446,5,5.8925,100,12790762.5531382,0.0339
2024,4,"2024-T4","4419","Trabalhadores de apoio administrativo não classificados anteriormente",0,21347.3404516,43,4275.31993267,7,4275.31993267,7,20.0274,100,12790762.5531382,0.0334
2024,4,"2024-T4","4411","Trabalhadores de bibliotecas",0,9742.25197579,27,4266.71155161,10,4266.71155161,10,43.7959,100,12790762.5531382,0.0334
2024,4,"2024-T4","8219","Montadores não classificados anteriormente",0,176147.92314355,297,4115.12484083,5,4115.12484083,5,2.3362,100,12790762.5531382,0.0322
2024,4,"2024-T4","5152","Governantas e mordomos domésticos",0,20036.77922545,46,4047.07278688,11,4047.07278688,11,20.1982,100,12790762.5531382,0.0316
2024,4,"2024-T4","8121","Operadores de instalações de processamento de metais",0,123095.50910785,178,3978.81974528,8,3978.81974528,8,3.2323,100,12790762.5531382,0.0311
2024,4,"2024-T4","4227","Entrevistadores de pesquisas de mercado",0,10691.4341971,27,3967.53626351,12,3967.53626351,12,37.1095,100,12790762.5531382,0.031
2024,4,"2024-T4","7544","Fumigadores e outros controladores de pragas e ervas daninhas",0,41516.61796803,103,3810.97925055,5,3810.97925055,5,9.1794,100,12790762.5531382,0.0298
2024,4,"2024-T4","7314","Ceramistas e afins (preparação e fabricação)",0,86219.37440797,195,3807.00336963,8,3807.00336963,8,4.4155,100,12790762.5531382,0.0298
2024,4,"2024-T4","5132","atendentes de bar",0,183313.23568232,396,3777.85610138,14,3777.85610138,14,2.0609,100,12790762.5531382,0.0295
2024,4,"2024-T4","8156","Operadores de máquinas para fabricação de calçados e afins",0,121232.68530688,170,3594.43067207,4,3594.43067207,4,2.9649,100,12790762.5531382,0.0281
2024,4,"2024-T4","7123","Gesseiros",0,128029.05303609,243,3565.62553827,7,3565.62553827,7,2.785,100,12790762.5531382,0.0279
2024,4,"2024-T4","7312","Confeccionadores e afinadores de instrumentos musicais",0,11792.86483002,16,3452.1420369,5,3452.1420369,5,29.2731,100,12790762.5531382,0.027
2024,4,"2024-T4","9212","Trabalhadores elementares da pecuária",0,544353.86152383,2408,3439.6580739,15,3439.6580739,15,0.6319,100,12790762.5531382,0.0269
2024,4,"2024-T4","8212","Montadores de equipamentos elétricos e eletrônicos",0,97944.52295954,144,3377.94645091,8,3377.94645091,8,3.4488,100,12790762.5531382,0.0264
2024,4,"2024-T4","3315","Avaliadores",0,6006.06802172,10,3354.62548908,5,3354.62548908,5,55.8539,100,12790762.5531382,0.0262
2024,4,"2024-T4","7126","Bombeiros e encanadores",0,156681.73445084,308,3325.94485287,8,3325.94485287,8,2.1227,100,12790762.5531382,0.026
2024,4,"2024-T4","8152","Operadores de teares e outras máquinas de tecelagem",0,53815.28951015,105,3325.02256236,6,3325.02256236,6,6.1786,100,12790762.5531382,0.026
2024,4,"2024-T4","4132","Operadores de entrada de dados",0,20509.0621597,54,3293.37528434,11,3293.37528434,11,16.0581,100,12790762.5531382,0.0257
2024,4,"2024-T4","9621","Mensageiros, carregadores de bagagens e entregadores de encomendas",0,67564.18539487,108,3270.15725339,5,3270.15725339,5,4.8401,100,12790762.5531382,0.0256
2024,4,"2024-T4","7536","Sapateiros e afins",0,143123.41315517,215,3267.28518817,3,3267.28518817,3,2.2828,100,12790762.5531382,0.0255
2024,4,"2024-T4","3333","Agentes de emprego e agenciadores de mão de obra",0,7992.36123203,14,2950.61794075,4,2950.61794075,4,36.918,100,12790762.5531382,0.0231
2024,4,"2024-T4","4223","Telefonistas",0,31160.940893,57,2887.51765465,9,2887.51765465,9,9.2665,100,12790762.5531382,0.0226
2024,4,"2024-T4","4212","Coletores de apostas e de jogos",0,67373.86634241,135,2852.78445971,7,2852.78445971,7,4.2343,100,12790762.5531382,0.0223
2024,4,"2024-T4","7514","Trabalhadores da conservação de frutas, legumes e similares",0,55627.94348987,169,2811.99769486,7,2811.99769486,7,5.055,100,12790762.5531382,0.022
2024,4,"2024-T4","7311","Mecânicos e reparadores de instrumentos de precisão",0,32896.28181392,56,2807.78525104,3,2807.78525104,3,8.5353,100,12790762.5531382,0.022
2024,4,"2024-T4","7127","Mecânicos-instaladores de sistemas de refrigeração e climatização",0,85531.37513386,157,2672.62570859,7,2672.62570859,7,3.1247,100,12790762.5531382,0.0209
2024,4,"2024-T4","7316","Redatores de cartazes, pintores decorativos e gravadores",0,16620.95131216,26,2569.6055794,2,2569.6055794,2,15.46,100,12790762.5531382,0.0201
2024,4,"2024-T4","7313","Joalheiros e lapidadores de gemas, artesãos de metais preciosos e semipreciosos",0,31640.85666043,57,2501.9951877,5,2501.9951877,5,7.9075,100,12790762.5531382,0.0196
2024,4,"2024-T4","5241","Modelos de moda, arte e publicidade",0,4745.21460999,8,2500.85698221,1,2500.85698221,1,52.7027,100,12790762.5531382,0.0196
2024,4,"2024-T4","7122","Aplicadores de revestimentos cerâmicos, pastilhas, pedras e madeiras",0,113049.7328392,224,2497.90526333,8,2497.90526333,8,2.2096,100,12790762.5531382,0.0195
2024,4,"2024-T4","7124","Instaladores de material isolante térmico e acústico",0,17364.3258395,30,2444.587197,3,2444.587197,3,14.0782,100,12790762.5531382,0.0191
2024,4,"2024-T4","7113","Canteiros, cortadores e gravadores de pedras",0,84499.36142791,149,2418.17917434,4,2418.17917434,4,2.8618,100,12790762.5531382,0.0189
2024,4,"2024-T4","9215","Trabalhadores florestais elementares",0,194208.5018366,671,2369.33265459,4,2369.33265459,4,1.22,100,12790762.5531382,0.0185
2024,4,"2024-T4","7321","Trabalhadores da pré-impressão gráfica",0,29409.02801859,39,2353.62315606,2,2353.62315606,2,8.0031,100,12790762.5531382,0.0184
2024,4,"2024-T4","8122","Operadores de máquinas polidoras, galvanizadoras e recobridoras de metais",0,52111.450444,75,2221.56587875,4,2221.56587875,4,4.2631,100,12790762.5531382,0.0174
2024,4,"2024-T4","5151","Supervisores de manutenção e limpeza de edifícios em escritórios, hotéis e estabelecimentos",0,25752.8374498,37,2217.85484726,7,2217.85484726,7,8.6121,100,12790762.5531382,0.0173
2024,4,"2024-T4","3324","Corretores de comercialização",0,11085.39034015,28,2212.7597052,5,2212.7597052,5,19.961,100,12790762.5531382,0.0173
2024,4,"2024-T4","2434","Profissionais de vendas de tecnologia da informação e comunicações",0,5853.83339707,10,2203.20886617,5,2203.20886617,5,37.637,100,12790762.5531382,0.0172
2024,4,"2024-T4","3240","Técnicos e assistentes veterinários",0,21953.59238465,47,2150.73338617,5,2150.73338617,5,9.7967,100,12790762.5531382,0.0168
2024,4,"2024-T4","8172","Operadores de instalações para processamento de madeira",0,93749.05215928,248,2061.86610168,8,2061.86610168,8,2.1993,100,12790762.5531382,0.0161
2024,4,"2024-T4","7534","Tapeceiros, colchoeiros e afins",0,88368.94906831,156,2003.13930358,8,2003.13930358,8,2.2668,100,12790762.5531382,0.0157
2024,4,"2024-T4","1343","Dirigentes de serviços de cuidado a pessoas idosas",0,3155.05902708,5,1998.56420635,3,1998.56420635,3,63.3447,100,12790762.5531382,0.0156
2024,4,"2024-T4","8181","Operadores de instalações de vidraria e cerâmica",0,45861.16362016,92,1998.14225547,2,1998.14225547,2,4.3569,100,12790762.5531382,0.0156
2024,4,"2024-T4","8112","Operadores de instalações de processamento de minerais e rochas",0,24490.39344932,53,1971.45790978,2,1971.45790978,2,8.0499,100,12790762.5531382,0.0154
2024,4,"2024-T4","7513","Trabalhadores da pasteurização do leite e fabricação de laticínios e afins",0,70424.52635274,303,1874.30629314,9,1874.30629314,9,2.6614,100,12790762.5531382,0.0147
2024,4,"2024-T4","2653","Bailarinos e coreógrafos",0,3302.4181133,5,1811.74001387,3,1811.74001387,3,54.861,100,12790762.5531382,0.0142
2024,4,"2024-T4","9214","Trabalhadores elementares da jardinagem e horticultura",0,60105.45288271,173,1786.76194656,4,1786.76194656,4,2.9727,100,12790762.5531382,0.014
2024,4,"2024-T4","9510","Trabalhadores ambulantes dos serviços e afins",0,68509.08982887,132,1770.16590525,2,1770.16590525,2,2.5838,100,12790762.5531382,0.0138
2024,4,"2024-T4","7125","Vidraceiros",0,74967.03014762,121,1709.08477861,4,1709.08477861,4,2.2798,100,12790762.5531382,0.0134
2024,4,"2024-T4","8143","Operadores de máquinas para fabricar produtos de papel",0,26495.05748586,49,1697.72268025,2,1697.72268025,2,6.4077,100,12790762.5531382,0.0133
2024,4,"2024-T4","8131","Operadores de instalações e máquinas de produtos químicos",0,74758.52127523,103,1663.41402631,4,1663.41402631,4,2.225,100,12790762.5531382,0.013
2024,4,"2024-T4","5161","Astrólogos, adivinhos e afins",0,10267.52206114,22,1631.13268627,5,1631.13268627,5,15.8863,100,12790762.5531382,0.0128
2024,4,"2024-T4","3154","Controladores de tráfego aéreo",0,3366.87495095,6,1603.40570935,4,1603.40570935,4,47.623,100,12790762.5531382,0.0125
2024,4,"2024-T4","3139","Técnicos em controle de processos não classificados anteriormente",0,13605.94447917,28,1597.02173277,4,1597.02173277,4,11.7377,100,12790762.5531382,0.0125
2024,4,"2024-T4","3252","Técnicos em documentação sanitária",0,2034.64882989,4,1509.54870675,3,1509.54870675,3,74.1921,100,12790762.5531382,0.0118
2024,4,"2024-T4","7541","Trabalhadores subaquáticos",0,2093.09835416,4,1492.84514744,3,1492.84514744,3,71.3223,100,12790762.5531382,0.0117
2024,4,"2024-T4","9312","Trabalhadores elementares de obras públicas e da manutenção de estradas, represas e similares",0,43135.08545025,84,1430.91070878,2,1430.91070878,2,3.3173,100,12790762.5531382,0.0112
2024,4,"2024-T4","7214","Montadores de estruturas metálicas",0,129209.14306563,215,1419.66469246,3,1419.66469246,3,1.0987,100,12790762.5531382,0.0111
2024,4,"2024-T4","3222","Profissionais de nível médio de partos",0,4920.04019209,7,1388.13542464,3,1388.13542464,3,28.2139,100,12790762.5531382,0.0109
2024,4,"2024-T4","3151","Oficiais maquinistas em navegação",0,1370.48519724,2,1370.48519724,2,1370.48519724,2,100,100,12790762.5531382,0.0107
2024,4,"2024-T4","3155","Técnicos em segurança aeronáutica",0,2107.84382301,5,1278.96939426,3,1278.96939426,3,60.6767,100,12790762.5531382,0.01
2024,4,"2024-T4","3143","Técnicos florestais",0,2891.35258659,7,1264.25527625,2,1264.25527625,2,43.7254,100,12790762.5531382,0.0099
2024,4,"2024-T4","6123","Apicultores, sericicultores e trabalhadores qualificados da apicultura e sericicultura",0,17260.90028527,72,1200.67488628,3,1200.67488628,3,6.956,100,12790762.5531382,0.0094
2024,4,"2024-T4","3421","Atletas e esportistas",0,27761.0095977,52,1107.63720739,3,1107.63720739,3,3.9899,100,12790762.5531382,0.0087
2024,4,"2024-T4","3314","Profissionais de nível médio de serviços estatísticos, matemáticos e afins",0,3450.6931382,12,1071.11842409,5,1071.11842409,5,31.0407,100,12790762.5531382,0.0084
2024,4,"2024-T4","6221","Trabalhadores da aquicultura",0,13893.75475725,60,1009.86637024,4,1009.86637024,4,7.2685,100,12790762.5531382,0.0079
2024,4,"2024-T4","6210","Trabalhadores florestais qualificados e afins",0,77094.02805155,251,1001.98865936,3,1001.98865936,3,1.2997,100,12790762.5531382,0.0078
2024,4,"2024-T4","6225","Pescadores",0,304793.73189667,1047,992.03583942,3,992.03583942,3,0.3255,100,12790762.5531382,0.0078
2024,4,"2024-T4","7323","Encadernadores e afins",0,17816.17380652,24,979.46019706,2,979.46019706,2,5.4976,100,12790762.5531382,0.0077
2024,4,"2024-T4","3131","Operadores de instalações de produção de energia",0,4479.25116659,12,952.60603579,3,952.60603579,3,21.2671,100,12790762.5531382,0.0074
2024,4,"2024-T4","8113","Perfuradores e sondadores de poços e afins",0,21970.01183273,44,926.59085591,2,926.59085591,2,4.2175,100,12790762.5531382,0.0072
2024,4,"2024-T4","9331","Condutores de veículos acionados a pedal ou a braços",0,33441.79660087,63,926.0711417,2,926.0711417,2,2.7692,100,12790762.5531382,0.0072
2024,4,"2024-T4","3134","Operadores de instalações de refino de petróleo e gás natural",0,1621.20349074,7,886.15250765,4,886.15250765,4,54.6602,100,12790762.5531382,0.0069
2024,4,"2024-T4","3354","Agentes de serviços de expedição de licenças e permissões",0,4034.52019549,12,880.4369824,4,880.4369824,4,21.8226,100,12790762.5531382,0.0069
2024,4,"2024-T4","5169","Trabalhadores de serviços pessoais não classificados anteriormente",0,8475.35654147,20,858.69327914,3,858.69327914,3,10.1316,100,12790762.5531382,0.0067
2024,4,"2024-T4","7532","Trabalhadores qualificados da preparação da confecção de roupas",0,24671.23220598,47,824.54355877,2,824.54355877,2,3.3421,100,12790762.5531382,0.0064
2024,4,"2024-T4","1312","Dirigentes de produção da aquicultura e pesca",0,1570.88727857,4,800.86702956,2,800.86702956,2,50.9818,100,12790762.5531382,0.0063
2024,4,"2024-T4","8182","Operadores de máquinas de vapor e caldeiras",0,52242.81297025,99,791.59630839,2,791.59630839,2,1.5152,100,12790762.5531382,0.0062
2024,4,"2024-T4","9623","Coletores de dinheiro em máquinas automáticas de venda e leitores de medidores",0,23967.75354215,56,744.19067887,3,744.19067887,3,3.105,100,12790762.5531382,0.0058
2024,4,"2024-T4","8132","Operadores de máquinas para fabricar produtos fotográficos",0,2095.68083232,5,720.55937619,2,720.55937619,2,34.3831,100,12790762.5531382,0.0056
2024,4,"2024-T4","8171","Operadores de instalações para a preparação de pasta de papel e papel",0,23036.90921177,50,699.89855502,3,699.89855502,3,3.0382,100,12790762.5531382,0.0055
2024,4,"2024-T4","9311","Trabalhadores elementares de minas e pedreiras",0,38493.65814486,117,681.74570207,1,681.74570207,1,1.7711,100,12790762.5531382,0.0053
2024,4,"2024-T4","5163","Trabalhadores de funerárias e embalsamadores",0,16621.44524743,36,651.73284795,3,651.73284795,3,3.921,100,12790762.5531382,0.0051
2024,4,"2024-T4","4131","Operadores de máquinas de processamento de texto e mecanógrafos",0,1070.31615654,3,605.08059837,2,605.08059837,2,56.5329,100,12790762.5531382,0.0047
2024,4,"2024-T4","2659","Artistas criativos e interpretativos não classificados anteriormente",0,4356.34058644,8,586.97571136,2,586.97571136,2,13.4741,100,12790762.5531382,0.0046
2024,4,"2024-T4","3433","Técnicos em galerias de arte, museus e bibliotecas",0,2580.50592969,7,580.00251829,2,580.00251829,2,22.4763,100,12790762.5531382,0.0045
2024,4,"2024-T4","7234","Reparadores de bicicletas e afins",0,42226.47629941,87,573.13098052,1,573.13098052,1,1.3573,100,12790762.5531382,0.0045
2024,4,"2024-T4","8111","Mineiros e operadores de máquinas e de instalações em minas e pedreiras",0,10165.12019123,26,553.00431282,2,553.00431282,2,5.4402,100,12790762.5531382,0.0043
2024,4,"2024-T4","7224","Polidores de metais e afiadores de ferramentas",0,18980.67280266,35,499.97943258,1,499.97943258,1,2.6342,100,12790762.5531382,0.0039
2024,4,"2024-T4","8151","Operadores de máquinas de preparação de fibras, fiação e bobinamento de fios",0,25486.32675313,42,449.23308074,1,449.23308074,1,1.7626,100,12790762.5531382,0.0035
2024,4,"2024-T4","8350","Marinheiros de coberta e afins",0,34365.99009605,108,389.41168553,1,389.41168553,1,1.1331,100,12790762.5531382,0.003
2024,4,"2024-T4","6130","Produtores e trabalhadores qualificados de exploração agropecuária mista",0,4211.14854207,29,375.36434428,2,375.36434428,2,8.9136,100,12790762.5531382,0.0029
2024,4,"2024-T4","7549","Outros trabalhadores qualificados e operários da indústria e do artesanato não classificados anteriormente",0,5080.15673852,12,374.35358729,1,374.35358729,1,7.3689,100,12790762.5531382,0.0029
2024,4,"2024-T4","8154","Operadores de máquinas de branqueamento, tingimento e limpeza de tecidos",0,42956.11745363,88,350.21263476,1,350.21263476,1,0.8153,100,12790762.5531382,0.0027
2024,4,"2024-T4","6114","Agricultores e trabalhadores qualificados de cultivos mistos",0,23558.31826742,94,271.47116947,2,271.47116947,2,1.1523,100,12790762.5531382,0.0021
2024,4,"2024-T4","7114","Trabalhadores em cimento e concreto armado",0,13081.06690705,28,243.37677673,1,243.37677673,1,1.8605,100,12790762.5531382,0.0019
2024,4,"2024-T4","8189","Operadores de máquinas e de instalações fixas não classificados anteriormente",0,25913.48981305,60,238.83310829,1,238.83310829,1,0.9217,100,12790762.5531382,0.0019
2024,4,"2024-T4","7121","Telhadores",0,30617.60624608,54,190.97290608,1,190.97290608,1,0.6237,100,12790762.5531382,0.0015
2024,4,"2024-T4","9216","Trabalhadores elementares da pesca e aquicultura",0,20295.33657174,65,141.47763334,1,141.47763334,1,0.6971,100,12790762.5531382,0.0011
2024,4,"2024-T4","7516","Trabalhadores qualificados da preparação do fumo e seus produtos",0,15387.00940443,40,106.04215905,1,106.04215905,1,0.6892,100,12790762.5531382,8e-04
2024,4,"2024-T4","9624","Carregadores de água e coletores de lenha",0,2361.58603465,6,42.2355878,1,42.2355878,1,1.7884,100,12790762.5531382,3e-04
2024,4,"2024-T4","9622","Pessoas que realizam várias tarefas",0,3862.9733573,11,30.41498213,1,30.41498213,1,0.7873,100,12790762.5531382,2e-04
2024,4,"2024-T4","0110","Oficiais das forças armadas",1,62449.80785062,127,53382.18809606,110,0,0,0,0,12790762.5531382,0
2024,4,"2024-T4","0411","Oficiais de polícia militar",1,45366.28408209,92,39522.46485555,79,0,0,0,0,12790762.5531382,0
2024,4,"2024-T4","0511","Oficiais de bombeiro militar",1,19339.88314037,32,15689.02290509,27,0,0,0,0,12790762.5531382,0
2024,4,"2024-T4","1223","Dirigentes de pesquisa e desenvolvimento",1,21223.44976627,33,19047.9363815,29,0,0,0,0,12790762.5531382,0
2024,4,"2024-T4","1330","Dirigentes de serviços de tecnologia da informação e comunicações",1,126201.53252787,184,104281.24856534,150,0,0,0,0,12790762.5531382,0
2024,4,"2024-T4","1342","Dirigentes de serviços de saúde",1,54963.01500884,110,44799.31828573,86,0,0,0,0,12790762.5531382,0
2024,4,"2024-T4","1344","Dirigentes de serviços de bem-estar social",1,233.31054152,1,0,0,0,0,0,NA,12790762.5531382,0
2024,4,"2024-T4","1345","Dirigentes de serviços de educação",1,144938.82675361,311,136138.74138601,288,0,0,0,0,12790762.5531382,0
2024,4,"2024-T4","1349","Dirigentes e gerentes de serviços profissionais não classificados anteriormente",1,47348.69459756,71,33469.04295469,54,0,0,0,0,12790762.5531382,0
2024,4,"2024-T4","2112","Meteorologistas",1,1987.62143481,6,1987.62143481,6,0,0,0,0,12790762.5531382,0
2024,4,"2024-T4","2113","Químicos",1,34537.81942078,44,34537.81942078,44,0,0,0,0,12790762.5531382,0
2024,4,"2024-T4","2114","Geólogos e geofísicos",1,13783.15990052,23,13783.15990052,23,0,0,0,0,12790762.5531382,0
2024,4,"2024-T4","2120","Matemáticos, atuários e estatísticos",1,9279.44310812,19,9279.44310812,19,0,0,0,0,12790762.5531382,0
2024,4,"2024-T4","2131","Biólogos, botânicos, zoólogos e afins",1,58219.62341289,124,58219.62341289,124,0,0,0,0,12790762.5531382,0
2024,4,"2024-T4","2132","Agrônomos e afins",1,46154.97082522,112,46154.97082522,112,0,0,0,0,12790762.5531382,0
2024,4,"2024-T4","2133","Profissionais da proteção do meio ambiente",1,47120.51032018,96,34217.36873553,73,0,0,0,0,12790762.5531382,0
2024,4,"2024-T4","2141","Engenheiros industriais e de produção",1,39432.52284766,55,39432.52284766,55,0,0,0,0,12790762.5531382,0
2024,4,"2024-T4","2142","Engenheiros civis",1,304750.77955072,533,304750.77955072,533,0,0,0,0,12790762.5531382,0
2024,4,"2024-T4","2143","Engenheiros de meio ambiente",1,29147.80847738,59,29147.80847738,59,0,0,0,0,12790762.5531382,0
2024,4,"2024-T4","2144","Engenheiros mecânicos",1,90085.47586027,131,90085.47586027,131,0,0,0,0,12790762.5531382,0
2024,4,"2024-T4","2145","Engenheiros químicos",1,29563.08818075,46,29563.08818075,46,0,0,0,0,12790762.5531382,0
2024,4,"2024-T4","2146","Engenheiros de minas, metalúrgicos e afins",1,5119.75801652,12,5119.75801652,12,0,0,0,0,12790762.5531382,0
2024,4,"2024-T4","2149","Engenheiros não classificados anteriormente",1,46623.67050453,71,46623.67050453,71,0,0,0,0,12790762.5531382,0
2024,4,"2024-T4","2151","Engenheiros eletricistas",1,102357.60938221,147,102357.60938221,147,0,0,0,0,12790762.5531382,0
2024,4,"2024-T4","2152","Engenheiros eletrônicos",1,26390.07487647,40,26390.07487647,40,0,0,0,0,12790762.5531382,0
2024,4,"2024-T4","2153","Engenheiros em telecomunicações",1,4694.0140412,9,4694.0140412,9,0,0,0,0,12790762.5531382,0
2024,4,"2024-T4","2161","Arquitetos de edificações",1,182613.36851356,323,182613.36851356,323,0,0,0,0,12790762.5531382,0
2024,4,"2024-T4","2162","Arquitetos paisagistas",1,2939.79831784,3,2939.79831784,3,0,0,0,0,12790762.5531382,0
2024,4,"2024-T4","2163","Desenhistas de produtos e  vestuário",1,28023.47129999,45,28023.47129999,45,0,0,0,0,12790762.5531382,0
2024,4,"2024-T4","2164","Urbanistas e engenheiros de trânsito",1,7556.14354929,14,7556.14354929,14,0,0,0,0,12790762.5531382,0
2024,4,"2024-T4","2165","Cartógrafos e agrimensores",1,5142.04088429,11,5142.04088429,11,0,0,0,0,12790762.5531382,0
2024,4,"2024-T4","2211","Médicos gerais",1,204874.55840878,357,204874.55840878,357,0,0,0,0,12790762.5531382,0
2024,4,"2024-T4","2212","Médicos especialistas",1,364147.80846371,618,364147.80846371,618,0,0,0,0,12790762.5531382,0
2024,4,"2024-T4","2221","Profissionais de enfermagem",1,541862.70689476,992,541862.70689476,992,0,0,0,0,12790762.5531382,0
2024,4,"2024-T4","2230","Profissionais da medicina tradicional e alternativa",1,4643.11646269,7,4643.11646269,7,0,0,0,0,12790762.5531382,0
2024,4,"2024-T4","2240","Paramédicos",1,575.71502504,2,575.71502504,2,0,0,0,0,12790762.5531382,0
2024,4,"2024-T4","2250","Veterinários",1,137550.28500988,227,137550.28500988,227,0,0,0,0,12790762.5531382,0
2024,4,"2024-T4","2261","Dentistas",1,276374.53251135,535,276374.53251135,535,0,0,0,0,12790762.5531382,0
2024,4,"2024-T4","2262","Farmacêuticos",1,184364.39080877,346,184364.39080877,346,0,0,0,0,12790762.5531382,0
2024,4,"2024-T4","2263","Profissionais da saúde e da higiene laboral e ambiental",1,1025.11985538,3,1025.11985538,3,0,0,0,0,12790762.5531382,0
2024,4,"2024-T4","2264","Fisioterapeutas",1,274780.2610655,494,274780.2610655,494,0,0,0,0,12790762.5531382,0
2024,4,"2024-T4","2265","Dietistas e nutricionistas",1,134844.00282013,268,134844.00282013,268,0,0,0,0,12790762.5531382,0
2024,4,"2024-T4","2266","Fonoaudiólogos e logopedistas",1,35874.27170016,69,35874.27170016,69,0,0,0,0,12790762.5531382,0
2024,4,"2024-T4","2267","Optometristas",1,2498.91802037,5,2498.91802037,5,0,0,0,0,12790762.5531382,0
2024,4,"2024-T4","2269","Profissionais da saúde não classificados anteriormente",1,70211.62532832,110,36624.22335002,64,0,0,0,0,12790762.5531382,0
2024,4,"2024-T4","2310","Professores de universidades e do ensino superior",1,301793.08791978,626,301793.08791978,626,0,0,0,0,12790762.5531382,0
2024,4,"2024-T4","2320","Professores de formação profissional",1,130661.24602871,215,91436.7869892,138,0,0,0,0,12790762.5531382,0
2024,4,"2024-T4","2330","Professores do ensino médio",1,760995.76217356,1545,739773.7476081,1490,0,0,0,0,12790762.5531382,0
2024,4,"2024-T4","2341","Professores do ensino fundamental",1,1594291.44049786,3632,1469769.98264256,3310,0,0,0,0,12790762.5531382,0
2024,4,"2024-T4","2342","Professores do ensino pré-escolar",1,782347.26251529,1639,676806.70889087,1372,0,0,0,0,12790762.5531382,0
2024,4,"2024-T4","2351","Especialistas em métodos pedagógicos",1,379596.85225649,757,343527.40300968,710,0,0,0,0,12790762.5531382,0
2024,4,"2024-T4","2352","Educadores para necessidades especiais",1,36103.28182206,83,29707.31435679,67,0,0,0,0,12790762.5531382,0
2024,4,"2024-T4","2359","Profissionais de ensino não classificados anteriormente",1,264749.5548499,538,109469.13161883,228,0,0,0,0,12790762.5531382,0
2024,4,"2024-T4","2411","Contadores",1,544308.7762982,1014,544308.7762982,1014,0,0,0,0,12790762.5531382,0
2024,4,"2024-T4","2412","Assessores financeiros e em investimentos",1,22398.66640835,29,22398.66640835,29,0,0,0,0,12790762.5531382,0
2024,4,"2024-T4","2413","Analistas financeiros",1,161467.59207432,232,161467.59207432,232,0,0,0,0,12790762.5531382,0
2024,4,"2024-T4","2421","Analistas de gestão e administração",1,467796.2877807,727,467796.2877807,727,0,0,0,0,12790762.5531382,0
2024,4,"2024-T4","2422","Especialistas em políticas de administração",1,3309.3747013,8,3309.3747013,8,0,0,0,0,12790762.5531382,0
2024,4,"2024-T4","2423","Especialistas em políticas e serviços de pessoal e afins",1,217853.63942475,342,161126.69215183,252,0,0,0,0,12790762.5531382,0
2024,4,"2024-T4","2424","Especialistas em formação de pessoal",1,24836.30770332,34,20499.72617631,26,0,0,0,0,12790762.5531382,0
2024,4,"2024-T4","2432","Profissionais de relações públicas",1,38324.23726672,63,24521.28070786,43,0,0,0,0,12790762.5531382,0
2024,4,"2024-T4","2511","Analistas de sistemas",1,420704.32468022,574,420704.32468022,574,0,0,0,0,12790762.5531382,0
2024,4,"2024-T4","2512","Desenvolvedores de programas e aplicativos (software)",1,165685.03785269,261,165685.03785269,261,0,0,0,0,12790762.5531382,0
2024,4,"2024-T4","2513","Desenvolvedores de páginas de internet (web) e multimídia",1,19812.92098889,26,19812.92098889,26,0,0,0,0,12790762.5531382,0
2024,4,"2024-T4","2514","Programadores de aplicações",1,64175.48481342,106,64175.48481342,106,0,0,0,0,12790762.5531382,0
2024,4,"2024-T4","2519","Desenvolvedores e analistas de programas e aplicativos (software) e multimídia não classificados anteriormente",1,21588.37188788,24,21588.37188788,24,0,0,0,0,12790762.5531382,0
2024,4,"2024-T4","2521","Desenhistas e administradores de bases de dados",1,23433.74661266,27,23433.74661266,27,0,0,0,0,12790762.5531382,0
2024,4,"2024-T4","2522","Administradores de sistemas",1,29579.10972877,36,29579.10972877,36,0,0,0,0,12790762.5531382,0
2024,4,"2024-T4","2523","Profissionais em rede de computadores",1,7650.65311891,10,7650.65311891,10,0,0,0,0,12790762.5531382,0
2024,4,"2024-T4","2529","Especialistas em base de dados e em redes de computadores não classificados anteriormente",1,25883.30732243,30,25883.30732243,30,0,0,0,0,12790762.5531382,0
2024,4,"2024-T4","2611","Advogados e juristas",1,968659.62884287,1725,968659.62884287,1725,0,0,0,0,12790762.5531382,0
2024,4,"2024-T4","2612","Juízes",1,1594.6085697,3,1594.6085697,3,0,0,0,0,12790762.5531382,0
2024,4,"2024-T4","2619","Profissionais em direito não classificados anteriormente",1,151751.68013634,317,144827.69374108,304,0,0,0,0,12790762.5531382,0
2024,4,"2024-T4","2621","Arquivologistas e curadores de museus",1,1944.49873245,5,1543.1375709,4,0,0,0,0,12790762.5531382,0
2024,4,"2024-T4","2622","Bibliotecários, documentaristas e afins",1,24392.84534259,54,17138.06071757,41,0,0,0,0,12790762.5531382,0
2024,4,"2024-T4","2631","Economistas",1,19321.73278171,33,19321.73278171,33,0,0,0,0,12790762.5531382,0
2024,4,"2024-T4","2632","Sociólogos, antropólogos e afins",1,7196.13856429,17,7196.13856429,17,0,0,0,0,12790762.5531382,0
2024,4,"2024-T4","2633","Filósofos, historiadores e especialistas em ciência política",1,968.56362053,1,968.56362053,1,0,0,0,0,12790762.5531382,0
2024,4,"2024-T4","2634","Psicólogos",1,383428.29837586,689,383428.29837586,689,0,0,0,0,12790762.5531382,0
2024,4,"2024-T4","2635","Assistentes sociais",1,147388.25628284,327,147388.25628284,327,0,0,0,0,12790762.5531382,0
2024,4,"2024-T4","2642","Jornalistas",1,218875.15327681,360,130832.0683517,213,0,0,0,0,12790762.5531382,0
2024,4,"2024-T4","3133","Controladores de instalações de processamento de produtos químicos",0,7724.1008779,7,0,0,0,0,0,NA,12790762.5531382,0
2024,4,"2024-T4","3254","Técnicos em optometria e ópticos",0,5896.33414553,8,0,0,0,0,0,NA,12790762.5531382,0
2024,4,"2024-T4","3413","Auxiliares leigos de religião",0,4072.97835019,9,0,0,0,0,0,NA,12790762.5531382,0
2024,4,"2024-T4","4413","Codificadores de dados, revisores de provas de impressão e afins",0,384.64359695,1,0,0,0,0,0,NA,12790762.5531382,0
2024,4,"2024-T4","4414","Outros escreventes",0,1153.47179659,3,0,0,0,0,0,NA,12790762.5531382,0
2024,4,"2024-T4","5112","Fiscais e cobradores de transportes públicos",0,60284.27878899,94,0,0,0,0,0,NA,12790762.5531382,0
2024,4,"2024-T4","5162","Acompanhantes e criados particulares",0,1360.8394662,5,0,0,0,0,0,NA,12790762.5531382,0
2024,4,"2024-T4","5168","Trabalhadores do sexo",0,4248.23284066,9,0,0,0,0,0,NA,12790762.5531382,0
2024,4,"2024-T4","7133","Limpadores de fachadas",0,4435.9354567,9,0,0,0,0,0,NA,12790762.5531382,0
2024,4,"2024-T4","7211","Moldadores de metal e macheiros",0,14935.53999738,24,0,0,0,0,0,NA,12790762.5531382,0
2024,4,"2024-T4","7215","Aparelhadores e emendadores de cabos",0,230.40926218,1,0,0,0,0,0,NA,12790762.5531382,0
2024,4,"2024-T4","7221","Ferreiros e forjadores",0,11745.65914711,26,0,0,0,0,0,NA,12790762.5531382,0
2024,4,"2024-T4","7315","Cortadores, polidores, jateadores e gravadores de vidros e afins",0,6232.14520167,9,0,0,0,0,0,NA,12790762.5531382,0
2024,4,"2024-T4","7521","Trabalhadores de tratamento e preparação da madeira",0,2272.22087826,9,0,0,0,0,0,NA,12790762.5531382,0
2024,4,"2024-T4","7523","Operadores de máquinas de lavrar madeira",0,83311.11683644,165,0,0,0,0,0,NA,12790762.5531382,0
2024,4,"2024-T4","7535","Trabalhadores qualificados do tratamento de couros e peles",0,3480.0927486,10,0,0,0,0,0,NA,12790762.5531382,0
2024,4,"2024-T4","7542","Dinamitadores e detonadores",0,2386.27451709,9,0,0,0,0,0,NA,12790762.5531382,0
2024,4,"2024-T4","8114","Operadores de máquinas para fabricar cimento, pedras e outros produtos minerais",0,24351.16633622,54,0,0,0,0,0,NA,12790762.5531382,0
2024,4,"2024-T4","8155","Operadores de máquinas de processamento de couros e peles",0,3371.23478525,6,0,0,0,0,0,NA,12790762.5531382,0
2024,4,"2024-T4","8157","Operadores de máquinas de lavar, tingir e passar roupas",0,11091.96952294,28,0,0,0,0,0,NA,12790762.5531382,0
2024,4,"2024-T4","8159","Operadores de máquinas para fabricar produtos têxteis e artigos de couro e pele não classificados anteriormente",0,4295.91574205,9,0,0,0,0,0,NA,12790762.5531382,0
2024,4,"2024-T4","8312","Guarda-freios e agentes de manobras",0,814.50083813,2,0,0,0,0,0,NA,12790762.5531382,0
2024,4,"2024-T4","9123","Limpadores de janelas",0,3992.92939615,4,0,0,0,0,0,NA,12790762.5531382,0
2024,4,"2024-T4","9129","Outros trabalhadores de limpeza",0,28165.39494461,54,0,0,0,0,0,NA,12790762.5531382,0
2024,4,"2024-T4","9213","Trabalhadores elementares da agropecuária",0,10629.99360679,45,0,0,0,0,0,NA,12790762.5531382,0
2024,4,"2024-T4","9332","Condutores de veículos e máquinas de tração animal",0,16759.87966799,48,0,0,0,0,0,NA,12790762.5531382,0
2024,4,"2024-T4","9613","Varredores e afins",0,6478.35885783,11,0,0,0,0,0,NA,12790762.5531382,0
2025,4,"2025-T4","4110","Escriturários gerais",0,4022345.20297149,8199,1413880.42831946,3042,1413880.42831946,3042,35.1506,100,13434052.8383617,10.5246
2025,4,"2025-T4","5221","Comerciantes de lojas",0,3187421.25456051,7325,617354.74698627,1331,617354.74698627,1331,19.3685,100,13434052.8383617,4.5954
2025,4,"2025-T4","1219","Dirigentes de administração e de serviços não classificados anteriormente",0,604037.34884438,1123,404536.57662648,711,404536.57662648,711,66.9721,100,13434052.8383617,3.0113
2025,4,"2025-T4","5223","Balconistas e vendedores de lojas",0,3841527.39851328,7294,374050.91511222,773,374050.91511222,773,9.737,100,13434052.8383617,2.7843
2025,4,"2025-T4","2431","Profissionais da publicidade e da comercialização",0,471321.90257613,705,315660.83008023,464,315660.83008023,464,66.9735,100,13434052.8383617,2.3497
2025,4,"2025-T4","3423","Instrutores de educação física e atividades recreativas",0,434412.33304186,775,302180.82419272,532,302180.82419272,532,69.5608,100,13434052.8383617,2.2494
2025,4,"2025-T4","1221","Dirigentes de vendas e  comercialização",0,377557.10417475,642,263863.67210616,425,263863.67210616,425,69.8871,100,13434052.8383617,1.9641
2025,4,"2025-T4","3411","Profissionais de nível médio do direito e serviços legais e afins",0,442177.3332305,915,259680.50254296,544,259680.50254296,544,58.7277,100,13434052.8383617,1.933
2025,4,"2025-T4","3341","Supervisores de secretaria",0,477325.85063764,851,257361.74537393,462,257361.74537393,462,53.9174,100,13434052.8383617,1.9157
2025,4,"2025-T4","1346","Gerentes de sucursais de bancos, de serviços financeiros e de seguros",0,288692.90004465,479,251716.52826987,418,251716.52826987,418,87.1918,100,13434052.8383617,1.8737
2025,4,"2025-T4","5243","Vendedores a domicilio",0,1130381.16793948,2517,243499.26591744,447,243499.26591744,447,21.5413,100,13434052.8383617,1.8126
2025,4,"2025-T4","3221","Profissionais de nível médio de enfermagem",0,1158672.81759952,2412,232003.06117086,516,232003.06117086,516,20.0232,100,13434052.8383617,1.727
2025,4,"2025-T4","8322","Condutores de automóveis, taxis e caminhonetes",0,2205988.37429585,4263,227227.73422242,434,227227.73422242,434,10.3005,100,13434052.8383617,1.6914
2025,4,"2025-T4","1420","Gerentes de comércios atacadistas e varejistas",0,592897.98107209,1186,216300.16868216,443,216300.16868216,443,36.4819,100,13434052.8383617,1.6101
2025,4,"2025-T4","0412","Graduados e praças da polícia militar",0,373819.92069229,777,197597.26110607,441,197597.26110607,441,52.8589,100,13434052.8383617,1.4709
2025,4,"2025-T4","3334","Agentes imobiliários",0,439052.73149779,812,196846.58485511,379,196846.58485511,379,44.8344,100,13434052.8383617,1.4653
2025,4,"2025-T4","5142","Especialistas em tratamento de beleza e afins",0,1395169.95806487,2741,196081.24197665,383,196081.24197665,383,14.0543,100,13434052.8383617,1.4596
2025,4,"2025-T4","4120","Secretários (geral)",0,457012.58588446,987,170171.77751629,376,170171.77751629,376,37.2357,100,13434052.8383617,1.2667
2025,4,"2025-T4","4226","Recepcionistas em geral",0,1080408.85511596,2096,153607.70958124,301,153607.70958124,301,14.2176,100,13434052.8383617,1.1434
2025,4,"2025-T4","5312","Ajudantes de professores",0,604541.03922023,1309,144601.33675351,310,144601.33675351,310,23.9192,100,13434052.8383617,1.0764
2025,4,"2025-T4","3343","Secretários executivos e administrativos",0,274512.51348671,585,141071.90045827,305,141071.90045827,305,51.39,100,13434052.8383617,1.0501
2025,4,"2025-T4","3253","Trabalhadores comunitários da saúde",0,460694.33211769,1206,125764.40508253,317,125764.40508253,317,27.2989,100,13434052.8383617,0.9362
2025,4,"2025-T4","5414","Guardas de segurança",0,1333981.28264377,2883,123986.20437907,250,123986.20437907,250,9.2944,100,13434052.8383617,0.9229
2025,4,"2025-T4","5311","Cuidadores de crianças",0,1091376.22971115,2302,123077.49622809,251,123077.49622809,251,11.2773,100,13434052.8383617,0.9162
2025,4,"2025-T4","3322","Representantes comerciais",0,330753.38027055,594,122814.61267808,201,122814.61267808,201,37.1318,100,13434052.8383617,0.9142
2025,4,"2025-T4","5249","Vendedores não classificados anteriormente",0,638492.22225006,1431,122133.91605233,214,122133.91605233,214,19.1285,100,13434052.8383617,0.9091
2025,4,"2025-T4","1212","Dirigentes de recursos humanos",0,161981.35848354,247,111879.93021612,183,111879.93021612,183,69.0696,100,13434052.8383617,0.8328
2025,4,"2025-T4","5120","Cozinheiros",0,1572851.4775327,3631,108346.62996711,260,108346.62996711,260,6.8885,100,13434052.8383617,0.8065
2025,4,"2025-T4","5244","Vendedores por telefone",0,364584.81046379,560,103724.95185785,158,103724.95185785,158,28.4502,100,13434052.8383617,0.7721
2025,4,"2025-T4","4311","Trabalhadores de contabilidade e cálculo de custos",0,330716.6039877,601,103168.59911688,194,103168.59911688,194,31.1955,100,13434052.8383617,0.768
2025,4,"2025-T4","1321","Dirigentes de indústria de transformação",0,239765.99400959,421,101102.46134971,176,101102.46134971,176,42.1671,100,13434052.8383617,0.7526
2025,4,"2025-T4","9112","Trabalhadores de limpeza de interior de edifícios, escritórios, hotéis e outros estabelecimentos",0,2822370.0078937,6337,99074.52985275,259,99074.52985275,259,3.5103,100,13434052.8383617,0.7375
2025,4,"2025-T4","4321","Trabalhadores de controle de abastecimento e estoques",0,1046108.42620586,1969,99013.7162496,188,99013.7162496,188,9.465,100,13434052.8383617,0.737
2025,4,"2025-T4","2166","Desenhistas gráficos e de multimídia",0,178657.83832492,310,94078.11878866,147,94078.11878866,147,52.6583,100,13434052.8383617,0.7003
2025,4,"2025-T4","3323","Agentes de compras",0,167845.88865755,274,93608.69357935,162,93608.69357935,162,55.7706,100,13434052.8383617,0.6968
2025,4,"2025-T4","3339","Agentes de serviços comerciais não classificados anteriormente",0,235244.15534635,413,93345.90993978,162,93345.90993978,162,39.6804,100,13434052.8383617,0.6948
2025,4,"2025-T4","5222","Supervisores de lojas",0,357219.604698,668,90472.59685971,164,90472.59685971,164,25.3269,100,13434052.8383617,0.6735
2025,4,"2025-T4","5412","Policiais",0,163107.23185559,361,90282.55997903,221,90282.55997903,221,55.3517,100,13434052.8383617,0.672
2025,4,"2025-T4","1211","Dirigentes financeiros",0,118081.71674017,215,88630.84285442,155,88630.84285442,155,75.0589,100,13434052.8383617,0.6597
2025,4,"2025-T4","6111","Agricultores e trabalhadores qualificados em atividades da agricultura (exclusive hortas, viveiros e jardins)",0,2148011.51404719,9064,88437.48481571,329,88437.48481571,329,4.1172,100,13434052.8383617,0.6583
2025,4,"2025-T4","3332","Organizadores de conferências e eventos",0,191803.32015138,372,87520.49749524,159,87520.49749524,159,45.6303,100,13434052.8383617,0.6515
2025,4,"2025-T4","7512","Padeiros, confeiteiros e afins",0,945353.8731736,2006,85556.55881215,195,85556.55881215,195,9.0502,100,13434052.8383617,0.6369
2025,4,"2025-T4","3321","Agentes de seguros",0,150991.77073178,261,80004.41048065,131,80004.41048065,131,52.9859,100,13434052.8383617,0.5955
2025,4,"2025-T4","3257","Inspetores de saúde laboral, ambiental e afins",0,190942.07668612,383,79190.34093661,148,79190.34093661,148,41.4735,100,13434052.8383617,0.5895
2025,4,"2025-T4","3122","Supervisores de indústrias de transformação",0,295132.04308433,482,78874.19515213,123,78874.19515213,123,26.7251,100,13434052.8383617,0.5871
2025,4,"2025-T4","3513","Técnicos de redes e sistemas de computadores",0,276146.47710019,488,77266.90284642,153,77266.90284642,153,27.9804,100,13434052.8383617,0.5752
2025,4,"2025-T4","5230","Caixas e expedidores de bilhetes",0,1108479.39439243,2206,76901.94352177,168,76901.94352177,168,6.9376,100,13434052.8383617,0.5724
2025,4,"2025-T4","3355","Inspetores de polícia e detetives",0,83663.83050671,158,76711.86487156,146,76711.86487156,146,91.6906,100,13434052.8383617,0.571
2025,4,"2025-T4","5141","Cabeleireiros",0,1121392.31552862,2258,76408.97532628,158,76408.97532628,158,6.8138,100,13434052.8383617,0.5688
2025,4,"2025-T4","1120","Diretores gerais e gerentes gerais",0,137621.68394953,244,74772.27719556,133,74772.27719556,133,54.3318,100,13434052.8383617,0.5566
2025,4,"2025-T4","4312","Trabalhadores de serviços estatísticos, financeiros e de seguros",0,116554.62921271,221,73787.9775829,139,73787.9775829,139,63.3076,100,13434052.8383617,0.5493
2025,4,"2025-T4","5413","Guardiões de presídios",0,107886.90933149,221,73478.12952114,161,73478.12952114,161,68.1066,100,13434052.8383617,0.547
2025,4,"2025-T4","1412","Gerentes de restaurantes",0,240945.14279924,463,72358.05401171,143,72358.05401171,143,30.0309,100,13434052.8383617,0.5386
2025,4,"2025-T4","7543","Classificadores e provadores de produtos (exceto de bebidas e alimentos)",0,241062.01478723,374,72238.55750411,102,72238.55750411,102,29.9668,100,13434052.8383617,0.5377
2025,4,"2025-T4","3311","Agentes e corretores de bolsa, câmbio e outros serviços financeiros",0,110789.25451419,181,71348.11333496,126,71348.11333496,126,64.3998,100,13434052.8383617,0.5311
2025,4,"2025-T4","4222","Trabalhadores de centrais de atendimento",0,394487.59547795,695,68782.3012773,110,68782.3012773,110,17.4359,100,13434052.8383617,0.512
2025,4,"2025-T4","6121","Criadores de gado e trabalhadores qualificados da criação de gado",0,1431175.47339781,7074,68627.4374628,280,68627.4374628,280,4.7952,100,13434052.8383617,0.5108
2025,4,"2025-T4","8332","Condutores de caminhões pesados",0,2069301.42774154,4246,65352.6902696,121,65352.6902696,121,3.1582,100,13434052.8383617,0.4865
2025,4,"2025-T4","3313","Contabilistas e guarda livros",0,179818.47442624,338,63133.01535578,110,63133.01535578,110,35.1093,100,13434052.8383617,0.4699
2025,4,"2025-T4","0210","Graduados e praças das forças armadas",0,248504.90387119,519,61983.48742795,120,61983.48742795,120,24.9426,100,13434052.8383617,0.4614
2025,4,"2025-T4","9111","Trabalhadores dos serviços domésticos em geral",0,4059753.5566792,9996,61482.18463584,154,61482.18463584,154,1.5144,100,13434052.8383617,0.4577
2025,4,"2025-T4","2353","Outros professores de idiomas",0,110924.05579424,184,61056.57252378,112,61056.57252378,112,55.0436,100,13434052.8383617,0.4545
2025,4,"2025-T4","3431","Fotógrafos",0,142922.78874043,246,56885.42264833,84,56885.42264833,84,39.8015,100,13434052.8383617,0.4234
2025,4,"2025-T4","7233","Mecânicos e reparadores de máquinas agrícolas e industriais",0,572982.40648793,1115,54674.06433445,104,54674.06433445,104,9.542,100,13434052.8383617,0.407
2025,4,"2025-T4","1324","Dirigentes de empresas de abastecimento, distribuição e afins",0,104747.16975132,190,52949.18021361,84,52949.18021361,84,50.5495,100,13434052.8383617,0.3941
2025,4,"2025-T4","7231","Mecânicos e reparadores de veículos a motor",0,1365282.4855385,2814,52506.48955773,116,52506.48955773,116,3.8458,100,13434052.8383617,0.3908
2025,4,"2025-T4","7112","Pedreiros",0,2760281.64991523,6166,49785.14886257,105,49785.14886257,105,1.8036,100,13434052.8383617,0.3706
2025,4,"2025-T4","2636","Ministros de cultos religiosos, missionários e afins",0,93915.80153918,237,45712.45447561,110,45712.45447561,110,48.6739,100,13434052.8383617,0.3403
2025,4,"2025-T4","5322","Trabalhadores de cuidados pessoais a domicílios",0,688821.16327424,1483,45439.36970006,88,45439.36970006,88,6.5967,100,13434052.8383617,0.3382
2025,4,"2025-T4","1112","Dirigentes superiores da administração pública",0,72224.23003465,198,44984.41528992,122,44984.41528992,122,62.2844,100,13434052.8383617,0.3349
2025,4,"2025-T4","3521","Técnicos de radiodifusão e gravação audiovisual",0,135854.08163133,257,43814.20943698,78,43814.20943698,78,32.2509,100,13434052.8383617,0.3261
2025,4,"2025-T4","3112","Técnicos em engenharia civil",0,149025.39567809,306,43127.79228862,89,43127.79228862,89,28.9399,100,13434052.8383617,0.321
2025,4,"2025-T4","3511","Técnicos em operações de tecnologia da informação e das comunicações",0,230820.45400593,382,42781.81149715,72,42781.81149715,72,18.5347,100,13434052.8383617,0.3185
2025,4,"2025-T4","3412","Trabalhadores e assistentes sociais de nível médio",0,119268.27251263,268,41759.08073001,96,41759.08073001,96,35.0127,100,13434052.8383617,0.3108
2025,4,"2025-T4","4225","Trabalhadores dos serviços de informações",0,139128.64254478,262,41213.54033489,70,41213.54033489,70,29.6226,100,13434052.8383617,0.3068
2025,4,"2025-T4","5153","Porteiros e zeladores",0,820173.06445386,1691,40224.66865183,81,40224.66865183,81,4.9044,100,13434052.8383617,0.2994
2025,4,"2025-T4","3123","Supervisores da construção",0,159373.93063825,307,39056.010483,63,39056.010483,63,24.5059,100,13434052.8383617,0.2907
2025,4,"2025-T4","4323","Trabalhadores de serviços de transporte",0,178519.10268782,223,38847.36783893,57,38847.36783893,57,21.7609,100,13434052.8383617,0.2892
2025,4,"2025-T4","3115","Técnicos em engenharia mecânica",0,210612.72772408,365,38432.25402921,55,38432.25402921,55,18.2478,100,13434052.8383617,0.2861
2025,4,"2025-T4","7422","Instaladores e reparadores em tecnologias da informação e comunicações",0,259813.91209309,536,36466.72287166,72,36466.72287166,72,14.0357,100,13434052.8383617,0.2714
2025,4,"2025-T4","9412","Ajudantes de cozinha",0,777041.1287144,1596,36452.31977452,64,36452.31977452,64,4.6912,100,13434052.8383617,0.2713
2025,4,"2025-T4","3114","Técnicos em eletrônica",0,159329.75789165,259,36229.18033761,47,36229.18033761,47,22.7385,100,13434052.8383617,0.2697
2025,4,"2025-T4","1323","Dirigentes de empresas de construção",0,60940.4548163,127,34667.7667066,66,34667.7667066,66,56.8879,100,13434052.8383617,0.2581
2025,4,"2025-T4","9333","Carregadores",0,791542.0909877,1561,34532.97431204,59,34532.97431204,59,4.3627,100,13434052.8383617,0.2571
2025,4,"2025-T4","7531","Alfaiates, modistas, chapeleiros e peleteiros",0,441011.73788889,967,34283.92266156,80,34283.92266156,80,7.7739,100,13434052.8383617,0.2552
2025,4,"2025-T4","8153","Operadores de máquinas de costura",0,737851.72021432,1496,34229.05702225,62,34229.05702225,62,4.639,100,13434052.8383617,0.2548
2025,4,"2025-T4","8321","Condutores de motocicletas",0,1144521.54467179,2259,34090.86652045,65,34090.86652045,65,2.9786,100,13434052.8383617,0.2538
2025,4,"2025-T4","5211","Vendedores de quiosques e postos de mercados",0,471757.92205232,1067,33386.80733023,57,33386.80733023,57,7.0771,100,13434052.8383617,0.2485
2025,4,"2025-T4","3312","Agentes de empréstimos e financiamento",0,56232.88552456,83,33275.29998782,42,33275.29998782,42,59.1741,100,13434052.8383617,0.2477
2025,4,"2025-T4","3119","Técnicos em ciências físicas e da engenharia não classificados anteriormente",0,124031.6542943,225,32894.62782047,69,32894.62782047,69,26.5212,100,13434052.8383617,0.2449
2025,4,"2025-T4","3113","Eletrotécnicos",0,206380.11062978,366,32420.99929082,64,32420.99929082,64,15.7094,100,13434052.8383617,0.2413
2025,4,"2025-T4","2433","Profissionais de vendas técnicas e médicas (exclusive tic)",0,41366.22933389,73,30455.5508788,48,30455.5508788,48,73.6242,100,13434052.8383617,0.2267
2025,4,"2025-T4","0512","Graduados e praças do corpo de bombeiros",0,63063.62858635,153,30363.10815895,86,30363.10815895,86,48.1468,100,13434052.8383617,0.226
2025,4,"2025-T4","3211","Técnicos em aparelhos de diagnóstico e tratamento médico",0,71590.98026903,173,28690.97995169,74,28690.97995169,74,40.0762,100,13434052.8383617,0.2136
2025,4,"2025-T4","3422","Treinadores, instrutores e árbitros de atividades esportivas",0,65310.48045401,123,28561.57475866,61,28561.57475866,61,43.732,100,13434052.8383617,0.2126
2025,4,"2025-T4","4221","Trabalhadores de agências de viagem",0,52804.1425186,107,28288.18112902,58,28288.18112902,58,53.5719,100,13434052.8383617,0.2106
2025,4,"2025-T4","3212","Técnicos de laboratórios médicos",0,65910.88252868,137,28257.90308609,54,28257.90308609,54,42.8729,100,13434052.8383617,0.2103
2025,4,"2025-T4","2641","Escritores",0,42491.83566548,75,28233.95729128,51,28233.95729128,51,66.4456,100,13434052.8383617,0.2102
2025,4,"2025-T4","7412","Mecânicos e ajustadores eletricistas",0,344811.21761719,662,27973.88390556,50,27973.88390556,50,8.1128,100,13434052.8383617,0.2082
2025,4,"2025-T4","1111","Legisladores",0,58139.09891248,137,27077.14030749,54,27077.14030749,54,46.573,100,13434052.8383617,0.2016
2025,4,"2025-T4","7223","Reguladores e operadores de máquinas-ferramentas",0,282152.70075285,449,26643.23598556,33,26643.23598556,33,9.4428,100,13434052.8383617,0.1983
2025,4,"2025-T4","5246","Balconistas dos serviços de alimentação",0,474501.46829265,865,26608.37469636,45,26608.37469636,45,5.6076,100,13434052.8383617,0.1981
2025,4,"2025-T4","2652","Músicos, cantores e compositores",0,113795.44934902,219,26593.34610972,47,26593.34610972,47,23.3694,100,13434052.8383617,0.198
2025,4,"2025-T4","9313","Trabalhadores elementares da construção de edifícios",0,1747047.48583837,3952,25663.38722409,49,25663.38722409,49,1.469,100,13434052.8383617,0.191
2025,4,"2025-T4","4211","Caixas de banco e afins",0,37186.34884081,82,25610.45304497,57,25610.45304497,57,68.8706,100,13434052.8383617,0.1906
2025,4,"2025-T4","3434","Chefes de cozinha",0,62840.51996895,119,25419.74039164,36,25419.74039164,36,40.4512,100,13434052.8383617,0.1892
2025,4,"2025-T4","3342","Secretários jurídicos",0,31605.32684166,72,25402.15620689,57,25402.15620689,57,80.373,100,13434052.8383617,0.1891
2025,4,"2025-T4","9334","Repositores de prateleiras",0,764167.27779254,1504,25245.53314519,48,25245.53314519,48,3.3037,100,13434052.8383617,0.1879
2025,4,"2025-T4","3251","Dentistas auxiliares e ajudantes de odontologia",0,108507.12431296,267,25130.45710783,59,25130.45710783,59,23.1602,100,13434052.8383617,0.1871
2025,4,"2025-T4","2354","Outros professores de música",0,52901.23875965,102,24717.38183275,47,24717.38183275,47,46.7236,100,13434052.8383617,0.184
2025,4,"2025-T4","5131","Garçons",0,528597.04888283,1021,24237.7006223,41,24237.7006223,41,4.5853,100,13434052.8383617,0.1804
2025,4,"2025-T4","5164","Cuidadores de animais",0,172364.27509426,316,24157.88782012,38,24157.88782012,38,14.0156,100,13434052.8383617,0.1798
2025,4,"2025-T4","3512","Técnicos em assistência ao usuário de tecnologia da informação e das comunicações",0,71517.08420563,108,23882.12131228,41,23882.12131228,41,33.3936,100,13434052.8383617,0.1778
2025,4,"2025-T4","2355","Outros professores de artes",0,51261.00107712,109,23397.53501251,47,23397.53501251,47,45.6439,100,13434052.8383617,0.1742
2025,4,"2025-T4","3230","Profissionais de nível médio de medicina tradicional e alternativa",0,42121.38403537,77,23384.89854901,42,23384.89854901,42,55.5179,100,13434052.8383617,0.1741
2025,4,"2025-T4","3352","Agentes da administração tributária",0,33709.31863254,91,23109.00932237,63,23109.00932237,63,68.5538,100,13434052.8383617,0.172
2025,4,"2025-T4","4229","Trabalhadores de serviços de informação ao cliente não classificados anteriormente",0,128658.15815607,272,22639.26038794,51,22639.26038794,51,17.5964,100,13434052.8383617,0.1685
2025,4,"2025-T4","9329","Trabalhadores elementares da indústria de transformação não classificados anteriormente",0,647109.87733861,1176,22184.3345916,44,22184.3345916,44,3.4282,100,13434052.8383617,0.1651
2025,4,"2025-T4","3432","Desenhistas e decoradores de interiores",0,44813.32086163,92,22056.9985559,50,22056.9985559,50,49.2197,100,13434052.8383617,0.1642
2025,4,"2025-T4","7411","Eletricistas de obras e afins",0,440996.95496269,907,21816.840686,50,21816.840686,50,4.9472,100,13434052.8383617,0.1624
2025,4,"2025-T4","6112","Agricultores e trabalhadores qualificados no cultivo de hortas, viveiros e jardins",0,672901.75032197,1972,21443.99163681,56,21443.99163681,56,3.1868,100,13434052.8383617,0.1596
2025,4,"2025-T4","5242","Demonstradores de lojas",0,150633.83162654,281,20796.47764011,32,20796.47764011,32,13.806,100,13434052.8383617,0.1548
2025,4,"2025-T4","1311","Dirigentes de produção agropecuária e silvicultura",0,57619.56493589,247,20493.3654371,59,20493.3654371,59,35.5667,100,13434052.8383617,0.1525
2025,4,"2025-T4","1213","Dirigentes de políticas e planejamento",0,23743.05390029,60,20282.47718578,53,20282.47718578,53,85.4249,100,13434052.8383617,0.151
2025,4,"2025-T4","3142","Técnicos agropecuários",0,47453.82798307,113,20069.804451,47,20069.804451,47,42.2933,100,13434052.8383617,0.1494
2025,4,"2025-T4","7318","Artesãos de tecidos, couros e materiais semelhantes",0,223495.87315031,526,19362.86413921,63,19362.86413921,63,8.6636,100,13434052.8383617,0.1441
2025,4,"2025-T4","8331","Condutores de ônibus e bondes",0,439964.73801259,975,19338.59407925,49,19338.59407925,49,4.3955,100,13434052.8383617,0.144
2025,4,"2025-T4","3118","Desenhistas e projetistas técnicos",0,67524.00168766,110,18654.52811672,32,18654.52811672,32,27.6265,100,13434052.8383617,0.1389
2025,4,"2025-T4","5419","Trabalhadores dos serviços de proteção e segurança não classificados anteriormente",0,58515.36573186,109,18525.69029515,42,18525.69029515,42,31.6595,100,13434052.8383617,0.1379
2025,4,"2025-T4","7522","Marceneiros e afins",0,383720.05068378,753,18366.55770986,40,18366.55770986,40,4.7864,100,13434052.8383617,0.1367
2025,4,"2025-T4","7119","Outros trabalhadores qualificados e operários da construção não classificados anteriormente",0,223392.24581032,574,17632.10707414,19,17632.10707414,19,7.8929,100,13434052.8383617,0.1312
2025,4,"2025-T4","3116","Técnicos em química industrial",0,62512.65396301,99,17606.50985252,34,17606.50985252,34,28.1647,100,13434052.8383617,0.1311
2025,4,"2025-T4","5245","Frentistas de posto de gasolina",0,361689.43939144,695,17039.54087302,30,17039.54087302,30,4.7111,100,13434052.8383617,0.1268
2025,4,"2025-T4","7213","Chapistas e caldeireiros",0,472892.40520549,885,16986.50098483,26,16986.50098483,26,3.592,100,13434052.8383617,0.1264
2025,4,"2025-T4","4416","Trabalhadores do serviço de pessoal",0,42118.77279566,85,16723.26809892,25,16723.26809892,25,39.705,100,13434052.8383617,0.1245
2025,4,"2025-T4","2656","Locutores de rádio, televisão e outros meios de comunicação",0,56079.27219645,96,16660.06204279,30,16660.06204279,30,29.7081,100,13434052.8383617,0.124
2025,4,"2025-T4","3344","Secretários de medicina",0,84640.63358505,158,16553.62636359,32,16553.62636359,32,19.5575,100,13434052.8383617,0.1232
2025,4,"2025-T4","2654","Diretores de cinema, de teatro e afins",0,24746.05852547,38,16002.1655555,22,16002.1655555,22,64.6655,100,13434052.8383617,0.1191
2025,4,"2025-T4","2655","Atores",0,23040.59636488,24,15904.51199606,13,15904.51199606,13,69.0282,100,13434052.8383617,0.1184
2025,4,"2025-T4","3522","Técnicos de engenharia de telecomunicações",0,56561.50296976,96,15844.42413696,25,15844.42413696,25,28.0127,100,13434052.8383617,0.1179
2025,4,"2025-T4","7131","Pintores e empapeladores",0,725659.95847716,1429,15413.14197497,35,15413.14197497,35,2.124,100,13434052.8383617,0.1147
2025,4,"2025-T4","8344","Operadores de empilhadeiras",0,330397.67249701,558,15394.14324338,32,15394.14324338,32,4.6593,100,13434052.8383617,0.1146
2025,4,"2025-T4","7319","Artesãos não classificados anteriormente",0,67618.95253317,128,15308.77821244,34,15308.77821244,34,22.6398,100,13434052.8383617,0.114
2025,4,"2025-T4","1222","Dirigentes de publicidade e relações públicas",0,18434.71348444,25,15244.56546617,20,15244.56546617,20,82.6949,100,13434052.8383617,0.1135
2025,4,"2025-T4","1431","Gerentes de centros esportivos,  de diversão e culturais",0,24569.30484228,55,14862.96955501,32,14862.96955501,32,60.4941,100,13434052.8383617,0.1106
2025,4,"2025-T4","3255","Técnicos e assistentes fisioterapeutas",0,57435.17909347,139,13963.27909578,31,13963.27909578,31,24.3114,100,13434052.8383617,0.1039
2025,4,"2025-T4","9211","Trabalhadores elementares da agricultura",0,1457235.95662394,4501,13791.05528602,35,13791.05528602,35,0.9464,100,13434052.8383617,0.1027
2025,4,"2025-T4","5321","Trabalhadores de cuidados pessoais em instituições",0,88903.31997204,157,13682.46197236,21,13682.46197236,21,15.3903,100,13434052.8383617,0.1018
2025,4,"2025-T4","1341","Dirigentes de serviços de cuidados infantis",0,15521.3351126,30,13417.08699636,25,13417.08699636,25,86.4429,100,13434052.8383617,0.0999
2025,4,"2025-T4","3153","Pilotos de aviação e afins",0,19317.75630166,37,13397.97754218,20,13397.97754218,20,69.3558,100,13434052.8383617,0.0997
2025,4,"2025-T4","1411","Gerentes de hotéis",0,33517.62339117,93,13343.25044134,40,13343.25044134,40,39.8097,100,13434052.8383617,0.0993
2025,4,"2025-T4","7212","Soldadores e oxicortadores",0,319142.65512545,589,13206.46182193,18,13206.46182193,18,4.1381,100,13434052.8383617,0.0983
2025,4,"2025-T4","4313","Trabalhadores encarregados de folha de pagamento",0,37809.68359532,61,13069.32627195,22,13069.32627195,22,34.5661,100,13434052.8383617,0.0973
2025,4,"2025-T4","8211","Mecânicos montadores de maquinaria mecânica",0,106075.28084761,139,12965.4658058,15,12965.4658058,15,12.2229,100,13434052.8383617,0.0965
2025,4,"2025-T4","4415","Trabalhadores de arquivos",0,50159.6499229,107,12631.52488475,27,12631.52488475,27,25.1826,100,13434052.8383617,0.094
2025,4,"2025-T4","3359","Agentes da administração pública para aplicação da lei e afins não classificados anteriormente",0,29600.17311918,74,12359.94487502,37,12359.94487502,37,41.7563,100,13434052.8383617,0.092
2025,4,"2025-T4","3259","Profissionais de nível médio da saúde não classificados anteriormente",0,40526.26385994,78,12207.70371209,20,12207.70371209,20,30.1229,100,13434052.8383617,0.0909
2025,4,"2025-T4","3514","Técnicos da web",0,42574.83231395,54,12206.52898957,11,12206.52898957,11,28.6708,100,13434052.8383617,0.0909
2025,4,"2025-T4","7511","Magarefes e afins",0,617615.58659525,1254,11679.31891182,40,11679.31891182,40,1.891,100,13434052.8383617,0.0869
2025,4,"2025-T4","4412","Trabalhadores de serviços de correios",0,56484.8256046,94,11677.95540447,30,11677.95540447,30,20.6745,100,13434052.8383617,0.0869
2025,4,"2025-T4","3353","Agentes de serviços de seguridade social",0,13637.5569365,36,11635.20194432,31,11635.20194432,31,85.3173,100,13434052.8383617,0.0866
2025,4,"2025-T4","7111","Construtores de casas",0,53669.86076453,110,11631.33547958,25,11631.33547958,25,21.672,100,13434052.8383617,0.0866
2025,4,"2025-T4","4214","Cobradores e afins",0,62271.64374506,111,11563.95608906,19,11563.95608906,19,18.5702,100,13434052.8383617,0.0861
2025,4,"2025-T4","7533","Costureiros, bordadeiros e afins",0,148009.24229464,331,11447.59464779,32,11447.59464779,32,7.7344,100,13434052.8383617,0.0852
2025,4,"2025-T4","5212","Vendedores ambulantes de serviços de alimentação",0,287290.90202966,673,11394.83227815,23,11394.83227815,23,3.9663,100,13434052.8383617,0.0848
2025,4,"2025-T4","5165","Instrutores de autoescola",0,36847.57906636,83,10842.8777547,24,10842.8777547,24,29.4263,100,13434052.8383617,0.0807
2025,4,"2025-T4","3117","Técnicos em engenharia de minas e metalurgia",0,78411.9135447,85,10842.58761209,17,10842.58761209,17,13.8277,100,13434052.8383617,0.0807
2025,4,"2025-T4","9321","empacotadores manuais",0,220116.4990188,419,10660.30262633,14,10660.30262633,14,4.843,100,13434052.8383617,0.0794
2025,4,"2025-T4","5329","Trabalhadores de cuidados pessoais nos serviços de saúde não classificados anteriormente",0,46626.24431501,101,10649.2034281,24,10649.2034281,24,22.8395,100,13434052.8383617,0.0793
2025,4,"2025-T4","3331","Despachantes aduaneiros",0,21614.10211705,22,10310.74679889,11,10310.74679889,11,47.7038,100,13434052.8383617,0.0768
2025,4,"2025-T4","9520","Vendedores ambulantes (exclusive de serviços de alimentação)",0,232626.30546118,466,10309.79099682,29,10309.79099682,29,4.4319,100,13434052.8383617,0.0767
2025,4,"2025-T4","8341","Operadores de máquinas agrícolas e florestais móveis",0,356785.94538393,1145,10168.13202303,23,10168.13202303,23,2.8499,100,13434052.8383617,0.0757
2025,4,"2025-T4","5132","atendentes de bar",0,189514.40752858,379,10021.60938172,19,10021.60938172,19,5.288,100,13434052.8383617,0.0746
2025,4,"2025-T4","4224","Recepcionistas de hotéis",0,66481.02102258,143,9909.42815541,24,9909.42815541,24,14.9056,100,13434052.8383617,0.0738
2025,4,"2025-T4","5152","Governantas e mordomos domésticos",0,26783.48629956,55,9870.27335132,16,9870.27335132,16,36.8521,100,13434052.8383617,0.0735
2025,4,"2025-T4","5411","Bombeiros",0,56406.03983186,102,9791.58817891,18,9791.58817891,18,17.3591,100,13434052.8383617,0.0729
2025,4,"2025-T4","2643","Tradutores, intérpretes e linguistas",0,18194.6059313,45,9636.05981799,25,9636.05981799,25,52.9611,100,13434052.8383617,0.0717
2025,4,"2025-T4","8121","Operadores de instalações de processamento de metais",0,119423.42331097,189,9551.83838114,15,9551.83838114,15,7.9983,100,13434052.8383617,0.0711
2025,4,"2025-T4","8160","Operadores de máquinas para elaborar alimentos e produtos afins",0,280614.9716415,785,9546.48224798,26,9546.48224798,26,3.402,100,13434052.8383617,0.0711
2025,4,"2025-T4","3213","Técnicos e assistentes farmacêuticos",0,63650.32401021,129,9515.42339306,19,9515.42339306,19,14.9495,100,13434052.8383617,0.0708
2025,4,"2025-T4","7513","Trabalhadores da pasteurização do leite e fabricação de laticínios e afins",0,83011.09417782,289,9364.69284464,21,9364.69284464,21,11.2813,100,13434052.8383617,0.0697
2025,4,"2025-T4","5111","Auxiliares de serviço de bordo",0,16614.62226977,26,9298.6965912,13,9298.6965912,13,55.9669,100,13434052.8383617,0.0692
2025,4,"2025-T4","5113","Guias de turismo",0,31441.82875079,65,9190.0158701,17,9190.0158701,17,29.2286,100,13434052.8383617,0.0684
2025,4,"2025-T4","9122","Lavadores de veículos",0,314370.46810294,593,9184.06306683,15,9184.06306683,15,2.9214,100,13434052.8383617,0.0684
2025,4,"2025-T4","7132","Lustradores",0,183537.68012925,347,8968.98811779,13,8968.98811779,13,4.8867,100,13434052.8383617,0.0668
2025,4,"2025-T4","1114","Dirigentes de organizações que apresentam um interesse especial",0,15056.70475556,41,8753.57590905,20,8753.57590905,20,58.1374,100,13434052.8383617,0.0652
2025,4,"2025-T4","7515","Trabalhadores da degustação e classificação de alimentos e bebidas",0,33982.74879376,78,8649.32600476,19,8649.32600476,19,25.4521,100,13434052.8383617,0.0644
2025,4,"2025-T4","1439","Gerentes de serviços não classificados anteriormente",0,33002.12561812,64,8612.18815108,21,8612.18815108,21,26.0959,100,13434052.8383617,0.0641
2025,4,"2025-T4","7126","Bombeiros e encanadores",0,188969.99787337,376,8597.40065949,17,8597.40065949,17,4.5496,100,13434052.8383617,0.064
2025,4,"2025-T4","2651","Artistas plásticos",0,23327.57665198,49,8408.69490311,21,8408.69490311,21,36.0462,100,13434052.8383617,0.0626
2025,4,"2025-T4","4132","Operadores de entrada de dados",0,20979.13633199,49,8078.91595795,17,8078.91595795,17,38.5093,100,13434052.8383617,0.0601
2025,4,"2025-T4","7322","Impressores",0,87909.64062161,158,7876.16010275,17,7876.16010275,17,8.9594,100,13434052.8383617,0.0586
2025,4,"2025-T4","9611","Coletores de lixo e material reciclável",0,244886.9887015,588,7859.4110194,18,7859.4110194,18,3.2094,100,13434052.8383617,0.0585
2025,4,"2025-T4","9629","Outras ocupações elementares não classificadas anteriormente",0,226522.99181022,620,7813.97539217,22,7813.97539217,22,3.4495,100,13434052.8383617,0.0582
2025,4,"2025-T4","9411","Preparadores de comidas rápidas",0,134666.76096534,289,7736.85251207,20,7736.85251207,20,5.7452,100,13434052.8383617,0.0576
2025,4,"2025-T4","3214","Técnicos de próteses médicas e dentárias",0,57504.93689127,104,7720.62620738,14,7720.62620738,14,13.426,100,13434052.8383617,0.0575
2025,4,"2025-T4","3111","Técnicos em ciências físicas e químicas",0,26496.71271107,53,7544.80649593,18,7544.80649593,18,28.4745,100,13434052.8383617,0.0562
2025,4,"2025-T4","6122","Avicultores e trabalhadores qualificados da avicultura",0,121203.3358976,568,7453.14869625,38,7453.14869625,38,6.1493,100,13434052.8383617,0.0555
2025,4,"2025-T4","4227","Entrevistadores de pesquisas de mercado",0,13873.74805603,39,7372.18500166,22,7372.18500166,22,53.1377,100,13434052.8383617,0.0549
2025,4,"2025-T4","7311","Mecânicos e reparadores de instrumentos de precisão",0,28052.38649732,48,7323.66510531,8,7323.66510531,8,26.1071,100,13434052.8383617,0.0545
2025,4,"2025-T4","7314","Ceramistas e afins (preparação e fabricação)",0,75404.30899025,178,7229.08548289,16,7229.08548289,16,9.5871,100,13434052.8383617,0.0538
2025,4,"2025-T4","8131","Operadores de instalações e máquinas de produtos químicos",0,79540.22308201,113,7226.05339319,9,7226.05339319,9,9.0848,100,13434052.8383617,0.0538
2025,4,"2025-T4","8350","Marinheiros de coberta e afins",0,48622.10191739,165,7097.97402592,13,7097.97402592,13,14.5982,100,13434052.8383617,0.0528
2025,4,"2025-T4","4223","Telefonistas",0,29207.56913772,52,7052.6630449,15,7052.6630449,15,24.1467,100,13434052.8383617,0.0525
2025,4,"2025-T4","3132","Operadores de incineradores, instalações de tratamento de água e afins",0,24258.86320003,58,6833.62437377,22,6833.62437377,22,28.1696,100,13434052.8383617,0.0509
2025,4,"2025-T4","8311","Maquinistas de locomotivas",0,13775.27140718,19,6656.6891104,8,6656.6891104,8,48.3235,100,13434052.8383617,0.0496
2025,4,"2025-T4","7421","Mecânicos e reparadores em eletrônica",0,74314.69895254,125,6588.25451191,13,6588.25451191,13,8.8653,100,13434052.8383617,0.049
2025,4,"2025-T4","8342","Operadores de máquinas de movimentação de terras e afins",0,285375.63663499,717,6579.38619731,18,6579.38619731,18,2.3055,100,13434052.8383617,0.049
2025,4,"2025-T4","2356","Instrutores em tecnologias da informação",0,17037.77093525,41,6577.86247939,16,6577.86247939,16,38.6075,100,13434052.8383617,0.049
2025,4,"2025-T4","8212","Montadores de equipamentos elétricos e eletrônicos",0,96438.56816859,171,6510.63486423,11,6510.63486423,11,6.7511,100,13434052.8383617,0.0485
2025,4,"2025-T4","2434","Profissionais de vendas de tecnologia da informação e comunicações",0,8100.74816601,11,6500.00266143,7,6500.00266143,7,80.2395,100,13434052.8383617,0.0484
2025,4,"2025-T4","8183","Operadores de máquinas de embalagem, engarrafamento e etiquetagem",0,116627.90370278,216,6426.50268564,8,6426.50268564,8,5.5103,100,13434052.8383617,0.0478
2025,4,"2025-T4","3152","Capitães, oficiais de coberta e práticos",0,20922.64023143,54,6214.178674,14,6214.178674,14,29.7007,100,13434052.8383617,0.0463
2025,4,"2025-T4","7317","Artesãos de pedra, madeira, vime e materiais semelhantes",0,71866.41130044,210,6158.75765463,18,6158.75765463,18,8.5697,100,13434052.8383617,0.0458
2025,4,"2025-T4","7222","Ferramenteiros e afins",0,58606.35467923,101,5974.15644425,11,5974.15644425,11,10.1937,100,13434052.8383617,0.0445
2025,4,"2025-T4","8142","Operadores de máquinas para fabricar produtos de material plástico",0,161932.83149768,255,5907.01781223,7,5907.01781223,7,3.6478,100,13434052.8383617,0.044
2025,4,"2025-T4","7127","Mecânicos-instaladores de sistemas de refrigeração e climatização",0,93279.71901282,187,5854.01217599,11,5854.01217599,11,6.2758,100,13434052.8383617,0.0436
2025,4,"2025-T4","3333","Agentes de emprego e agenciadores de mão de obra",0,10712.76363363,19,5838.83671814,9,5838.83671814,9,54.5036,100,13434052.8383617,0.0435
2025,4,"2025-T4","7313","Joalheiros e lapidadores de gemas, artesãos de metais preciosos e semipreciosos",0,46056.18993964,68,5615.81261385,10,5615.81261385,10,12.1934,100,13434052.8383617,0.0418
2025,4,"2025-T4","8156","Operadores de máquinas para fabricação de calçados e afins",0,103567.46729764,158,5466.35721427,10,5466.35721427,10,5.2781,100,13434052.8383617,0.0407
2025,4,"2025-T4","8182","Operadores de máquinas de vapor e caldeiras",0,39886.52506389,86,5275.30811248,9,5275.30811248,9,13.2258,100,13434052.8383617,0.0393
2025,4,"2025-T4","8143","Operadores de máquinas para fabricar produtos de papel",0,37753.06001741,67,5240.76708017,7,5240.76708017,7,13.8817,100,13434052.8383617,0.039
2025,4,"2025-T4","9212","Trabalhadores elementares da pecuária",0,540598.88462046,2395,5106.01103856,21,5106.01103856,21,0.9445,100,13434052.8383617,0.038
2025,4,"2025-T4","7413","Instaladores e reparadores de linhas elétricas",0,75926.57081016,171,5031.98130822,9,5031.98130822,9,6.6274,100,13434052.8383617,0.0375
2025,4,"2025-T4","4212","Coletores de apostas e de jogos",0,55562.56989541,111,4822.13863827,7,4822.13863827,7,8.6788,100,13434052.8383617,0.0359
2025,4,"2025-T4","3315","Avaliadores",0,5557.09330349,10,4784.1510788,8,4784.1510788,8,86.0909,100,13434052.8383617,0.0356
2025,4,"2025-T4","3141","Técnicos e profissionais de nível médio em ciências biológicas (exclusive da medicina)",0,21017.10365108,33,4720.05000822,12,4720.05000822,12,22.4581,100,13434052.8383617,0.0351
2025,4,"2025-T4","3435","Outros profissionais de nível médio em atividades culturais e artísticas",0,36001.12541572,58,4691.30742431,7,4691.30742431,7,13.031,100,13434052.8383617,0.0349
2025,4,"2025-T4","7534","Tapeceiros, colchoeiros e afins",0,81884.56947815,175,4572.80777093,8,4572.80777093,8,5.5845,100,13434052.8383617,0.034
2025,4,"2025-T4","3256","assistentes de medicina",0,38153.31341193,74,4559.56238571,12,4559.56238571,12,11.9506,100,13434052.8383617,0.0339
2025,4,"2025-T4","9623","Coletores de dinheiro em máquinas automáticas de venda e leitores de medidores",0,40445.24243748,58,4291.46637355,7,4291.46637355,7,10.6106,100,13434052.8383617,0.0319
2025,4,"2025-T4","9612","Classificadores de resíduos",0,292219.72965349,609,4076.13306206,5,4076.13306206,5,1.3949,100,13434052.8383617,0.0303
2025,4,"2025-T4","8343","Operadores de guindastes, gruas, aparatos de elevação e afins",0,79541.99546971,167,3919.74242078,9,3919.74242078,9,4.9279,100,13434052.8383617,0.0292
2025,4,"2025-T4","3131","Operadores de instalações de produção de energia",0,10179.15777243,21,3885.64091821,6,3885.64091821,6,38.1725,100,13434052.8383617,0.0289
2025,4,"2025-T4","7232","Mecânicos e reparadores de motores de avião",0,23294.6737911,43,3881.75411979,7,3881.75411979,7,16.6637,100,13434052.8383617,0.0289
2025,4,"2025-T4","3314","Profissionais de nível médio de serviços estatísticos, matemáticos e afins",0,16449.78878014,22,3767.14561614,7,3767.14561614,7,22.9009,100,13434052.8383617,0.028
2025,4,"2025-T4","3240","Técnicos e assistentes veterinários",0,21873.46862684,45,3731.07732122,6,3731.07732122,6,17.0575,100,13434052.8383617,0.0278
2025,4,"2025-T4","7536","Sapateiros e afins",0,154271.14284387,258,3720.97412374,6,3720.97412374,6,2.412,100,13434052.8383617,0.0277
2025,4,"2025-T4","6210","Trabalhadores florestais qualificados e afins",0,82112.12652186,259,3529.66683585,7,3529.66683585,7,4.2986,100,13434052.8383617,0.0263
2025,4,"2025-T4","4419","Trabalhadores de apoio administrativo não classificados anteriormente",0,23550.8671874,50,3510.98166169,9,3510.98166169,9,14.9081,100,13434052.8383617,0.0261
2025,4,"2025-T4","7122","Aplicadores de revestimentos cerâmicos, pastilhas, pedras e madeiras",0,104161.31699613,210,3382.21237176,4,3382.21237176,4,3.2471,100,13434052.8383617,0.0252
2025,4,"2025-T4","9121","Lavadeiros de roupas e passadeiros manuais",0,56905.47118736,116,3380.61600426,5,3380.61600426,5,5.9408,100,13434052.8383617,0.0252
2025,4,"2025-T4","5161","Astrólogos, adivinhos e afins",0,15447.98156887,21,3216.25972418,6,3216.25972418,6,20.8199,100,13434052.8383617,0.0239
2025,4,"2025-T4","5163","Trabalhadores de funerárias e embalsamadores",0,19188.49809686,51,3173.20661913,5,3173.20661913,5,16.537,100,13434052.8383617,0.0236
2025,4,"2025-T4","8122","Operadores de máquinas polidoras, galvanizadoras e recobridoras de metais",0,58029.13358158,93,3058.12588111,6,3058.12588111,6,5.27,100,13434052.8383617,0.0228
2025,4,"2025-T4","4322","Trabalhadores de serviços de apoio à produção",0,68522.8614172,111,2706.89631027,8,2706.89631027,8,3.9504,100,13434052.8383617,0.0201
2025,4,"2025-T4","8113","Perfuradores e sondadores de poços e afins",0,24740.23621161,57,2686.69659846,5,2686.69659846,5,10.8596,100,13434052.8383617,0.02
2025,4,"2025-T4","1322","Dirigentes de explorações de mineração",0,5574.94906323,14,2678.88434463,7,2678.88434463,7,48.0522,100,13434052.8383617,0.0199
2025,4,"2025-T4","4411","Trabalhadores de bibliotecas",0,10115.54186708,28,2662.69785788,8,2662.69785788,8,26.3228,100,13434052.8383617,0.0198
2025,4,"2025-T4","5112","Fiscais e cobradores de transportes públicos",0,54813.81848088,96,2659.5950031,6,2659.5950031,6,4.8521,100,13434052.8383617,0.0198
2025,4,"2025-T4","1343","Dirigentes de serviços de cuidado a pessoas idosas",0,8214.0806811,8,2644.34066852,4,2644.34066852,4,32.1928,100,13434052.8383617,0.0197
2025,4,"2025-T4","3155","Técnicos em segurança aeronáutica",0,3357.45074927,9,2621.32404389,5,2621.32404389,5,78.0748,100,13434052.8383617,0.0195
2025,4,"2025-T4","7544","Fumigadores e outros controladores de pragas e ervas daninhas",0,44405.81966369,99,2610.16682979,6,2610.16682979,6,5.878,100,13434052.8383617,0.0194
2025,4,"2025-T4","6225","Pescadores",0,298497.99282544,1144,2558.18290732,9,2558.18290732,9,0.857,100,13434052.8383617,0.019
2025,4,"2025-T4","3433","Técnicos em galerias de arte, museus e bibliotecas",0,8814.01705527,18,2420.32937609,4,2420.32937609,4,27.46,100,13434052.8383617,0.018
2025,4,"2025-T4","9331","Condutores de veículos acionados a pedal ou a braços",0,38751.54148715,73,2248.24731953,1,2248.24731953,1,5.8017,100,13434052.8383617,0.0167
2025,4,"2025-T4","7211","Moldadores de metal e macheiros",0,19449.93721724,39,2236.95765961,1,2236.95765961,1,11.5011,100,13434052.8383617,0.0167
2025,4,"2025-T4","8219","Montadores não classificados anteriormente",0,195290.50744877,347,2218.38029058,8,2218.38029058,8,1.1359,100,13434052.8383617,0.0165
2025,4,"2025-T4","6130","Produtores e trabalhadores qualificados de exploração agropecuária mista",0,10595.72214068,38,2100.32305009,3,2100.32305009,3,19.8224,100,13434052.8383617,0.0156
2025,4,"2025-T4","7523","Operadores de máquinas de lavrar madeira",0,56411.3408068,112,2050.93805598,2,2050.93805598,2,3.6357,100,13434052.8383617,0.0153
2025,4,"2025-T4","8189","Operadores de máquinas e de instalações fixas não classificados anteriormente",0,22929.01606226,53,2044.08662416,5,2044.08662416,5,8.9148,100,13434052.8383617,0.0152
2025,4,"2025-T4","6221","Trabalhadores da aquicultura",0,17762.64358506,79,2029.71470871,2,2029.71470871,2,11.4269,100,13434052.8383617,0.0151
2025,4,"2025-T4","7113","Canteiros, cortadores e gravadores de pedras",0,73311.72436134,136,2009.35815323,1,2009.35815323,1,2.7408,100,13434052.8383617,0.015
2025,4,"2025-T4","8141","Operadores de máquinas para fabricar produtos de borracha",0,144529.04506468,317,1848.61660658,8,1848.61660658,8,1.2791,100,13434052.8383617,0.0138
2025,4,"2025-T4","3258","Ajudantes de ambulâncias",0,12689.39446873,37,1784.92409882,6,1784.92409882,6,14.0663,100,13434052.8383617,0.0133
2025,4,"2025-T4","7316","Redatores de cartazes, pintores decorativos e gravadores",0,11521.48018184,25,1763.17517624,2,1763.17517624,2,15.3034,100,13434052.8383617,0.0131
2025,4,"2025-T4","3421","Atletas e esportistas",0,26811.37631008,38,1738.02885659,4,1738.02885659,4,6.4824,100,13434052.8383617,0.0129
2025,4,"2025-T4","5169","Trabalhadores de serviços pessoais não classificados anteriormente",0,13517.6164214,19,1616.77316573,3,1616.77316573,3,11.9605,100,13434052.8383617,0.012
2025,4,"2025-T4","7125","Vidraceiros",0,80723.5580271,163,1616.30985869,4,1616.30985869,4,2.0023,100,13434052.8383617,0.012
2025,4,"2025-T4","9621","Mensageiros, carregadores de bagagens e entregadores de encomendas",0,61505.59250993,117,1599.69743208,2,1599.69743208,2,2.6009,100,13434052.8383617,0.0119
2025,4,"2025-T4","8154","Operadores de máquinas de branqueamento, tingimento e limpeza de tecidos",0,48768.24529904,95,1513.42629399,3,1513.42629399,3,3.1033,100,13434052.8383617,0.0113
2025,4,"2025-T4","7115","Carpinteiros",0,212431.58113328,517,1448.12093532,7,1448.12093532,7,0.6817,100,13434052.8383617,0.0108
2025,4,"2025-T4","3139","Técnicos em controle de processos não classificados anteriormente",0,15879.60399637,19,1441.23366488,3,1441.23366488,3,9.076,100,13434052.8383617,0.0107
2025,4,"2025-T4","8152","Operadores de teares e outras máquinas de tecelagem",0,53000.40482991,99,1368.576936,3,1368.576936,3,2.5822,100,13434052.8383617,0.0102
2025,4,"2025-T4","3121","Supervisores da mineração",0,9141.55876791,22,1314.59415458,5,1314.59415458,5,14.3804,100,13434052.8383617,0.0098
2025,4,"2025-T4","7321","Trabalhadores da pré-impressão gráfica",0,32886.55795017,43,1283.99719748,3,1283.99719748,3,3.9043,100,13434052.8383617,0.0096
2025,4,"2025-T4","3154","Controladores de tráfego aéreo",0,2302.53354436,8,1225.51543128,5,1225.51543128,5,53.2247,100,13434052.8383617,0.0091
2025,4,"2025-T4","8171","Operadores de instalações para a preparação de pasta de papel e papel",0,24963.35584289,52,1220.29035862,6,1220.29035862,6,4.8883,100,13434052.8383617,0.0091
2025,4,"2025-T4","8172","Operadores de instalações para processamento de madeira",0,83434.80233956,236,1219.10368059,3,1219.10368059,3,1.4611,100,13434052.8383617,0.0091
2025,4,"2025-T4","9129","Outros trabalhadores de limpeza",0,27187.42355962,56,1182.99321868,2,1182.99321868,2,4.3513,100,13434052.8383617,0.0088
2025,4,"2025-T4","4131","Operadores de máquinas de processamento de texto e mecanógrafos",0,1148.68026254,4,1148.68026254,4,1148.68026254,4,100,100,13434052.8383617,0.0086
2025,4,"2025-T4","8112","Operadores de instalações de processamento de minerais e rochas",0,18346.78674668,44,1120.78854711,2,1120.78854711,2,6.1089,100,13434052.8383617,0.0083
2025,4,"2025-T4","7214","Montadores de estruturas metálicas",0,114801.49628609,234,1056.20875868,3,1056.20875868,3,0.92,100,13434052.8383617,0.0079
2025,4,"2025-T4","7221","Ferreiros e forjadores",0,7151.01620587,19,1055.12157888,1,1055.12157888,1,14.7548,100,13434052.8383617,0.0079
2025,4,"2025-T4","3135","Controladores de processos de produção de metais",0,8883.52799732,16,1033.728584,1,1033.728584,1,11.6365,100,13434052.8383617,0.0077
2025,4,"2025-T4","9510","Trabalhadores ambulantes dos serviços e afins",0,44933.89802776,93,1001.42857838,3,1001.42857838,3,2.2287,100,13434052.8383617,0.0075
2025,4,"2025-T4","5151","Supervisores de manutenção e limpeza de edifícios em escritórios, hotéis e estabelecimentos",0,19335.50879375,42,992.46998886,4,992.46998886,4,5.1329,100,13434052.8383617,0.0074
2025,4,"2025-T4","3413","Auxiliares leigos de religião",0,3559.74213349,13,979.73119405,4,979.73119405,4,27.5225,100,13434052.8383617,0.0073
2025,4,"2025-T4","1312","Dirigentes de produção da aquicultura e pesca",0,1906.2913582,8,953.11753829,3,953.11753829,3,49.9985,100,13434052.8383617,0.0071
2025,4,"2025-T4","9215","Trabalhadores florestais elementares",0,195922.8616221,692,924.02586331,2,924.02586331,2,0.4716,100,13434052.8383617,0.0069
2025,4,"2025-T4","8181","Operadores de instalações de vidraria e cerâmica",0,50720.94699246,111,917.25866755,3,917.25866755,3,1.8084,100,13434052.8383617,0.0068
2025,4,"2025-T4","3222","Profissionais de nível médio de partos",0,5042.06171567,6,905.81109655,2,905.81109655,2,17.9651,100,13434052.8383617,0.0067
2025,4,"2025-T4","3151","Oficiais maquinistas em navegação",0,2691.45445497,6,868.82768653,2,868.82768653,2,32.281,100,13434052.8383617,0.0065
2025,4,"2025-T4","7323","Encadernadores e afins",0,16599.95217023,23,836.43139994,1,836.43139994,1,5.0388,100,13434052.8383617,0.0062
2025,4,"2025-T4","7123","Gesseiros",0,141432.65954074,271,796.12148431,2,796.12148431,2,0.5629,100,13434052.8383617,0.0059
2025,4,"2025-T4","2653","Bailarinos e coreógrafos",0,3101.7493269,7,768.35279285,2,768.35279285,2,24.7716,100,13434052.8383617,0.0057
2025,4,"2025-T4","6123","Apicultores, sericicultores e trabalhadores qualificados da apicultura e sericicultura",0,20638.98878139,97,658.27555271,7,658.27555271,7,3.1895,100,13434052.8383617,0.0049
2025,4,"2025-T4","8157","Operadores de máquinas de lavar, tingir e passar roupas",0,11016.85225036,25,654.91009359,2,654.91009359,2,5.9446,100,13434052.8383617,0.0049
2025,4,"2025-T4","7541","Trabalhadores subaquáticos",0,1094.94964801,4,651.64979987,2,651.64979987,2,59.5141,100,13434052.8383617,0.0049
2025,4,"2025-T4","8312","Guarda-freios e agentes de manobras",0,3937.25199809,7,624.1763374,3,624.1763374,3,15.8531,100,13434052.8383617,0.0046
2025,4,"2025-T4","8132","Operadores de máquinas para fabricar produtos fotográficos",0,2154.07026713,3,599.17767852,1,599.17767852,1,27.8161,100,13434052.8383617,0.0045
2025,4,"2025-T4","3134","Operadores de instalações de refino de petróleo e gás natural",0,7236.48554761,5,562.78444906,1,562.78444906,1,7.777,100,13434052.8383617,0.0042
2025,4,"2025-T4","7124","Instaladores de material isolante térmico e acústico",0,14493.47764865,31,552.34561,1,552.34561,1,3.811,100,13434052.8383617,0.0041
2025,4,"2025-T4","3354","Agentes de serviços de expedição de licenças e permissões",0,4444.36863946,8,549.43499536,1,549.43499536,1,12.3625,100,13434052.8383617,0.0041
2025,4,"2025-T4","8111","Mineiros e operadores de máquinas e de instalações em minas e pedreiras",0,12378.46000999,32,534.65905651,1,534.65905651,1,4.3193,100,13434052.8383617,0.004
2025,4,"2025-T4","7532","Trabalhadores qualificados da preparação da confecção de roupas",0,26670.49363861,55,457.28269228,3,457.28269228,3,1.7146,100,13434052.8383617,0.0034
2025,4,"2025-T4","3324","Corretores de comercialização",0,8218.19512017,27,440.00863104,3,440.00863104,3,5.3541,100,13434052.8383617,0.0033
2025,4,"2025-T4","7133","Limpadores de fachadas",0,4066.59854277,11,425.97808736,1,425.97808736,1,10.475,100,13434052.8383617,0.0032
2025,4,"2025-T4","2659","Artistas criativos e interpretativos não classificados anteriormente",0,1762.04589171,7,380.27179186,1,380.27179186,1,21.5813,100,13434052.8383617,0.0028
2025,4,"2025-T4","7312","Confeccionadores e afinadores de instrumentos musicais",0,3050.91322291,8,374.3213325,2,374.3213325,2,12.2692,100,13434052.8383617,0.0028
2025,4,"2025-T4","3143","Técnicos florestais",0,2762.94876554,9,261.17639883,1,261.17639883,1,9.4528,100,13434052.8383617,0.0019
2025,4,"2025-T4","7315","Cortadores, polidores, jateadores e gravadores de vidros e afins",0,4408.03302991,6,246.29628848,1,246.29628848,1,5.5874,100,13434052.8383617,0.0018
2025,4,"2025-T4","5241","Modelos de moda, arte e publicidade",0,3724.52326321,8,243.5003028,1,243.5003028,1,6.5378,100,13434052.8383617,0.0018
2025,4,"2025-T4","9216","Trabalhadores elementares da pesca e aquicultura",0,19873.31797444,54,234.92980904,1,234.92980904,1,1.1821,100,13434052.8383617,0.0017
2025,4,"2025-T4","7234","Reparadores de bicicletas e afins",0,40036.57858822,80,234.73103601,1,234.73103601,1,0.5863,100,13434052.8383617,0.0017
2025,4,"2025-T4","7121","Telhadores",0,47629.53697326,76,215.55313667,1,215.55313667,1,0.4526,100,13434052.8383617,0.0016
2025,4,"2025-T4","7549","Outros trabalhadores qualificados e operários da indústria e do artesanato não classificados anteriormente",0,7898.63074725,11,194.38002354,1,194.38002354,1,2.4609,100,13434052.8383617,0.0014
2025,4,"2025-T4","7516","Trabalhadores qualificados da preparação do fumo e seus produtos",0,15438.8282225,38,128.17090752,1,128.17090752,1,0.8302,100,13434052.8383617,0.001
2025,4,"2025-T4","7514","Trabalhadores da conservação de frutas, legumes e similares",0,31455.04528713,114,79.37013142,1,79.37013142,1,0.2523,100,13434052.8383617,6e-04
2025,4,"2025-T4","9213","Trabalhadores elementares da agropecuária",0,10578.29016825,54,63.4565807,1,63.4565807,1,0.5999,100,13434052.8383617,5e-04
2025,4,"2025-T4","6114","Agricultores e trabalhadores qualificados de cultivos mistos",0,24480.02304529,91,57.32933232,1,57.32933232,1,0.2342,100,13434052.8383617,4e-04
2025,4,"2025-T4","8151","Operadores de máquinas de preparação de fibras, fiação e bobinamento de fios",0,14447.14561678,39,42.7397261,1,42.7397261,1,0.2958,100,13434052.8383617,3e-04
2025,4,"2025-T4","0110","Oficiais das forças armadas",1,70639.99104169,147,53400.34181399,126,0,0,0,0,13434052.8383617,0
2025,4,"2025-T4","0411","Oficiais de polícia militar",1,35434.89873228,85,32013.10682161,76,0,0,0,0,13434052.8383617,0
2025,4,"2025-T4","0511","Oficiais de bombeiro militar",1,15778.72065893,40,13722.06780033,34,0,0,0,0,13434052.8383617,0
2025,4,"2025-T4","1223","Dirigentes de pesquisa e desenvolvimento",1,38327.80638102,53,33933.60100306,49,0,0,0,0,13434052.8383617,0
2025,4,"2025-T4","1330","Dirigentes de serviços de tecnologia da informação e comunicações",1,137881.73517297,203,114816.40778955,167,0,0,0,0,13434052.8383617,0
2025,4,"2025-T4","1342","Dirigentes de serviços de saúde",1,62520.8936508,154,46158.88806225,112,0,0,0,0,13434052.8383617,0
2025,4,"2025-T4","1344","Dirigentes de serviços de bem-estar social",1,1363.18758412,2,1363.18758412,2,0,0,0,0,13434052.8383617,0
2025,4,"2025-T4","1345","Dirigentes de serviços de educação",1,151275.73636418,361,138992.99699162,331,0,0,0,0,13434052.8383617,0
2025,4,"2025-T4","1349","Dirigentes e gerentes de serviços profissionais não classificados anteriormente",1,62176.57399668,129,44855.10952897,90,0,0,0,0,13434052.8383617,0
2025,4,"2025-T4","2111","Físicos e astrônomos",1,2682.47829672,6,2682.47829672,6,0,0,0,0,13434052.8383617,0
2025,4,"2025-T4","2112","Meteorologistas",1,647.8163734,2,647.8163734,2,0,0,0,0,13434052.8383617,0
2025,4,"2025-T4","2113","Químicos",1,30559.03281014,43,30559.03281014,43,0,0,0,0,13434052.8383617,0
2025,4,"2025-T4","2114","Geólogos e geofísicos",1,13325.39412278,29,13325.39412278,29,0,0,0,0,13434052.8383617,0
2025,4,"2025-T4","2120","Matemáticos, atuários e estatísticos",1,14101.97767854,19,14101.97767854,19,0,0,0,0,13434052.8383617,0
2025,4,"2025-T4","2131","Biólogos, botânicos, zoólogos e afins",1,75690.17600306,152,75690.17600306,152,0,0,0,0,13434052.8383617,0
2025,4,"2025-T4","2132","Agrônomos e afins",1,64633.37270878,156,64633.37270878,156,0,0,0,0,13434052.8383617,0
2025,4,"2025-T4","2133","Profissionais da proteção do meio ambiente",1,38250.83855292,83,34723.20317492,73,0,0,0,0,13434052.8383617,0
2025,4,"2025-T4","2141","Engenheiros industriais e de produção",1,40447.1851334,63,40447.1851334,63,0,0,0,0,13434052.8383617,0
2025,4,"2025-T4","2142","Engenheiros civis",1,284202.75004976,601,284202.75004976,601,0,0,0,0,13434052.8383617,0
2025,4,"2025-T4","2143","Engenheiros de meio ambiente",1,31538.80677102,70,31538.80677102,70,0,0,0,0,13434052.8383617,0
2025,4,"2025-T4","2144","Engenheiros mecânicos",1,107971.63989385,184,107971.63989385,184,0,0,0,0,13434052.8383617,0
2025,4,"2025-T4","2145","Engenheiros químicos",1,33396.84982353,55,33396.84982353,55,0,0,0,0,13434052.8383617,0
2025,4,"2025-T4","2146","Engenheiros de minas, metalúrgicos e afins",1,3860.05622619,8,3860.05622619,8,0,0,0,0,13434052.8383617,0
2025,4,"2025-T4","2149","Engenheiros não classificados anteriormente",1,49485.2330972,89,49485.2330972,89,0,0,0,0,13434052.8383617,0
2025,4,"2025-T4","2151","Engenheiros eletricistas",1,72586.67762487,143,72586.67762487,143,0,0,0,0,13434052.8383617,0
2025,4,"2025-T4","2152","Engenheiros eletrônicos",1,39966.00302675,62,39966.00302675,62,0,0,0,0,13434052.8383617,0
2025,4,"2025-T4","2153","Engenheiros em telecomunicações",1,3384.79875109,5,3384.79875109,5,0,0,0,0,13434052.8383617,0
2025,4,"2025-T4","2161","Arquitetos de edificações",1,190864.08318502,382,190864.08318502,382,0,0,0,0,13434052.8383617,0
2025,4,"2025-T4","2162","Arquitetos paisagistas",1,3590.77632357,5,3590.77632357,5,0,0,0,0,13434052.8383617,0
2025,4,"2025-T4","2163","Desenhistas de produtos e  vestuário",1,39846.1478263,56,39846.1478263,56,0,0,0,0,13434052.8383617,0
2025,4,"2025-T4","2164","Urbanistas e engenheiros de trânsito",1,8795.80055081,17,8795.80055081,17,0,0,0,0,13434052.8383617,0
2025,4,"2025-T4","2165","Cartógrafos e agrimensores",1,8153.98572484,12,8153.98572484,12,0,0,0,0,13434052.8383617,0
2025,4,"2025-T4","2211","Médicos gerais",1,265918.99974448,512,265918.99974448,512,0,0,0,0,13434052.8383617,0
2025,4,"2025-T4","2212","Médicos especialistas",1,389730.48894769,766,389730.48894769,766,0,0,0,0,13434052.8383617,0
2025,4,"2025-T4","2221","Profissionais de enfermagem",1,570399.28483478,1132,570399.28483478,1132,0,0,0,0,13434052.8383617,0
2025,4,"2025-T4","2230","Profissionais da medicina tradicional e alternativa",1,941.14240221,4,941.14240221,4,0,0,0,0,13434052.8383617,0
2025,4,"2025-T4","2240","Paramédicos",1,455.94739357,1,455.94739357,1,0,0,0,0,13434052.8383617,0
2025,4,"2025-T4","2250","Veterinários",1,131282.59988946,271,131282.59988946,271,0,0,0,0,13434052.8383617,0
2025,4,"2025-T4","2261","Dentistas",1,376485.14681335,695,376485.14681335,695,0,0,0,0,13434052.8383617,0
2025,4,"2025-T4","2262","Farmacêuticos",1,213070.50623234,400,213070.50623234,400,0,0,0,0,13434052.8383617,0
2025,4,"2025-T4","2263","Profissionais da saúde e da higiene laboral e ambiental",1,5110.61539687,10,5110.61539687,10,0,0,0,0,13434052.8383617,0
2025,4,"2025-T4","2264","Fisioterapeutas",1,304285.26652533,588,304285.26652533,588,0,0,0,0,13434052.8383617,0
2025,4,"2025-T4","2265","Dietistas e nutricionistas",1,158464.87931919,330,158464.87931919,330,0,0,0,0,13434052.8383617,0
2025,4,"2025-T4","2266","Fonoaudiólogos e logopedistas",1,40984.04993016,91,40984.04993016,91,0,0,0,0,13434052.8383617,0
2025,4,"2025-T4","2267","Optometristas",1,4093.07996998,8,4093.07996998,8,0,0,0,0,13434052.8383617,0
2025,4,"2025-T4","2269","Profissionais da saúde não classificados anteriormente",1,84547.5391626,152,50727.36573958,91,0,0,0,0,13434052.8383617,0
2025,4,"2025-T4","2310","Professores de universidades e do ensino superior",1,322803.01198903,750,322803.01198903,750,0,0,0,0,13434052.8383617,0
2025,4,"2025-T4","2320","Professores de formação profissional",1,116932.26441614,196,76921.68099902,123,0,0,0,0,13434052.8383617,0
2025,4,"2025-T4","2330","Professores do ensino médio",1,718574.97829994,1610,689563.77954939,1552,0,0,0,0,13434052.8383617,0
2025,4,"2025-T4","2341","Professores do ensino fundamental",1,1609950.7613066,3890,1488566.37369954,3539,0,0,0,0,13434052.8383617,0
2025,4,"2025-T4","2342","Professores do ensino pré-escolar",1,853334.88813166,1786,724306.09632851,1490,0,0,0,0,13434052.8383617,0
2025,4,"2025-T4","2351","Especialistas em métodos pedagógicos",1,387514.07191283,867,359466.83474847,810,0,0,0,0,13434052.8383617,0
2025,4,"2025-T4","2352","Educadores para necessidades especiais",1,42367.35977887,89,34157.6029061,74,0,0,0,0,13434052.8383617,0
2025,4,"2025-T4","2359","Profissionais de ensino não classificados anteriormente",1,208073.10886102,463,90828.71457652,214,0,0,0,0,13434052.8383617,0
2025,4,"2025-T4","2411","Contadores",1,587939.0999252,1198,587939.0999252,1198,0,0,0,0,13434052.8383617,0
2025,4,"2025-T4","2412","Assessores financeiros e em investimentos",1,39964.20919116,73,39964.20919116,73,0,0,0,0,13434052.8383617,0
2025,4,"2025-T4","2413","Analistas financeiros",1,236910.66926264,313,236910.66926264,313,0,0,0,0,13434052.8383617,0
2025,4,"2025-T4","2421","Analistas de gestão e administração",1,555789.545641,906,555789.545641,906,0,0,0,0,13434052.8383617,0
2025,4,"2025-T4","2422","Especialistas em políticas de administração",1,3727.38654993,7,3727.38654993,7,0,0,0,0,13434052.8383617,0
2025,4,"2025-T4","2423","Especialistas em políticas e serviços de pessoal e afins",1,262492.15825307,429,206678.48665131,334,0,0,0,0,13434052.8383617,0
2025,4,"2025-T4","2424","Especialistas em formação de pessoal",1,23230.01094316,33,18286.99808481,22,0,0,0,0,13434052.8383617,0
2025,4,"2025-T4","2432","Profissionais de relações públicas",1,38758.25360054,77,27018.6077266,54,0,0,0,0,13434052.8383617,0
2025,4,"2025-T4","2511","Analistas de sistemas",1,434087.05270275,652,434087.05270275,652,0,0,0,0,13434052.8383617,0
2025,4,"2025-T4","2512","Desenvolvedores de programas e aplicativos (software)",1,230921.99325491,340,230921.99325491,340,0,0,0,0,13434052.8383617,0
2025,4,"2025-T4","2513","Desenvolvedores de páginas de internet (web) e multimídia",1,13735.14694173,19,13735.14694173,19,0,0,0,0,13434052.8383617,0
2025,4,"2025-T4","2514","Programadores de aplicações",1,73395.75002824,130,73395.75002824,130,0,0,0,0,13434052.8383617,0
2025,4,"2025-T4","2519","Desenvolvedores e analistas de programas e aplicativos (software) e multimídia não classificados anteriormente",1,23903.78361771,39,23903.78361771,39,0,0,0,0,13434052.8383617,0
2025,4,"2025-T4","2521","Desenhistas e administradores de bases de dados",1,40766.22388376,59,40766.22388376,59,0,0,0,0,13434052.8383617,0
2025,4,"2025-T4","2522","Administradores de sistemas",1,27720.76411121,39,27720.76411121,39,0,0,0,0,13434052.8383617,0
2025,4,"2025-T4","2523","Profissionais em rede de computadores",1,10136.86733274,16,10136.86733274,16,0,0,0,0,13434052.8383617,0
2025,4,"2025-T4","2529","Especialistas em base de dados e em redes de computadores não classificados anteriormente",1,11004.87156281,21,11004.87156281,21,0,0,0,0,13434052.8383617,0
2025,4,"2025-T4","2611","Advogados e juristas",1,1099045.08663113,2050,1099045.08663113,2050,0,0,0,0,13434052.8383617,0
2025,4,"2025-T4","2619","Profissionais em direito não classificados anteriormente",1,178543.46335986,437,169497.87866381,420,0,0,0,0,13434052.8383617,0
2025,4,"2025-T4","2621","Arquivologistas e curadores de museus",1,3413.46840165,6,3413.46840165,6,0,0,0,0,13434052.8383617,0
2025,4,"2025-T4","2622","Bibliotecários, documentaristas e afins",1,23058.22484359,54,18012.52455164,43,0,0,0,0,13434052.8383617,0
2025,4,"2025-T4","2631","Economistas",1,29375.45546933,49,29375.45546933,49,0,0,0,0,13434052.8383617,0
2025,4,"2025-T4","2632","Sociólogos, antropólogos e afins",1,4742.77088218,13,4742.77088218,13,0,0,0,0,13434052.8383617,0
2025,4,"2025-T4","2633","Filósofos, historiadores e especialistas em ciência política",1,443.43026442,2,443.43026442,2,0,0,0,0,13434052.8383617,0
2025,4,"2025-T4","2634","Psicólogos",1,442435.48593827,842,442435.48593827,842,0,0,0,0,13434052.8383617,0
2025,4,"2025-T4","2635","Assistentes sociais",1,148800.52668964,333,148800.52668964,333,0,0,0,0,13434052.8383617,0
2025,4,"2025-T4","2642","Jornalistas",1,219775.11867136,411,127305.26176511,244,0,0,0,0,13434052.8383617,0
2025,4,"2025-T4","3133","Controladores de instalações de processamento de produtos químicos",0,6056.06489169,7,0,0,0,0,0,NA,13434052.8383617,0
2025,4,"2025-T4","3252","Técnicos em documentação sanitária",0,1969.19194816,2,0,0,0,0,0,NA,13434052.8383617,0
2025,4,"2025-T4","3254","Técnicos em optometria e ópticos",0,227.04668837,1,0,0,0,0,0,NA,13434052.8383617,0
2025,4,"2025-T4","4413","Codificadores de dados, revisores de provas de impressão e afins",0,1510.40239243,3,0,0,0,0,0,NA,13434052.8383617,0
2025,4,"2025-T4","4414","Outros escreventes",0,4861.17993449,4,0,0,0,0,0,NA,13434052.8383617,0
2025,4,"2025-T4","5162","Acompanhantes e criados particulares",0,6892.40840392,9,0,0,0,0,0,NA,13434052.8383617,0
2025,4,"2025-T4","5168","Trabalhadores do sexo",0,2348.09580567,3,0,0,0,0,0,NA,13434052.8383617,0
2025,4,"2025-T4","6129","Outros criadores e trabalhadores qualificados da pecuária não classificados anteriormente",0,882.78839842,5,0,0,0,0,0,NA,13434052.8383617,0
2025,4,"2025-T4","7114","Trabalhadores em cimento e concreto armado",0,23156.44217751,46,0,0,0,0,0,NA,13434052.8383617,0
2025,4,"2025-T4","7215","Aparelhadores e emendadores de cabos",0,471.05672139,2,0,0,0,0,0,NA,13434052.8383617,0
2025,4,"2025-T4","7224","Polidores de metais e afiadores de ferramentas",0,22019.27077163,37,0,0,0,0,0,NA,13434052.8383617,0
2025,4,"2025-T4","7521","Trabalhadores de tratamento e preparação da madeira",0,2120.63623147,6,0,0,0,0,0,NA,13434052.8383617,0
2025,4,"2025-T4","7535","Trabalhadores qualificados do tratamento de couros e peles",0,8388.84328109,15,0,0,0,0,0,NA,13434052.8383617,0
2025,4,"2025-T4","7542","Dinamitadores e detonadores",0,7300.00996871,17,0,0,0,0,0,NA,13434052.8383617,0
2025,4,"2025-T4","8114","Operadores de máquinas para fabricar cimento, pedras e outros produtos minerais",0,27039.00222212,64,0,0,0,0,0,NA,13434052.8383617,0
2025,4,"2025-T4","8155","Operadores de máquinas de processamento de couros e peles",0,2142.71229999,4,0,0,0,0,0,NA,13434052.8383617,0
2025,4,"2025-T4","8159","Operadores de máquinas para fabricar produtos têxteis e artigos de couro e pele não classificados anteriormente",0,629.22734679,3,0,0,0,0,0,NA,13434052.8383617,0
2025,4,"2025-T4","9123","Limpadores de janelas",0,5558.38470843,6,0,0,0,0,0,NA,13434052.8383617,0
2025,4,"2025-T4","9214","Trabalhadores elementares da jardinagem e horticultura",0,95235.48604865,226,0,0,0,0,0,NA,13434052.8383617,0
2025,4,"2025-T4","9311","Trabalhadores elementares de minas e pedreiras",0,33641.38724707,115,0,0,0,0,0,NA,13434052.8383617,0
2025,4,"2025-T4","9312","Trabalhadores elementares de obras públicas e da manutenção de estradas, represas e similares",0,39539.80104095,89,0,0,0,0,0,NA,13434052.8383617,0
2025,4,"2025-T4","9332","Condutores de veículos e máquinas de tração animal",0,14826.37132594,40,0,0,0,0,0,NA,13434052.8383617,0
2025,4,"2025-T4","9613","Varredores e afins",0,5106.62295078,10,0,0,0,0,0,NA,13434052.8383617,0
2025,4,"2025-T4","9622","Pessoas que realizam várias tarefas",0,15534.62401132,31,0,0,0,0,0,NA,13434052.8383617,0
2025,4,"2025-T4","9624","Carregadores de água e coletores de lenha",0,1195.9787255,4,0,0,0,0,0,NA,13434052.8383617,0
