"unidade_da_federacao","Ano","Trimestre","periodo","peso_universo","registros_universo","peso_sobreeducados","registros_sobreeducados","percentual_sobreeducados_no_grupo","peso_sobreeducados_total_periodo","participacao_do_grupo_no_total_sobreeducados_periodo","uf_nome"
"AC",2012,1,"2012-T1",21155.17857118,322,10910.88222699,163,51.5755,3356334.63336439,0.3251,"Acre"
"AL",2012,1,"2012-T1",57186.16832905,344,29211.41056017,177,51.0813,3356334.63336439,0.8703,"Alagoas"
"AM",2012,1,"2012-T1",73969.55986464,326,33268.53179674,151,44.976,3356334.63336439,0.9912,"Amazonas"
"AP",2012,1,"2012-T1",15991.30113421,121,8688.83337247,64,54.3347,3356334.63336439,0.2589,"Amapa"
"BA",2012,1,"2012-T1",295475.49210819,488,129667.83981858,230,43.8845,3356334.63336439,3.8634,"Bahia"
"CE",2012,1,"2012-T1",154657.97608253,418,74554.12850121,219,48.2058,3356334.63336439,2.2213,"Ceara"
"DF",2012,1,"2012-T1",194885.32812852,616,99035.21702,318,50.8172,3356334.63336439,2.9507,"Distrito Federal"
"ES",2012,1,"2012-T1",123912.94103925,676,63099.09538004,336,50.9221,3356334.63336439,1.88,"Espirito Santo"
"GO",2012,1,"2012-T1",219068.0983873,629,110774.73610735,321,50.5663,3356334.63336439,3.3005,"Goias"
"MA",2012,1,"2012-T1",79797.21814949,375,39571.47795142,187,49.59,3356334.63336439,1.179,"Maranhao"
"MG",2012,1,"2012-T1",695548.13855277,1309,302416.30550304,568,43.4788,3356334.63336439,9.0103,"Minas Gerais"
"MS",2012,1,"2012-T1",83455.83507861,407,42699.85428139,213,51.1646,3356334.63336439,1.2722,"Mato Grosso do Sul"
"MT",2012,1,"2012-T1",117893.12428762,512,59316.2060071,263,50.3135,3356334.63336439,1.7673,"Mato Grosso"
"PA",2012,1,"2012-T1",119510.4953627,319,58875.09701691,158,49.2635,3356334.63336439,1.7541,"Para"
"PB",2012,1,"2012-T1",87267.86979197,320,43205.08644664,161,49.5086,3356334.63336439,1.2873,"Paraiba"
"PE",2012,1,"2012-T1",252827.52088885,536,108589.18289926,235,42.9499,3356334.63336439,3.2354,"Pernambuco"
"PI",2012,1,"2012-T1",78532.97380198,318,45509.39652032,182,57.9494,3356334.63336439,1.3559,"Piaui"
"PR",2012,1,"2012-T1",449516.19684965,1071,237089.10177869,583,52.7432,3356334.63336439,7.0639,"Parana"
"RJ",2012,1,"2012-T1",752961.78377472,1548,326213.20558869,688,43.324,3356334.63336439,9.7193,"Rio de Janeiro"
"RN",2012,1,"2012-T1",68061.34680433,240,32385.33105422,115,47.5826,3356334.63336439,0.9649,"Rio Grande do Norte"
"RO",2012,1,"2012-T1",40802.28905432,270,21160.43389281,144,51.8609,3356334.63336439,0.6305,"Rondonia"
"RR",2012,1,"2012-T1",15295.34849601,183,8850.03020675,102,57.8609,3356334.63336439,0.2637,"Roraima"
"RS",2012,1,"2012-T1",409363.25820719,1079,174887.44741913,472,42.7218,3356334.63336439,5.2107,"Rio Grande do Sul"
"SC",2012,1,"2012-T1",275402.78310176,1301,139925.00015729,661,50.8074,3356334.63336439,4.169,"Santa Catarina"
"SE",2012,1,"2012-T1",47911.6278304,229,22953.68974048,121,47.9084,3356334.63336439,0.6839,"Sergipe"
"SP",2012,1,"2012-T1",2256453.17999519,1983,1105192.68754996,1007,48.9792,3356334.63336439,32.9286,"Sao Paulo"
"TO",2012,1,"2012-T1",46435.88536122,261,28284.42456674,152,60.9107,3356334.63336439,0.8427,"Tocantins"
"AC",2012,2,"2012-T2",21530.7124875,327,11241.74958965,175,52.2126,3393661.61527084,0.3313,"Acre"
"AL",2012,2,"2012-T2",57680.26032174,373,30961.02528717,200,53.677,3393661.61527084,0.9123,"Alagoas"
"AM",2012,2,"2012-T2",75204.1219044,341,35688.55236767,162,47.4556,3393661.61527084,1.0516,"Amazonas"
"AP",2012,2,"2012-T2",18380.06234259,133,8586.6367869,62,46.7171,3393661.61527084,0.253,"Amapa"
"BA",2012,2,"2012-T2",274007.28996346,444,126035.78326633,212,45.9972,3393661.61527084,3.7139,"Bahia"
"CE",2012,2,"2012-T2",173124.68463944,474,85450.40523406,232,49.3577,3393661.61527084,2.5179,"Ceara"
"DF",2012,2,"2012-T2",193543.74023289,630,89423.43722952,298,46.2032,3393661.61527084,2.635,"Distrito Federal"
"ES",2012,2,"2012-T2",138114.00747324,782,75450.24490206,403,54.629,3393661.61527084,2.2233,"Espirito Santo"
"GO",2012,2,"2012-T2",223562.767285,609,110304.70314543,302,49.3395,3393661.61527084,3.2503,"Goias"
"MA",2012,2,"2012-T2",84011.14849799,374,37660.57717884,168,44.8281,3393661.61527084,1.1097,"Maranhao"
"MG",2012,2,"2012-T2",712508.2767911,1334,333385.93322756,621,46.7905,3393661.61527084,9.8238,"Minas Gerais"
"MS",2012,2,"2012-T2",89771.25866495,419,47137.6875351,224,52.5087,3393661.61527084,1.389,"Mato Grosso do Sul"
"MT",2012,2,"2012-T2",117532.62251641,513,62435.5122462,277,53.1219,3393661.61527084,1.8398,"Mato Grosso"
"PA",2012,2,"2012-T2",120889.78448773,307,55901.77705744,144,46.2419,3393661.61527084,1.6472,"Para"
"PB",2012,2,"2012-T2",83182.92822435,325,39867.44530729,156,47.9274,3393661.61527084,1.1748,"Paraiba"
"PE",2012,2,"2012-T2",255218.04403401,519,115872.56709394,239,45.4014,3393661.61527084,3.4144,"Pernambuco"
"PI",2012,2,"2012-T2",75695.73985801,293,41441.05908611,162,54.7469,3393661.61527084,1.2211,"Piaui"
"PR",2012,2,"2012-T2",461937.20166684,1107,226875.98649883,564,49.114,3393661.61527084,6.6853,"Parana"
"RJ",2012,2,"2012-T2",765272.92249038,1684,315698.82491036,706,41.2531,3393661.61527084,9.3026,"Rio de Janeiro"
"RN",2012,2,"2012-T2",66169.60078669,239,29679.14761581,106,44.8531,3393661.61527084,0.8745,"Rio Grande do Norte"
"RO",2012,2,"2012-T2",39769.20623357,257,23056.26647185,150,57.9752,3393661.61527084,0.6794,"Rondonia"
"RR",2012,2,"2012-T2",16916.08125942,207,9625.07728894,120,56.899,3393661.61527084,0.2836,"Roraima"
"RS",2012,2,"2012-T2",400295.0002431,1096,169800.77383802,453,42.4189,3393661.61527084,5.0035,"Rio Grande do Sul"
"SC",2012,2,"2012-T2",276145.79902131,1312,142122.02436743,681,51.4663,3393661.61527084,4.1879,"Santa Catarina"
"SE",2012,2,"2012-T2",52014.27842781,245,24394.50546772,119,46.8996,3393661.61527084,0.7188,"Sergipe"
"SP",2012,2,"2012-T2",2282110.94089917,2072,1119221.88885257,1027,49.0433,3393661.61527084,32.9798,"Sao Paulo"
"TO",2012,2,"2012-T2",47043.54973586,253,26342.02341804,135,55.995,3393661.61527084,0.7762,"Tocantins"
"AC",2012,3,"2012-T3",21081.59565658,297,11431.32575946,162,54.2242,3416081.76488145,0.3346,"Acre"
"AL",2012,3,"2012-T3",56855.53114341,354,30969.86588048,194,54.4712,3416081.76488145,0.9066,"Alagoas"
"AM",2012,3,"2012-T3",74855.40729864,339,32757.82408826,150,43.7615,3416081.76488145,0.9589,"Amazonas"
"AP",2012,3,"2012-T3",17241.81571734,111,7531.41838725,48,43.6811,3416081.76488145,0.2205,"Amapa"
"BA",2012,3,"2012-T3",291952.47186674,460,130714.39461111,218,44.7725,3416081.76488145,3.8264,"Bahia"
"CE",2012,3,"2012-T3",173875.21009108,477,85692.50395997,237,49.2839,3416081.76488145,2.5085,"Ceara"
"DF",2012,3,"2012-T3",198947.98523697,657,101322.90221167,339,50.9293,3416081.76488145,2.9661,"Distrito Federal"
"ES",2012,3,"2012-T3",122200.48397164,667,65672.97233664,351,53.742,3416081.76488145,1.9225,"Espirito Santo"
"GO",2012,3,"2012-T3",240993.63777881,630,130683.57535514,343,54.227,3416081.76488145,3.8255,"Goias"
"MA",2012,3,"2012-T3",90857.48624322,398,43825.55888563,195,48.2355,3416081.76488145,1.2829,"Maranhao"
"MG",2012,3,"2012-T3",720855.56576876,1371,326023.80864699,624,45.2273,3416081.76488145,9.5438,"Minas Gerais"
"MS",2012,3,"2012-T3",88364.1523026,388,44950.62398701,204,50.8698,3416081.76488145,1.3159,"Mato Grosso do Sul"
"MT",2012,3,"2012-T3",113686.67125142,476,50292.41979517,219,44.2377,3416081.76488145,1.4722,"Mato Grosso"
"PA",2012,3,"2012-T3",127874.62966556,301,65923.57795934,157,51.5533,3416081.76488145,1.9298,"Para"
"PB",2012,3,"2012-T3",83866.05653758,323,43038.44659939,162,51.3181,3416081.76488145,1.2599,"Paraiba"
"PE",2012,3,"2012-T3",264675.64110002,545,109562.81188708,233,41.3951,3416081.76488145,3.2073,"Pernambuco"
"PI",2012,3,"2012-T3",77051.09402055,283,41303.70325058,153,53.6056,3416081.76488145,1.2091,"Piaui"
"PR",2012,3,"2012-T3",472825.18996083,1156,224855.98715159,570,47.5558,3416081.76488145,6.5823,"Parana"
"RJ",2012,3,"2012-T3",775147.17183529,1751,335533.81393642,765,43.2865,3416081.76488145,9.8222,"Rio de Janeiro"
"RN",2012,3,"2012-T3",69679.44855703,249,32945.63270365,123,47.2817,3416081.76488145,0.9644,"Rio Grande do Norte"
"RO",2012,3,"2012-T3",39973.67401267,245,21450.30840919,131,53.6611,3416081.76488145,0.6279,"Rondonia"
"RR",2012,3,"2012-T3",16043.43094638,188,8497.99611257,98,52.9687,3416081.76488145,0.2488,"Roraima"
"RS",2012,3,"2012-T3",418826.60642092,1094,169671.71412522,451,40.5112,3416081.76488145,4.9669,"Rio Grande do Sul"
"SC",2012,3,"2012-T3",290284.16813217,1350,145190.93943684,680,50.0168,3416081.76488145,4.2502,"Santa Catarina"
"SE",2012,3,"2012-T3",47329.85987377,218,22825.38016126,111,48.2262,3416081.76488145,0.6682,"Sergipe"
"SP",2012,3,"2012-T3",2347501.66495821,2062,1110462.24138509,1004,47.304,3416081.76488145,32.5069,"Sao Paulo"
"TO",2012,3,"2012-T3",44929.50474521,226,22950.01785845,116,51.0801,3416081.76488145,0.6718,"Tocantins"
"AC",2012,4,"2012-T4",19881.11569359,276,11151.01044999,154,56.0885,3484858.11378923,0.32,"Acre"
"AL",2012,4,"2012-T4",50562.55921124,298,26631.89119342,157,52.6712,3484858.11378923,0.7642,"Alagoas"
"AM",2012,4,"2012-T4",81326.72049897,356,37143.25374613,160,45.6716,3484858.11378923,1.0658,"Amazonas"
"AP",2012,4,"2012-T4",22444.01833781,150,9929.33612077,64,44.2405,3484858.11378923,0.2849,"Amapa"
"BA",2012,4,"2012-T4",307280.695512,473,135403.99040939,222,44.0652,3484858.11378923,3.8855,"Bahia"
"CE",2012,4,"2012-T4",165937.21017235,464,82709.49326391,242,49.8438,3484858.11378923,2.3734,"Ceara"
"DF",2012,4,"2012-T4",198903.54936229,632,93141.44829856,308,46.8274,3484858.11378923,2.6727,"Distrito Federal"
"ES",2012,4,"2012-T4",130477.28062874,716,69246.93848539,382,53.072,3484858.11378923,1.9871,"Espirito Santo"
"GO",2012,4,"2012-T4",249363.5433898,693,137981.2253064,381,55.3334,3484858.11378923,3.9595,"Goias"
"MA",2012,4,"2012-T4",79351.83343397,342,39862.81388632,175,50.2355,3484858.11378923,1.1439,"Maranhao"
"MG",2012,4,"2012-T4",724766.05013725,1403,341718.1789407,673,47.1488,3484858.11378923,9.8058,"Minas Gerais"
"MS",2012,4,"2012-T4",87606.3068655,395,48483.38995637,223,55.3424,3484858.11378923,1.3913,"Mato Grosso do Sul"
"MT",2012,4,"2012-T4",130467.57608881,522,61407.44931698,246,47.0672,3484858.11378923,1.7621,"Mato Grosso"
"PA",2012,4,"2012-T4",128752.34366474,319,65169.80536635,162,50.6164,3484858.11378923,1.8701,"Para"
"PB",2012,4,"2012-T4",80647.53610371,298,37464.37325615,142,46.4545,3484858.11378923,1.0751,"Paraiba"
"PE",2012,4,"2012-T4",258472.34368462,539,103774.92383926,222,40.1493,3484858.11378923,2.9779,"Pernambuco"
"PI",2012,4,"2012-T4",71634.50957429,264,41181.07046662,146,57.4878,3484858.11378923,1.1817,"Piaui"
"PR",2012,4,"2012-T4",469901.72577948,1104,242562.48767516,573,51.6198,3484858.11378923,6.9605,"Parana"
"RJ",2012,4,"2012-T4",794118.29418518,1747,350006.35653606,771,44.0748,3484858.11378923,10.0436,"Rio de Janeiro"
"RN",2012,4,"2012-T4",58502.40200543,207,31025.82680783,112,53.0334,3484858.11378923,0.8903,"Rio Grande do Norte"
"RO",2012,4,"2012-T4",38751.57413683,230,22086.44826,128,56.995,3484858.11378923,0.6338,"Rondonia"
"RR",2012,4,"2012-T4",16855.1950251,172,9506.48283341,98,56.4009,3484858.11378923,0.2728,"Roraima"
"RS",2012,4,"2012-T4",433508.78464322,1123,184635.45264836,480,42.5909,3484858.11378923,5.2982,"Rio Grande do Sul"
"SC",2012,4,"2012-T4",289366.50690246,1301,147070.08529832,662,50.8248,3484858.11378923,4.2203,"Santa Catarina"
"SE",2012,4,"2012-T4",49776.94709282,220,28096.20988522,130,56.4442,3484858.11378923,0.8062,"Sergipe"
"SP",2012,4,"2012-T4",2284577.82757367,1918,1100940.26222243,962,48.1901,3484858.11378923,31.5921,"Sao Paulo"
"TO",2012,4,"2012-T4",43560.9006784,225,26527.90931973,138,60.8984,3484858.11378923,0.7612,"Tocantins"
"AC",2013,1,"2013-T1",19722.57284845,287,9761.32374725,143,49.4932,3570700.32811087,0.2734,"Acre"
"AL",2013,1,"2013-T1",61152.80909755,375,31466.67041938,195,51.4558,3570700.32811087,0.8812,"Alagoas"
"AM",2013,1,"2013-T1",80404.72513829,358,38451.92033041,168,47.823,3570700.32811087,1.0769,"Amazonas"
"AP",2013,1,"2013-T1",15928.60256053,109,9123.45784685,62,57.2772,3570700.32811087,0.2555,"Amapa"
"BA",2013,1,"2013-T1",273714.96440203,449,132488.19241848,222,48.4037,3570700.32811087,3.7104,"Bahia"
"CE",2013,1,"2013-T1",175877.18715332,510,88241.864051,267,50.1724,3570700.32811087,2.4713,"Ceara"
"DF",2013,1,"2013-T1",223716.34921038,731,117368.45855231,390,52.4631,3570700.32811087,3.287,"Distrito Federal"
"ES",2013,1,"2013-T1",124478.3754229,748,62121.74118859,366,49.9056,3570700.32811087,1.7398,"Espirito Santo"
"GO",2013,1,"2013-T1",238140.98860586,684,127374.91732934,371,53.4872,3570700.32811087,3.5672,"Goias"
"MA",2013,1,"2013-T1",83216.59369868,390,42300.09136193,201,50.8313,3570700.32811087,1.1846,"Maranhao"
"MG",2013,1,"2013-T1",687424.33079614,1354,312668.38255027,631,45.484,3570700.32811087,8.7565,"Minas Gerais"
"MS",2013,1,"2013-T1",90338.90553505,396,49685.4633335,224,54.999,3570700.32811087,1.3915,"Mato Grosso do Sul"
"MT",2013,1,"2013-T1",137153.60560038,566,69833.9249553,285,50.9166,3570700.32811087,1.9557,"Mato Grosso"
"PA",2013,1,"2013-T1",133383.50633898,347,69260.8262154,183,51.9261,3570700.32811087,1.9397,"Para"
"PB",2013,1,"2013-T1",96387.6581856,346,48897.64410394,172,50.7302,3570700.32811087,1.3694,"Paraiba"
"PE",2013,1,"2013-T1",259714.26444752,572,106556.71529832,239,41.0284,3570700.32811087,2.9842,"Pernambuco"
"PI",2013,1,"2013-T1",67389.106702,261,38375.31788525,146,56.9459,3570700.32811087,1.0747,"Piaui"
"PR",2013,1,"2013-T1",488962.69395114,1262,246243.00402815,648,50.3603,3570700.32811087,6.8962,"Parana"
"RJ",2013,1,"2013-T1",805700.6660072,1774,343464.84614311,774,42.6293,3570700.32811087,9.619,"Rio de Janeiro"
"RN",2013,1,"2013-T1",63705.78452939,222,30648.85383018,109,48.11,3570700.32811087,0.8583,"Rio Grande do Norte"
"RO",2013,1,"2013-T1",43121.29791254,261,25145.89555336,143,58.3143,3570700.32811087,0.7042,"Rondonia"
"RR",2013,1,"2013-T1",19717.54512007,240,9576.11369278,117,48.5665,3570700.32811087,0.2682,"Roraima"
"RS",2013,1,"2013-T1",450494.73249694,1149,192559.78199513,490,42.7441,3570700.32811087,5.3928,"Rio Grande do Sul"
"SC",2013,1,"2013-T1",295148.20640565,1320,159537.65810504,722,54.0534,3570700.32811087,4.468,"Santa Catarina"
"SE",2013,1,"2013-T1",53402.06175996,242,27217.43937846,130,50.967,3570700.32811087,0.7622,"Sergipe"
"SP",2013,1,"2013-T1",2339899.81394784,1982,1156025.87845428,1012,49.4049,3570700.32811087,32.3753,"Sao Paulo"
"TO",2013,1,"2013-T1",42363.23769232,225,26303.94534286,138,62.0914,3570700.32811087,0.7367,"Tocantins"
"AC",2013,2,"2013-T2",21613.31799736,302,10758.95815246,148,49.7793,3499360.43340156,0.3075,"Acre"
"AL",2013,2,"2013-T2",62882.69054317,407,32961.22074189,211,52.417,3499360.43340156,0.9419,"Alagoas"
"AM",2013,2,"2013-T2",85537.85609051,364,39485.25079283,164,46.1611,3499360.43340156,1.1284,"Amazonas"
"AP",2013,2,"2013-T2",22752.96864686,145,11773.07673963,69,51.743,3499360.43340156,0.3364,"Amapa"
"BA",2013,2,"2013-T2",275153.59114259,463,120718.03176899,215,43.873,3499360.43340156,3.4497,"Bahia"
"CE",2013,2,"2013-T2",187193.92247404,540,87500.76062358,268,46.7434,3499360.43340156,2.5005,"Ceara"
"DF",2013,2,"2013-T2",222720.79329464,761,108001.55953091,373,48.4919,3499360.43340156,3.0863,"Distrito Federal"
"ES",2013,2,"2013-T2",127147.35560452,770,60123.87172073,354,47.2868,3499360.43340156,1.7181,"Espirito Santo"
"GO",2013,2,"2013-T2",225706.25252675,646,123029.86337287,361,54.5088,3499360.43340156,3.5158,"Goias"
"MA",2013,2,"2013-T2",83621.07473059,391,40305.41575946,191,48.2001,3499360.43340156,1.1518,"Maranhao"
"MG",2013,2,"2013-T2",657060.60119814,1288,291572.15452781,574,44.3752,3499360.43340156,8.3322,"Minas Gerais"
"MS",2013,2,"2013-T2",96474.90513455,438,51491.41535992,240,53.3729,3499360.43340156,1.4715,"Mato Grosso do Sul"
"MT",2013,2,"2013-T2",138642.42970531,575,67634.4632579,280,48.7834,3499360.43340156,1.9328,"Mato Grosso"
"PA",2013,2,"2013-T2",147082.20295827,374,74664.60790752,190,50.7639,3499360.43340156,2.1337,"Para"
"PB",2013,2,"2013-T2",93450.07325622,358,44176.68105981,167,47.273,3499360.43340156,1.2624,"Paraiba"
"PE",2013,2,"2013-T2",241147.91134779,518,102609.82135387,227,42.5506,3499360.43340156,2.9322,"Pernambuco"
"PI",2013,2,"2013-T2",77895.72142074,293,46249.39973551,168,59.3735,3499360.43340156,1.3217,"Piaui"
"PR",2013,2,"2013-T2",496514.32240066,1321,248792.24460419,679,50.1078,3499360.43340156,7.1096,"Parana"
"RJ",2013,2,"2013-T2",755408.42749106,1658,310755.96210848,704,41.1375,3499360.43340156,8.8804,"Rio de Janeiro"
"RN",2013,2,"2013-T2",65884.746288,224,33903.42642511,116,51.4587,3499360.43340156,0.9688,"Rio Grande do Norte"
"RO",2013,2,"2013-T2",36729.66803073,242,19044.49894434,125,51.8505,3499360.43340156,0.5442,"Rondonia"
"RR",2013,2,"2013-T2",21772.54973648,273,12085.82369461,151,55.5095,3499360.43340156,0.3454,"Roraima"
"RS",2013,2,"2013-T2",482588.30697948,1225,221402.22366698,543,45.8781,3499360.43340156,6.3269,"Rio Grande do Sul"
"SC",2013,2,"2013-T2",287236.65924395,1277,153590.28245433,683,53.4717,3499360.43340156,4.3891,"Santa Catarina"
"SE",2013,2,"2013-T2",57269.1656898,264,28408.67561747,140,49.6055,3499360.43340156,0.8118,"Sergipe"
"SP",2013,2,"2013-T2",2354591.26743322,2077,1139401.47496746,1033,48.3906,3499360.43340156,32.5603,"Sao Paulo"
"TO",2013,2,"2013-T2",40118.44988505,216,18919.2685129,106,47.1585,3499360.43340156,0.5406,"Tocantins"
"AC",2013,3,"2013-T3",22453.42119433,329,10042.32695215,142,44.7252,3538841.93335996,0.2838,"Acre"
"AL",2013,3,"2013-T3",66355.92777767,415,31813.36576473,206,47.9435,3538841.93335996,0.899,"Alagoas"
"AM",2013,3,"2013-T3",86516.84003688,351,43015.83346682,172,49.7196,3538841.93335996,1.2155,"Amazonas"
"AP",2013,3,"2013-T3",26090.77603501,181,13083.27613292,88,50.1452,3538841.93335996,0.3697,"Amapa"
"BA",2013,3,"2013-T3",267357.8842037,429,120774.12202842,201,45.1732,3538841.93335996,3.4128,"Bahia"
"CE",2013,3,"2013-T3",179492.25018671,516,86960.69048186,261,48.4482,3538841.93335996,2.4573,"Ceara"
"DF",2013,3,"2013-T3",207552.28949715,702,101630.43625353,355,48.9662,3538841.93335996,2.8719,"Distrito Federal"
"ES",2013,3,"2013-T3",133567.88374932,791,59947.98014516,356,44.882,3538841.93335996,1.694,"Espirito Santo"
"GO",2013,3,"2013-T3",232528.08597126,616,120846.8734614,329,51.9709,3538841.93335996,3.4149,"Goias"
"MA",2013,3,"2013-T3",87405.50488565,373,43284.66554681,188,49.5217,3538841.93335996,1.2231,"Maranhao"
"MG",2013,3,"2013-T3",692367.4849141,1357,298652.61183802,602,43.135,3538841.93335996,8.4393,"Minas Gerais"
"MS",2013,3,"2013-T3",96429.86325912,431,51534.71065756,232,53.4427,3538841.93335996,1.4563,"Mato Grosso do Sul"
"MT",2013,3,"2013-T3",146730.29388439,617,72882.97721025,309,49.6714,3538841.93335996,2.0595,"Mato Grosso"
"PA",2013,3,"2013-T3",137604.85396114,347,62943.76862998,158,45.7424,3538841.93335996,1.7787,"Para"
"PB",2013,3,"2013-T3",87834.17672475,344,42778.17974903,167,48.7033,3538841.93335996,1.2088,"Paraiba"
"PE",2013,3,"2013-T3",254286.62490193,554,113995.39114097,250,44.8295,3538841.93335996,3.2213,"Pernambuco"
"PI",2013,3,"2013-T3",86193.48034441,315,50299.85872646,175,58.3569,3538841.93335996,1.4214,"Piaui"
"PR",2013,3,"2013-T3",504960.85494352,1322,239640.89057048,643,47.4573,3538841.93335996,6.7717,"Parana"
"RJ",2013,3,"2013-T3",792360.80700719,1760,324621.86448824,758,40.9689,3538841.93335996,9.1731,"Rio de Janeiro"
"RN",2013,3,"2013-T3",68110.54119315,245,36652.40216161,131,53.8131,3538841.93335996,1.0357,"Rio Grande do Norte"
"RO",2013,3,"2013-T3",41582.11374443,271,21403.84218676,139,51.4737,3538841.93335996,0.6048,"Rondonia"
"RR",2013,3,"2013-T3",21123.80435361,253,11272.3051958,135,53.363,3538841.93335996,0.3185,"Roraima"
"RS",2013,3,"2013-T3",492119.47102784,1214,206988.75278442,498,42.0607,3538841.93335996,5.8491,"Rio Grande do Sul"
"SC",2013,3,"2013-T3",277885.0787242,1202,146048.20047969,647,52.5571,3538841.93335996,4.127,"Santa Catarina"
"SE",2013,3,"2013-T3",62400.16764451,282,28266.52374638,136,45.2988,3538841.93335996,0.7988,"Sergipe"
"SP",2013,3,"2013-T3",2414537.0780988,2077,1179547.54777245,1039,48.8519,3538841.93335996,33.3315,"Sao Paulo"
"TO",2013,3,"2013-T3",40099.4990691,215,19912.53578806,104,49.6578,3538841.93335996,0.5627,"Tocantins"
"AC",2013,4,"2013-T4",20278.33274174,284,10655.42913227,143,52.5459,3540833.16785503,0.3009,"Acre"
"AL",2013,4,"2013-T4",64059.27382135,419,33331.99795503,217,52.0331,3540833.16785503,0.9414,"Alagoas"
"AM",2013,4,"2013-T4",85735.20001709,353,37266.14255575,149,43.4666,3540833.16785503,1.0525,"Amazonas"
"AP",2013,4,"2013-T4",27785.18833332,192,14571.39646982,101,52.443,3540833.16785503,0.4115,"Amapa"
"BA",2013,4,"2013-T4",297604.70483257,472,127613.97740617,210,42.8804,3540833.16785503,3.6041,"Bahia"
"CE",2013,4,"2013-T4",186796.22460574,521,92041.6574468,267,49.2738,3540833.16785503,2.5994,"Ceara"
"DF",2013,4,"2013-T4",219044.24135128,714,98637.07873959,334,45.0307,3540833.16785503,2.7857,"Distrito Federal"
"ES",2013,4,"2013-T4",137637.42080312,800,65218.54977508,379,47.3843,3540833.16785503,1.8419,"Espirito Santo"
"GO",2013,4,"2013-T4",224452.23942198,623,122491.46475116,336,54.5735,3540833.16785503,3.4594,"Goias"
"MA",2013,4,"2013-T4",92484.09617115,401,45801.20604105,200,49.5233,3540833.16785503,1.2935,"Maranhao"
"MG",2013,4,"2013-T4",733716.83161642,1403,323813.04535911,625,44.1332,3540833.16785503,9.1451,"Minas Gerais"
"MS",2013,4,"2013-T4",97973.23202044,439,53652.0032801,240,54.7619,3540833.16785503,1.5152,"Mato Grosso do Sul"
"MT",2013,4,"2013-T4",158093.42196737,639,79090.5926108,332,50.0278,3540833.16785503,2.2337,"Mato Grosso"
"PA",2013,4,"2013-T4",144190.6995108,369,66059.74872694,175,45.8142,3540833.16785503,1.8657,"Para"
"PB",2013,4,"2013-T4",90831.81004561,360,36432.73073815,146,40.1101,3540833.16785503,1.0289,"Paraiba"
"PE",2013,4,"2013-T4",243545.95796812,506,98589.63444246,209,40.4809,3540833.16785503,2.7844,"Pernambuco"
"PI",2013,4,"2013-T4",89530.93688402,323,52779.25994015,187,58.9509,3540833.16785503,1.4906,"Piaui"
"PR",2013,4,"2013-T4",513069.35346173,1315,258774.26955059,689,50.4365,3540833.16785503,7.3083,"Parana"
"RJ",2013,4,"2013-T4",842326.53528166,1866,321929.68991237,752,38.2191,3540833.16785503,9.0919,"Rio de Janeiro"
"RN",2013,4,"2013-T4",74601.19501528,267,42613.7718415,151,57.1221,3540833.16785503,1.2035,"Rio Grande do Norte"
"RO",2013,4,"2013-T4",42925.58027636,256,21624.42226685,124,50.3765,3540833.16785503,0.6107,"Rondonia"
"RR",2013,4,"2013-T4",20721.99661361,245,9330.03628971,109,45.0248,3540833.16785503,0.2635,"Roraima"
"RS",2013,4,"2013-T4",473291.64055679,1205,206701.47522675,527,43.6732,3540833.16785503,5.8377,"Rio Grande do Sul"
"SC",2013,4,"2013-T4",287007.54358832,1259,154625.92163429,683,53.8752,3540833.16785503,4.3669,"Santa Catarina"
"SE",2013,4,"2013-T4",55772.63985978,258,25097.08882797,125,44.9989,3540833.16785503,0.7088,"Sergipe"
"SP",2013,4,"2013-T4",2318262.49166665,1975,1120827.52522209,989,48.3477,3540833.16785503,31.6543,"Sao Paulo"
"TO",2013,4,"2013-T4",41589.57509268,231,21263.05171248,118,51.1259,3540833.16785503,0.6005,"Tocantins"
"AC",2014,1,"2014-T1",23866.79628831,334,12707.53891013,177,53.2436,3713260.04170195,0.3422,"Acre"
"AL",2014,1,"2014-T1",73052.75070823,438,37439.70046907,226,51.2502,3713260.04170195,1.0083,"Alagoas"
"AM",2014,1,"2014-T1",86495.11958653,369,39974.02131719,164,46.2153,3713260.04170195,1.0765,"Amazonas"
"AP",2014,1,"2014-T1",27369.73656608,194,14128.69776134,101,51.6216,3713260.04170195,0.3805,"Amapa"
"BA",2014,1,"2014-T1",294658.45904778,453,128672.38864162,201,43.6683,3713260.04170195,3.4652,"Bahia"
"CE",2014,1,"2014-T1",200395.37603887,561,95473.76180268,282,47.6427,3713260.04170195,2.5712,"Ceara"
"DF",2014,1,"2014-T1",211352.46955858,766,100632.57317292,365,47.6136,3713260.04170195,2.7101,"Distrito Federal"
"ES",2014,1,"2014-T1",139874.63876013,815,67606.22553292,393,48.3334,3713260.04170195,1.8207,"Espirito Santo"
"GO",2014,1,"2014-T1",240248.56989006,695,130506.93873658,373,54.3216,3713260.04170195,3.5146,"Goias"
"MA",2014,1,"2014-T1",95076.83199143,427,47432.87484819,211,49.889,3713260.04170195,1.2774,"Maranhao"
"MG",2014,1,"2014-T1",771776.35320879,1444,354330.94759564,659,45.9111,3713260.04170195,9.5423,"Minas Gerais"
"MS",2014,1,"2014-T1",97876.14884424,457,55744.74500914,249,56.9544,3713260.04170195,1.5012,"Mato Grosso do Sul"
"MT",2014,1,"2014-T1",146102.75824456,593,72371.83252023,298,49.5349,3713260.04170195,1.949,"Mato Grosso"
"PA",2014,1,"2014-T1",152306.93808309,407,68097.21679558,189,44.7105,3713260.04170195,1.8339,"Para"
"PB",2014,1,"2014-T1",96025.28576319,372,40644.60135559,158,42.327,3713260.04170195,1.0946,"Paraiba"
"PE",2014,1,"2014-T1",241024.89011837,525,109031.19245082,242,45.2365,3713260.04170195,2.9363,"Pernambuco"
"PI",2014,1,"2014-T1",99454.4960734,348,58077.49721002,202,58.396,3713260.04170195,1.5641,"Piaui"
"PR",2014,1,"2014-T1",527401.73919138,1373,263714.74644632,702,50.0026,3713260.04170195,7.102,"Parana"
"RJ",2014,1,"2014-T1",844634.18408499,1909,315606.78436848,740,37.3661,3713260.04170195,8.4995,"Rio de Janeiro"
"RN",2014,1,"2014-T1",88912.7082639,294,50659.71099567,169,56.9769,3713260.04170195,1.3643,"Rio Grande do Norte"
"RO",2014,1,"2014-T1",42256.86923639,253,21297.46623225,123,50.4,3713260.04170195,0.5736,"Rondonia"
"RR",2014,1,"2014-T1",21058.29436352,271,10707.60749382,138,50.8475,3713260.04170195,0.2884,"Roraima"
"RS",2014,1,"2014-T1",490610.6694688,1235,209986.6459712,527,42.8011,3713260.04170195,5.655,"Rio Grande do Sul"
"SC",2014,1,"2014-T1",304947.79947311,1341,163902.07923282,723,53.7476,3713260.04170195,4.414,"Santa Catarina"
"SE",2014,1,"2014-T1",62271.20203493,264,24486.90629901,113,39.323,3713260.04170195,0.6594,"Sergipe"
"SP",2014,1,"2014-T1",2471847.28083882,2165,1195382.81393072,1079,48.3599,3713260.04170195,32.1923,"Sao Paulo"
"TO",2014,1,"2014-T1",43444.09189885,258,24642.526602,151,56.7224,3713260.04170195,0.6636,"Tocantins"
"AC",2014,2,"2014-T2",24966.41031931,362,11609.42378065,168,46.5002,3762830.74803725,0.3085,"Acre"
"AL",2014,2,"2014-T2",63308.52930777,381,32358.12375106,190,51.1118,3762830.74803725,0.8599,"Alagoas"
"AM",2014,2,"2014-T2",88835.68471367,380,45743.7840302,179,51.4926,3762830.74803725,1.2157,"Amazonas"
"AP",2014,2,"2014-T2",27737.66291901,195,14971.90097683,103,53.9768,3762830.74803725,0.3979,"Amapa"
"BA",2014,2,"2014-T2",283375.10882888,453,123743.04235737,199,43.6676,3762830.74803725,3.2886,"Bahia"
"CE",2014,2,"2014-T2",185992.87285513,571,82992.79117878,268,44.6215,3762830.74803725,2.2056,"Ceara"
"DF",2014,2,"2014-T2",209276.17388162,715,100775.00337774,344,48.1541,3762830.74803725,2.6782,"Distrito Federal"
"ES",2014,2,"2014-T2",139161.22334397,775,67964.11650641,372,48.8384,3762830.74803725,1.8062,"Espirito Santo"
"GO",2014,2,"2014-T2",252596.21159433,717,138423.90413025,387,54.8005,3762830.74803725,3.6787,"Goias"
"MA",2014,2,"2014-T2",103027.06439505,451,47717.44524702,217,46.3154,3762830.74803725,1.2681,"Maranhao"
"MG",2014,2,"2014-T2",809838.74495941,1513,375093.13241383,703,46.317,3762830.74803725,9.9684,"Minas Gerais"
"MS",2014,2,"2014-T2",105257.21259137,495,58687.14970495,275,55.7559,3762830.74803725,1.5597,"Mato Grosso do Sul"
"MT",2014,2,"2014-T2",137526.3762839,590,63993.84626547,289,46.5321,3762830.74803725,1.7007,"Mato Grosso"
"PA",2014,2,"2014-T2",144113.96956296,380,63173.31065945,174,43.8357,3762830.74803725,1.6789,"Para"
"PB",2014,2,"2014-T2",104917.19320055,410,45460.17772489,181,43.3296,3762830.74803725,1.2081,"Paraiba"
"PE",2014,2,"2014-T2",244084.51053829,521,104999.88808205,229,43.0178,3762830.74803725,2.7904,"Pernambuco"
"PI",2014,2,"2014-T2",94128.03715063,334,52453.68966801,183,55.7259,3762830.74803725,1.394,"Piaui"
"PR",2014,2,"2014-T2",560250.08006128,1443,290199.12508131,756,51.7981,3762830.74803725,7.7123,"Parana"
"RJ",2014,2,"2014-T2",841257.46425481,1912,313514.12592723,727,37.2673,3762830.74803725,8.3319,"Rio de Janeiro"
"RN",2014,2,"2014-T2",89759.04315788,274,48825.89122189,156,54.3966,3762830.74803725,1.2976,"Rio Grande do Norte"
"RO",2014,2,"2014-T2",39699.25911436,242,19612.61186226,109,49.403,3762830.74803725,0.5212,"Rondonia"
"RR",2014,2,"2014-T2",21104.77640536,268,9582.6416518,127,45.4051,3762830.74803725,0.2547,"Roraima"
"RS",2014,2,"2014-T2",504706.60046997,1304,215485.53464053,546,42.6952,3762830.74803725,5.7267,"Rio Grande do Sul"
"SC",2014,2,"2014-T2",300372.03762322,1305,157058.30017636,675,52.2879,3762830.74803725,4.1739,"Santa Catarina"
"SE",2014,2,"2014-T2",73523.95929393,304,32409.77750766,143,44.0806,3762830.74803725,0.8613,"Sergipe"
"SP",2014,2,"2014-T2",2525238.45450973,2249,1222278.17593148,1127,48.4025,3762830.74803725,32.4829,"Sao Paulo"
"TO",2014,2,"2014-T2",45100.82521954,265,23703.83418177,139,52.5574,3762830.74803725,0.6299,"Tocantins"
"AC",2014,3,"2014-T3",24472.88452826,351,11094.84623773,158,45.3353,3747011.29078483,0.2961,"Acre"
"AL",2014,3,"2014-T3",75462.63458492,433,36906.18721203,223,48.9066,3747011.29078483,0.9849,"Alagoas"
"AM",2014,3,"2014-T3",94455.60489054,401,45470.39748869,185,48.1394,3747011.29078483,1.2135,"Amazonas"
"AP",2014,3,"2014-T3",28420.43365636,200,15088.40826548,104,53.09,3747011.29078483,0.4027,"Amapa"
"BA",2014,3,"2014-T3",316134.18280878,466,164115.19109919,234,51.9131,3747011.29078483,4.3799,"Bahia"
"CE",2014,3,"2014-T3",187681.95141787,601,86410.94115715,292,46.0412,3747011.29078483,2.3061,"Ceara"
"DF",2014,3,"2014-T3",213456.02091068,715,100762.53776057,353,47.2053,3747011.29078483,2.6891,"Distrito Federal"
"ES",2014,3,"2014-T3",146753.94492754,800,74979.23532397,420,51.0918,3747011.29078483,2.001,"Espirito Santo"
"GO",2014,3,"2014-T3",271258.66951898,742,135332.00084555,366,49.8904,3747011.29078483,3.6117,"Goias"
"MA",2014,3,"2014-T3",110531.54722757,496,53643.12835801,245,48.532,3747011.29078483,1.4316,"Maranhao"
"MG",2014,3,"2014-T3",790408.34276891,1481,348625.59357074,668,44.107,3747011.29078483,9.3041,"Minas Gerais"
"MS",2014,3,"2014-T3",101774.25993222,488,52687.41045454,256,51.7689,3747011.29078483,1.4061,"Mato Grosso do Sul"
"MT",2014,3,"2014-T3",142979.34898327,601,70839.63862796,312,49.5454,3747011.29078483,1.8906,"Mato Grosso"
"PA",2014,3,"2014-T3",144535.78329863,374,65463.37441354,166,45.2922,3747011.29078483,1.7471,"Para"
"PB",2014,3,"2014-T3",99605.25674459,389,41993.99657247,163,42.1604,3747011.29078483,1.1207,"Paraiba"
"PE",2014,3,"2014-T3",252545.09992223,540,105653.39756993,232,41.8355,3747011.29078483,2.8197,"Pernambuco"
"PI",2014,3,"2014-T3",98055.48383069,342,59314.43841417,204,60.4907,3747011.29078483,1.583,"Piaui"
"PR",2014,3,"2014-T3",566318.63711353,1466,299758.7093432,781,52.9311,3747011.29078483,7.9999,"Parana"
"RJ",2014,3,"2014-T3",879944.33386834,2007,327409.88279243,758,37.208,3747011.29078483,8.7379,"Rio de Janeiro"
"RN",2014,3,"2014-T3",88143.36792549,278,48977.19324129,156,55.5654,3747011.29078483,1.3071,"Rio Grande do Norte"
"RO",2014,3,"2014-T3",43793.73611779,258,24924.90870824,135,56.9143,3747011.29078483,0.6652,"Rondonia"
"RR",2014,3,"2014-T3",21801.9170808,276,10952.37295357,143,50.2358,3747011.29078483,0.2923,"Roraima"
"RS",2014,3,"2014-T3",495068.27826154,1278,211268.53889585,535,42.6746,3747011.29078483,5.6383,"Rio Grande do Sul"
"SC",2014,3,"2014-T3",318806.64405866,1425,158639.66465411,714,49.7605,3747011.29078483,4.2338,"Santa Catarina"
"SE",2014,3,"2014-T3",70919.91579884,318,34484.0513712,171,48.6239,3747011.29078483,0.9203,"Sergipe"
"SP",2014,3,"2014-T3",2433537.47444514,2228,1136027.48822471,1080,46.6821,3747011.29078483,30.3182,"Sao Paulo"
"TO",2014,3,"2014-T3",46647.04452574,265,26187.75722851,150,56.1402,3747011.29078483,0.6989,"Tocantins"
"AC",2014,4,"2014-T4",24295.3917858,349,12394.61080775,170,51.0163,3886715.84130227,0.3189,"Acre"
"AL",2014,4,"2014-T4",81603.69249678,459,41222.42975286,241,50.5154,3886715.84130227,1.0606,"Alagoas"
"AM",2014,4,"2014-T4",93758.71215374,400,46578.58883917,191,49.6792,3886715.84130227,1.1984,"Amazonas"
"AP",2014,4,"2014-T4",29123.60992257,203,14300.71638885,99,49.1035,3886715.84130227,0.3679,"Amapa"
"BA",2014,4,"2014-T4",309399.78087645,500,154961.65083181,261,50.0846,3886715.84130227,3.987,"Bahia"
"CE",2014,4,"2014-T4",192396.55392342,605,95093.83302879,319,49.426,3886715.84130227,2.4466,"Ceara"
"DF",2014,4,"2014-T4",222304.99811931,726,110630.518796,378,49.7652,3886715.84130227,2.8464,"Distrito Federal"
"ES",2014,4,"2014-T4",149199.83790167,801,81782.56009797,436,54.8141,3886715.84130227,2.1042,"Espirito Santo"
"GO",2014,4,"2014-T4",275333.03274918,744,138988.91032715,370,50.4803,3886715.84130227,3.576,"Goias"
"MA",2014,4,"2014-T4",107115.06207105,473,57960.35282561,263,54.1104,3886715.84130227,1.4912,"Maranhao"
"MG",2014,4,"2014-T4",792432.53362803,1467,379891.54103518,707,47.9399,3886715.84130227,9.7741,"Minas Gerais"
"MS",2014,4,"2014-T4",101510.06035358,476,56760.59459253,263,55.9162,3886715.84130227,1.4604,"Mato Grosso do Sul"
"MT",2014,4,"2014-T4",125487.88359206,518,68943.48151443,281,54.9403,3886715.84130227,1.7738,"Mato Grosso"
"PA",2014,4,"2014-T4",123874.51316099,340,61239.15209383,166,49.4364,3886715.84130227,1.5756,"Para"
"PB",2014,4,"2014-T4",108956.0983791,430,47188.03523614,183,43.3092,3886715.84130227,1.2141,"Paraiba"
"PE",2014,4,"2014-T4",276783.45993106,585,118575.3502506,254,42.8405,3886715.84130227,3.0508,"Pernambuco"
"PI",2014,4,"2014-T4",96649.20778166,349,55720.93014172,191,57.6528,3886715.84130227,1.4336,"Piaui"
"PR",2014,4,"2014-T4",537762.8430634,1364,276456.24901755,707,51.4086,3886715.84130227,7.1128,"Parana"
"RJ",2014,4,"2014-T4",835460.88212345,1847,296661.01295544,668,35.5087,3886715.84130227,7.6327,"Rio de Janeiro"
"RN",2014,4,"2014-T4",88735.63529165,302,49902.41324999,174,56.2372,3886715.84130227,1.2839,"Rio Grande do Norte"
"RO",2014,4,"2014-T4",45351.37087178,273,27525.97382286,162,60.6949,3886715.84130227,0.7082,"Rondonia"
"RR",2014,4,"2014-T4",21929.10575961,271,10407.29100737,137,47.4588,3886715.84130227,0.2678,"Roraima"
"RS",2014,4,"2014-T4",484424.69393281,1266,192387.73657965,506,39.7147,3886715.84130227,4.9499,"Rio Grande do Sul"
"SC",2014,4,"2014-T4",304303.29332891,1382,154121.70370882,694,50.6474,3886715.84130227,3.9653,"Santa Catarina"
"SE",2014,4,"2014-T4",67675.61984456,291,31158.00018089,148,46.0402,3886715.84130227,0.8017,"Sergipe"
"SP",2014,4,"2014-T4",2552606.47253771,2266,1275598.11271589,1158,49.9724,3886715.84130227,32.8194,"Sao Paulo"
"TO",2014,4,"2014-T4",49863.60172821,270,30264.09150342,160,60.6938,3886715.84130227,0.7787,"Tocantins"
"AC",2015,1,"2015-T1",24718.27212109,345,11495.57678905,162,46.5064,4073114.14370453,0.2822,"Acre"
"AL",2015,1,"2015-T1",85075.21184581,503,39931.25106442,250,46.9364,4073114.14370453,0.9804,"Alagoas"
"AM",2015,1,"2015-T1",100887.05345625,432,49020.78645351,206,48.5898,4073114.14370453,1.2035,"Amazonas"
"AP",2015,1,"2015-T1",30885.50427754,218,14968.96149254,108,48.466,4073114.14370453,0.3675,"Amapa"
"BA",2015,1,"2015-T1",334871.06908685,509,168529.25523202,262,50.3266,4073114.14370453,4.1376,"Bahia"
"CE",2015,1,"2015-T1",190886.62296178,588,93233.71057185,306,48.8425,4073114.14370453,2.289,"Ceara"
"DF",2015,1,"2015-T1",224721.63461195,747,120474.52185185,406,53.6106,4073114.14370453,2.9578,"Distrito Federal"
"ES",2015,1,"2015-T1",149190.6574625,803,83299.9390548,442,55.8346,4073114.14370453,2.0451,"Espirito Santo"
"GO",2015,1,"2015-T1",260399.90493903,748,138865.33343157,395,53.3277,4073114.14370453,3.4093,"Goias"
"MA",2015,1,"2015-T1",96579.42744331,417,45148.76696997,213,46.7478,4073114.14370453,1.1085,"Maranhao"
"MG",2015,1,"2015-T1",799433.30376691,1469,398913.72274315,736,49.8996,4073114.14370453,9.7938,"Minas Gerais"
"MS",2015,1,"2015-T1",104440.14889086,488,52205.82193594,239,49.9864,4073114.14370453,1.2817,"Mato Grosso do Sul"
"MT",2015,1,"2015-T1",135382.26236814,567,73072.94551954,307,53.9753,4073114.14370453,1.794,"Mato Grosso"
"PA",2015,1,"2015-T1",142809.81471125,381,80007.81858837,208,56.024,4073114.14370453,1.9643,"Para"
"PB",2015,1,"2015-T1",110089.34922224,429,49295.48329026,189,44.7777,4073114.14370453,1.2103,"Paraiba"
"PE",2015,1,"2015-T1",286782.45664817,588,132050.77205723,271,46.0456,4073114.14370453,3.242,"Pernambuco"
"PI",2015,1,"2015-T1",92128.97033425,339,53531.78397481,194,58.1053,4073114.14370453,1.3143,"Piaui"
"PR",2015,1,"2015-T1",563276.36917803,1431,296407.29604892,760,52.622,4073114.14370453,7.2772,"Parana"
"RJ",2015,1,"2015-T1",891565.61267185,1973,323698.3373442,735,36.3067,4073114.14370453,7.9472,"Rio de Janeiro"
"RN",2015,1,"2015-T1",90852.70513705,304,54490.87498509,182,59.9772,4073114.14370453,1.3378,"Rio Grande do Norte"
"RO",2015,1,"2015-T1",44358.2580045,269,26744.72929058,162,60.2926,4073114.14370453,0.6566,"Rondonia"
"RR",2015,1,"2015-T1",22324.55746437,271,10746.21313569,138,48.1363,4073114.14370453,0.2638,"Roraima"
"RS",2015,1,"2015-T1",518040.79692867,1316,222370.14143896,554,42.9252,4073114.14370453,5.4595,"Rio Grande do Sul"
"SC",2015,1,"2015-T1",322125.86383685,1469,166850.69124269,769,51.7967,4073114.14370453,4.0964,"Santa Catarina"
"SE",2015,1,"2015-T1",71974.68398308,314,35885.02495589,167,49.8578,4073114.14370453,0.881,"Sergipe"
"SP",2015,1,"2015-T1",2612389.84301413,2374,1301431.68998374,1215,49.8177,4073114.14370453,31.9518,"Sao Paulo"
"TO",2015,1,"2015-T1",53024.56217026,287,30442.69425789,164,57.4124,4073114.14370453,0.7474,"Tocantins"
"AC",2015,2,"2015-T2",25845.17420536,382,12932.57559002,192,50.0386,4081664.84809261,0.3168,"Acre"
"AL",2015,2,"2015-T2",85105.86964696,511,40831.59512099,250,47.9774,4081664.84809261,1.0004,"Alagoas"
"AM",2015,2,"2015-T2",103521.59272116,420,54058.43927411,212,52.2195,4081664.84809261,1.3244,"Amazonas"
"AP",2015,2,"2015-T2",28974.04489654,202,13343.75798412,93,46.0542,4081664.84809261,0.3269,"Amapa"
"BA",2015,2,"2015-T2",366310.54663059,555,186951.16638142,299,51.0363,4081664.84809261,4.5803,"Bahia"
"CE",2015,2,"2015-T2",185629.13274754,548,83409.00982199,262,44.9331,4081664.84809261,2.0435,"Ceara"
"DF",2015,2,"2015-T2",220372.79315002,780,113168.28385407,403,51.3531,4081664.84809261,2.7726,"Distrito Federal"
"ES",2015,2,"2015-T2",153013.3859951,840,84264.21518214,449,55.0698,4081664.84809261,2.0645,"Espirito Santo"
"GO",2015,2,"2015-T2",271300.85050583,737,147387.64608069,398,54.3263,4081664.84809261,3.611,"Goias"
"MA",2015,2,"2015-T2",102964.08462755,435,47116.25127011,226,45.7599,4081664.84809261,1.1543,"Maranhao"
"MG",2015,2,"2015-T2",816851.13891401,1514,403081.077289,756,49.3457,4081664.84809261,9.8754,"Minas Gerais"
"MS",2015,2,"2015-T2",100509.33741124,463,53569.98401709,248,53.2985,4081664.84809261,1.3125,"Mato Grosso do Sul"
"MT",2015,2,"2015-T2",142237.17210287,610,77327.81666809,336,54.3654,4081664.84809261,1.8945,"Mato Grosso"
"PA",2015,2,"2015-T2",136791.10638363,361,77286.08282817,207,56.4993,4081664.84809261,1.8935,"Para"
"PB",2015,2,"2015-T2",104246.01903873,394,45184.61739567,169,43.3442,4081664.84809261,1.107,"Paraiba"
"PE",2015,2,"2015-T2",312173.05276424,639,151108.71453811,316,48.4054,4081664.84809261,3.7021,"Pernambuco"
"PI",2015,2,"2015-T2",96769.96410852,368,55687.82449642,215,57.5466,4081664.84809261,1.3643,"Piaui"
"PR",2015,2,"2015-T2",548362.77346146,1380,301983.18383208,765,55.07,4081664.84809261,7.3985,"Parana"
"RJ",2015,2,"2015-T2",921046.19878313,2029,335044.13531309,762,36.3765,4081664.84809261,8.2085,"Rio de Janeiro"
"RN",2015,2,"2015-T2",110934.26228885,359,62720.89572458,212,56.5388,4081664.84809261,1.5366,"Rio Grande do Norte"
"RO",2015,2,"2015-T2",49177.16456694,285,26536.7378752,158,53.9615,4081664.84809261,0.6501,"Rondonia"
"RR",2015,2,"2015-T2",23054.26305517,268,12084.87185563,154,52.4193,4081664.84809261,0.2961,"Roraima"
"RS",2015,2,"2015-T2",494974.71362922,1250,203134.28471129,501,41.0393,4081664.84809261,4.9768,"Rio Grande do Sul"
"SC",2015,2,"2015-T2",327126.63246952,1501,171985.31207474,802,52.5745,4081664.84809261,4.2136,"Santa Catarina"
"SE",2015,2,"2015-T2",77439.88789373,327,40978.22887736,184,52.9162,4081664.84809261,1.004,"Sergipe"
"SP",2015,2,"2015-T2",2601359.03988659,2366,1253727.52176352,1189,48.1951,4081664.84809261,30.7161,"Sao Paulo"
"TO",2015,2,"2015-T2",49487.16791493,276,26760.61827291,151,54.0759,4081664.84809261,0.6556,"Tocantins"
"AC",2015,3,"2015-T3",25540.04293172,386,14087.37662136,211,55.158,4338786.23826111,0.3247,"Acre"
"AL",2015,3,"2015-T3",88488.27495589,522,44160.55741899,265,49.9055,4338786.23826111,1.0178,"Alagoas"
"AM",2015,3,"2015-T3",110912.3464908,439,54660.16516116,216,49.2823,4338786.23826111,1.2598,"Amazonas"
"AP",2015,3,"2015-T3",27022.61444862,184,11751.69875176,84,43.4884,4338786.23826111,0.2709,"Amapa"
"BA",2015,3,"2015-T3",399052.77261374,611,194119.0759286,321,48.645,4338786.23826111,4.474,"Bahia"
"CE",2015,3,"2015-T3",188727.69034413,530,91498.27405471,267,48.4816,4338786.23826111,2.1088,"Ceara"
"DF",2015,3,"2015-T3",235346.90031662,818,120585.55454093,412,51.2374,4338786.23826111,2.7792,"Distrito Federal"
"ES",2015,3,"2015-T3",164113.97310444,876,87680.33442771,467,53.4265,4338786.23826111,2.0208,"Espirito Santo"
"GO",2015,3,"2015-T3",297248.19446535,795,167968.67280416,457,56.5079,4338786.23826111,3.8713,"Goias"
"MA",2015,3,"2015-T3",109178.70347637,458,55878.67572223,252,51.1809,4338786.23826111,1.2879,"Maranhao"
"MG",2015,3,"2015-T3",854561.00380364,1571,413792.23569049,770,48.4216,4338786.23826111,9.5371,"Minas Gerais"
"MS",2015,3,"2015-T3",108519.09344644,485,57558.09124101,257,53.0396,4338786.23826111,1.3266,"Mato Grosso do Sul"
"MT",2015,3,"2015-T3",132671.39340712,563,73499.12426354,311,55.3994,4338786.23826111,1.694,"Mato Grosso"
"PA",2015,3,"2015-T3",155702.87610442,407,86571.90329693,232,55.6007,4338786.23826111,1.9953,"Para"
"PB",2015,3,"2015-T3",108794.82072068,415,48474.81749428,188,44.5562,4338786.23826111,1.1172,"Paraiba"
"PE",2015,3,"2015-T3",324400.70739808,657,159114.63634729,321,49.0488,4338786.23826111,3.6673,"Pernambuco"
"PI",2015,3,"2015-T3",107897.93711399,393,59457.27141732,221,55.1051,4338786.23826111,1.3704,"Piaui"
"PR",2015,3,"2015-T3",593530.14387102,1494,317387.66945148,802,53.4746,4338786.23826111,7.3151,"Parana"
"RJ",2015,3,"2015-T3",976696.17444596,2134,355511.50419067,797,36.3994,4338786.23826111,8.1938,"Rio de Janeiro"
"RN",2015,3,"2015-T3",101941.7321103,330,59100.32062239,201,57.9746,4338786.23826111,1.3621,"Rio Grande do Norte"
"RO",2015,3,"2015-T3",50406.69225377,308,26720.04386954,163,53.0089,4338786.23826111,0.6158,"Rondonia"
"RR",2015,3,"2015-T3",24732.50834152,291,12331.60403864,155,49.8599,4338786.23826111,0.2842,"Roraima"
"RS",2015,3,"2015-T3",512808.9673682,1332,218060.73679589,557,42.5228,4338786.23826111,5.0258,"Rio Grande do Sul"
"SC",2015,3,"2015-T3",343570.4206714,1555,181342.53373592,816,52.7818,4338786.23826111,4.1796,"Santa Catarina"
"SE",2015,3,"2015-T3",80270.89588753,315,43940.98393478,175,54.7409,4338786.23826111,1.0127,"Sergipe"
"SP",2015,3,"2015-T3",2719117.97798521,2434,1355429.15955799,1240,49.8481,4338786.23826111,31.2398,"Sao Paulo"
"TO",2015,3,"2015-T3",50294.57616802,287,28103.21688134,166,55.8772,4338786.23826111,0.6477,"Tocantins"
"AC",2015,4,"2015-T4",24952.87028475,372,15253.75244188,227,61.1303,4537106.47789632,0.3362,"Acre"
"AL",2015,4,"2015-T4",88549.02848172,483,46551.35985062,268,52.5713,4537106.47789632,1.026,"Alagoas"
"AM",2015,4,"2015-T4",112332.96502013,430,58528.88159472,220,52.103,4537106.47789632,1.29,"Amazonas"
"AP",2015,4,"2015-T4",34507.56430058,232,17586.07521716,119,50.963,4537106.47789632,0.3876,"Amapa"
"BA",2015,4,"2015-T4",382105.16083164,584,203762.39777793,324,53.3263,4537106.47789632,4.491,"Bahia"
"CE",2015,4,"2015-T4",193915.51247021,566,96159.72600222,300,49.5885,4537106.47789632,2.1194,"Ceara"
"DF",2015,4,"2015-T4",237529.30407166,795,127240.70052193,422,53.5684,4537106.47789632,2.8044,"Distrito Federal"
"ES",2015,4,"2015-T4",158521.70960383,829,77086.24071746,405,48.6282,4537106.47789632,1.699,"Espirito Santo"
"GO",2015,4,"2015-T4",303435.99062564,782,174269.1148163,445,57.4319,4537106.47789632,3.841,"Goias"
"MA",2015,4,"2015-T4",113326.11706132,465,59138.5568784,259,52.1844,4537106.47789632,1.3034,"Maranhao"
"MG",2015,4,"2015-T4",902675.23047927,1585,451198.20840612,799,49.9846,4537106.47789632,9.9446,"Minas Gerais"
"MS",2015,4,"2015-T4",109736.77042095,481,61330.38720099,268,55.8886,4537106.47789632,1.3518,"Mato Grosso do Sul"
"MT",2015,4,"2015-T4",138867.19019848,545,85444.97092691,333,61.53,4537106.47789632,1.8832,"Mato Grosso"
"PA",2015,4,"2015-T4",161130.1881164,409,90182.06100875,231,55.9684,4537106.47789632,1.9877,"Para"
"PB",2015,4,"2015-T4",125986.79383439,458,56284.38861311,200,44.6748,4537106.47789632,1.2405,"Paraiba"
"PE",2015,4,"2015-T4",312633.58211329,610,147651.99205304,289,47.2284,4537106.47789632,3.2543,"Pernambuco"
"PI",2015,4,"2015-T4",108383.46705282,390,59544.74368281,221,54.939,4537106.47789632,1.3124,"Piaui"
"PR",2015,4,"2015-T4",628754.89935442,1547,339469.18768985,837,53.9907,4537106.47789632,7.4821,"Parana"
"RJ",2015,4,"2015-T4",947677.3333405,2094,367062.65656112,826,38.7329,4537106.47789632,8.0902,"Rio de Janeiro"
"RN",2015,4,"2015-T4",104632.74257657,315,58293.95483854,181,55.7129,4537106.47789632,1.2848,"Rio Grande do Norte"
"RO",2015,4,"2015-T4",46276.60457598,271,25554.45428359,148,55.2211,4537106.47789632,0.5632,"Rondonia"
"RR",2015,4,"2015-T4",24353.92083112,283,12368.20058351,152,50.7853,4537106.47789632,0.2726,"Roraima"
"RS",2015,4,"2015-T4",543463.51167876,1343,244189.04754042,605,44.932,4537106.47789632,5.382,"Rio Grande do Sul"
"SC",2015,4,"2015-T4",347090.51383835,1524,193803.76713387,857,55.8367,4537106.47789632,4.2715,"Santa Catarina"
"SE",2015,4,"2015-T4",73292.4804846,279,43226.7073425,158,58.9784,4537106.47789632,0.9527,"Sergipe"
"SP",2015,4,"2015-T4",2664709.99011645,2362,1398643.77917796,1254,52.4877,4537106.47789632,30.8268,"Sao Paulo"
"TO",2015,4,"2015-T4",46949.67377154,244,27281.16503461,148,58.1073,4537106.47789632,0.6013,"Tocantins"
"AC",2016,1,"2016-T1",27364.2237872,411,15099.58934104,223,55.18,4552414.84536365,0.3317,"Acre"
"AL",2016,1,"2016-T1",85439.54880845,448,42685.30895297,249,49.9597,4552414.84536365,0.9376,"Alagoas"
"AM",2016,1,"2016-T1",121831.56844452,472,64378.51857117,249,52.8422,4552414.84536365,1.4142,"Amazonas"
"AP",2016,1,"2016-T1",35615.82925154,248,17456.63850574,123,49.0137,4552414.84536365,0.3835,"Amapa"
"BA",2016,1,"2016-T1",376664.7486775,563,208535.2811259,309,55.3636,4552414.84536365,4.5808,"Bahia"
"CE",2016,1,"2016-T1",207749.26347407,587,101106.21582754,302,48.6674,4552414.84536365,2.2209,"Ceara"
"DF",2016,1,"2016-T1",238386.99517893,837,129671.03948293,454,54.3952,4552414.84536365,2.8484,"Distrito Federal"
"ES",2016,1,"2016-T1",177024.13643848,914,86096.34435528,436,48.6354,4552414.84536365,1.8912,"Espirito Santo"
"GO",2016,1,"2016-T1",306592.74067615,793,180406.82560416,466,58.8425,4552414.84536365,3.9629,"Goias"
"MA",2016,1,"2016-T1",113993.31801506,495,53452.04487893,255,46.8905,4552414.84536365,1.1741,"Maranhao"
"MG",2016,1,"2016-T1",926060.40731002,1591,456669.31619971,792,49.3131,4552414.84536365,10.0314,"Minas Gerais"
"MS",2016,1,"2016-T1",108954.22143074,489,62701.07097361,283,57.5481,4552414.84536365,1.3773,"Mato Grosso do Sul"
"MT",2016,1,"2016-T1",141842.03372376,540,84877.76159478,327,59.8396,4552414.84536365,1.8645,"Mato Grosso"
"PA",2016,1,"2016-T1",169139.47517353,443,95124.69351563,255,56.2404,4552414.84536365,2.0895,"Para"
"PB",2016,1,"2016-T1",129094.66095002,484,58879.32011307,218,45.6094,4552414.84536365,1.2934,"Paraiba"
"PE",2016,1,"2016-T1",326058.433557,670,154477.87399077,318,47.3774,4552414.84536365,3.3933,"Pernambuco"
"PI",2016,1,"2016-T1",108914.33429062,401,55140.53664183,209,50.6274,4552414.84536365,1.2112,"Piaui"
"PR",2016,1,"2016-T1",636527.74095329,1526,349538.87411809,837,54.9134,4552414.84536365,7.6781,"Parana"
"RJ",2016,1,"2016-T1",990543.1081614,2118,375413.77861675,830,37.8998,4552414.84536365,8.2465,"Rio de Janeiro"
"RN",2016,1,"2016-T1",108471.04563856,336,64627.93958925,204,59.5808,4552414.84536365,1.4196,"Rio Grande do Norte"
"RO",2016,1,"2016-T1",59672.83861973,342,32394.45895438,186,54.2868,4552414.84536365,0.7116,"Rondonia"
"RR",2016,1,"2016-T1",25603.50176296,296,12706.5546202,155,49.6282,4552414.84536365,0.2791,"Roraima"
"RS",2016,1,"2016-T1",545113.42163041,1365,243176.64702941,608,44.6103,4552414.84536365,5.3417,"Rio Grande do Sul"
"SC",2016,1,"2016-T1",353823.19566934,1580,200043.98377705,884,56.5378,4552414.84536365,4.3942,"Santa Catarina"
"SE",2016,1,"2016-T1",74833.1948877,302,37238.90399396,165,49.7625,4552414.84536365,0.818,"Sergipe"
"SP",2016,1,"2016-T1",2664361.11596667,2391,1340866.5680225,1245,50.326,4552414.84536365,29.454,"Sao Paulo"
"TO",2016,1,"2016-T1",50536.40196035,300,29648.756967,173,58.6681,4552414.84536365,0.6513,"Tocantins"
"AC",2016,2,"2016-T2",26201.16848482,389,15347.73657205,228,58.5765,4644587.35396579,0.3304,"Acre"
"AL",2016,2,"2016-T2",74903.45101706,427,40496.41996101,236,54.0648,4644587.35396579,0.8719,"Alagoas"
"AM",2016,2,"2016-T2",126248.95000334,493,67701.49576743,260,53.6254,4644587.35396579,1.4576,"Amazonas"
"AP",2016,2,"2016-T2",36095.14586372,259,18107.29061503,125,50.1654,4644587.35396579,0.3899,"Amapa"
"BA",2016,2,"2016-T2",368941.89027114,568,196687.82210856,309,53.3113,4644587.35396579,4.2348,"Bahia"
"CE",2016,2,"2016-T2",202967.44033662,612,100872.33682971,325,49.6988,4644587.35396579,2.1718,"Ceara"
"DF",2016,2,"2016-T2",249390.50620036,877,131539.20015174,469,52.7443,4644587.35396579,2.8321,"Distrito Federal"
"ES",2016,2,"2016-T2",175535.26398408,928,92656.75685644,468,52.7853,4644587.35396579,1.9949,"Espirito Santo"
"GO",2016,2,"2016-T2",308853.12675672,784,169375.86308783,447,54.8403,4644587.35396579,3.6467,"Goias"
"MA",2016,2,"2016-T2",114382.48258483,558,53090.60536138,270,46.415,4644587.35396579,1.1431,"Maranhao"
"MG",2016,2,"2016-T2",954256.10940413,1685,477066.49438461,838,49.9935,4644587.35396579,10.2715,"Minas Gerais"
"MS",2016,2,"2016-T2",119431.36605516,526,66286.80418625,294,55.502,4644587.35396579,1.4272,"Mato Grosso do Sul"
"MT",2016,2,"2016-T2",149463.75040851,591,87256.40551628,359,58.3796,4644587.35396579,1.8787,"Mato Grosso"
"PA",2016,2,"2016-T2",188982.21059324,480,105984.93489199,271,56.082,4644587.35396579,2.2819,"Para"
"PB",2016,2,"2016-T2",138471.32180209,537,61116.32942546,235,44.1365,4644587.35396579,1.3159,"Paraiba"
"PE",2016,2,"2016-T2",329716.6193766,678,160998.61286433,328,48.8294,4644587.35396579,3.4664,"Pernambuco"
"PI",2016,2,"2016-T2",112494.06094375,408,55521.958266,221,49.3555,4644587.35396579,1.1954,"Piaui"
"PR",2016,2,"2016-T2",608218.90450321,1471,325017.01465142,793,53.4375,4644587.35396579,6.9978,"Parana"
"RJ",2016,2,"2016-T2",971656.02858669,2068,401720.7147343,882,41.3439,4644587.35396579,8.6492,"Rio de Janeiro"
"RN",2016,2,"2016-T2",114022.03029366,360,57751.97343891,194,50.6498,4644587.35396579,1.2434,"Rio Grande do Norte"
"RO",2016,2,"2016-T2",60152.37429064,353,31247.30991329,184,51.9469,4644587.35396579,0.6728,"Rondonia"
"RR",2016,2,"2016-T2",27329.27282222,329,14004.19551259,172,51.2425,4644587.35396579,0.3015,"Roraima"
"RS",2016,2,"2016-T2",567280.69108267,1436,267954.23352829,664,47.2349,4644587.35396579,5.7692,"Rio Grande do Sul"
"SC",2016,2,"2016-T2",337019.26923216,1508,193852.95052332,855,57.5198,4644587.35396579,4.1737,"Santa Catarina"
"SE",2016,2,"2016-T2",87956.10390031,333,42374.41245637,173,48.1768,4644587.35396579,0.9123,"Sergipe"
"SP",2016,2,"2016-T2",2660343.37946712,2344,1381898.35981103,1266,51.9444,4644587.35396579,29.7529,"Sao Paulo"
"TO",2016,2,"2016-T2",50308.91551334,296,28659.12255017,169,56.9663,4644587.35396579,0.617,"Tocantins"
"AC",2016,3,"2016-T3",28144.00191411,421,16977.38374763,253,60.3233,4768812.91699487,0.356,"Acre"
"AL",2016,3,"2016-T3",86899.32780612,505,45897.90554923,282,52.8173,4768812.91699487,0.9625,"Alagoas"
"AM",2016,3,"2016-T3",132362.03514778,516,72513.09268748,273,54.7839,4768812.91699487,1.5206,"Amazonas"
"AP",2016,3,"2016-T3",34916.11743083,252,16151.81216291,111,46.2589,4768812.91699487,0.3387,"Amapa"
"BA",2016,3,"2016-T3",360894.41770936,554,189433.79797501,297,52.4901,4768812.91699487,3.9723,"Bahia"
"CE",2016,3,"2016-T3",220970.66035635,643,112216.16799888,343,50.7833,4768812.91699487,2.3531,"Ceara"
"DF",2016,3,"2016-T3",261456.49060069,902,141713.90860389,498,54.2017,4768812.91699487,2.9717,"Distrito Federal"
"ES",2016,3,"2016-T3",165343.9502851,884,93496.83985146,487,56.5469,4768812.91699487,1.9606,"Espirito Santo"
"GO",2016,3,"2016-T3",320550.30414453,853,181277.9712236,499,56.5521,4768812.91699487,3.8013,"Goias"
"MA",2016,3,"2016-T3",112683.21847078,561,57379.51959181,289,50.9211,4768812.91699487,1.2032,"Maranhao"
"MG",2016,3,"2016-T3",940966.52776912,1651,490056.38768794,854,52.0801,4768812.91699487,10.2763,"Minas Gerais"
"MS",2016,3,"2016-T3",131286.11202982,557,72781.21764015,315,55.4371,4768812.91699487,1.5262,"Mato Grosso do Sul"
"MT",2016,3,"2016-T3",148559.45946432,596,95240.848499,387,64.1096,4768812.91699487,1.9972,"Mato Grosso"
"PA",2016,3,"2016-T3",193886.21308555,511,109977.541217,290,56.7227,4768812.91699487,2.3062,"Para"
"PB",2016,3,"2016-T3",131597.61698543,493,56010.55240818,219,42.562,4768812.91699487,1.1745,"Paraiba"
"PE",2016,3,"2016-T3",340232.47114347,714,160202.19370972,341,47.0861,4768812.91699487,3.3594,"Pernambuco"
"PI",2016,3,"2016-T3",111182.2910835,405,58107.79975051,215,52.2635,4768812.91699487,1.2185,"Piaui"
"PR",2016,3,"2016-T3",625430.69686539,1543,338999.9657733,851,54.2026,4768812.91699487,7.1087,"Parana"
"RJ",2016,3,"2016-T3",952461.42476996,1990,385598.29167908,840,40.4844,4768812.91699487,8.0858,"Rio de Janeiro"
"RN",2016,3,"2016-T3",117820.26052486,354,60628.69663174,191,51.4586,4768812.91699487,1.2714,"Rio Grande do Norte"
"RO",2016,3,"2016-T3",62150.95432444,380,34129.00372868,203,54.9131,4768812.91699487,0.7157,"Rondonia"
"RR",2016,3,"2016-T3",22814.48410256,302,11155.30985933,154,48.8957,4768812.91699487,0.2339,"Roraima"
"RS",2016,3,"2016-T3",579411.69568662,1445,265854.91850391,658,45.8836,4768812.91699487,5.5749,"Rio Grande do Sul"
"SC",2016,3,"2016-T3",362199.38498912,1597,200094.64207407,878,55.2443,4768812.91699487,4.1959,"Santa Catarina"
"SE",2016,3,"2016-T3",75338.07841481,308,35922.33982222,162,47.6815,4768812.91699487,0.7533,"Sergipe"
"SP",2016,3,"2016-T3",2779083.70275281,2414,1436914.00738729,1284,51.7046,4768812.91699487,30.1315,"Sao Paulo"
"TO",2016,3,"2016-T3",50513.78039484,295,30080.80123085,171,59.5497,4768812.91699487,0.6308,"Tocantins"
"AC",2016,4,"2016-T4",30692.43974579,438,16396.13470615,237,53.4208,4947998.84410586,0.3314,"Acre"
"AL",2016,4,"2016-T4",85711.80099884,503,41877.87876019,262,48.8589,4947998.84410586,0.8464,"Alagoas"
"AM",2016,4,"2016-T4",125027.7046737,459,69876.69497569,252,55.889,4947998.84410586,1.4122,"Amazonas"
"AP",2016,4,"2016-T4",34961.29884239,273,17492.79621942,139,50.0347,4947998.84410586,0.3535,"Amapa"
"BA",2016,4,"2016-T4",382199.35921144,607,204740.80504359,322,53.5691,4947998.84410586,4.1379,"Bahia"
"CE",2016,4,"2016-T4",222362.49848975,648,110082.73809723,341,49.506,4947998.84410586,2.2248,"Ceara"
"DF",2016,4,"2016-T4",274534.81970023,946,149040.44825297,525,54.2884,4947998.84410586,3.0121,"Distrito Federal"
"ES",2016,4,"2016-T4",176772.3343192,923,97454.68203181,494,55.1301,4947998.84410586,1.9696,"Espirito Santo"
"GO",2016,4,"2016-T4",347555.53603774,905,199514.21398591,533,57.405,4947998.84410586,4.0322,"Goias"
"MA",2016,4,"2016-T4",110555.31194959,540,56487.27359138,289,51.0941,4947998.84410586,1.1416,"Maranhao"
"MG",2016,4,"2016-T4",924517.92434598,1662,483263.3570421,855,52.2719,4947998.84410586,9.7668,"Minas Gerais"
"MS",2016,4,"2016-T4",133197.66871164,559,75336.96342315,322,56.5603,4947998.84410586,1.5226,"Mato Grosso do Sul"
"MT",2016,4,"2016-T4",151312.13997876,601,96312.51172735,387,63.6515,4947998.84410586,1.9465,"Mato Grosso"
"PA",2016,4,"2016-T4",196880.74248656,510,121028.38632436,311,61.4729,4947998.84410586,2.446,"Para"
"PB",2016,4,"2016-T4",134640.30727601,496,62266.9268389,232,46.2469,4947998.84410586,1.2584,"Paraiba"
"PE",2016,4,"2016-T4",338756.32946279,694,157095.94183268,334,46.3743,4947998.84410586,3.1749,"Pernambuco"
"PI",2016,4,"2016-T4",110252.05641699,409,58725.83264677,213,53.2651,4947998.84410586,1.1869,"Piaui"
"PR",2016,4,"2016-T4",621775.4403429,1537,333581.50623763,845,53.6498,4947998.84410586,6.7417,"Parana"
"RJ",2016,4,"2016-T4",980291.69236583,2005,430391.4607246,915,43.9044,4947998.84410586,8.6983,"Rio de Janeiro"
"RN",2016,4,"2016-T4",126608.90807069,368,61976.77415565,195,48.9514,4947998.84410586,1.2526,"Rio Grande do Norte"
"RO",2016,4,"2016-T4",64939.94126901,375,38033.81276679,213,58.5677,4947998.84410586,0.7687,"Rondonia"
"RR",2016,4,"2016-T4",24385.27740247,299,13407.23019923,168,54.9808,4947998.84410586,0.271,"Roraima"
"RS",2016,4,"2016-T4",556728.63171562,1425,266661.32197115,692,47.8979,4947998.84410586,5.3893,"Rio Grande do Sul"
"SC",2016,4,"2016-T4",373127.40586565,1644,208554.86377538,911,55.8937,4947998.84410586,4.2149,"Santa Catarina"
"SE",2016,4,"2016-T4",82054.61556739,329,37784.49207801,164,46.048,4947998.84410586,0.7636,"Sergipe"
"SP",2016,4,"2016-T4",2889885.82642784,2485,1510415.1933273,1322,52.2656,4947998.84410586,30.5258,"Sao Paulo"
"TO",2016,4,"2016-T4",53197.59738908,292,30198.60337047,169,56.7669,4947998.84410586,0.6103,"Tocantins"
"AC",2017,1,"2017-T1",27716.1309177,396,15275.2611249,214,55.1133,5043046.49217605,0.3029,"Acre"
"AL",2017,1,"2017-T1",76816.32048506,463,37401.91431747,243,48.6901,5043046.49217605,0.7417,"Alagoas"
"AM",2017,1,"2017-T1",125948.04399594,496,67980.56226577,270,53.9751,5043046.49217605,1.348,"Amazonas"
"AP",2017,1,"2017-T1",35535.54259606,260,18862.26540546,135,53.08,5043046.49217605,0.374,"Amapa"
"BA",2017,1,"2017-T1",394266.96569897,602,200886.31523459,319,50.9519,5043046.49217605,3.9834,"Bahia"
"CE",2017,1,"2017-T1",250813.18265216,728,122173.99239603,381,48.7112,5043046.49217605,2.4226,"Ceara"
"DF",2017,1,"2017-T1",278192.94961812,960,151487.90625723,530,54.4543,5043046.49217605,3.0039,"Distrito Federal"
"ES",2017,1,"2017-T1",197680.74632637,1015,113879.10665603,563,57.6076,5043046.49217605,2.2581,"Espirito Santo"
"GO",2017,1,"2017-T1",332494.71833264,891,202428.48022926,541,60.8817,5043046.49217605,4.014,"Goias"
"MA",2017,1,"2017-T1",118739.47594638,580,53035.96242028,292,44.6658,5043046.49217605,1.0517,"Maranhao"
"MG",2017,1,"2017-T1",870806.96853125,1599,471171.72332327,847,54.1075,5043046.49217605,9.343,"Minas Gerais"
"MS",2017,1,"2017-T1",135816.92455732,577,77527.17231038,326,57.0821,5043046.49217605,1.5373,"Mato Grosso do Sul"
"MT",2017,1,"2017-T1",159257.2705519,648,102689.01559037,416,64.48,5043046.49217605,2.0362,"Mato Grosso"
"PA",2017,1,"2017-T1",185221.64598523,507,105337.00861219,291,56.8708,5043046.49217605,2.0888,"Para"
"PB",2017,1,"2017-T1",140967.60286738,520,70575.31073959,255,50.0649,5043046.49217605,1.3995,"Paraiba"
"PE",2017,1,"2017-T1",330091.66925973,694,164103.56777272,347,49.7145,5043046.49217605,3.2541,"Pernambuco"
"PI",2017,1,"2017-T1",113946.64555787,434,61640.15417235,231,54.0956,5043046.49217605,1.2223,"Piaui"
"PR",2017,1,"2017-T1",609299.45415366,1500,329677.79232794,821,54.1077,5043046.49217605,6.5373,"Parana"
"RJ",2017,1,"2017-T1",987100.86801216,2087,426823.66172589,928,43.2401,5043046.49217605,8.4636,"Rio de Janeiro"
"RN",2017,1,"2017-T1",123440.1213032,360,64866.43545776,204,52.5489,5043046.49217605,1.2863,"Rio Grande do Norte"
"RO",2017,1,"2017-T1",59405.13572935,367,33750.10542524,213,56.8134,5043046.49217605,0.6692,"Rondonia"
"RR",2017,1,"2017-T1",23883.14550042,300,13089.50825038,171,54.8065,5043046.49217605,0.2596,"Roraima"
"RS",2017,1,"2017-T1",577803.33009406,1460,275558.02802139,700,47.6906,5043046.49217605,5.4641,"Rio Grande do Sul"
"SC",2017,1,"2017-T1",401524.97573036,1794,232137.85485656,1019,57.8141,5043046.49217605,4.6031,"Santa Catarina"
"SE",2017,1,"2017-T1",76385.00583747,323,37036.74849221,163,48.4869,5043046.49217605,0.7344,"Sergipe"
"SP",2017,1,"2017-T1",2996512.95143652,2643,1563039.32012119,1418,52.1619,5043046.49217605,30.994,"Sao Paulo"
"TO",2017,1,"2017-T1",55041.35019907,321,30611.3186696,180,55.6151,5043046.49217605,0.607,"Tocantins"
"AC",2017,2,"2017-T2",29025.64438807,418,16703.12198304,242,57.5461,5031090.03808476,0.332,"Acre"
"AL",2017,2,"2017-T2",73810.68782996,439,35724.60128906,225,48.4003,5031090.03808476,0.7101,"Alagoas"
"AM",2017,2,"2017-T2",144720.28004247,544,77134.91338888,306,53.2993,5031090.03808476,1.5332,"Amazonas"
"AP",2017,2,"2017-T2",35407.41112554,272,18381.09537551,141,51.9131,5031090.03808476,0.3654,"Amapa"
"BA",2017,2,"2017-T2",397160.70092667,623,197422.09920195,335,49.7084,5031090.03808476,3.924,"Bahia"
"CE",2017,2,"2017-T2",259061.65129194,736,129444.38029514,387,49.9666,5031090.03808476,2.5729,"Ceara"
"DF",2017,2,"2017-T2",283616.43425256,938,148633.61619751,512,52.4066,5031090.03808476,2.9543,"Distrito Federal"
"ES",2017,2,"2017-T2",182943.29654353,975,96936.09271937,503,52.987,5031090.03808476,1.9267,"Espirito Santo"
"GO",2017,2,"2017-T2",345785.53150781,910,211102.8255829,559,61.0502,5031090.03808476,4.196,"Goias"
"MA",2017,2,"2017-T2",123576.07554553,586,63298.88819135,318,51.2226,5031090.03808476,1.2582,"Maranhao"
"MG",2017,2,"2017-T2",887046.76810958,1629,458798.26897891,846,51.722,5031090.03808476,9.1193,"Minas Gerais"
"MS",2017,2,"2017-T2",145617.74804554,624,82730.79021835,360,56.8137,5031090.03808476,1.6444,"Mato Grosso do Sul"
"MT",2017,2,"2017-T2",172221.28703009,687,104490.71227354,421,60.6724,5031090.03808476,2.0769,"Mato Grosso"
"PA",2017,2,"2017-T2",192626.7581987,504,113641.20249536,296,58.9955,5031090.03808476,2.2588,"Para"
"PB",2017,2,"2017-T2",142067.11405479,559,68473.73695518,269,48.1982,5031090.03808476,1.361,"Paraiba"
"PE",2017,2,"2017-T2",315010.81449805,638,158835.39231967,320,50.4222,5031090.03808476,3.1571,"Pernambuco"
"PI",2017,2,"2017-T2",121493.28271447,469,69263.98022874,258,57.0105,5031090.03808476,1.3767,"Piaui"
"PR",2017,2,"2017-T2",628352.56189195,1561,347220.62240525,858,55.2589,5031090.03808476,6.9015,"Parana"
"RJ",2017,2,"2017-T2",975437.42653919,2086,422715.24331939,918,43.336,5031090.03808476,8.4021,"Rio de Janeiro"
"RN",2017,2,"2017-T2",121353.28496054,361,69851.76520477,212,57.5607,5031090.03808476,1.3884,"Rio Grande do Norte"
"RO",2017,2,"2017-T2",65911.37418081,369,40500.54556608,222,61.447,5031090.03808476,0.805,"Rondonia"
"RR",2017,2,"2017-T2",25292.55925753,306,14052.25862193,173,55.5589,5031090.03808476,0.2793,"Roraima"
"RS",2017,2,"2017-T2",555344.55064823,1436,266363.70852735,679,47.9637,5031090.03808476,5.2944,"Rio Grande do Sul"
"SC",2017,2,"2017-T2",396000.78915528,1746,220326.38081689,965,55.6379,5031090.03808476,4.3793,"Santa Catarina"
"SE",2017,2,"2017-T2",75533.03025169,308,39712.4035665,165,52.5762,5031090.03808476,0.7893,"Sergipe"
"SP",2017,2,"2017-T2",2923220.73494156,2629,1523199.89814423,1391,52.1069,5031090.03808476,30.2757,"Sao Paulo"
"TO",2017,2,"2017-T2",63653.6165013,341,36131.49421791,195,56.7627,5031090.03808476,0.7182,"Tocantins"
"AC",2017,3,"2017-T3",29984.01813276,441,16453.29420814,248,54.8735,5186736.22020569,0.3172,"Acre"
"AL",2017,3,"2017-T3",86171.31721484,497,39895.4936547,249,46.2979,5186736.22020569,0.7692,"Alagoas"
"AM",2017,3,"2017-T3",138892.70297864,528,65861.19209012,263,47.4188,5186736.22020569,1.2698,"Amazonas"
"AP",2017,3,"2017-T3",33816.19001,258,16858.9842219,133,49.8548,5186736.22020569,0.325,"Amapa"
"BA",2017,3,"2017-T3",381098.78990508,580,199109.72982494,326,52.2462,5186736.22020569,3.8388,"Bahia"
"CE",2017,3,"2017-T3",265755.21767432,733,145083.84178843,400,54.593,5186736.22020569,2.7972,"Ceara"
"DF",2017,3,"2017-T3",289032.98546301,939,159031.45717383,548,55.0219,5186736.22020569,3.0661,"Distrito Federal"
"ES",2017,3,"2017-T3",188309.43783122,994,102348.53980916,528,54.3513,5186736.22020569,1.9733,"Espirito Santo"
"GO",2017,3,"2017-T3",346657.62689407,923,214048.16281276,570,61.7463,5186736.22020569,4.1268,"Goias"
"MA",2017,3,"2017-T3",145272.19440565,631,71981.95079965,343,49.5497,5186736.22020569,1.3878,"Maranhao"
"MG",2017,3,"2017-T3",939663.5701417,1703,482628.43446574,880,51.3618,5186736.22020569,9.3051,"Minas Gerais"
"MS",2017,3,"2017-T3",153279.63416428,662,87616.07163119,373,57.1609,5186736.22020569,1.6892,"Mato Grosso do Sul"
"MT",2017,3,"2017-T3",182917.45201046,725,107980.5249331,437,59.0324,5186736.22020569,2.0819,"Mato Grosso"
"PA",2017,3,"2017-T3",216653.87251061,568,120320.12281395,308,55.5356,5186736.22020569,2.3198,"Para"
"PB",2017,3,"2017-T3",145824.38544749,548,72158.88866508,275,49.4834,5186736.22020569,1.3912,"Paraiba"
"PE",2017,3,"2017-T3",327922.51979903,651,168816.29364802,346,51.4805,5186736.22020569,3.2548,"Pernambuco"
"PI",2017,3,"2017-T3",117551.18919745,439,68260.70363491,251,58.0689,5186736.22020569,1.3161,"Piaui"
"PR",2017,3,"2017-T3",633030.76023715,1574,327673.14941571,815,51.7626,5186736.22020569,6.3175,"Parana"
"RJ",2017,3,"2017-T3",1036159.91546288,2268,435481.67194447,990,42.0284,5186736.22020569,8.3961,"Rio de Janeiro"
"RN",2017,3,"2017-T3",130221.55537214,379,74191.21072034,228,56.9731,5186736.22020569,1.4304,"Rio Grande do Norte"
"RO",2017,3,"2017-T3",69614.69990704,394,42959.80783183,244,61.7108,5186736.22020569,0.8283,"Rondonia"
"RR",2017,3,"2017-T3",27739.0212764,338,16011.30278265,196,57.7212,5186736.22020569,0.3087,"Roraima"
"RS",2017,3,"2017-T3",580115.89715784,1469,277651.76276375,671,47.8614,5186736.22020569,5.3531,"Rio Grande do Sul"
"SC",2017,3,"2017-T3",426163.08219898,1829,247533.68630916,1054,58.0843,5186736.22020569,4.7724,"Santa Catarina"
"SE",2017,3,"2017-T3",72231.19781358,306,38974.18098156,173,53.9575,5186736.22020569,0.7514,"Sergipe"
"SP",2017,3,"2017-T3",2931800.59495564,2691,1550029.33749627,1418,52.8695,5186736.22020569,29.8845,"Sao Paulo"
"TO",2017,3,"2017-T3",65731.89819578,361,37776.42378433,213,57.4705,5186736.22020569,0.7283,"Tocantins"
"AC",2017,4,"2017-T4",33586.21057379,470,19757.5451513,281,58.8264,5490651.67866383,0.3598,"Acre"
"AL",2017,4,"2017-T4",87166.4729868,458,41309.44850948,234,47.3914,5490651.67866383,0.7524,"Alagoas"
"AM",2017,4,"2017-T4",156639.70658577,550,77144.49252405,296,49.2496,5490651.67866383,1.405,"Amazonas"
"AP",2017,4,"2017-T4",32292.74677359,252,15477.93350493,124,47.9301,5490651.67866383,0.2819,"Amapa"
"BA",2017,4,"2017-T4",415336.40334071,623,232589.6703749,366,56.0003,5490651.67866383,4.2361,"Bahia"
"CE",2017,4,"2017-T4",277055.26077238,778,145793.89917124,440,52.6227,5490651.67866383,2.6553,"Ceara"
"DF",2017,4,"2017-T4",300824.34253618,972,163909.67842374,550,54.4868,5490651.67866383,2.9852,"Distrito Federal"
"ES",2017,4,"2017-T4",192833.64809707,1028,101672.50307485,543,52.7255,5490651.67866383,1.8517,"Espirito Santo"
"GO",2017,4,"2017-T4",366424.28311965,954,227820.61940622,594,62.174,5490651.67866383,4.1492,"Goias"
"MA",2017,4,"2017-T4",147439.42851751,621,74196.04282455,340,50.3231,5490651.67866383,1.3513,"Maranhao"
"MG",2017,4,"2017-T4",970845.88353778,1755,522460.22390479,943,53.8149,5490651.67866383,9.5155,"Minas Gerais"
"MS",2017,4,"2017-T4",150475.27534663,648,85862.99148748,376,57.0612,5490651.67866383,1.5638,"Mato Grosso do Sul"
"MT",2017,4,"2017-T4",181859.636821,715,113698.38376856,445,62.5199,5490651.67866383,2.0708,"Mato Grosso"
"PA",2017,4,"2017-T4",223189.64326444,560,122534.54200121,307,54.9015,5490651.67866383,2.2317,"Para"
"PB",2017,4,"2017-T4",154835.3696078,570,78463.11021631,288,50.6752,5490651.67866383,1.429,"Paraiba"
"PE",2017,4,"2017-T4",343418.65592277,708,189747.06229095,397,55.2524,5490651.67866383,3.4558,"Pernambuco"
"PI",2017,4,"2017-T4",123443.01561243,458,72637.8859933,268,58.8433,5490651.67866383,1.3229,"Piaui"
"PR",2017,4,"2017-T4",663968.93937816,1590,359629.72633666,861,54.1636,5490651.67866383,6.5499,"Parana"
"RJ",2017,4,"2017-T4",1062741.02021289,2339,459804.08224563,1039,43.2659,5490651.67866383,8.3743,"Rio de Janeiro"
"RN",2017,4,"2017-T4",130842.17523646,379,74470.050371,229,56.9159,5490651.67866383,1.3563,"Rio Grande do Norte"
"RO",2017,4,"2017-T4",72558.2560112,400,42821.84789154,236,59.0172,5490651.67866383,0.7799,"Rondonia"
"RR",2017,4,"2017-T4",32229.46087749,381,19186.66070631,230,59.5314,5490651.67866383,0.3494,"Roraima"
"RS",2017,4,"2017-T4",606569.64167371,1500,295595.57889042,708,48.7323,5490651.67866383,5.3836,"Rio Grande do Sul"
"SC",2017,4,"2017-T4",442666.76208999,1869,258048.58458766,1093,58.2941,5490651.67866383,4.6998,"Santa Catarina"
"SE",2017,4,"2017-T4",77247.29065613,342,43251.61923147,199,55.9911,5490651.67866383,0.7877,"Sergipe"
"SP",2017,4,"2017-T4",2880664.83697897,2627,1609232.14056896,1456,55.8632,5490651.67866383,29.3086,"Sao Paulo"
"TO",2017,4,"2017-T4",76808.89303615,405,43535.35520632,235,56.6801,5490651.67866383,0.7929,"Tocantins"
"AC",2018,1,"2018-T1",31654.73320685,416,19611.0250419,260,61.9529,5673012.65806044,0.3457,"Acre"
"AL",2018,1,"2018-T1",88088.12211226,476,43309.40034435,244,49.166,5673012.65806044,0.7634,"Alagoas"
"AM",2018,1,"2018-T1",159398.21194061,558,84284.29406112,307,52.8766,5673012.65806044,1.4857,"Amazonas"
"AP",2018,1,"2018-T1",34866.25612221,251,16572.99447316,119,47.533,5673012.65806044,0.2921,"Amapa"
"BA",2018,1,"2018-T1",424482.86791429,627,237909.65250581,385,56.0469,5673012.65806044,4.1937,"Bahia"
"CE",2018,1,"2018-T1",292285.533766,801,160620.87589991,472,54.9534,5673012.65806044,2.8313,"Ceara"
"DF",2018,1,"2018-T1",298967.28603533,987,169371.75528464,582,56.6523,5673012.65806044,2.9856,"Distrito Federal"
"ES",2018,1,"2018-T1",200602.17675759,1045,111494.37004514,589,55.5798,5673012.65806044,1.9653,"Espirito Santo"
"GO",2018,1,"2018-T1",368940.21273037,971,235617.93580703,618,63.8634,5673012.65806044,4.1533,"Goias"
"MA",2018,1,"2018-T1",145159.37804716,623,80184.55800113,356,55.239,5673012.65806044,1.4134,"Maranhao"
"MG",2018,1,"2018-T1",1018165.6390727,1794,563332.68928072,989,55.3282,5673012.65806044,9.93,"Minas Gerais"
"MS",2018,1,"2018-T1",158179.41841776,674,96278.64879543,409,60.8667,5673012.65806044,1.6971,"Mato Grosso do Sul"
"MT",2018,1,"2018-T1",202105.5557791,764,127732.38343497,486,63.2008,5673012.65806044,2.2516,"Mato Grosso"
"PA",2018,1,"2018-T1",227808.30206681,589,131286.07193571,331,57.6301,5673012.65806044,2.3142,"Para"
"PB",2018,1,"2018-T1",150120.40573872,539,80357.04146961,288,53.5284,5673012.65806044,1.4165,"Paraiba"
"PE",2018,1,"2018-T1",365593.59065707,756,202955.95345566,427,55.5141,5673012.65806044,3.5776,"Pernambuco"
"PI",2018,1,"2018-T1",126351.23103032,490,77451.58903202,299,61.2986,5673012.65806044,1.3653,"Piaui"
"PR",2018,1,"2018-T1",695992.3250926,1683,372327.73307271,908,53.496,5673012.65806044,6.5631,"Parana"
"RJ",2018,1,"2018-T1",1070948.04507975,2371,466424.8213724,1069,43.5525,5673012.65806044,8.2218,"Rio de Janeiro"
"RN",2018,1,"2018-T1",134445.36597132,368,78607.37719856,227,58.4679,5673012.65806044,1.3856,"Rio Grande do Norte"
"RO",2018,1,"2018-T1",67376.16563906,371,44011.53288504,229,65.3221,5673012.65806044,0.7758,"Rondonia"
"RR",2018,1,"2018-T1",33329.91176465,378,18044.09708085,213,54.1378,5673012.65806044,0.3181,"Roraima"
"RS",2018,1,"2018-T1",621138.47955093,1500,309939.56446347,734,49.8986,5673012.65806044,5.4634,"Rio Grande do Sul"
"SC",2018,1,"2018-T1",460756.78669315,1935,272138.94260937,1151,59.0635,5673012.65806044,4.7971,"Santa Catarina"
"SE",2018,1,"2018-T1",80694.14021093,343,42680.85194933,191,52.8921,5673012.65806044,0.7523,"Sergipe"
"SP",2018,1,"2018-T1",2993945.42975532,2697,1582202.65955343,1461,52.8467,5673012.65806044,27.89,"Sao Paulo"
"TO",2018,1,"2018-T1",77578.64061193,406,48263.83900697,253,62.2128,5673012.65806044,0.8508,"Tocantins"
"AC",2018,2,"2018-T2",33796.17242978,440,21317.42724164,274,63.0765,5741846.95968736,0.3713,"Acre"
"AL",2018,2,"2018-T2",90693.88762891,477,39951.06937951,224,44.0505,5741846.95968736,0.6958,"Alagoas"
"AM",2018,2,"2018-T2",154402.5098306,548,87344.46463685,319,56.5693,5741846.95968736,1.5212,"Amazonas"
"AP",2018,2,"2018-T2",38471.5648012,268,21733.97283379,140,56.4936,5741846.95968736,0.3785,"Amapa"
"BA",2018,2,"2018-T2",441092.93879783,667,240931.92713163,398,54.6216,5741846.95968736,4.1961,"Bahia"
"CE",2018,2,"2018-T2",300131.24313149,810,165445.33407417,464,55.1243,5741846.95968736,2.8814,"Ceara"
"DF",2018,2,"2018-T2",302874.55426594,993,176296.86617073,585,58.2079,5741846.95968736,3.0704,"Distrito Federal"
"ES",2018,2,"2018-T2",183813.17790851,982,104130.45384499,542,56.6502,5741846.95968736,1.8135,"Espirito Santo"
"GO",2018,2,"2018-T2",379593.12715612,986,239572.3065465,622,63.1129,5741846.95968736,4.1724,"Goias"
"MA",2018,2,"2018-T2",149448.66846057,592,82905.44416904,341,55.4742,5741846.95968736,1.4439,"Maranhao"
"MG",2018,2,"2018-T2",1028071.28076481,1805,546761.30550071,990,53.1832,5741846.95968736,9.5224,"Minas Gerais"
"MS",2018,2,"2018-T2",164590.47986274,714,95245.64175327,422,57.8683,5741846.95968736,1.6588,"Mato Grosso do Sul"
"MT",2018,2,"2018-T2",189596.25195251,711,120635.17092644,456,63.6274,5741846.95968736,2.101,"Mato Grosso"
"PA",2018,2,"2018-T2",238187.58194539,597,128341.50788124,320,53.8825,5741846.95968736,2.2352,"Para"
"PB",2018,2,"2018-T2",153501.80513664,551,77111.05880417,286,50.2346,5741846.95968736,1.343,"Paraiba"
"PE",2018,2,"2018-T2",388318.73928555,809,201272.64134034,427,51.8318,5741846.95968736,3.5054,"Pernambuco"
"PI",2018,2,"2018-T2",122476.70181089,475,75511.81317666,293,61.654,5741846.95968736,1.3151,"Piaui"
"PR",2018,2,"2018-T2",710146.01208663,1707,377577.87861087,928,53.169,5741846.95968736,6.5759,"Parana"
"RJ",2018,2,"2018-T2",1119838.78119491,2495,474408.89353392,1078,42.364,5741846.95968736,8.2623,"Rio de Janeiro"
"RN",2018,2,"2018-T2",132519.19964533,372,68846.29485149,217,51.9519,5741846.95968736,1.199,"Rio Grande do Norte"
"RO",2018,2,"2018-T2",69953.89035343,391,46298.53280555,250,66.1844,5741846.95968736,0.8063,"Rondonia"
"RR",2018,2,"2018-T2",32961.72454617,403,19002.74261565,243,57.6509,5741846.95968736,0.331,"Roraima"
"RS",2018,2,"2018-T2",613957.99163677,1514,305914.55938692,735,49.8266,5741846.95968736,5.3278,"Rio Grande do Sul"
"SC",2018,2,"2018-T2",464556.20878873,1917,271621.93667328,1133,58.4691,5741846.95968736,4.7306,"Santa Catarina"
"SE",2018,2,"2018-T2",69150.01511313,296,36997.1952165,163,53.5028,5741846.95968736,0.6443,"Sergipe"
"SP",2018,2,"2018-T2",3086488.21017344,2749,1672733.84287892,1507,54.1954,5741846.95968736,29.1323,"Sao Paulo"
"TO",2018,2,"2018-T2",77269.26291338,408,43936.67770258,237,56.8618,5741846.95968736,0.7652,"Tocantins"
"AC",2018,3,"2018-T3",38053.76955231,502,23770.43639599,311,62.4654,5824668.21405591,0.4081,"Acre"
"AL",2018,3,"2018-T3",93442.87382962,498,43449.07108951,247,46.498,5824668.21405591,0.7459,"Alagoas"
"AM",2018,3,"2018-T3",163396.01711252,533,85636.50394323,302,52.4104,5824668.21405591,1.4702,"Amazonas"
"AP",2018,3,"2018-T3",35073.65032272,250,20143.59212184,133,57.4323,5824668.21405591,0.3458,"Amapa"
"BA",2018,3,"2018-T3",491325.60713309,719,250839.79149968,416,51.0537,5824668.21405591,4.3065,"Bahia"
"CE",2018,3,"2018-T3",318380.67661891,823,170816.74069123,459,53.6517,5824668.21405591,2.9326,"Ceara"
"DF",2018,3,"2018-T3",308970.37420069,985,176252.22543935,573,57.045,5824668.21405591,3.026,"Distrito Federal"
"ES",2018,3,"2018-T3",195088.20208374,1029,103639.55093703,547,53.1245,5824668.21405591,1.7793,"Espirito Santo"
"GO",2018,3,"2018-T3",374933.8393146,1015,246502.22648194,673,65.7455,5824668.21405591,4.232,"Goias"
"MA",2018,3,"2018-T3",162806.68738791,689,85315.37481133,387,52.4029,5824668.21405591,1.4647,"Maranhao"
"MG",2018,3,"2018-T3",1073864.09826434,1887,582259.63787963,1039,54.221,5824668.21405591,9.9964,"Minas Gerais"
"MS",2018,3,"2018-T3",171185.35080398,756,103339.15528486,466,60.3668,5824668.21405591,1.7742,"Mato Grosso do Sul"
"MT",2018,3,"2018-T3",196783.75324301,768,118688.16566267,488,60.314,5824668.21405591,2.0377,"Mato Grosso"
"PA",2018,3,"2018-T3",227826.86102353,589,125059.35219735,323,54.8923,5824668.21405591,2.1471,"Para"
"PB",2018,3,"2018-T3",154838.43037773,570,73043.15409058,277,47.1738,5824668.21405591,1.254,"Paraiba"
"PE",2018,3,"2018-T3",400900.93482164,812,218829.20110768,443,54.5844,5824668.21405591,3.7569,"Pernambuco"
"PI",2018,3,"2018-T3",125562.58395496,482,77573.12738346,307,61.7804,5824668.21405591,1.3318,"Piaui"
"PR",2018,3,"2018-T3",706172.11392673,1691,384829.28242408,941,54.4951,5824668.21405591,6.6069,"Parana"
"RJ",2018,3,"2018-T3",1137751.65729462,2599,489636.63006068,1135,43.0355,5824668.21405591,8.4063,"Rio de Janeiro"
"RN",2018,3,"2018-T3",155399.49812125,406,80860.74230421,242,52.0341,5824668.21405591,1.3882,"Rio Grande do Norte"
"RO",2018,3,"2018-T3",70618.34844558,397,43640.57583808,233,61.7978,5824668.21405591,0.7492,"Rondonia"
"RR",2018,3,"2018-T3",31361.70698066,375,18500.57099977,229,58.991,5824668.21405591,0.3176,"Roraima"
"RS",2018,3,"2018-T3",656935.47786989,1627,313463.00928152,786,47.716,5824668.21405591,5.3816,"Rio Grande do Sul"
"SC",2018,3,"2018-T3",476966.04356581,1965,276565.89350084,1135,57.9844,5824668.21405591,4.7482,"Santa Catarina"
"SE",2018,3,"2018-T3",74576.7689918,315,39560.96044959,174,53.0473,5824668.21405591,0.6792,"Sergipe"
"SP",2018,3,"2018-T3",3032641.25128596,2742,1627949.93775431,1491,53.6809,5824668.21405591,27.9492,"Sao Paulo"
"TO",2018,3,"2018-T3",80976.20178515,430,44503.30442547,235,54.9585,5824668.21405591,0.764,"Tocantins"
"AC",2018,4,"2018-T4",36751.83220455,485,22807.18225373,296,62.0573,6060386.92644229,0.3763,"Acre"
"AL",2018,4,"2018-T4",102846.3091616,527,46709.81532852,259,45.4171,6060386.92644229,0.7707,"Alagoas"
"AM",2018,4,"2018-T4",155458.9604589,512,83785.77832876,284,53.8958,6060386.92644229,1.3825,"Amazonas"
"AP",2018,4,"2018-T4",33404.21929397,243,19183.94604018,132,57.4297,6060386.92644229,0.3165,"Amapa"
"BA",2018,4,"2018-T4",514880.64958193,754,266387.69622801,434,51.7378,6060386.92644229,4.3956,"Bahia"
"CE",2018,4,"2018-T4",336378.99033782,858,177209.14758761,455,52.6814,6060386.92644229,2.9241,"Ceara"
"DF",2018,4,"2018-T4",320666.89958443,999,179535.84537343,578,55.9883,6060386.92644229,2.9624,"Distrito Federal"
"ES",2018,4,"2018-T4",196036.43856191,1016,101117.41840317,528,51.5809,6060386.92644229,1.6685,"Espirito Santo"
"GO",2018,4,"2018-T4",394966.94816298,999,242365.73987042,632,61.3635,6060386.92644229,3.9992,"Goias"
"MA",2018,4,"2018-T4",177951.74887299,758,96224.25036644,418,54.0732,6060386.92644229,1.5878,"Maranhao"
"MG",2018,4,"2018-T4",1095571.15462569,1902,599254.62928606,1045,54.6979,6060386.92644229,9.8881,"Minas Gerais"
"MS",2018,4,"2018-T4",166804.93470962,705,97422.18372849,420,58.4049,6060386.92644229,1.6075,"Mato Grosso do Sul"
"MT",2018,4,"2018-T4",224124.86460223,821,143446.0697979,539,64.0027,6060386.92644229,2.3669,"Mato Grosso"
"PA",2018,4,"2018-T4",243474.9126269,586,139841.29503635,332,57.4356,6060386.92644229,2.3075,"Para"
"PB",2018,4,"2018-T4",160678.51324963,571,82099.94382256,294,51.0958,6060386.92644229,1.3547,"Paraiba"
"PE",2018,4,"2018-T4",398732.86326814,796,196896.0039429,402,49.3804,6060386.92644229,3.2489,"Pernambuco"
"PI",2018,4,"2018-T4",132122.33391187,505,83362.48836219,324,63.0949,6060386.92644229,1.3755,"Piaui"
"PR",2018,4,"2018-T4",741782.44942042,1738,402156.28519336,962,54.2149,6060386.92644229,6.6358,"Parana"
"RJ",2018,4,"2018-T4",1194252.72727544,2727,535293.63490416,1242,44.8225,6060386.92644229,8.8327,"Rio de Janeiro"
"RN",2018,4,"2018-T4",147511.66366925,381,80749.22038645,228,54.7409,6060386.92644229,1.3324,"Rio Grande do Norte"
"RO",2018,4,"2018-T4",72048.87637238,410,47568.37227304,262,66.0224,6060386.92644229,0.7849,"Rondonia"
"RR",2018,4,"2018-T4",32052.30087199,364,19219.96987583,221,59.9644,6060386.92644229,0.3171,"Roraima"
"RS",2018,4,"2018-T4",654077.1064791,1617,333556.51527187,812,50.9965,6060386.92644229,5.5039,"Rio Grande do Sul"
"SC",2018,4,"2018-T4",471843.71585916,1914,275399.04778732,1135,58.3666,6060386.92644229,4.5442,"Santa Catarina"
"SE",2018,4,"2018-T4",80284.56770691,342,45158.91204389,199,56.2486,6060386.92644229,0.7451,"Sergipe"
"SP",2018,4,"2018-T4",3183090.42745984,2784,1697363.63997014,1503,53.3244,6060386.92644229,28.0075,"Sao Paulo"
"TO",2018,4,"2018-T4",77596.63488935,413,46271.89497951,241,59.6313,6060386.92644229,0.7635,"Tocantins"
"AC",2019,1,"2019-T1",34864.42491077,458,20484.80321241,268,58.7556,6167262.68252605,0.3322,"Acre"
"AL",2019,1,"2019-T1",100964.21254845,500,47153.91335592,249,46.7036,6167262.68252605,0.7646,"Alagoas"
"AM",2019,1,"2019-T1",178241.52940672,585,102511.61679814,337,57.5128,6167262.68252605,1.6622,"Amazonas"
"AP",2019,1,"2019-T1",33692.20841887,249,21001.68018932,145,62.3339,6167262.68252605,0.3405,"Amapa"
"BA",2019,1,"2019-T1",515035.08092546,765,275200.1209821,452,53.4333,6167262.68252605,4.4623,"Bahia"
"CE",2019,1,"2019-T1",322501.23271534,839,168312.50483373,464,52.1897,6167262.68252605,2.7291,"Ceara"
"DF",2019,1,"2019-T1",323702.61294073,1016,177529.37799251,556,54.8434,6167262.68252605,2.8786,"Distrito Federal"
"ES",2019,1,"2019-T1",203063.8713435,1049,108161.29467198,555,53.2647,6167262.68252605,1.7538,"Espirito Santo"
"GO",2019,1,"2019-T1",393784.28241283,998,248239.84299585,651,63.0396,6167262.68252605,4.0251,"Goias"
"MA",2019,1,"2019-T1",155596.49262328,687,82416.7712692,388,52.9683,6167262.68252605,1.3364,"Maranhao"
"MG",2019,1,"2019-T1",1102344.06636522,1929,639170.31035787,1094,57.9828,6167262.68252605,10.3639,"Minas Gerais"
"MS",2019,1,"2019-T1",179421.46952958,741,105885.73219486,450,59.0151,6167262.68252605,1.7169,"Mato Grosso do Sul"
"MT",2019,1,"2019-T1",206584.2000426,779,130465.50888133,507,63.1537,6167262.68252605,2.1155,"Mato Grosso"
"PA",2019,1,"2019-T1",243397.16248777,589,141034.45307862,339,57.9442,6167262.68252605,2.2868,"Para"
"PB",2019,1,"2019-T1",161787.01619427,568,75360.35240421,270,46.58,6167262.68252605,1.2219,"Paraiba"
"PE",2019,1,"2019-T1",408743.36614087,816,218503.95410357,443,53.4575,6167262.68252605,3.543,"Pernambuco"
"PI",2019,1,"2019-T1",135767.57745534,516,79377.63992382,317,58.4658,6167262.68252605,1.2871,"Piaui"
"PR",2019,1,"2019-T1",767783.6471464,1816,417842.17023679,1009,54.4219,6167262.68252605,6.7752,"Parana"
"RJ",2019,1,"2019-T1",1167672.51411111,2699,525369.33558806,1235,44.9929,6167262.68252605,8.5187,"Rio de Janeiro"
"RN",2019,1,"2019-T1",141029.88331482,396,79506.44575103,237,56.3756,6167262.68252605,1.2892,"Rio Grande do Norte"
"RO",2019,1,"2019-T1",69911.80149453,406,47676.12695698,261,68.1947,6167262.68252605,0.7731,"Rondonia"
"RR",2019,1,"2019-T1",33782.44607403,364,20499.22742228,223,60.6801,6167262.68252605,0.3324,"Roraima"
"RS",2019,1,"2019-T1",659208.68069863,1601,319621.44098084,770,48.4856,6167262.68252605,5.1825,"Rio Grande do Sul"
"SC",2019,1,"2019-T1",471126.88074569,1938,279775.89291205,1157,59.3844,6167262.68252605,4.5365,"Santa Catarina"
"SE",2019,1,"2019-T1",81281.75394346,336,41122.12755599,177,50.5921,6167262.68252605,0.6668,"Sergipe"
"SP",2019,1,"2019-T1",3212179.13113682,2833,1747985.37652871,1589,54.4174,6167262.68252605,28.343,"Sao Paulo"
"TO",2019,1,"2019-T1",78437.83318486,423,47054.66134788,249,59.9898,6167262.68252605,0.763,"Tocantins"
"AC",2019,2,"2019-T2",37783.103025,510,21786.33965553,291,57.6616,6235550.05353181,0.3494,"Acre"
"AL",2019,2,"2019-T2",117282.95714588,593,57896.86537587,317,49.3651,6235550.05353181,0.9285,"Alagoas"
"AM",2019,2,"2019-T2",170619.7651027,602,100023.30700398,357,58.6235,6235550.05353181,1.6041,"Amazonas"
"AP",2019,2,"2019-T2",40955.37827021,305,27207.47684548,188,66.432,6235550.05353181,0.4363,"Amapa"
"BA",2019,2,"2019-T2",509294.9352993,732,270769.94906373,422,53.1656,6235550.05353181,4.3424,"Bahia"
"CE",2019,2,"2019-T2",324427.55253998,890,176988.06134854,507,54.554,6235550.05353181,2.8384,"Ceara"
"DF",2019,2,"2019-T2",324221.95370346,1027,179877.46191054,591,55.4797,6235550.05353181,2.8847,"Distrito Federal"
"ES",2019,2,"2019-T2",207576.54588779,1047,112425.36028263,553,54.1609,6235550.05353181,1.803,"Espirito Santo"
"GO",2019,2,"2019-T2",404243.19902238,1016,258085.59489771,650,63.8441,6235550.05353181,4.1389,"Goias"
"MA",2019,2,"2019-T2",152106.26960531,681,83622.12763198,386,54.9761,6235550.05353181,1.3411,"Maranhao"
"MG",2019,2,"2019-T2",1099027.48644309,1884,635143.30586717,1062,57.7914,6235550.05353181,10.1858,"Minas Gerais"
"MS",2019,2,"2019-T2",177652.63695089,756,106221.59239579,461,59.7917,6235550.05353181,1.7035,"Mato Grosso do Sul"
"MT",2019,2,"2019-T2",216513.44211823,809,137358.11144792,528,63.4409,6235550.05353181,2.2028,"Mato Grosso"
"PA",2019,2,"2019-T2",249167.85736591,590,147364.70430251,344,59.1427,6235550.05353181,2.3633,"Para"
"PB",2019,2,"2019-T2",168572.2298779,602,81305.48386511,298,48.2318,6235550.05353181,1.3039,"Paraiba"
"PE",2019,2,"2019-T2",388687.22804157,764,210672.83674781,413,54.2011,6235550.05353181,3.3786,"Pernambuco"
"PI",2019,2,"2019-T2",130729.75868366,490,74973.03408178,305,57.3496,6235550.05353181,1.2023,"Piaui"
"PR",2019,2,"2019-T2",742356.81710379,1756,412550.9772877,982,55.5731,6235550.05353181,6.6161,"Parana"
"RJ",2019,2,"2019-T2",1146812.34190349,2534,503761.97997315,1142,43.9272,6235550.05353181,8.0789,"Rio de Janeiro"
"RN",2019,2,"2019-T2",145925.28195727,406,80196.91476845,241,54.9575,6235550.05353181,1.2861,"Rio Grande do Norte"
"RO",2019,2,"2019-T2",73788.73789147,414,48999.58613689,266,66.4052,6235550.05353181,0.7858,"Rondonia"
"RR",2019,2,"2019-T2",35732.45820062,403,21258.91135994,242,59.4947,6235550.05353181,0.3409,"Roraima"
"RS",2019,2,"2019-T2",681568.86427535,1649,344580.49774836,824,50.557,6235550.05353181,5.5261,"Rio Grande do Sul"
"SC",2019,2,"2019-T2",482615.37136231,1949,292046.24106891,1185,60.5132,6235550.05353181,4.6836,"Santa Catarina"
"SE",2019,2,"2019-T2",77100.27247854,313,38376.54432249,168,49.7748,6235550.05353181,0.6154,"Sergipe"
"SP",2019,2,"2019-T2",3182632.84306518,2787,1763670.19230535,1563,55.4154,6235550.05353181,28.2841,"Sao Paulo"
"TO",2019,2,"2019-T2",78479.4333862,416,48386.59583649,252,61.6551,6235550.05353181,0.776,"Tocantins"
"AC",2019,3,"2019-T3",39422.30673843,511,23030.60401776,299,58.4202,6264819.4381199,0.3676,"Acre"
"AL",2019,3,"2019-T3",115057.83129899,588,55919.35355397,320,48.6011,6264819.4381199,0.8926,"Alagoas"
"AM",2019,3,"2019-T3",186291.20716085,645,106548.74128387,374,57.1947,6264819.4381199,1.7007,"Amazonas"
"AP",2019,3,"2019-T3",38893.48743642,306,25862.21785987,192,66.495,6264819.4381199,0.4128,"Amapa"
"BA",2019,3,"2019-T3",502869.85581085,717,270797.72347494,416,53.8505,6264819.4381199,4.3225,"Bahia"
"CE",2019,3,"2019-T3",329494.28991096,924,184801.1866275,525,56.0863,6264819.4381199,2.9498,"Ceara"
"DF",2019,3,"2019-T3",328255.96249337,1034,180355.58081719,581,54.9436,6264819.4381199,2.8789,"Distrito Federal"
"ES",2019,3,"2019-T3",216761.81122722,1109,118645.05274069,596,54.7352,6264819.4381199,1.8938,"Espirito Santo"
"GO",2019,3,"2019-T3",403573.1194381,1013,246268.62887317,620,61.0221,6264819.4381199,3.931,"Goias"
"MA",2019,3,"2019-T3",173151.56074842,752,102233.45896636,458,59.0428,6264819.4381199,1.6319,"Maranhao"
"MG",2019,3,"2019-T3",1113295.51847539,1907,639285.37561744,1067,57.4228,6264819.4381199,10.2044,"Minas Gerais"
"MS",2019,3,"2019-T3",172475.27138615,737,99926.56631577,440,57.9367,6264819.4381199,1.595,"Mato Grosso do Sul"
"MT",2019,3,"2019-T3",211845.041301,767,132244.03260702,489,62.4249,6264819.4381199,2.1109,"Mato Grosso"
"PA",2019,3,"2019-T3",267943.43582397,620,156891.21100862,358,58.5539,6264819.4381199,2.5043,"Para"
"PB",2019,3,"2019-T3",167679.72214946,600,85325.54774272,319,50.886,6264819.4381199,1.362,"Paraiba"
"PE",2019,3,"2019-T3",371242.34403984,754,206341.10670529,434,55.5812,6264819.4381199,3.2936,"Pernambuco"
"PI",2019,3,"2019-T3",131818.73568255,488,76442.48425935,299,57.9906,6264819.4381199,1.2202,"Piaui"
"PR",2019,3,"2019-T3",741409.17569307,1712,418519.39457977,962,56.4492,6264819.4381199,6.6805,"Parana"
"RJ",2019,3,"2019-T3",1197333.90079824,2564,538750.42169929,1153,44.9958,6264819.4381199,8.5996,"Rio de Janeiro"
"RN",2019,3,"2019-T3",153241.84162389,436,85010.29769931,243,55.4746,6264819.4381199,1.3569,"Rio Grande do Norte"
"RO",2019,3,"2019-T3",83398.76925557,455,52465.63048122,294,62.9094,6264819.4381199,0.8375,"Rondonia"
"RR",2019,3,"2019-T3",34705.36459976,381,21083.93607511,235,60.7512,6264819.4381199,0.3365,"Roraima"
"RS",2019,3,"2019-T3",671787.55230531,1648,346619.92659577,837,51.5967,6264819.4381199,5.5328,"Rio Grande do Sul"
"SC",2019,3,"2019-T3",478244.41168453,1941,273699.9750111,1131,57.2301,6264819.4381199,4.3688,"Santa Catarina"
"SE",2019,3,"2019-T3",81138.80814059,304,43636.72124852,170,53.7803,6264819.4381199,0.6965,"Sergipe"
"SP",2019,3,"2019-T3",3133295.68799948,2789,1722905.94365588,1563,54.987,6264819.4381199,27.5013,"Sao Paulo"
"TO",2019,3,"2019-T3",80956.90623344,435,51208.3186024,265,63.2538,6264819.4381199,0.8174,"Tocantins"
"AC",2019,4,"2019-T4",40993.68507708,497,24956.74939302,303,60.8795,6429561.68990888,0.3882,"Acre"
"AL",2019,4,"2019-T4",111820.34015979,541,56601.52365045,298,50.6183,6429561.68990888,0.8803,"Alagoas"
"AM",2019,4,"2019-T4",187756.39566115,628,112116.96960004,369,59.7141,6429561.68990888,1.7438,"Amazonas"
"AP",2019,4,"2019-T4",40620.98242552,307,24848.82981371,179,61.1724,6429561.68990888,0.3865,"Amapa"
"BA",2019,4,"2019-T4",513016.20652055,708,287834.79338459,418,56.1064,6429561.68990888,4.4767,"Bahia"
"CE",2019,4,"2019-T4",350304.37638883,910,188245.72628011,503,53.7378,6429561.68990888,2.9278,"Ceara"
"DF",2019,4,"2019-T4",331361.70841754,1032,177271.07880356,572,53.4978,6429561.68990888,2.7571,"Distrito Federal"
"ES",2019,4,"2019-T4",219228.15060904,1094,122846.81711365,589,56.0361,6429561.68990888,1.9107,"Espirito Santo"
"GO",2019,4,"2019-T4",417401.87493451,1016,261820.1454666,641,62.7262,6429561.68990888,4.0721,"Goias"
"MA",2019,4,"2019-T4",179325.44545605,757,108146.73425308,473,60.3075,6429561.68990888,1.682,"Maranhao"
"MG",2019,4,"2019-T4",1144933.04514011,1947,648690.89958802,1081,56.6575,6429561.68990888,10.0892,"Minas Gerais"
"MS",2019,4,"2019-T4",176827.233157,722,96875.10338527,411,54.7852,6429561.68990888,1.5067,"Mato Grosso do Sul"
"MT",2019,4,"2019-T4",203331.50392801,727,125853.6801742,474,61.8958,6429561.68990888,1.9574,"Mato Grosso"
"PA",2019,4,"2019-T4",273592.83500302,632,163974.60665928,371,59.9338,6429561.68990888,2.5503,"Para"
"PB",2019,4,"2019-T4",168498.35587842,590,89182.15620892,311,52.9276,6429561.68990888,1.3871,"Paraiba"
"PE",2019,4,"2019-T4",389126.51961768,762,216630.20049216,439,55.6709,6429561.68990888,3.3693,"Pernambuco"
"PI",2019,4,"2019-T4",137188.30042376,513,83968.27403825,330,61.2066,6429561.68990888,1.306,"Piaui"
"PR",2019,4,"2019-T4",775984.12227855,1782,427187.76058981,982,55.0511,6429561.68990888,6.6441,"Parana"
"RJ",2019,4,"2019-T4",1219701.40036908,2581,560429.83955577,1199,45.9481,6429561.68990888,8.7165,"Rio de Janeiro"
"RN",2019,4,"2019-T4",150819.03571407,399,89465.87609272,223,59.32,6429561.68990888,1.3915,"Rio Grande do Norte"
"RO",2019,4,"2019-T4",85592.35943324,476,57916.5857275,310,67.6656,6429561.68990888,0.9008,"Rondonia"
"RR",2019,4,"2019-T4",32186.69898266,335,20741.88008577,217,64.4424,6429561.68990888,0.3226,"Roraima"
"RS",2019,4,"2019-T4",685204.868712,1655,359900.06327761,853,52.5244,6429561.68990888,5.5976,"Rio Grande do Sul"
"SC",2019,4,"2019-T4",485446.53676433,1956,281162.74832789,1142,57.9184,6429561.68990888,4.373,"Santa Catarina"
"SE",2019,4,"2019-T4",91002.31005445,334,48192.92082651,191,52.9579,6429561.68990888,0.7496,"Sergipe"
"SP",2019,4,"2019-T4",3161188.82981825,2776,1750386.341217,1584,55.3711,6429561.68990888,27.224,"Sao Paulo"
"TO",2019,4,"2019-T4",73375.50064786,374,44313.38590339,223,60.3926,6429561.68990888,0.6892,"Tocantins"
"AC",2020,1,"2020-T1",37482.8561258,441,24087.49774563,280,64.2627,6698119.29397936,0.3596,"Acre"
"AL",2020,1,"2020-T1",119921.34131166,481,67254.3085856,282,56.082,6698119.29397936,1.0041,"Alagoas"
"AM",2020,1,"2020-T1",180529.75124412,526,105401.92841358,305,58.3848,6698119.29397936,1.5736,"Amazonas"
"AP",2020,1,"2020-T1",42008.13872836,286,27078.92111119,177,64.4611,6698119.29397936,0.4043,"Amapa"
"BA",2020,1,"2020-T1",507787.7968771,644,251818.33959416,357,49.5913,6698119.29397936,3.7595,"Bahia"
"CE",2020,1,"2020-T1",369878.19674569,837,214627.64390753,484,58.0266,6698119.29397936,3.2043,"Ceara"
"DF",2020,1,"2020-T1",319806.28699367,903,176643.33072038,504,55.2345,6698119.29397936,2.6372,"Distrito Federal"
"ES",2020,1,"2020-T1",218273.985965,1019,123369.83633963,548,56.5206,6698119.29397936,1.8419,"Espirito Santo"
"GO",2020,1,"2020-T1",402529.81960999,930,262901.14663936,607,65.3122,6698119.29397936,3.925,"Goias"
"MA",2020,1,"2020-T1",173009.71860407,665,106971.76756023,418,61.8299,6698119.29397936,1.597,"Maranhao"
"MG",2020,1,"2020-T1",1147508.23720443,1865,650360.75784659,1038,56.6759,6698119.29397936,9.7096,"Minas Gerais"
"MS",2020,1,"2020-T1",177162.67570832,652,103895.06303076,394,58.6439,6698119.29397936,1.5511,"Mato Grosso do Sul"
"MT",2020,1,"2020-T1",218865.40298421,742,135601.90367368,474,61.9568,6698119.29397936,2.0245,"Mato Grosso"
"PA",2020,1,"2020-T1",284002.77823769,622,172215.03966775,359,60.6385,6698119.29397936,2.5711,"Para"
"PB",2020,1,"2020-T1",169937.91040431,534,86772.91544486,283,51.0615,6698119.29397936,1.2955,"Paraiba"
"PE",2020,1,"2020-T1",377948.62257458,695,210930.03626367,390,55.8092,6698119.29397936,3.1491,"Pernambuco"
"PI",2020,1,"2020-T1",160116.25604414,459,110634.38694018,282,69.0963,6698119.29397936,1.6517,"Piaui"
"PR",2020,1,"2020-T1",810861.98377384,1648,474008.05899618,953,58.4573,6698119.29397936,7.0767,"Parana"
"RJ",2020,1,"2020-T1",1316993.68131221,2344,595642.96352291,1090,45.2275,6698119.29397936,8.8927,"Rio de Janeiro"
"RN",2020,1,"2020-T1",169010.43418243,377,95814.79775752,216,56.6916,6698119.29397936,1.4305,"Rio Grande do Norte"
"RO",2020,1,"2020-T1",84096.51828671,398,55649.28292569,246,66.1731,6698119.29397936,0.8308,"Rondonia"
"RR",2020,1,"2020-T1",33664.74980577,301,20705.08804979,180,61.5038,6698119.29397936,0.3091,"Roraima"
"RS",2020,1,"2020-T1",691827.08948171,1563,372837.69770007,817,53.8917,6698119.29397936,5.5663,"Rio Grande do Sul"
"SC",2020,1,"2020-T1",510259.38569274,1844,316081.27985936,1126,61.9452,6698119.29397936,4.719,"Santa Catarina"
"SE",2020,1,"2020-T1",81040.63232812,297,43878.842316,166,54.1442,6698119.29397936,0.6551,"Sergipe"
"SP",2020,1,"2020-T1",3328147.93847524,2606,1839402.08297171,1499,55.268,6698119.29397936,27.4615,"Sao Paulo"
"TO",2020,1,"2020-T1",81335.33024128,384,53534.37639535,244,65.8193,6698119.29397936,0.7992,"Tocantins"
"AC",2020,2,"2020-T2",39193.7764269,367,24938.23873413,236,63.6281,6677929.21603112,0.3734,"Acre"
"AL",2020,2,"2020-T2",97089.46166856,358,56129.22195379,209,57.8119,6677929.21603112,0.8405,"Alagoas"
"AM",2020,2,"2020-T2",185722.34051407,424,94403.21526171,236,50.8303,6677929.21603112,1.4137,"Amazonas"
"AP",2020,2,"2020-T2",40663.45518379,245,26008.74212641,152,63.961,6677929.21603112,0.3895,"Amapa"
"BA",2020,2,"2020-T2",499864.37416112,436,262351.81325255,229,52.4846,6677929.21603112,3.9286,"Bahia"
"CE",2020,2,"2020-T2",365217.19558429,555,199938.61766956,314,54.7451,6677929.21603112,2.994,"Ceara"
"DF",2020,2,"2020-T2",320481.34939574,611,188755.99277541,346,58.8977,6677929.21603112,2.8266,"Distrito Federal"
"ES",2020,2,"2020-T2",230131.28557371,798,126228.09023867,424,54.8505,6677929.21603112,1.8902,"Espirito Santo"
"GO",2020,2,"2020-T2",382153.53835881,727,243549.06657692,440,63.7307,6677929.21603112,3.6471,"Goias"
"MA",2020,2,"2020-T2",168033.73969409,452,101822.72568706,278,60.5966,6677929.21603112,1.5248,"Maranhao"
"MG",2020,2,"2020-T2",1112420.80210387,1786,615516.5769245,985,55.3313,6677929.21603112,9.2172,"Minas Gerais"
"MS",2020,2,"2020-T2",173696.8102304,496,97142.36980171,293,55.9264,6677929.21603112,1.4547,"Mato Grosso do Sul"
"MT",2020,2,"2020-T2",233351.77656926,607,141223.84512911,385,60.5197,6677929.21603112,2.1148,"Mato Grosso"
"PA",2020,2,"2020-T2",312210.11591807,488,184233.95723163,270,59.0096,6677929.21603112,2.7588,"Para"
"PB",2020,2,"2020-T2",178588.25875631,373,91080.02242524,195,51,6677929.21603112,1.3639,"Paraiba"
"PE",2020,2,"2020-T2",359831.17816489,531,199697.21212801,296,55.4975,6677929.21603112,2.9904,"Pernambuco"
"PI",2020,2,"2020-T2",137655.39905343,346,81687.1304012,217,59.3418,6677929.21603112,1.2232,"Piaui"
"PR",2020,2,"2020-T2",905809.04675723,1320,547648.97818038,756,60.4596,6677929.21603112,8.2009,"Parana"
"RJ",2020,2,"2020-T2",1277249.70859292,1809,549487.85248431,754,43.0212,6677929.21603112,8.2284,"Rio de Janeiro"
"RN",2020,2,"2020-T2",191416.49478176,281,97671.05103209,149,51.0254,6677929.21603112,1.4626,"Rio Grande do Norte"
"RO",2020,2,"2020-T2",84734.96491931,336,57329.43298938,202,67.6574,6677929.21603112,0.8585,"Rondonia"
"RR",2020,2,"2020-T2",31488.71720774,299,16828.7282576,171,53.4437,6677929.21603112,0.252,"Roraima"
"RS",2020,2,"2020-T2",718657.84689917,1327,400128.53892451,709,55.6772,6677929.21603112,5.9918,"Rio Grande do Sul"
"SC",2020,2,"2020-T2",554242.9668473,1510,334583.9175961,890,60.3677,6677929.21603112,5.0103,"Santa Catarina"
"SE",2020,2,"2020-T2",79987.67874342,249,40240.26287831,139,50.3081,6677929.21603112,0.6026,"Sergipe"
"SP",2020,2,"2020-T2",3275799.38047401,2207,1843043.37693891,1237,56.2624,6677929.21603112,27.599,"Sao Paulo"
"TO",2020,2,"2020-T2",78155.84084111,293,56260.23843192,194,71.9847,6677929.21603112,0.8425,"Tocantins"
"AC",2020,3,"2020-T3",41660.29826503,361,28014.57770742,239,67.2453,6728148.35688788,0.4164,"Acre"
"AL",2020,3,"2020-T3",90690.45212233,368,51282.56004955,217,56.5468,6728148.35688788,0.7622,"Alagoas"
"AM",2020,3,"2020-T3",195250.87896448,442,109079.74880375,260,55.8665,6728148.35688788,1.6212,"Amazonas"
"AP",2020,3,"2020-T3",42084.76338255,240,26858.15459619,147,63.8192,6728148.35688788,0.3992,"Amapa"
"BA",2020,3,"2020-T3",514716.36182819,444,296318.61134427,260,57.5693,6728148.35688788,4.4042,"Bahia"
"CE",2020,3,"2020-T3",354113.5444412,521,199847.02056171,314,56.4359,6728148.35688788,2.9703,"Ceara"
"DF",2020,3,"2020-T3",325421.75087,620,181745.88094497,347,55.8493,6728148.35688788,2.7013,"Distrito Federal"
"ES",2020,3,"2020-T3",235908.84030624,789,129206.11659668,410,54.7695,6728148.35688788,1.9204,"Espirito Santo"
"GO",2020,3,"2020-T3",425414.56146494,765,266080.66320395,454,62.5462,6728148.35688788,3.9547,"Goias"
"MA",2020,3,"2020-T3",173686.01040395,518,110399.58706692,336,63.5627,6728148.35688788,1.6409,"Maranhao"
"MG",2020,3,"2020-T3",1135660.0726103,1823,636878.17985974,1005,56.08,6728148.35688788,9.4659,"Minas Gerais"
"MS",2020,3,"2020-T3",174229.30218912,447,100126.6545202,256,57.4683,6728148.35688788,1.4882,"Mato Grosso do Sul"
"MT",2020,3,"2020-T3",223831.50539125,573,140353.91121661,374,62.7052,6728148.35688788,2.0861,"Mato Grosso"
"PA",2020,3,"2020-T3",287756.73527663,484,159729.23147913,277,55.5084,6728148.35688788,2.374,"Para"
"PB",2020,3,"2020-T3",174292.87604381,371,89763.0735585,192,51.5013,6728148.35688788,1.3341,"Paraiba"
"PE",2020,3,"2020-T3",324989.23886841,495,187310.19108768,280,57.6358,6728148.35688788,2.784,"Pernambuco"
"PI",2020,3,"2020-T3",137720.47974005,330,86522.22602165,209,62.8245,6728148.35688788,1.286,"Piaui"
"PR",2020,3,"2020-T3",877998.86623684,1269,517550.71266742,716,58.9466,6728148.35688788,7.6923,"Parana"
"RJ",2020,3,"2020-T3",1261402.78794126,1630,535549.30567052,692,42.4566,6728148.35688788,7.9598,"Rio de Janeiro"
"RN",2020,3,"2020-T3",129853.68042946,266,68375.60916537,142,52.6559,6728148.35688788,1.0163,"Rio Grande do Norte"
"RO",2020,3,"2020-T3",77910.75452452,317,51756.77033511,194,66.4308,6728148.35688788,0.7693,"Rondonia"
"RR",2020,3,"2020-T3",33299.58914747,272,17630.95645593,160,52.9465,6728148.35688788,0.262,"Roraima"
"RS",2020,3,"2020-T3",707841.43510118,1308,402782.61952893,723,56.9029,6728148.35688788,5.9865,"Rio Grande do Sul"
"SC",2020,3,"2020-T3",574639.94292681,1398,330273.67715953,838,57.4749,6728148.35688788,4.9088,"Santa Catarina"
"SE",2020,3,"2020-T3",87642.12239377,224,43156.73374103,129,49.242,6728148.35688788,0.6414,"Sergipe"
"SP",2020,3,"2020-T3",3264426.19201802,1971,1901848.02617651,1130,58.2598,6728148.35688788,28.267,"Sao Paulo"
"TO",2020,3,"2020-T3",88519.22041929,291,59707.55736861,186,67.4515,6728148.35688788,0.8874,"Tocantins"
"AC",2020,4,"2020-T4",44701.66124761,392,29146.80252295,258,65.203,7024961.49488719,0.4149,"Acre"
"AL",2020,4,"2020-T4",125874.02483585,371,69866.60659585,219,55.5052,7024961.49488719,0.9945,"Alagoas"
"AM",2020,4,"2020-T4",178279.18148896,399,98094.19882187,254,55.0228,7024961.49488719,1.3964,"Amazonas"
"AP",2020,4,"2020-T4",43906.40845735,231,28974.03262183,152,65.9904,7024961.49488719,0.4124,"Amapa"
"BA",2020,4,"2020-T4",542052.28027035,435,332909.00392559,265,61.4164,7024961.49488719,4.7389,"Bahia"
"CE",2020,4,"2020-T4",335442.54716655,479,196965.26836832,293,58.718,7024961.49488719,2.8038,"Ceara"
"DF",2020,4,"2020-T4",349593.93901499,635,205015.92590891,370,58.644,7024961.49488719,2.9184,"Distrito Federal"
"ES",2020,4,"2020-T4",240646.59725515,750,126033.90669142,372,52.373,7024961.49488719,1.7941,"Espirito Santo"
"GO",2020,4,"2020-T4",423982.42796651,697,260643.17250913,418,61.475,7024961.49488719,3.7102,"Goias"
"MA",2020,4,"2020-T4",178856.98699401,415,116723.11653364,278,65.2606,7024961.49488719,1.6615,"Maranhao"
"MG",2020,4,"2020-T4",1157598.96919511,1755,655901.02970136,981,56.6605,7024961.49488719,9.3367,"Minas Gerais"
"MS",2020,4,"2020-T4",181582.18945748,453,117582.49193467,271,64.7544,7024961.49488719,1.6738,"Mato Grosso do Sul"
"MT",2020,4,"2020-T4",227802.76557983,557,152893.87182444,378,67.1168,7024961.49488719,2.1764,"Mato Grosso"
"PA",2020,4,"2020-T4",308484.93722601,467,177522.85683555,270,57.5467,7024961.49488719,2.527,"Para"
"PB",2020,4,"2020-T4",169315.65717686,362,85864.75937608,185,50.7128,7024961.49488719,1.2223,"Paraiba"
"PE",2020,4,"2020-T4",329612.04197858,519,183252.80663005,283,55.5965,7024961.49488719,2.6086,"Pernambuco"
"PI",2020,4,"2020-T4",135734.97725658,270,87328.54461618,178,64.3375,7024961.49488719,1.2431,"Piaui"
"PR",2020,4,"2020-T4",924689.02720145,1223,544013.32929614,666,58.832,7024961.49488719,7.744,"Parana"
"RJ",2020,4,"2020-T4",1387041.80292754,1524,586581.01902983,644,42.2901,7024961.49488719,8.35,"Rio de Janeiro"
"RN",2020,4,"2020-T4",151233.96893928,209,84479.50896084,120,55.8601,7024961.49488719,1.2026,"Rio Grande do Norte"
"RO",2020,4,"2020-T4",85421.86226746,305,56278.17745932,197,65.8826,7024961.49488719,0.8011,"Rondonia"
"RR",2020,4,"2020-T4",35726.88572424,253,19249.0535772,154,53.8783,7024961.49488719,0.274,"Roraima"
"RS",2020,4,"2020-T4",768550.5891107,1329,422885.43066551,702,55.0238,7024961.49488719,6.0198,"Rio Grande do Sul"
"SC",2020,4,"2020-T4",608091.04255294,1239,353003.45946133,733,58.0511,7024961.49488719,5.025,"Santa Catarina"
"SE",2020,4,"2020-T4",112001.40361988,217,54319.49555612,127,48.4989,7024961.49488719,0.7732,"Sergipe"
"SP",2020,4,"2020-T4",3453245.6159511,1828,1923196.37877829,1040,55.6924,7024961.49488719,27.3766,"Sao Paulo"
"TO",2020,4,"2020-T4",92211.08891279,242,56237.24668477,147,60.9875,7024961.49488719,0.8005,"Tocantins"
"AC",2021,1,"2021-T1",48626.95464427,412,32128.81861178,267,66.072,7114005.98617882,0.4516,"Acre"
"AL",2021,1,"2021-T1",120304.16526916,365,63896.42422301,208,53.1124,7114005.98617882,0.8982,"Alagoas"
"AM",2021,1,"2021-T1",167188.44154511,414,103537.38971429,265,61.9286,7114005.98617882,1.4554,"Amazonas"
"AP",2021,1,"2021-T1",46979.76873653,241,30716.91639894,159,65.3833,7114005.98617882,0.4318,"Amapa"
"BA",2021,1,"2021-T1",472481.23265351,363,258036.98597909,228,54.6132,7114005.98617882,3.6272,"Bahia"
"CE",2021,1,"2021-T1",342192.34048273,408,221968.48069059,266,64.8666,7114005.98617882,3.1202,"Ceara"
"DF",2021,1,"2021-T1",334351.36435747,628,192127.52428136,374,57.4628,7114005.98617882,2.7007,"Distrito Federal"
"ES",2021,1,"2021-T1",229794.27030533,706,114821.38001385,347,49.967,7114005.98617882,1.614,"Espirito Santo"
"GO",2021,1,"2021-T1",438654.47617341,691,258468.423757,399,58.923,7114005.98617882,3.6332,"Goias"
"MA",2021,1,"2021-T1",174145.07989916,440,111338.81170205,285,63.9345,7114005.98617882,1.5651,"Maranhao"
"MG",2021,1,"2021-T1",1197857.34662812,1748,721805.40283827,1032,60.258,7114005.98617882,10.1463,"Minas Gerais"
"MS",2021,1,"2021-T1",216441.48508453,436,140940.01063173,271,65.1169,7114005.98617882,1.9812,"Mato Grosso do Sul"
"MT",2021,1,"2021-T1",235892.21014832,505,150164.08119877,335,63.6579,7114005.98617882,2.1108,"Mato Grosso"
"PA",2021,1,"2021-T1",315200.24181009,406,164986.32498921,231,52.3433,7114005.98617882,2.3192,"Para"
"PB",2021,1,"2021-T1",159238.97154818,386,88919.83237026,201,55.8405,7114005.98617882,1.2499,"Paraiba"
"PE",2021,1,"2021-T1",327844.24616079,510,175600.141012,274,53.5621,7114005.98617882,2.4684,"Pernambuco"
"PI",2021,1,"2021-T1",144837.53548674,251,93265.14701197,167,64.3929,7114005.98617882,1.311,"Piaui"
"PR",2021,1,"2021-T1",982082.89062593,1017,569933.09748904,543,58.0331,7114005.98617882,8.0114,"Parana"
"RJ",2021,1,"2021-T1",1454679.43723884,1295,633180.10133886,549,43.5271,7114005.98617882,8.9005,"Rio de Janeiro"
"RN",2021,1,"2021-T1",135080.81242302,214,71044.29428156,120,52.5939,7114005.98617882,0.9987,"Rio Grande do Norte"
"RO",2021,1,"2021-T1",78030.10246183,291,47811.41938413,188,61.273,7114005.98617882,0.6721,"Rondonia"
"RR",2021,1,"2021-T1",35637.78580284,251,21302.60798189,164,59.7753,7114005.98617882,0.2994,"Roraima"
"RS",2021,1,"2021-T1",805891.3969848,1286,432858.67507666,678,53.7118,7114005.98617882,6.0846,"Rio Grande do Sul"
"SC",2021,1,"2021-T1",600473.75302441,1269,361265.13109595,762,60.1634,7114005.98617882,5.0782,"Santa Catarina"
"SE",2021,1,"2021-T1",102887.55851514,192,60891.26337209,118,59.1823,7114005.98617882,0.8559,"Sergipe"
"SP",2021,1,"2021-T1",3569631.16251065,1802,1920468.94109915,974,53.8002,7114005.98617882,26.9956,"Sao Paulo"
"TO",2021,1,"2021-T1",106608.68744133,212,72528.35963532,136,68.0323,7114005.98617882,1.0195,"Tocantins"
"AC",2021,2,"2021-T2",47168.65301522,392,31854.97519638,261,67.5342,7077287.12079559,0.4501,"Acre"
"AL",2021,2,"2021-T2",123155.4764228,407,71450.20636807,236,58.0163,7077287.12079559,1.0096,"Alagoas"
"AM",2021,2,"2021-T2",184868.20685497,458,111341.7959241,299,60.2277,7077287.12079559,1.5732,"Amazonas"
"AP",2021,2,"2021-T2",46281.48608335,245,29478.60395716,157,63.6942,7077287.12079559,0.4165,"Amapa"
"BA",2021,2,"2021-T2",541265.19534323,416,286107.96807956,263,52.8591,7077287.12079559,4.0426,"Bahia"
"CE",2021,2,"2021-T2",332275.91146741,494,207343.29453156,318,62.4009,7077287.12079559,2.9297,"Ceara"
"DF",2021,2,"2021-T2",350960.17914202,708,188538.30855752,419,53.7207,7077287.12079559,2.664,"Distrito Federal"
"ES",2021,2,"2021-T2",225609.72006543,739,117593.07130585,383,52.1223,7077287.12079559,1.6616,"Espirito Santo"
"GO",2021,2,"2021-T2",474993.47970557,775,279555.48009394,469,58.8546,7077287.12079559,3.95,"Goias"
"MA",2021,2,"2021-T2",161646.41596058,432,97933.75705414,279,60.5852,7077287.12079559,1.3838,"Maranhao"
"MG",2021,2,"2021-T2",1224989.34772335,1811,749240.46103227,1067,61.163,7077287.12079559,10.5865,"Minas Gerais"
"MS",2021,2,"2021-T2",200702.6893821,510,125759.58584931,300,62.6596,7077287.12079559,1.7769,"Mato Grosso do Sul"
"MT",2021,2,"2021-T2",245172.87826386,536,153056.57889509,343,62.428,7077287.12079559,2.1626,"Mato Grosso"
"PA",2021,2,"2021-T2",293900.50378873,452,153836.07026124,244,52.3429,7077287.12079559,2.1737,"Para"
"PB",2021,2,"2021-T2",145634.66017932,371,83999.44790811,206,57.6782,7077287.12079559,1.1869,"Paraiba"
"PE",2021,2,"2021-T2",370565.21999684,531,209454.61749711,295,56.523,7077287.12079559,2.9595,"Pernambuco"
"PI",2021,2,"2021-T2",167136.45413366,334,97470.13768597,209,58.3177,7077287.12079559,1.3772,"Piaui"
"PR",2021,2,"2021-T2",786069.8898535,1345,442902.00067567,771,56.3438,7077287.12079559,6.2581,"Parana"
"RJ",2021,2,"2021-T2",1443517.29539838,1330,600469.53419641,560,41.5977,7077287.12079559,8.4845,"Rio de Janeiro"
"RN",2021,2,"2021-T2",154840.51404699,252,76176.4271352,140,49.1967,7077287.12079559,1.0764,"Rio Grande do Norte"
"RO",2021,2,"2021-T2",84025.70891595,324,57700.7974355,221,68.6704,7077287.12079559,0.8153,"Rondonia"
"RR",2021,2,"2021-T2",37298.61168536,259,24225.24546279,172,64.9495,7077287.12079559,0.3423,"Roraima"
"RS",2021,2,"2021-T2",806097.10039859,1377,462608.27427049,740,57.3887,7077287.12079559,6.5365,"Rio Grande do Sul"
"SC",2021,2,"2021-T2",604097.41643728,1458,357929.36728447,859,59.2503,7077287.12079559,5.0574,"Santa Catarina"
"SE",2021,2,"2021-T2",91985.55327347,215,54747.72119499,132,59.5177,7077287.12079559,0.7736,"Sergipe"
"SP",2021,2,"2021-T2",3541027.84297808,1948,1948190.47378087,1034,55.0177,7077287.12079559,27.5274,"Sao Paulo"
"TO",2021,2,"2021-T2",87295.44964669,235,58322.91916182,151,66.8109,7077287.12079559,0.8241,"Tocantins"
"AC",2021,3,"2021-T3",50926.64926968,486,33498.12558379,319,65.7772,6979669.04915764,0.4799,"Acre"
"AL",2021,3,"2021-T3",127044.23829213,542,69821.26583869,311,54.9582,6979669.04915764,1.0004,"Alagoas"
"AM",2021,3,"2021-T3",188680.49772758,527,121456.52122907,341,64.3715,6979669.04915764,1.7401,"Amazonas"
"AP",2021,3,"2021-T3",49125.36636433,265,31443.11001395,168,64.0059,6979669.04915764,0.4505,"Amapa"
"BA",2021,3,"2021-T3",552287.19469159,539,284853.46690065,329,51.5771,6979669.04915764,4.0812,"Bahia"
"CE",2021,3,"2021-T3",317575.70869429,587,179715.12858605,361,56.5897,6979669.04915764,2.5748,"Ceara"
"DF",2021,3,"2021-T3",327640.64374254,824,183531.89676879,486,56.0162,6979669.04915764,2.6295,"Distrito Federal"
"ES",2021,3,"2021-T3",249430.1364144,861,130396.4869735,458,52.2778,6979669.04915764,1.8682,"Espirito Santo"
"GO",2021,3,"2021-T3",481437.90452957,886,279183.95195581,523,57.9896,6979669.04915764,4,"Goias"
"MA",2021,3,"2021-T3",188683.46422291,601,110012.6529888,389,58.3054,6979669.04915764,1.5762,"Maranhao"
"MG",2021,3,"2021-T3",1226132.61289909,1848,758752.24420678,1097,61.8817,6979669.04915764,10.8709,"Minas Gerais"
"MS",2021,3,"2021-T3",193831.82487487,625,119436.63359694,380,61.6187,6979669.04915764,1.7112,"Mato Grosso do Sul"
"MT",2021,3,"2021-T3",255601.77634367,687,156190.43405866,435,61.1069,6979669.04915764,2.2378,"Mato Grosso"
"PA",2021,3,"2021-T3",305926.70312769,543,181409.14167187,326,59.2982,6979669.04915764,2.5991,"Para"
"PB",2021,3,"2021-T3",159997.73051258,435,86524.55074313,236,54.0786,6979669.04915764,1.2397,"Paraiba"
"PE",2021,3,"2021-T3",363760.55191784,621,219929.6886858,364,60.46,6979669.04915764,3.151,"Pernambuco"
"PI",2021,3,"2021-T3",153170.20455485,372,90555.94922077,229,59.1211,6979669.04915764,1.2974,"Piaui"
"PR",2021,3,"2021-T3",763828.17595517,1497,453841.87582931,900,59.4167,6979669.04915764,6.5023,"Parana"
"RJ",2021,3,"2021-T3",1344524.06707531,1793,575334.89373749,815,42.791,6979669.04915764,8.243,"Rio de Janeiro"
"RN",2021,3,"2021-T3",154910.80602668,328,83674.98114906,181,54.0149,6979669.04915764,1.1988,"Rio Grande do Norte"
"RO",2021,3,"2021-T3",98146.13450536,372,66721.36714523,252,67.9817,6979669.04915764,0.9559,"Rondonia"
"RR",2021,3,"2021-T3",38099.65233237,331,23904.87872342,218,62.743,6979669.04915764,0.3425,"Roraima"
"RS",2021,3,"2021-T3",763812.46553692,1474,421575.0377646,794,55.1935,6979669.04915764,6.04,"Rio Grande do Sul"
"SC",2021,3,"2021-T3",558178.88661002,1697,324490.55232457,1008,58.1338,6979669.04915764,4.6491,"Santa Catarina"
"SE",2021,3,"2021-T3",98800.0682085,247,60069.53676364,157,60.7991,6979669.04915764,0.8606,"Sergipe"
"SP",2021,3,"2021-T3",3468617.96298273,2347,1880322.59949958,1282,54.2096,6979669.04915764,26.94,"Sao Paulo"
"TO",2021,3,"2021-T3",100203.74411419,310,53022.07719769,181,52.9143,6979669.04915764,0.7597,"Tocantins"
"AC",2021,4,"2021-T4",47629.73386822,481,31161.80417117,315,65.4251,7261688.37460068,0.4291,"Acre"
"AL",2021,4,"2021-T4",131588.51077068,621,74708.94683206,358,56.7747,7261688.37460068,1.0288,"Alagoas"
"AM",2021,4,"2021-T4",183249.55643059,528,116219.40110777,335,63.4214,7261688.37460068,1.6004,"Amazonas"
"AP",2021,4,"2021-T4",51875.98848637,283,32257.77015774,177,62.1825,7261688.37460068,0.4442,"Amapa"
"BA",2021,4,"2021-T4",524417.74140658,633,310661.66774877,371,59.2394,7261688.37460068,4.2781,"Bahia"
"CE",2021,4,"2021-T4",344400.61129658,649,199207.94365763,405,57.8419,7261688.37460068,2.7433,"Ceara"
"DF",2021,4,"2021-T4",359856.1970204,847,215179.8806347,523,59.7961,7261688.37460068,2.9632,"Distrito Federal"
"ES",2021,4,"2021-T4",254461.05407874,914,127627.49970077,474,50.156,7261688.37460068,1.7575,"Espirito Santo"
"GO",2021,4,"2021-T4",470181.02660992,981,280049.16574207,585,59.562,7261688.37460068,3.8565,"Goias"
"MA",2021,4,"2021-T4",191488.74674673,613,111641.28121633,383,58.3017,7261688.37460068,1.5374,"Maranhao"
"MG",2021,4,"2021-T4",1231800.31208517,1850,761957.97446389,1109,61.8573,7261688.37460068,10.4928,"Minas Gerais"
"MS",2021,4,"2021-T4",204249.64598741,678,124751.67744385,426,61.078,7261688.37460068,1.7179,"Mato Grosso do Sul"
"MT",2021,4,"2021-T4",241057.50704157,717,158432.6308714,476,65.724,7261688.37460068,2.1818,"Mato Grosso"
"PA",2021,4,"2021-T4",316441.61873469,520,203785.77249186,334,64.3992,7261688.37460068,2.8063,"Para"
"PB",2021,4,"2021-T4",148445.37141474,467,79229.74295622,249,53.373,7261688.37460068,1.0911,"Paraiba"
"PE",2021,4,"2021-T4",376740.34292742,613,224159.11191811,365,59.4996,7261688.37460068,3.0869,"Pernambuco"
"PI",2021,4,"2021-T4",174503.19544756,453,93191.73414989,262,53.404,7261688.37460068,1.2833,"Piaui"
"PR",2021,4,"2021-T4",806261.45148158,1634,486140.65285798,972,60.2957,7261688.37460068,6.6946,"Parana"
"RJ",2021,4,"2021-T4",1315636.75319363,2198,571532.88773656,976,43.4415,7261688.37460068,7.8705,"Rio de Janeiro"
"RN",2021,4,"2021-T4",152813.01107779,355,80971.65432154,201,52.9874,7261688.37460068,1.1151,"Rio Grande do Norte"
"RO",2021,4,"2021-T4",107889.65907312,429,67293.41423201,274,62.3724,7261688.37460068,0.9267,"Rondonia"
"RR",2021,4,"2021-T4",38748.15076761,343,25064.77667592,231,64.6864,7261688.37460068,0.3452,"Roraima"
"RS",2021,4,"2021-T4",807670.87834195,1541,426004.12678859,822,52.7448,7261688.37460068,5.8665,"Rio Grande do Sul"
"SC",2021,4,"2021-T4",568152.96534476,1924,333131.02445016,1153,58.634,7261688.37460068,4.5875,"Santa Catarina"
"SE",2021,4,"2021-T4",113457.45185561,300,67083.02761898,198,59.1262,7261688.37460068,0.9238,"Sergipe"
"SP",2021,4,"2021-T4",3617003.2720839,2511,2012217.87351852,1395,55.6322,7261688.37460068,27.7101,"Sao Paulo"
"TO",2021,4,"2021-T4",89019.21640844,322,48024.93113619,184,53.9489,7261688.37460068,0.6613,"Tocantins"
"AC",2022,1,"2022-T1",50767.56354893,511,29739.53389497,305,58.5798,7469022.18884571,0.3982,"Acre"
"AL",2022,1,"2022-T1",123507.25242602,604,71949.45137545,361,58.2552,7469022.18884571,0.9633,"Alagoas"
"AM",2022,1,"2022-T1",192959.61595708,563,117181.95819885,349,60.7287,7469022.18884571,1.5689,"Amazonas"
"AP",2022,1,"2022-T1",55313.51374898,286,36184.61085862,187,65.4173,7469022.18884571,0.4845,"Amapa"
"BA",2022,1,"2022-T1",577323.7256712,702,329341.47248257,427,57.0462,7469022.18884571,4.4094,"Bahia"
"CE",2022,1,"2022-T1",359459.55449855,690,204043.18133183,419,56.7639,7469022.18884571,2.7319,"Ceara"
"DF",2022,1,"2022-T1",348740.44483629,938,203174.57976056,561,58.2595,7469022.18884571,2.7202,"Distrito Federal"
"ES",2022,1,"2022-T1",251433.49543907,966,132581.05302588,518,52.7301,7469022.18884571,1.7751,"Espirito Santo"
"GO",2022,1,"2022-T1",491721.96183679,1016,311473.0584712,631,63.3433,7469022.18884571,4.1702,"Goias"
"MA",2022,1,"2022-T1",214663.72136265,664,127423.1338804,411,59.3594,7469022.18884571,1.706,"Maranhao"
"MG",2022,1,"2022-T1",1266867.10209283,1893,760181.38846796,1107,60.0048,7469022.18884571,10.1778,"Minas Gerais"
"MS",2022,1,"2022-T1",212643.58802956,711,129289.1759581,434,60.8009,7469022.18884571,1.731,"Mato Grosso do Sul"
"MT",2022,1,"2022-T1",248793.89572699,745,164583.52913356,503,66.1526,7469022.18884571,2.2035,"Mato Grosso"
"PA",2022,1,"2022-T1",312715.09609848,576,183757.01681194,347,58.7618,7469022.18884571,2.4603,"Para"
"PB",2022,1,"2022-T1",159179.57605173,520,83350.52887111,273,52.3626,7469022.18884571,1.1159,"Paraiba"
"PE",2022,1,"2022-T1",368246.50977127,640,221055.49254774,384,60.0292,7469022.18884571,2.9596,"Pernambuco"
"PI",2022,1,"2022-T1",181786.26446037,514,111196.58226243,335,61.1689,7469022.18884571,1.4888,"Piaui"
"PR",2022,1,"2022-T1",852182.60245022,1717,536033.60108398,1053,62.9013,7469022.18884571,7.1768,"Parana"
"RJ",2022,1,"2022-T1",1365419.30647407,2333,604157.3713354,1062,44.247,7469022.18884571,8.0888,"Rio de Janeiro"
"RN",2022,1,"2022-T1",167996.5652865,395,86685.24094225,215,51.5994,7469022.18884571,1.1606,"Rio Grande do Norte"
"RO",2022,1,"2022-T1",108518.83514123,423,66514.48893121,274,61.293,7469022.18884571,0.8905,"Rondonia"
"RR",2022,1,"2022-T1",35945.09784835,322,21480.13713658,201,59.7582,7469022.18884571,0.2876,"Roraima"
"RS",2022,1,"2022-T1",799239.45326736,1627,446392.20680177,894,55.8521,7469022.18884571,5.9766,"Rio Grande do Sul"
"SC",2022,1,"2022-T1",577149.16528226,1995,333395.56962911,1156,57.7659,7469022.18884571,4.4637,"Santa Catarina"
"SE",2022,1,"2022-T1",103022.82348717,314,55682.55218413,185,54.0488,7469022.18884571,0.7455,"Sergipe"
"SP",2022,1,"2022-T1",3638052.56719502,2685,2048232.46504156,1544,56.3002,7469022.18884571,27.423,"Sao Paulo"
"TO",2022,1,"2022-T1",98715.64195456,353,53942.80842655,201,54.6446,7469022.18884571,0.7222,"Tocantins"
"AC",2022,2,"2022-T2",55370.49599455,572,33722.36303908,352,60.9031,7535271.27361706,0.4475,"Acre"
"AL",2022,2,"2022-T2",126885.76677725,624,72166.16762488,371,56.8749,7535271.27361706,0.9577,"Alagoas"
"AM",2022,2,"2022-T2",190202.69813776,592,111108.85337066,359,58.416,7535271.27361706,1.4745,"Amazonas"
"AP",2022,2,"2022-T2",56352.62243093,308,36377.04127437,198,64.5525,7535271.27361706,0.4828,"Amapa"
"BA",2022,2,"2022-T2",536396.55143685,675,311029.86561148,413,57.9851,7535271.27361706,4.1277,"Bahia"
"CE",2022,2,"2022-T2",349251.30998907,706,206601.41632253,440,59.1555,7535271.27361706,2.7418,"Ceara"
"DF",2022,2,"2022-T2",346391.68403535,953,192590.95537653,550,55.5992,7535271.27361706,2.5559,"Distrito Federal"
"ES",2022,2,"2022-T2",240086.95937837,966,132801.66908549,537,55.314,7535271.27361706,1.7624,"Espirito Santo"
"GO",2022,2,"2022-T2",492892.49639798,1068,316246.85946686,682,64.1614,7535271.27361706,4.1969,"Goias"
"MA",2022,2,"2022-T2",231808.26986767,740,121938.61809313,449,52.6032,7535271.27361706,1.6182,"Maranhao"
"MG",2022,2,"2022-T2",1350071.46460738,2017,815475.27138998,1195,60.4024,7535271.27361706,10.8221,"Minas Gerais"
"MS",2022,2,"2022-T2",216998.25284481,741,130500.01811403,455,60.1387,7535271.27361706,1.7319,"Mato Grosso do Sul"
"MT",2022,2,"2022-T2",240249.73927302,772,161208.97846583,526,67.1006,7535271.27361706,2.1394,"Mato Grosso"
"PA",2022,2,"2022-T2",312012.69405105,621,178279.47831488,364,57.1385,7535271.27361706,2.3659,"Para"
"PB",2022,2,"2022-T2",170881.96343954,564,89264.1740491,298,52.2373,7535271.27361706,1.1846,"Paraiba"
"PE",2022,2,"2022-T2",402672.36426159,667,238694.09488175,403,59.2775,7535271.27361706,3.1677,"Pernambuco"
"PI",2022,2,"2022-T2",196586.93286174,553,108945.35946453,322,55.4184,7535271.27361706,1.4458,"Piaui"
"PR",2022,2,"2022-T2",859106.51047762,1695,540020.81954718,1035,62.8584,7535271.27361706,7.1666,"Parana"
"RJ",2022,2,"2022-T2",1395284.78868763,2486,635149.69064452,1139,45.5212,7535271.27361706,8.429,"Rio de Janeiro"
"RN",2022,2,"2022-T2",164216.35821109,382,90880.89709924,225,55.3422,7535271.27361706,1.2061,"Rio Grande do Norte"
"RO",2022,2,"2022-T2",106642.92324475,441,64226.7623653,272,60.226,7535271.27361706,0.8523,"Rondonia"
"RR",2022,2,"2022-T2",39103.66618065,337,24951.6555535,221,63.809,7535271.27361706,0.3311,"Roraima"
"RS",2022,2,"2022-T2",770659.89521605,1631,407834.46466994,870,52.9202,7535271.27361706,5.4123,"Rio Grande do Sul"
"SC",2022,2,"2022-T2",581883.73650959,2076,339107.23009948,1220,58.2775,7535271.27361706,4.5003,"Santa Catarina"
"SE",2022,2,"2022-T2",98459.48166672,319,60494.40032773,206,61.4409,7535271.27361706,0.8028,"Sergipe"
"SP",2022,2,"2022-T2",3692349.46704352,2713,2056455.56937774,1537,55.695,7535271.27361706,27.2911,"Sao Paulo"
"TO",2022,2,"2022-T2",106706.59074944,432,59198.59998732,248,55.4779,7535271.27361706,0.7856,"Tocantins"
"AC",2022,3,"2022-T3",53670.54950414,556,35471.87313011,365,66.0919,7636246.19474226,0.4645,"Acre"
"AL",2022,3,"2022-T3",128614.04617175,673,73565.77945201,381,57.1989,7636246.19474226,0.9634,"Alagoas"
"AM",2022,3,"2022-T3",210954.18341087,673,126261.68382486,403,59.8527,7636246.19474226,1.6535,"Amazonas"
"AP",2022,3,"2022-T3",58220.12508655,316,33969.84705839,186,58.3473,7636246.19474226,0.4449,"Amapa"
"BA",2022,3,"2022-T3",554840.87865025,697,335446.37518457,420,60.4581,7636246.19474226,4.3928,"Bahia"
"CE",2022,3,"2022-T3",388470.61944123,778,231217.93993404,469,59.5201,7636246.19474226,3.0279,"Ceara"
"DF",2022,3,"2022-T3",376952.07566279,1071,203972.89789618,588,54.1111,7636246.19474226,2.6711,"Distrito Federal"
"ES",2022,3,"2022-T3",265506.37543574,1067,151345.39429888,608,57.0025,7636246.19474226,1.9819,"Espirito Santo"
"GO",2022,3,"2022-T3",502010.59013725,1066,349277.60224114,731,69.5757,7636246.19474226,4.5739,"Goias"
"MA",2022,3,"2022-T3",255052.27571688,826,152828.12112583,527,59.9203,7636246.19474226,2.0014,"Maranhao"
"MG",2022,3,"2022-T3",1316812.64097463,1985,787237.9248096,1174,59.7836,7636246.19474226,10.3092,"Minas Gerais"
"MS",2022,3,"2022-T3",218255.44847427,740,122574.98342383,427,56.1612,7636246.19474226,1.6052,"Mato Grosso do Sul"
"MT",2022,3,"2022-T3",241586.30768725,809,156588.86521998,537,64.8169,7636246.19474226,2.0506,"Mato Grosso"
"PA",2022,3,"2022-T3",349666.83844944,656,212553.69517419,397,60.7875,7636246.19474226,2.7835,"Para"
"PB",2022,3,"2022-T3",182563.59300187,580,93429.6300414,304,51.1765,7636246.19474226,1.2235,"Paraiba"
"PE",2022,3,"2022-T3",399950.85313995,686,227612.71205288,398,56.9102,7636246.19474226,2.9807,"Pernambuco"
"PI",2022,3,"2022-T3",198928.41695774,536,112885.75690664,328,56.7469,7636246.19474226,1.4783,"Piaui"
"PR",2022,3,"2022-T3",886348.54790205,1755,554627.42589523,1080,62.5744,7636246.19474226,7.2631,"Parana"
"RJ",2022,3,"2022-T3",1365192.69036314,2517,612080.01925293,1114,44.8347,7636246.19474226,8.0155,"Rio de Janeiro"
"RN",2022,3,"2022-T3",165055.06982283,432,90669.94628183,253,54.9331,7636246.19474226,1.1874,"Rio Grande do Norte"
"RO",2022,3,"2022-T3",109000.10946754,454,65714.14527039,280,60.2881,7636246.19474226,0.8606,"Rondonia"
"RR",2022,3,"2022-T3",39642.50738153,378,27701.30939896,263,69.8778,7636246.19474226,0.3628,"Roraima"
"RS",2022,3,"2022-T3",777536.61493858,1693,413098.96801573,918,53.1292,7636246.19474226,5.4097,"Rio Grande do Sul"
"SC",2022,3,"2022-T3",606577.74459955,2235,335613.01821815,1254,55.3289,7636246.19474226,4.395,"Santa Catarina"
"SE",2022,3,"2022-T3",99995.62055568,331,54257.37294749,192,54.2597,7636246.19474226,0.7105,"Sergipe"
"SP",2022,3,"2022-T3",3635082.88111845,2766,2019301.61212532,1563,55.5504,7636246.19474226,26.4436,"Sao Paulo"
"TO",2022,3,"2022-T3",105226.96418038,449,56941.2955617,255,54.1128,7636246.19474226,0.7457,"Tocantins"
"AC",2022,4,"2022-T4",51948.57787197,535,33563.50414362,342,64.6091,7805895.73955768,0.43,"Acre"
"AL",2022,4,"2022-T4",129940.80851281,689,72538.43437935,382,55.8242,7805895.73955768,0.9293,"Alagoas"
"AM",2022,4,"2022-T4",212947.67231471,653,130525.79348163,405,61.2948,7805895.73955768,1.6721,"Amazonas"
"AP",2022,4,"2022-T4",60641.54473466,331,36972.62576654,202,60.9691,7805895.73955768,0.4737,"Amapa"
"BA",2022,4,"2022-T4",611263.49276284,714,381614.60145562,434,62.4305,7805895.73955768,4.8888,"Bahia"
"CE",2022,4,"2022-T4",357025.14621551,745,206447.6778612,439,57.8244,7805895.73955768,2.6448,"Ceara"
"DF",2022,4,"2022-T4",382612.05343034,1074,216460.64652107,616,56.5744,7805895.73955768,2.773,"Distrito Federal"
"ES",2022,4,"2022-T4",276265.48756338,1124,153458.12186097,622,55.5473,7805895.73955768,1.9659,"Espirito Santo"
"GO",2022,4,"2022-T4",500999.81068606,1003,321435.79795703,638,64.1589,7805895.73955768,4.1179,"Goias"
"MA",2022,4,"2022-T4",268187.70335049,867,154798.1741757,516,57.7201,7805895.73955768,1.9831,"Maranhao"
"MG",2022,4,"2022-T4",1318675.47279788,2013,794369.28543919,1213,60.2399,7805895.73955768,10.1765,"Minas Gerais"
"MS",2022,4,"2022-T4",228686.84064291,734,127059.29327637,427,55.5604,7805895.73955768,1.6277,"Mato Grosso do Sul"
"MT",2022,4,"2022-T4",255789.33791644,831,157064.16025781,534,61.4037,7805895.73955768,2.0121,"Mato Grosso"
"PA",2022,4,"2022-T4",359112.73518192,686,209088.59420126,404,58.2237,7805895.73955768,2.6786,"Para"
"PB",2022,4,"2022-T4",189939.54215964,581,99683.02197922,314,52.4814,7805895.73955768,1.277,"Paraiba"
"PE",2022,4,"2022-T4",444303.76217597,739,238150.84912404,413,53.6009,7805895.73955768,3.0509,"Pernambuco"
"PI",2022,4,"2022-T4",196616.60161853,515,110555.61257495,315,56.229,7805895.73955768,1.4163,"Piaui"
"PR",2022,4,"2022-T4",888815.15048503,1729,547051.42080944,1057,61.5484,7805895.73955768,7.0082,"Parana"
"RJ",2022,4,"2022-T4",1444130.09002185,2602,654921.00662214,1176,45.3506,7805895.73955768,8.3901,"Rio de Janeiro"
"RN",2022,4,"2022-T4",175419.89992349,438,97428.18985489,260,55.54,7805895.73955768,1.2481,"Rio Grande do Norte"
"RO",2022,4,"2022-T4",100652.4377263,414,62113.04705396,262,61.7104,7805895.73955768,0.7957,"Rondonia"
"RR",2022,4,"2022-T4",40221.4771523,364,26559.49531703,233,66.0331,7805895.73955768,0.3402,"Roraima"
"RS",2022,4,"2022-T4",806404.96230319,1706,433742.52982578,928,53.7872,7805895.73955768,5.5566,"Rio Grande do Sul"
"SC",2022,4,"2022-T4",592846.40910732,2099,331517.37136969,1174,55.9196,7805895.73955768,4.247,"Santa Catarina"
"SE",2022,4,"2022-T4",109332.57100154,335,59128.5294251,194,54.0813,7805895.73955768,0.7575,"Sergipe"
"SP",2022,4,"2022-T4",3814626.927492,2752,2091981.71017115,1524,54.8411,7805895.73955768,26.8,"Sao Paulo"
"TO",2022,4,"2022-T4",102606.1312162,438,57666.24465293,250,56.2016,7805895.73955768,0.7388,"Tocantins"
"AC",2023,1,"2023-T1",47154.55962693,493,29251.70549657,305,62.0337,7735651.23170461,0.3781,"Acre"
"AL",2023,1,"2023-T1",132837.6686725,690,71986.89573869,376,54.1916,7735651.23170461,0.9306,"Alagoas"
"AM",2023,1,"2023-T1",216100.80783879,674,140239.62959944,438,64.8955,7735651.23170461,1.8129,"Amazonas"
"AP",2023,1,"2023-T1",61570.31938417,320,38021.39001303,196,61.7528,7735651.23170461,0.4915,"Amapa"
"BA",2023,1,"2023-T1",578975.19132166,679,328584.04125185,381,56.7527,7735651.23170461,4.2477,"Bahia"
"CE",2023,1,"2023-T1",379058.90815213,773,212544.02589053,463,56.0715,7735651.23170461,2.7476,"Ceara"
"DF",2023,1,"2023-T1",364377.58548619,1015,199932.57803369,566,54.8696,7735651.23170461,2.5846,"Distrito Federal"
"ES",2023,1,"2023-T1",271519.9846617,1070,147776.57164297,598,54.4257,7735651.23170461,1.9103,"Espirito Santo"
"GO",2023,1,"2023-T1",514034.60463266,1015,322132.88263198,628,62.6675,7735651.23170461,4.1643,"Goias"
"MA",2023,1,"2023-T1",255359.70809084,825,147340.88010084,508,57.6993,7735651.23170461,1.9047,"Maranhao"
"MG",2023,1,"2023-T1",1354488.37078352,2020,813527.31057109,1201,60.0616,7735651.23170461,10.5166,"Minas Gerais"
"MS",2023,1,"2023-T1",226151.68086366,716,136494.281601,447,60.3552,7735651.23170461,1.7645,"Mato Grosso do Sul"
"MT",2023,1,"2023-T1",263658.03651774,845,172895.85459392,565,65.5758,7735651.23170461,2.2351,"Mato Grosso"
"PA",2023,1,"2023-T1",355460.06712152,669,210018.61809252,392,59.0836,7735651.23170461,2.7149,"Para"
"PB",2023,1,"2023-T1",191595.65528431,566,97791.51520114,296,51.0406,7735651.23170461,1.2642,"Paraiba"
"PE",2023,1,"2023-T1",440803.9895904,727,243438.41826331,415,55.226,7735651.23170461,3.147,"Pernambuco"
"PI",2023,1,"2023-T1",203311.50324273,524,109080.3406825,305,53.6518,7735651.23170461,1.4101,"Piaui"
"PR",2023,1,"2023-T1",860862.74115837,1684,503965.00555805,991,58.5419,7735651.23170461,6.5148,"Parana"
"RJ",2023,1,"2023-T1",1420535.18522853,2535,656873.89816105,1161,46.2413,7735651.23170461,8.4915,"Rio de Janeiro"
"RN",2023,1,"2023-T1",160542.37509946,422,83213.83355079,234,51.8329,7735651.23170461,1.0757,"Rio Grande do Norte"
"RO",2023,1,"2023-T1",97370.63005081,419,59844.52282128,266,61.4605,7735651.23170461,0.7736,"Rondonia"
"RR",2023,1,"2023-T1",43050.15286171,377,27909.89995603,249,64.8311,7735651.23170461,0.3608,"Roraima"
"RS",2023,1,"2023-T1",815060.38445545,1718,459277.57260428,959,56.3489,7735651.23170461,5.9372,"Rio Grande do Sul"
"SC",2023,1,"2023-T1",568331.66704018,2058,322467.6617918,1186,56.7393,7735651.23170461,4.1686,"Santa Catarina"
"SE",2023,1,"2023-T1",104513.11241932,339,56798.14314583,188,54.3455,7735651.23170461,0.7342,"Sergipe"
"SP",2023,1,"2023-T1",3769292.99440975,2761,2078984.29618818,1539,55.1558,7735651.23170461,26.8754,"Sao Paulo"
"TO",2023,1,"2023-T1",108221.60008925,459,65259.45852225,282,60.3017,7735651.23170461,0.8436,"Tocantins"
"AC",2023,2,"2023-T2",45491.32783092,462,27455.90191383,274,60.3541,7787461.37445397,0.3526,"Acre"
"AL",2023,2,"2023-T2",135546.46405893,714,75018.32953442,399,55.3451,7787461.37445397,0.9633,"Alagoas"
"AM",2023,2,"2023-T2",213436.35013457,659,134849.56323611,424,63.1802,7787461.37445397,1.7316,"Amazonas"
"AP",2023,2,"2023-T2",64885.22494236,328,39001.11419202,197,60.1079,7787461.37445397,0.5008,"Amapa"
"BA",2023,2,"2023-T2",575452.5398673,691,333621.49052395,384,57.9755,7787461.37445397,4.2841,"Bahia"
"CE",2023,2,"2023-T2",390384.10251401,782,218736.90482401,467,56.0312,7787461.37445397,2.8088,"Ceara"
"DF",2023,2,"2023-T2",383560.46544943,1089,203582.60282789,595,53.0771,7787461.37445397,2.6142,"Distrito Federal"
"ES",2023,2,"2023-T2",272779.07836716,1090,152893.77013744,625,56.0504,7787461.37445397,1.9633,"Espirito Santo"
"GO",2023,2,"2023-T2",556749.90328653,1102,345149.18252726,668,61.9936,7787461.37445397,4.4321,"Goias"
"MA",2023,2,"2023-T2",265987.3047688,815,151262.81995681,497,56.8684,7787461.37445397,1.9424,"Maranhao"
"MG",2023,2,"2023-T2",1371325.25697886,2039,773778.12420055,1150,56.4256,7787461.37445397,9.9362,"Minas Gerais"
"MS",2023,2,"2023-T2",244711.47327155,808,147968.80911695,508,60.4666,7787461.37445397,1.9001,"Mato Grosso do Sul"
"MT",2023,2,"2023-T2",257856.53128063,903,170452.71053281,596,66.1037,7787461.37445397,2.1888,"Mato Grosso"
"PA",2023,2,"2023-T2",353870.49731563,667,197967.20551001,378,55.9434,7787461.37445397,2.5421,"Para"
"PB",2023,2,"2023-T2",183423.28153379,530,92066.33954031,274,50.1934,7787461.37445397,1.1822,"Paraiba"
"PE",2023,2,"2023-T2",453219.20190541,737,246714.45181925,410,54.436,7787461.37445397,3.1681,"Pernambuco"
"PI",2023,2,"2023-T2",186932.89955121,493,100178.8600671,293,53.5908,7787461.37445397,1.2864,"Piaui"
"PR",2023,2,"2023-T2",882115.74020113,1706,509652.09519268,1004,57.7761,7787461.37445397,6.5445,"Parana"
"RJ",2023,2,"2023-T2",1430727.47680448,2604,666634.01609216,1190,46.5941,7787461.37445397,8.5604,"Rio de Janeiro"
"RN",2023,2,"2023-T2",154034.47598468,399,78583.21967033,220,51.0166,7787461.37445397,1.0091,"Rio Grande do Norte"
"RO",2023,2,"2023-T2",96125.81752593,397,59445.25425262,253,61.8411,7787461.37445397,0.7633,"Rondonia"
"RR",2023,2,"2023-T2",40517.10818312,353,25264.62184958,218,62.3554,7787461.37445397,0.3244,"Roraima"
"RS",2023,2,"2023-T2",810012.14625689,1741,461640.25730836,978,56.9918,7787461.37445397,5.928,"Rio Grande do Sul"
"SC",2023,2,"2023-T2",595517.56015282,2120,344637.71045317,1237,57.872,7787461.37445397,4.4255,"Santa Catarina"
"SE",2023,2,"2023-T2",111162.6592692,350,60214.21952755,193,54.1677,7787461.37445397,0.7732,"Sergipe"
"SP",2023,2,"2023-T2",3855963.0768433,2828,2109497.28942195,1558,54.7074,7787461.37445397,27.0884,"Sao Paulo"
"TO",2023,2,"2023-T2",102772.499226,444,61194.51022485,271,59.5437,7787461.37445397,0.7858,"Tocantins"
"AC",2023,3,"2023-T3",47624.84834685,496,29186.13648388,302,61.2834,7916547.5740074,0.3687,"Acre"
"AL",2023,3,"2023-T3",144597.81111211,782,79309.07696438,442,54.848,7916547.5740074,1.0018,"Alagoas"
"AM",2023,3,"2023-T3",215586.47676812,671,124407.40467045,397,57.7065,7916547.5740074,1.5715,"Amazonas"
"AP",2023,3,"2023-T3",66396.8846826,341,39332.80043042,199,59.2389,7916547.5740074,0.4968,"Amapa"
"BA",2023,3,"2023-T3",601493.89433103,741,324009.32124686,401,53.8674,7916547.5740074,4.0928,"Bahia"
"CE",2023,3,"2023-T3",392557.35048692,778,224080.19036778,468,57.0822,7916547.5740074,2.8305,"Ceara"
"DF",2023,3,"2023-T3",387400.20808528,1097,216635.4838293,620,55.9203,7916547.5740074,2.7365,"Distrito Federal"
"ES",2023,3,"2023-T3",276789.71155362,1145,161681.95976831,652,58.4133,7916547.5740074,2.0423,"Espirito Santo"
"GO",2023,3,"2023-T3",552600.16604808,1099,343729.64071364,674,62.2022,7916547.5740074,4.3419,"Goias"
"MA",2023,3,"2023-T3",270964.58687407,837,158207.40014597,519,58.3867,7916547.5740074,1.9984,"Maranhao"
"MG",2023,3,"2023-T3",1370782.20526494,2050,767446.61487764,1131,55.986,7916547.5740074,9.6942,"Minas Gerais"
"MS",2023,3,"2023-T3",245871.83126307,807,145714.6877512,500,59.2645,7916547.5740074,1.8406,"Mato Grosso do Sul"
"MT",2023,3,"2023-T3",273029.4563692,915,178369.26763807,601,65.3297,7916547.5740074,2.2531,"Mato Grosso"
"PA",2023,3,"2023-T3",385326.16433915,717,231130.60751168,437,59.9831,7916547.5740074,2.9196,"Para"
"PB",2023,3,"2023-T3",186276.24210495,551,102564.51560943,292,55.0604,7916547.5740074,1.2956,"Paraiba"
"PE",2023,3,"2023-T3",445686.36510941,761,226702.60147577,401,50.8659,7916547.5740074,2.8637,"Pernambuco"
"PI",2023,3,"2023-T3",178693.97275614,493,100484.38751577,299,56.2327,7916547.5740074,1.2693,"Piaui"
"PR",2023,3,"2023-T3",881457.02981993,1707,523239.71621701,1019,59.3608,7916547.5740074,6.6094,"Parana"
"RJ",2023,3,"2023-T3",1478872.44340022,2776,696294.71635174,1294,47.0828,7916547.5740074,8.7954,"Rio de Janeiro"
"RN",2023,3,"2023-T3",173319.30593091,443,94584.85184966,246,54.5726,7916547.5740074,1.1948,"Rio Grande do Norte"
"RO",2023,3,"2023-T3",110418.95006205,446,69704.80850868,278,63.1276,7916547.5740074,0.8805,"Rondonia"
"RR",2023,3,"2023-T3",42060.69519279,357,26870.20351227,229,63.8844,7916547.5740074,0.3394,"Roraima"
"RS",2023,3,"2023-T3",822423.34223205,1751,456645.77903854,949,55.5244,7916547.5740074,5.7682,"Rio Grande do Sul"
"SC",2023,3,"2023-T3",601978.19171162,2147,351665.24178564,1269,58.4183,7916547.5740074,4.4422,"Santa Catarina"
"SE",2023,3,"2023-T3",111532.72902735,378,65897.90818152,230,59.0839,7916547.5740074,0.8324,"Sergipe"
"SP",2023,3,"2023-T3",3924239.81764044,2907,2117187.65054214,1583,53.9515,7916547.5740074,26.7438,"Sao Paulo"
"TO",2023,3,"2023-T3",109558.01533503,486,61464.60101965,274,56.1023,7916547.5740074,0.7764,"Tocantins"
"AC",2023,4,"2023-T4",46200.56259518,466,29810.97594833,294,64.5251,7983443.7715112,0.3734,"Acre"
"AL",2023,4,"2023-T4",142221.0702211,755,83952.32690733,448,59.0295,7983443.7715112,1.0516,"Alagoas"
"AM",2023,4,"2023-T4",225927.0593286,628,130308.77228303,368,57.6774,7983443.7715112,1.6322,"Amazonas"
"AP",2023,4,"2023-T4",69609.7991237,359,40393.65127394,209,58.0287,7983443.7715112,0.506,"Amapa"
"BA",2023,4,"2023-T4",606959.65898277,718,349131.37677019,411,57.5213,7983443.7715112,4.3732,"Bahia"
"CE",2023,4,"2023-T4",390479.06575185,774,235139.55277594,460,60.2182,7983443.7715112,2.9453,"Ceara"
"DF",2023,4,"2023-T4",403116.74373597,1106,229383.78485741,648,56.9026,7983443.7715112,2.8732,"Distrito Federal"
"ES",2023,4,"2023-T4",286316.22736103,1114,156403.61368562,605,54.6262,7983443.7715112,1.9591,"Espirito Santo"
"GO",2023,4,"2023-T4",569182.3942741,1131,338713.72049999,665,59.5088,7983443.7715112,4.2427,"Goias"
"MA",2023,4,"2023-T4",262030.36463715,810,159603.63651437,512,60.9104,7983443.7715112,1.9992,"Maranhao"
"MG",2023,4,"2023-T4",1392311.80245304,2067,755012.68425118,1127,54.2273,7983443.7715112,9.4572,"Minas Gerais"
"MS",2023,4,"2023-T4",237214.86381373,737,142816.46798614,451,60.2055,7983443.7715112,1.7889,"Mato Grosso do Sul"
"MT",2023,4,"2023-T4",285186.39973811,885,174730.34487911,561,61.2688,7983443.7715112,2.1887,"Mato Grosso"
"PA",2023,4,"2023-T4",387570.44953338,704,230393.63442587,407,59.4456,7983443.7715112,2.8859,"Para"
"PB",2023,4,"2023-T4",196470.43927169,568,106823.69483034,310,54.3714,7983443.7715112,1.3381,"Paraiba"
"PE",2023,4,"2023-T4",454148.26816816,763,240040.65042711,416,52.8551,7983443.7715112,3.0067,"Pernambuco"
"PI",2023,4,"2023-T4",168668.77900381,436,93597.22756107,261,55.4917,7983443.7715112,1.1724,"Piaui"
"PR",2023,4,"2023-T4",909773.81381941,1709,525801.47922177,1005,57.7947,7983443.7715112,6.5861,"Parana"
"RJ",2023,4,"2023-T4",1457588.74151463,2750,665170.73936257,1277,45.635,7983443.7715112,8.3319,"Rio de Janeiro"
"RN",2023,4,"2023-T4",170204.38799117,440,95691.4871645,250,56.2215,7983443.7715112,1.1986,"Rio Grande do Norte"
"RO",2023,4,"2023-T4",105477.74998825,403,69099.15344243,262,65.5106,7983443.7715112,0.8655,"Rondonia"
"RR",2023,4,"2023-T4",41881.06098315,365,27525.15368753,238,65.7222,7983443.7715112,0.3448,"Roraima"
"RS",2023,4,"2023-T4",845504.76492487,1784,473268.02231509,964,55.9746,7983443.7715112,5.9281,"Rio Grande do Sul"
"SC",2023,4,"2023-T4",603097.2278971,2055,350863.88738905,1202,58.177,7983443.7715112,4.3949,"Santa Catarina"
"SE",2023,4,"2023-T4",112274.09375373,382,69808.85301478,240,62.1772,7983443.7715112,0.8744,"Sergipe"
"SP",2023,4,"2023-T4",3916044.38710824,2824,2144129.51212189,1556,54.7524,7983443.7715112,26.8572,"Sao Paulo"
"TO",2023,4,"2023-T4",105455.69874808,462,65829.36791462,291,62.4237,7983443.7715112,0.8246,"Tocantins"
"AC",2024,1,"2024-T1",44720.8601319,483,29648.42699785,313,66.2966,8161340.74720451,0.3633,"Acre"
"AL",2024,1,"2024-T1",146764.69181333,798,82654.33007205,449,56.3176,8161340.74720451,1.0128,"Alagoas"
"AM",2024,1,"2024-T1",229064.35608482,646,129108.98371423,380,56.3636,8161340.74720451,1.582,"Amazonas"
"AP",2024,1,"2024-T1",67479.03628193,375,39630.00848112,222,58.7294,8161340.74720451,0.4856,"Amapa"
"BA",2024,1,"2024-T1",660627.32892224,783,381979.10126002,450,57.8207,8161340.74720451,4.6803,"Bahia"
"CE",2024,1,"2024-T1",395347.37036856,802,242018.71606669,498,61.2167,8161340.74720451,2.9654,"Ceara"
"DF",2024,1,"2024-T1",399404.35795325,1123,228207.22488214,641,57.1369,8161340.74720451,2.7962,"Distrito Federal"
"ES",2024,1,"2024-T1",296402.50492578,1189,165112.62235912,641,55.7055,8161340.74720451,2.0231,"Espirito Santo"
"GO",2024,1,"2024-T1",582171.33932719,1182,353908.87242497,703,60.7912,8161340.74720451,4.3364,"Goias"
"MA",2024,1,"2024-T1",268441.4849685,859,165731.41624341,556,61.7384,8161340.74720451,2.0307,"Maranhao"
"MG",2024,1,"2024-T1",1382528.36759619,2048,748186.69436404,1107,54.1173,8161340.74720451,9.1674,"Minas Gerais"
"MS",2024,1,"2024-T1",234295.38703667,756,133672.55721691,434,57.053,8161340.74720451,1.6379,"Mato Grosso do Sul"
"MT",2024,1,"2024-T1",318051.30711632,1001,200265.96710014,651,62.9666,8161340.74720451,2.4538,"Mato Grosso"
"PA",2024,1,"2024-T1",387471.80904962,734,220574.00244184,419,56.9265,8161340.74720451,2.7027,"Para"
"PB",2024,1,"2024-T1",201133.612484,566,107625.41557565,300,53.5094,8161340.74720451,1.3187,"Paraiba"
"PE",2024,1,"2024-T1",442929.40760849,811,240213.85684745,438,54.233,8161340.74720451,2.9433,"Pernambuco"
"PI",2024,1,"2024-T1",166931.81181944,473,90290.98379096,286,54.0885,8161340.74720451,1.1063,"Piaui"
"PR",2024,1,"2024-T1",915060.00411699,1801,565408.0324979,1114,61.7892,8161340.74720451,6.9279,"Parana"
"RJ",2024,1,"2024-T1",1501989.64635865,2853,717439.40184564,1359,47.7659,8161340.74720451,8.7907,"Rio de Janeiro"
"RN",2024,1,"2024-T1",190093.07634291,484,101913.76266193,267,53.6126,8161340.74720451,1.2487,"Rio Grande do Norte"
"RO",2024,1,"2024-T1",108624.77043316,403,64640.48512738,255,59.5081,8161340.74720451,0.792,"Rondonia"
"RR",2024,1,"2024-T1",42395.08949514,381,26065.44205849,233,61.4822,8161340.74720451,0.3194,"Roraima"
"RS",2024,1,"2024-T1",839011.49322078,1858,479623.44292548,1016,57.1653,8161340.74720451,5.8768,"Rio Grande do Sul"
"SC",2024,1,"2024-T1",629952.50729251,2205,377502.64022064,1311,59.9256,8161340.74720451,4.6255,"Santa Catarina"
"SE",2024,1,"2024-T1",114891.95433776,372,67089.20520512,223,58.3933,8161340.74720451,0.822,"Sergipe"
"SP",2024,1,"2024-T1",3910430.79845935,2992,2137869.32738757,1660,54.6709,8161340.74720451,26.1951,"Sao Paulo"
"TO",2024,1,"2024-T1",105554.7988511,472,64959.82743577,292,61.5413,8161340.74720451,0.7959,"Tocantins"
"AC",2024,2,"2024-T2",50933.51694078,542,33517.64786072,355,65.8067,8188603.03440787,0.4093,"Acre"
"AL",2024,2,"2024-T2",143612.17203418,806,82295.34534774,458,57.3039,8188603.03440787,1.005,"Alagoas"
"AM",2024,2,"2024-T2",224928.2195827,649,130163.39741563,381,57.8689,8188603.03440787,1.5896,"Amazonas"
"AP",2024,2,"2024-T2",64080.71372978,375,36086.89146455,215,56.3147,8188603.03440787,0.4407,"Amapa"
"BA",2024,2,"2024-T2",689987.98627579,792,377586.48004774,439,54.7236,8188603.03440787,4.6111,"Bahia"
"CE",2024,2,"2024-T2",417310.96442559,793,251860.47268684,484,60.3532,8188603.03440787,3.0757,"Ceara"
"DF",2024,2,"2024-T2",372863.29526302,1053,212319.13802587,600,56.9429,8188603.03440787,2.5929,"Distrito Federal"
"ES",2024,2,"2024-T2",290064.06699741,1244,164636.54125427,673,56.7587,8188603.03440787,2.0106,"Espirito Santo"
"GO",2024,2,"2024-T2",589677.80937716,1196,366545.5574262,723,62.1603,8188603.03440787,4.4763,"Goias"
"MA",2024,2,"2024-T2",288328.20424255,924,169002.38169657,572,58.6146,8188603.03440787,2.0639,"Maranhao"
"MG",2024,2,"2024-T2",1502531.94054742,2186,842865.38697827,1223,56.0963,8188603.03440787,10.2932,"Minas Gerais"
"MS",2024,2,"2024-T2",231822.99439347,752,130224.55534056,439,56.1741,8188603.03440787,1.5903,"Mato Grosso do Sul"
"MT",2024,2,"2024-T2",313133.05811942,970,179439.15797428,596,57.3044,8188603.03440787,2.1913,"Mato Grosso"
"PA",2024,2,"2024-T2",368904.78767729,734,219102.69011577,425,59.3927,8188603.03440787,2.6757,"Para"
"PB",2024,2,"2024-T2",193826.81618505,554,100140.18645978,284,51.6648,8188603.03440787,1.2229,"Paraiba"
"PE",2024,2,"2024-T2",459432.55477491,846,250158.03256403,453,54.4493,8188603.03440787,3.055,"Pernambuco"
"PI",2024,2,"2024-T2",172364.68125977,508,96256.27980199,310,55.8445,8188603.03440787,1.1755,"Piaui"
"PR",2024,2,"2024-T2",897836.36218673,1785,529599.63731416,1080,58.9862,8188603.03440787,6.4675,"Parana"
"RJ",2024,2,"2024-T2",1500367.82774758,2855,723120.38394534,1397,48.1962,8188603.03440787,8.8308,"Rio de Janeiro"
"RN",2024,2,"2024-T2",202499.23221173,496,107894.61707313,296,53.2815,8188603.03440787,1.3176,"Rio Grande do Norte"
"RO",2024,2,"2024-T2",120720.50027345,453,77185.56699353,299,63.9374,8188603.03440787,0.9426,"Rondonia"
"RR",2024,2,"2024-T2",41985.43045452,383,26281.19309754,236,62.596,8188603.03440787,0.3209,"Roraima"
"RS",2024,2,"2024-T2",823230.51179651,1713,446757.7435074,913,54.2689,8188603.03440787,5.4558,"Rio Grande do Sul"
"SC",2024,2,"2024-T2",636446.14142697,2261,379450.78028374,1335,59.6202,8188603.03440787,4.6339,"Santa Catarina"
"SE",2024,2,"2024-T2",116507.78804903,380,70987.20822952,232,60.9292,8188603.03440787,0.8669,"Sergipe"
"SP",2024,2,"2024-T2",3895692.50925501,3003,2118874.61823309,1648,54.3902,8188603.03440787,25.8759,"Sao Paulo"
"TO",2024,2,"2024-T2",103457.4325366,457,66251.14326961,290,64.0371,8188603.03440787,0.8091,"Tocantins"
"AC",2024,3,"2024-T3",46838.77373436,510,30601.72847619,340,65.3342,8217918.20072198,0.3724,"Acre"
"AL",2024,3,"2024-T3",141945.1034003,772,81389.84645793,443,57.339,8217918.20072198,0.9904,"Alagoas"
"AM",2024,3,"2024-T3",244772.15639688,665,143182.31544918,395,58.4962,8217918.20072198,1.7423,"Amazonas"
"AP",2024,3,"2024-T3",60081.43434453,362,35453.39911801,213,59.0089,8217918.20072198,0.4314,"Amapa"
"BA",2024,3,"2024-T3",676748.77273641,804,395134.86722771,464,58.3872,8217918.20072198,4.8082,"Bahia"
"CE",2024,3,"2024-T3",388929.63513693,868,237474.17812101,530,61.0584,8217918.20072198,2.8897,"Ceara"
"DF",2024,3,"2024-T3",374906.885875,1030,219193.07260401,609,58.466,8217918.20072198,2.6673,"Distrito Federal"
"ES",2024,3,"2024-T3",294547.96373424,1215,155065.889619,627,52.6454,8217918.20072198,1.8869,"Espirito Santo"
"GO",2024,3,"2024-T3",569917.35310539,1174,336517.05672548,696,59.0466,8217918.20072198,4.0949,"Goias"
"MA",2024,3,"2024-T3",300879.17358439,966,166309.93466978,576,55.2747,8217918.20072198,2.0237,"Maranhao"
"MG",2024,3,"2024-T3",1487108.6513446,2152,857805.1543287,1246,57.6827,8217918.20072198,10.4382,"Minas Gerais"
"MS",2024,3,"2024-T3",228311.63456188,776,129856.43947825,461,56.8768,8217918.20072198,1.5802,"Mato Grosso do Sul"
"MT",2024,3,"2024-T3",306976.74326939,932,186771.95633518,601,60.8424,8217918.20072198,2.2727,"Mato Grosso"
"PA",2024,3,"2024-T3",382997.74863769,713,233880.98099467,419,61.0659,8217918.20072198,2.846,"Para"
"PB",2024,3,"2024-T3",206667.11467362,591,113066.07379848,326,54.7093,8217918.20072198,1.3758,"Paraiba"
"PE",2024,3,"2024-T3",481831.26674777,852,272812.9643752,475,56.62,8217918.20072198,3.3197,"Pernambuco"
"PI",2024,3,"2024-T3",174985.01853939,522,96653.04468647,315,55.235,8217918.20072198,1.1761,"Piaui"
"PR",2024,3,"2024-T3",939799.03901683,1825,566514.91097669,1101,60.2804,8217918.20072198,6.8937,"Parana"
"RJ",2024,3,"2024-T3",1512521.99032539,2858,720049.17171015,1374,47.6059,8217918.20072198,8.7619,"Rio de Janeiro"
"RN",2024,3,"2024-T3",203354.75623567,491,109290.48031938,287,53.7438,8217918.20072198,1.3299,"Rio Grande do Norte"
"RO",2024,3,"2024-T3",116419.09570051,446,77288.06600304,317,66.3878,8217918.20072198,0.9405,"Rondonia"
"RR",2024,3,"2024-T3",44651.8217789,406,29324.04853592,264,65.6727,8217918.20072198,0.3568,"Roraima"
"RS",2024,3,"2024-T3",842794.85732452,1861,452423.32289465,965,53.6813,8217918.20072198,5.5053,"Rio Grande do Sul"
"SC",2024,3,"2024-T3",638105.77210952,2266,372201.90509591,1312,58.3292,8217918.20072198,4.5292,"Santa Catarina"
"SE",2024,3,"2024-T3",125028.5945307,410,71917.64541792,230,57.521,8217918.20072198,0.8751,"Sergipe"
"SP",2024,3,"2024-T3",3842614.07003678,3013,2059347.93442586,1637,53.5924,8217918.20072198,25.0592,"Sao Paulo"
"TO",2024,3,"2024-T3",112368.42424347,476,68391.81287721,291,60.8639,8217918.20072198,0.8322,"Tocantins"
"AC",2024,4,"2024-T4",54413.6111345,546,36238.39169628,367,66.598,8513601.56572855,0.4257,"Acre"
"AL",2024,4,"2024-T4",144042.2634661,762,79752.19658346,411,55.3672,8513601.56572855,0.9368,"Alagoas"
"AM",2024,4,"2024-T4",250155.13305189,652,136245.23216071,374,54.4643,8513601.56572855,1.6003,"Amazonas"
"AP",2024,4,"2024-T4",63152.09129632,365,35250.69036206,201,55.8187,8513601.56572855,0.4141,"Amapa"
"BA",2024,4,"2024-T4",685128.57014901,813,380522.64726976,450,55.5403,8513601.56572855,4.4696,"Bahia"
"CE",2024,4,"2024-T4",395443.43737833,840,232396.58955578,500,58.7686,8513601.56572855,2.7297,"Ceara"
"DF",2024,4,"2024-T4",392936.27519334,999,222368.22812508,590,56.5914,8513601.56572855,2.6119,"Distrito Federal"
"ES",2024,4,"2024-T4",310099.29565987,1173,161874.21594566,604,52.2008,8513601.56572855,1.9014,"Espirito Santo"
"GO",2024,4,"2024-T4",600237.55799691,1154,366323.85898841,700,61.0298,8513601.56572855,4.3028,"Goias"
"MA",2024,4,"2024-T4",288182.86846221,903,162994.05552573,534,56.5592,8513601.56572855,1.9145,"Maranhao"
"MG",2024,4,"2024-T4",1464575.68138912,2094,845380.88646145,1203,57.7219,8513601.56572855,9.9298,"Minas Gerais"
"MS",2024,4,"2024-T4",228448.16933077,744,129418.99865384,438,56.6514,8513601.56572855,1.5201,"Mato Grosso do Sul"
"MT",2024,4,"2024-T4",328865.88017279,911,214193.36612261,618,65.1309,8513601.56572855,2.5159,"Mato Grosso"
"PA",2024,4,"2024-T4",386017.90115709,710,242425.20865925,426,62.8015,8513601.56572855,2.8475,"Para"
"PB",2024,4,"2024-T4",210929.96909871,597,108984.94500759,307,51.6688,8513601.56572855,1.2801,"Paraiba"
"PE",2024,4,"2024-T4",513789.08719367,880,300667.07814973,501,58.5196,8513601.56572855,3.5316,"Pernambuco"
"PI",2024,4,"2024-T4",171201.31114886,509,99663.38587887,317,58.2141,8513601.56572855,1.1706,"Piaui"
"PR",2024,4,"2024-T4",929941.07060416,1789,531447.34533904,1052,57.1485,8513601.56572855,6.2423,"Parana"
"RJ",2024,4,"2024-T4",1522832.64186064,2778,731905.50838085,1345,48.0621,8513601.56572855,8.5969,"Rio de Janeiro"
"RN",2024,4,"2024-T4",190996.41529694,496,119396.45476033,302,62.5124,8513601.56572855,1.4024,"Rio Grande do Norte"
"RO",2024,4,"2024-T4",110708.7630005,414,69244.50788742,272,62.5465,8513601.56572855,0.8133,"Rondonia"
"RR",2024,4,"2024-T4",45833.59462827,380,28986.66466238,235,63.2433,8513601.56572855,0.3405,"Roraima"
"RS",2024,4,"2024-T4",826607.67342003,1803,441387.37788106,938,53.3974,8513601.56572855,5.1845,"Rio Grande do Sul"
"SC",2024,4,"2024-T4",685314.08652836,2333,401021.17383054,1358,58.5164,8513601.56572855,4.7104,"Santa Catarina"
"SE",2024,4,"2024-T4",130570.51314907,412,75005.69258333,237,57.4446,8513601.56572855,0.881,"Sergipe"
"SP",2024,4,"2024-T4",4119123.23369454,3092,2294110.33423698,1746,55.6941,8513601.56572855,26.9464,"Sao Paulo"
"TO",2024,4,"2024-T4",112378.41189959,462,66396.53102035,278,59.083,8513601.56572855,0.7799,"Tocantins"
"AC",2025,1,"2025-T1",53555.93258231,548,34834.54426283,356,65.0433,8488096.31550967,0.4104,"Acre"
"AL",2025,1,"2025-T1",145540.01199121,774,77281.17210713,410,53.0996,8488096.31550967,0.9105,"Alagoas"
"AM",2025,1,"2025-T1",246664.45948508,680,135113.21219907,386,54.7761,8488096.31550967,1.5918,"Amazonas"
"AP",2025,1,"2025-T1",60870.37496657,351,38148.34692074,219,62.6715,8488096.31550967,0.4494,"Amapa"
"BA",2025,1,"2025-T1",667536.99064559,815,352561.05855343,433,52.8152,8488096.31550967,4.1536,"Bahia"
"CE",2025,1,"2025-T1",401508.36527362,876,240141.37733088,515,59.8098,8488096.31550967,2.8292,"Ceara"
"DF",2025,1,"2025-T1",401786.536527,1062,240957.50226191,631,59.9715,8488096.31550967,2.8388,"Distrito Federal"
"ES",2025,1,"2025-T1",312757.20837579,1250,163317.40469036,644,52.2186,8488096.31550967,1.9241,"Espirito Santo"
"GO",2025,1,"2025-T1",581544.70924745,1165,344124.05018929,696,59.1741,8488096.31550967,4.0542,"Goias"
"MA",2025,1,"2025-T1",303879.85501171,964,163763.94470216,537,53.891,8488096.31550967,1.9293,"Maranhao"
"MG",2025,1,"2025-T1",1443106.49721858,2126,823111.01752256,1212,57.0374,8488096.31550967,9.6972,"Minas Gerais"
"MS",2025,1,"2025-T1",233141.41651518,744,131836.64092242,439,56.5479,8488096.31550967,1.5532,"Mato Grosso do Sul"
"MT",2025,1,"2025-T1",315613.36057848,905,211071.8411454,620,66.8767,8488096.31550967,2.4867,"Mato Grosso"
"PA",2025,1,"2025-T1",379313.86825722,688,236059.54249541,418,62.2333,8488096.31550967,2.7811,"Para"
"PB",2025,1,"2025-T1",203829.09105825,595,104593.32031475,313,51.3142,8488096.31550967,1.2322,"Paraiba"
"PE",2025,1,"2025-T1",514551.13384785,869,279178.3717521,456,54.2567,8488096.31550967,3.2891,"Pernambuco"
"PI",2025,1,"2025-T1",186126.11861181,538,102949.29881454,317,55.3116,8488096.31550967,1.2129,"Piaui"
"PR",2025,1,"2025-T1",1006038.60464662,1994,594439.5776575,1192,59.0872,8488096.31550967,7.0032,"Parana"
"RJ",2025,1,"2025-T1",1521990.51040357,2792,730820.78003348,1371,48.0174,8488096.31550967,8.6099,"Rio de Janeiro"
"RN",2025,1,"2025-T1",208848.10421849,486,106469.95939175,266,50.9796,8488096.31550967,1.2543,"Rio Grande do Norte"
"RO",2025,1,"2025-T1",112339.59604768,437,70568.40568425,283,62.817,8488096.31550967,0.8314,"Rondonia"
"RR",2025,1,"2025-T1",51867.1244094,403,32321.80111644,261,62.3165,8488096.31550967,0.3808,"Roraima"
"RS",2025,1,"2025-T1",857392.83526505,1825,458459.73716314,970,53.4714,8488096.31550967,5.4012,"Rio Grande do Sul"
"SC",2025,1,"2025-T1",709785.21401344,2419,408532.36500941,1367,57.5572,8488096.31550967,4.813,"Santa Catarina"
"SE",2025,1,"2025-T1",128764.9879392,398,74618.07583559,232,57.949,8488096.31550967,0.8791,"Sergipe"
"SP",2025,1,"2025-T1",4104661.65289235,3088,2257154.91542479,1723,54.99,8488096.31550967,26.592,"Sao Paulo"
"TO",2025,1,"2025-T1",121453.19265197,503,75668.05200834,315,62.3022,8488096.31550967,0.8915,"Tocantins"
"AC",2025,2,"2025-T2",54171.55879769,573,34288.15312171,360,63.2955,8618268.46101653,0.3979,"Acre"
"AL",2025,2,"2025-T2",150226.29710712,782,78171.23404871,412,52.0357,8618268.46101653,0.907,"Alagoas"
"AM",2025,2,"2025-T2",251667.05384525,670,139520.75104977,381,55.4386,8618268.46101653,1.6189,"Amazonas"
"AP",2025,2,"2025-T2",65139.17108132,365,37037.06213851,215,56.8584,8618268.46101653,0.4298,"Amapa"
"BA",2025,2,"2025-T2",669966.1202016,821,374001.10312286,452,55.8239,8618268.46101653,4.3396,"Bahia"
"CE",2025,2,"2025-T2",398558.41624221,893,231709.69256,523,58.1369,8618268.46101653,2.6886,"Ceara"
"DF",2025,2,"2025-T2",413762.05353258,1112,234189.28427857,644,56.6,8618268.46101653,2.7174,"Distrito Federal"
"ES",2025,2,"2025-T2",302858.76569462,1225,158915.56895638,619,52.4718,8618268.46101653,1.8439,"Espirito Santo"
"GO",2025,2,"2025-T2",584726.21635279,1173,339569.39920726,690,58.0732,8618268.46101653,3.9401,"Goias"
"MA",2025,2,"2025-T2",277711.67207046,901,149999.47171871,519,54.0127,8618268.46101653,1.7405,"Maranhao"
"MG",2025,2,"2025-T2",1481554.15237826,2166,848332.11805848,1245,57.2596,8618268.46101653,9.8434,"Minas Gerais"
"MS",2025,2,"2025-T2",238520.05024375,756,138381.50136471,450,58.0167,8618268.46101653,1.6057,"Mato Grosso do Sul"
"MT",2025,2,"2025-T2",304413.53815943,882,195710.21922305,573,64.2909,8618268.46101653,2.2709,"Mato Grosso"
"PA",2025,2,"2025-T2",379229.03018529,690,241086.94715824,430,63.5729,8618268.46101653,2.7974,"Para"
"PB",2025,2,"2025-T2",201105.93342564,600,95447.16602986,289,47.4611,8618268.46101653,1.1075,"Paraiba"
"PE",2025,2,"2025-T2",537241.80252179,902,293626.02270843,495,54.6544,8618268.46101653,3.407,"Pernambuco"
"PI",2025,2,"2025-T2",188936.20664746,549,115505.36220725,347,61.1346,8618268.46101653,1.3402,"Piaui"
"PR",2025,2,"2025-T2",997740.95675884,1974,557200.32421046,1136,55.8462,8618268.46101653,6.4653,"Parana"
"RJ",2025,2,"2025-T2",1632093.4251238,2895,782272.51119956,1402,47.9306,8618268.46101653,9.0769,"Rio de Janeiro"
"RN",2025,2,"2025-T2",236853.70472323,506,120969.66881921,278,51.0736,8618268.46101653,1.4036,"Rio Grande do Norte"
"RO",2025,2,"2025-T2",108673.80547435,409,64080.40896458,252,58.9658,8618268.46101653,0.7435,"Rondonia"
"RR",2025,2,"2025-T2",54656.02173749,401,34769.64096153,262,63.6154,8618268.46101653,0.4034,"Roraima"
"RS",2025,2,"2025-T2",891936.1160887,1868,486254.50884942,1006,54.5167,8618268.46101653,5.6421,"Rio Grande do Sul"
"SC",2025,2,"2025-T2",714231.08276094,2428,426979.41471144,1433,59.7817,8618268.46101653,4.9544,"Santa Catarina"
"SE",2025,2,"2025-T2",129115.79168397,398,67953.78410379,216,52.6301,8618268.46101653,0.7885,"Sergipe"
"SP",2025,2,"2025-T2",4163555.0790742,3153,2298755.80297459,1738,55.2114,8618268.46101653,26.6731,"Sao Paulo"
"TO",2025,2,"2025-T2",120199.92728763,501,73541.33926945,310,61.1825,8618268.46101653,0.8533,"Tocantins"
"AC",2025,3,"2025-T3",57792.71570888,587,38278.14030591,394,66.2335,8620780.93304982,0.444,"Acre"
"AL",2025,3,"2025-T3",148444.53741711,776,73886.68426721,393,49.7739,8620780.93304982,0.8571,"Alagoas"
"AM",2025,3,"2025-T3",263039.82416578,741,155240.04782095,434,59.0177,8620780.93304982,1.8008,"Amazonas"
"AP",2025,3,"2025-T3",62328.31394296,351,37144.99934719,221,59.5957,8620780.93304982,0.4309,"Amapa"
"BA",2025,3,"2025-T3",706170.00041208,1006,374657.09270853,525,53.0548,8620780.93304982,4.346,"Bahia"
"CE",2025,3,"2025-T3",428861.57387527,934,252982.60703534,555,58.9893,8620780.93304982,2.9346,"Ceara"
"DF",2025,3,"2025-T3",427067.99338143,1155,233175.18639419,648,54.5991,8620780.93304982,2.7048,"Distrito Federal"
"ES",2025,3,"2025-T3",301013.51102674,1284,166228.67967163,699,55.223,8620780.93304982,1.9282,"Espirito Santo"
"GO",2025,3,"2025-T3",577305.96418435,1183,334267.70264326,695,57.9013,8620780.93304982,3.8775,"Goias"
"MA",2025,3,"2025-T3",275631.10715711,924,151574.75084495,538,54.9919,8620780.93304982,1.7582,"Maranhao"
"MG",2025,3,"2025-T3",1522335.47845535,2392,856208.64761219,1332,56.2431,8620780.93304982,9.9319,"Minas Gerais"
"MS",2025,3,"2025-T3",229328.28824733,815,134970.4949306,491,58.8547,8620780.93304982,1.5656,"Mato Grosso do Sul"
"MT",2025,3,"2025-T3",315344.66291518,1019,198943.14839417,655,63.0875,8620780.93304982,2.3077,"Mato Grosso"
"PA",2025,3,"2025-T3",385953.52876091,773,255470.80045083,505,66.1921,8620780.93304982,2.9634,"Para"
"PB",2025,3,"2025-T3",218431.31099268,737,114906.79542034,376,52.6055,8620780.93304982,1.3329,"Paraiba"
"PE",2025,3,"2025-T3",546631.65282994,954,277645.01560022,492,50.792,8620780.93304982,3.2206,"Pernambuco"
"PI",2025,3,"2025-T3",191252.35319558,598,112149.31125063,361,58.6394,8620780.93304982,1.3009,"Piaui"
"PR",2025,3,"2025-T3",1065417.6223875,2199,609761.00724119,1289,57.2321,8620780.93304982,7.0732,"Parana"
"RJ",2025,3,"2025-T3",1578693.79764012,2862,751197.73650328,1383,47.5835,8620780.93304982,8.7138,"Rio de Janeiro"
"RN",2025,3,"2025-T3",199241.84639264,511,102504.16466202,262,51.4471,8620780.93304982,1.189,"Rio Grande do Norte"
"RO",2025,3,"2025-T3",117041.12328736,492,63424.89237023,294,54.1903,8620780.93304982,0.7357,"Rondonia"
"RR",2025,3,"2025-T3",52688.80896356,393,33821.04480437,256,64.1902,8620780.93304982,0.3923,"Roraima"
"RS",2025,3,"2025-T3",883318.74438764,1911,470927.90508754,1012,53.3135,8620780.93304982,5.4627,"Rio Grande do Sul"
"SC",2025,3,"2025-T3",726243.05364046,2547,412229.4724916,1455,56.7619,8620780.93304982,4.7818,"Santa Catarina"
"SE",2025,3,"2025-T3",134130.48852184,418,64430.37790785,207,48.0356,8620780.93304982,0.7474,"Sergipe"
"SP",2025,3,"2025-T3",4121473.62022984,3165,2269070.50967278,1731,55.0548,8620780.93304982,26.3209,"Sao Paulo"
"TO",2025,3,"2025-T3",129931.0029363,584,75683.71761082,345,58.2492,8620780.93304982,0.8779,"Tocantins"
"AC",2025,4,"2025-T4",59906.1467463,577,39920.97094291,391,66.6392,8744246.71835882,0.4565,"Acre"
"AL",2025,4,"2025-T4",151804.42964081,820,74903.13977483,410,49.3419,8744246.71835882,0.8566,"Alagoas"
"AM",2025,4,"2025-T4",247771.06572389,754,143064.25080167,436,57.7405,8744246.71835882,1.6361,"Amazonas"
"AP",2025,4,"2025-T4",66788.54831248,357,36513.53558346,208,54.6704,8744246.71835882,0.4176,"Amapa"
"BA",2025,4,"2025-T4",792705.34550453,1126,429441.01888475,617,54.1741,8744246.71835882,4.9111,"Bahia"
"CE",2025,4,"2025-T4",440411.47458112,989,253344.80799697,588,57.5246,8744246.71835882,2.8973,"Ceara"
"DF",2025,4,"2025-T4",432201.58485674,1142,233058.56020538,631,53.9236,8744246.71835882,2.6653,"Distrito Federal"
"ES",2025,4,"2025-T4",304971.71954349,1260,171271.91838591,690,56.1599,8744246.71835882,1.9587,"Espirito Santo"
"GO",2025,4,"2025-T4",625483.50423521,1283,377659.37677572,756,60.3788,8744246.71835882,4.3189,"Goias"
"MA",2025,4,"2025-T4",291051.0279362,974,163321.17606532,570,56.1143,8744246.71835882,1.8678,"Maranhao"
"MG",2025,4,"2025-T4",1550803.30129385,2601,856916.39409611,1414,55.2563,8744246.71835882,9.7998,"Minas Gerais"
"MS",2025,4,"2025-T4",219551.39890806,825,122152.32250011,465,55.6372,8744246.71835882,1.3969,"Mato Grosso do Sul"
"MT",2025,4,"2025-T4",317524.23766363,1050,199063.57780971,679,62.6924,8744246.71835882,2.2765,"Mato Grosso"
"PA",2025,4,"2025-T4",360404.37392908,803,246725.63759171,530,68.458,8744246.71835882,2.8216,"Para"
"PB",2025,4,"2025-T4",231277.76998192,891,116480.34637963,432,50.3638,8744246.71835882,1.3321,"Paraiba"
"PE",2025,4,"2025-T4",608136.57503304,1086,294834.94487121,526,48.4817,8744246.71835882,3.3718,"Pernambuco"
"PI",2025,4,"2025-T4",202062.10778356,630,112665.07303403,364,55.7576,8744246.71835882,1.2884,"Piaui"
"PR",2025,4,"2025-T4",1032584.04710362,2320,592231.27796637,1340,57.3543,8744246.71835882,6.7728,"Parana"
"RJ",2025,4,"2025-T4",1503120.07044048,2737,686947.26236174,1288,45.7014,8744246.71835882,7.856,"Rio de Janeiro"
"RN",2025,4,"2025-T4",210208.86720435,566,107443.81827435,291,51.1129,8744246.71835882,1.2287,"Rio Grande do Norte"
"RO",2025,4,"2025-T4",128650.93612112,560,72969.0475745,335,56.7186,8744246.71835882,0.8345,"Rondonia"
"RR",2025,4,"2025-T4",56412.13218038,414,37564.01935249,277,66.5885,8744246.71835882,0.4296,"Roraima"
"RS",2025,4,"2025-T4",912268.9512788,2022,506677.32301853,1091,55.5403,8744246.71835882,5.7944,"Rio Grande do Sul"
"SC",2025,4,"2025-T4",722231.51471827,2608,406925.04313831,1473,56.3427,8744246.71835882,4.6536,"Santa Catarina"
"SE",2025,4,"2025-T4",136392.50891644,439,63117.44758182,214,46.2763,8744246.71835882,0.7218,"Sergipe"
"SP",2025,4,"2025-T4",4227787.12848445,3304,2322659.9222576,1815,54.938,8744246.71835882,26.5621,"Sao Paulo"
"TO",2025,4,"2025-T4",129358.96873951,576,76374.50513368,351,59.0407,8744246.71835882,0.8734,"Tocantins"
"AC",2026,1,"2026-T1",59559.11629023,550,39256.82708985,373,65.9124,8692100.53204932,0.4516,"Acre"
"AL",2026,1,"2026-T1",155960.00000749,821,78566.29925831,421,50.3759,8692100.53204932,0.9039,"Alagoas"
"AM",2026,1,"2026-T1",250327.00058767,754,148168.21952019,451,59.1899,8692100.53204932,1.7046,"Amazonas"
"AP",2026,1,"2026-T1",64683.1301891,358,35918.00316957,211,55.5292,8692100.53204932,0.4132,"Amapa"
"BA",2026,1,"2026-T1",755002.21454098,1256,392187.36983747,643,51.9452,8692100.53204932,4.512,"Bahia"
"CE",2026,1,"2026-T1",444806.65782873,976,235592.37686426,537,52.9651,8692100.53204932,2.7104,"Ceara"
"DF",2026,1,"2026-T1",428817.98205914,1117,226305.41462349,601,52.7742,8692100.53204932,2.6036,"Distrito Federal"
"ES",2026,1,"2026-T1",294846.12227015,1253,161354.52267816,677,54.725,8692100.53204932,1.8563,"Espirito Santo"
"GO",2026,1,"2026-T1",603327.33390053,1334,360731.69165926,772,59.7904,8692100.53204932,4.1501,"Goias"
"MA",2026,1,"2026-T1",294456.92638022,1084,172611.13639577,656,58.6202,8692100.53204932,1.9858,"Maranhao"
"MG",2026,1,"2026-T1",1594799.90475819,2747,851095.16415775,1450,53.3669,8692100.53204932,9.7916,"Minas Gerais"
"MS",2026,1,"2026-T1",232062.78779861,917,127569.666764,511,54.972,8692100.53204932,1.4677,"Mato Grosso do Sul"
"MT",2026,1,"2026-T1",325958.24462174,1157,197225.76534806,716,60.5065,8692100.53204932,2.269,"Mato Grosso"
"PA",2026,1,"2026-T1",348871.22840898,921,233475.01995035,602,66.923,8692100.53204932,2.6861,"Para"
"PB",2026,1,"2026-T1",229456.51927581,955,108899.89813567,454,47.4599,8692100.53204932,1.2529,"Paraiba"
"PE",2026,1,"2026-T1",575542.52042202,1070,272553.65094483,493,47.356,8692100.53204932,3.1356,"Pernambuco"
"PI",2026,1,"2026-T1",191914.96729684,628,107935.75314763,361,56.2414,8692100.53204932,1.2418,"Piaui"
"PR",2026,1,"2026-T1",1049399.04773738,2472,595274.28224572,1397,56.7253,8692100.53204932,6.8485,"Parana"
"RJ",2026,1,"2026-T1",1582758.79672077,2842,751039.30856128,1366,47.4513,8692100.53204932,8.6405,"Rio de Janeiro"
"RN",2026,1,"2026-T1",211700.94383647,601,110580.01216613,300,52.2341,8692100.53204932,1.2722,"Rio Grande do Norte"
"RO",2026,1,"2026-T1",127194.57656437,590,78190.47714316,369,61.4731,8692100.53204932,0.8996,"Rondonia"
"RR",2026,1,"2026-T1",53234.87588479,393,34831.7742652,268,65.4304,8692100.53204932,0.4007,"Roraima"
"RS",2026,1,"2026-T1",952229.79853738,2135,504430.02497302,1094,52.9736,8692100.53204932,5.8033,"Rio Grande do Sul"
"SC",2026,1,"2026-T1",720985.11081738,2703,425140.16854433,1580,58.9666,8692100.53204932,4.8911,"Santa Catarina"
"SE",2026,1,"2026-T1",134844.7324125,481,64248.57393731,241,47.6463,8692100.53204932,0.7392,"Sergipe"
"SP",2026,1,"2026-T1",4279887.42113093,3482,2300127.22347348,1856,53.7427,8692100.53204932,26.4623,"Sao Paulo"
"TO",2026,1,"2026-T1",132760.57563484,598,78791.90719507,358,59.3489,8692100.53204932,0.9065,"Tocantins"
